name,canonicalName,slug,tier,sourceGroup,alsoListedIn,category,website,logoUrl,isDataArtifact,year,sourceUrl,sourceApi,extractedAt
1 Silverbullet,1 Silverbullet,1-silverbullet,Exhibitor,exhibitors,,other,https://1silverbullet.tech/,https://archive.globalfintechfest.com/2024/sites/default/files/partners_logo/1%20SilverBullet-20240801.png,false,2024,https://archive.globalfintechfest.com/2024/partners,https://archive.globalfintechfest.com/2024/api/partners,2026-08-25T06:35:40Z
1Pay,1Pay,1pay,Exhibitor,exhibitors,,payments,https://1pay.in/,https://archive.globalfintechfest.com/2024/sites/default/files/partners_logo/GFF%20partners%20%2838%29-20240527.png,false,2024,https://archive.globalfintechfest.com/2024/partners,https://archive.globalfintechfest.com/2024/api/partners,2026-08-25T06:35:40Z
Aadiswan,Aadiswan,aadiswan,Bronze Partner,partners,exhibitors,other,https://www.aadiswan.com/,https://archive.globalfintechfest.com/2024/sites/default/files/partners_logo/GFF24%20Partners%20%2854%29-20240801.png,false,2024,https://archive.globalfintechfest.com/2024/partners,https://archive.globalfintechfest.com/2024/api/partners,2026-08-25T06:35:40Z
AB Fintechs,AB Fintechs,ab-fintechs,Ecosystem Partner,supporters,,infra,,https://archive.globalfintechfest.com/2024/sites/default/files/partners_logo/GFF24%20Partners%20%281%29-20240605.png,false,2024,https://archive.globalfintechfest.com/2024/partners,https://archive.globalfintechfest.com/2024/api/partners,2026-08-25T06:35:40Z
Accel,Accel,accel,Gold Partner,partners,,other,https://www.accel.com/india-home,https://archive.globalfintechfest.com/2024/sites/default/files/partners_logo/GFF24%20Partners-20240812_0.png,false,2024,https://archive.globalfintechfest.com/2024/partners,https://archive.globalfintechfest.com/2024/api/partners,2026-08-25T06:35:40Z
Accura Scan,Accura Scan,accura-scan,Exhibitor,exhibitors,,other,http://www.accurascan.com/,https://archive.globalfintechfest.com/2024/sites/default/files/partners_logo/GFF24%20Partners-20240725.png,false,2024,https://archive.globalfintechfest.com/2024/partners,https://archive.globalfintechfest.com/2024/api/partners,2026-08-25T06:35:40Z
Aditya Birla Capital Ltd.,Aditya Birla Capital Ltd.,aditya-birla-capital-ltd,Silver Partner,partners,exhibitors,lending,https://www.adityabirlacapital.com/,https://archive.globalfintechfest.com/2024/sites/default/files/partners_logo/GFF24%20Partners%20%282%29-20240603.png,false,2024,https://archive.globalfintechfest.com/2024/partners,https://archive.globalfintechfest.com/2024/api/partners,2026-08-25T06:35:40Z
Advantage Club,Advantage Club,advantage-club,Exhibitor,exhibitors,,other,https://www.advantageclub.co/in,https://archive.globalfintechfest.com/2024/sites/default/files/partners_logo/GFF24%20Partners%20%2880%29-20240813.png,false,2024,https://archive.globalfintechfest.com/2024/partners,https://archive.globalfintechfest.com/2024/api/partners,2026-08-25T06:35:40Z
Ainxttech,Ainxttech,ainxttech,Exhibitor,exhibitors,,infra,https://www.ainxttech.com/,https://archive.globalfintechfest.com/2024/sites/default/files/partners_logo/GFF24%20Partners%20%2832%29-20240730.png,false,2024,https://archive.globalfintechfest.com/2024/partners,https://archive.globalfintechfest.com/2024/api/partners,2026-08-25T06:35:40Z
Airtel Payments Bank,Airtel Payments Bank,airtel-payments-bank,Gold Partner,partners,exhibitors,payments,https://www.airtel.in/bank/,https://archive.globalfintechfest.com/2024/sites/default/files/partners_logo/APB-20240805.png,false,2024,https://archive.globalfintechfest.com/2024/partners,https://archive.globalfintechfest.com/2024/api/partners,2026-08-25T06:35:40Z
AiSensy,AiSensy,aisensy,Exhibitor,exhibitors,,other,https://m.aisensy.com/,https://archive.globalfintechfest.com/2024/sites/default/files/partners_logo/GFF%20partners%20%2832%29-20240524.png,false,2024,https://archive.globalfintechfest.com/2024/partners,https://archive.globalfintechfest.com/2024/api/partners,2026-08-25T06:35:40Z
Alankit,Alankit,alankit,Exhibitor,exhibitors,,other,https://www.alankit.com/,https://archive.globalfintechfest.com/2024/sites/default/files/partners_logo/GFF24%20Partners%20%2812%29-20240510.png,false,2024,https://archive.globalfintechfest.com/2024/partners,https://archive.globalfintechfest.com/2024/api/partners,2026-08-25T06:35:40Z
AllCloud Enterprise Solutions,AllCloud Enterprise Solutions,allcloud-enterprise-solutions,Exhibitor,exhibitors,,infra,https://www.allcloud.in/,https://archive.globalfintechfest.com/2024/sites/default/files/partners_logo/GFF24%20Partners%20%2810%29-20240606.png,false,2024,https://archive.globalfintechfest.com/2024/partners,https://archive.globalfintechfest.com/2024/api/partners,2026-08-25T06:35:40Z
Alliance of Digital finance association,Alliance of Digital finance association,alliance-of-digital-finance-association,Ecosystem Partner,supporters,,lending,,https://archive.globalfintechfest.com/2024/sites/default/files/partners_logo/GFF24%20Partners-20240702_1.png,false,2024,https://archive.globalfintechfest.com/2024/partners,https://archive.globalfintechfest.com/2024/api/partners,2026-08-25T06:35:40Z
Amazon Pay,Amazon Pay,amazon-pay,Associate Partner,partners,exhibitors,payments,,https://archive.globalfintechfest.com/2024/sites/default/files/partners_logo/amazon%20pay-20240805.png,false,2024,https://archive.globalfintechfest.com/2024/partners,https://archive.globalfintechfest.com/2024/api/partners,2026-08-25T06:35:40Z
American Express,American Express,american-express,Gold Partner,partners,exhibitors,other,https://www.americanexpress.com/en-in/,https://archive.globalfintechfest.com/2024/sites/default/files/partners_logo/amex-1-20240805.png,false,2024,https://archive.globalfintechfest.com/2024/partners,https://archive.globalfintechfest.com/2024/api/partners,2026-08-25T06:35:40Z
AMFI,AMFI,amfi,Ecosystem Partner,supporters,,other,,https://archive.globalfintechfest.com/2024/sites/default/files/partners_logo/amfi-20240805.png,false,2024,https://archive.globalfintechfest.com/2024/partners,https://archive.globalfintechfest.com/2024/api/partners,2026-08-25T06:35:40Z
Appreciate Wealth,Appreciate Wealth,appreciate-wealth,Gold Partner,partners,exhibitors,wealthtech,https://appreciatewealth.com/,https://archive.globalfintechfest.com/2024/sites/default/files/partners_logo/GFF%20partners%20%2818%29-20240521.png,false,2024,https://archive.globalfintechfest.com/2024/partners,https://archive.globalfintechfest.com/2024/api/partners,2026-08-25T06:35:40Z
Arthur D Little,Arthur D Little,arthur-d-little,Ecosystem Partner,supporters,,other,,https://archive.globalfintechfest.com/2024/sites/default/files/partners_logo/GFF24%20Partners%20%281%29-20240722.png,false,2024,https://archive.globalfintechfest.com/2024/partners,https://archive.globalfintechfest.com/2024/api/partners,2026-08-25T06:35:40Z
Ascenda Loyalty,Ascenda Loyalty,ascenda-loyalty,Silver Partner,partners,exhibitors,other,https://www.ascenda.com/,https://archive.globalfintechfest.com/2024/sites/default/files/partners_logo/ascenda%20-%20rev-20240805.png,false,2024,https://archive.globalfintechfest.com/2024/partners,https://archive.globalfintechfest.com/2024/api/partners,2026-08-25T06:35:40Z
Asian Fintech Academy,Asian Fintech Academy,asian-fintech-academy,Academia Partner,supporters,,infra,https://www.asianfintechacademy.com/,https://archive.globalfintechfest.com/2024/sites/default/files/partners_logo/Supporters%20GFF%20%284%29-20240513.png,false,2024,https://archive.globalfintechfest.com/2024/partners,https://archive.globalfintechfest.com/2024/api/partners,2026-08-25T06:35:40Z
Atriina Technologies,Atriina Technologies,atriina-technologies,Exhibitor,exhibitors,,infra,https://atriina.com/,https://archive.globalfintechfest.com/2024/sites/default/files/partners_logo/GFF24%20Partners%20%2836%29-20240730.png,false,2024,https://archive.globalfintechfest.com/2024/partners,https://archive.globalfintechfest.com/2024/api/partners,2026-08-25T06:35:40Z
Aurionpro,Aurionpro,aurionpro,Exhibitor,exhibitors,,other,https://www.aurionpro.com/,https://archive.globalfintechfest.com/2024/sites/default/files/partners_logo/GFF%20partners%20%2812%29-20240516.png,false,2024,https://archive.globalfintechfest.com/2024/partners,https://archive.globalfintechfest.com/2024/api/partners,2026-08-25T06:35:40Z
Austrade,Austrade,austrade,Innovative Country Partner,partners,,other,https://www.austrade.gov.au/,https://archive.globalfintechfest.com/2024/sites/default/files/partners_logo/GFF24%20Partners-20240820.png,false,2024,https://archive.globalfintechfest.com/2024/partners,https://archive.globalfintechfest.com/2024/api/partners,2026-08-25T06:35:40Z
AutomationEdge,AutomationEdge,automationedge,Exhibitor,exhibitors,,other,https://automationedge.com/,https://archive.globalfintechfest.com/2024/sites/default/files/partners_logo/GFF24%20Partners%20%2871%29-20240807.png,false,2024,https://archive.globalfintechfest.com/2024/partners,https://archive.globalfintechfest.com/2024/api/partners,2026-08-25T06:35:40Z
Backspace,Backspace,backspace,Exhibitor,exhibitors,,other,https://www.backspace.tech/,https://archive.globalfintechfest.com/2024/sites/default/files/partners_logo/GFF24%20Partners%20%2813%29-20240510.png,false,2024,https://archive.globalfintechfest.com/2024/partners,https://archive.globalfintechfest.com/2024/api/partners,2026-08-25T06:35:40Z
Bank of Baroda,Bank of Baroda,bank-of-baroda,Exhibitor,exhibitors,,banking,https://www.bankofbaroda.in/,https://archive.globalfintechfest.com/2024/sites/default/files/partners_logo/GFF24%20Partners-20240705_7.png,false,2024,https://archive.globalfintechfest.com/2024/partners,https://archive.globalfintechfest.com/2024/api/partners,2026-08-25T06:35:40Z
BASIC home loan,BASIC home loan,basic-home-loan,Exhibitor,exhibitors,,lending,,https://archive.globalfintechfest.com/2024/sites/default/files/partners_logo/GFF24%20Partners%20%281%29-20240812.png,false,2024,https://archive.globalfintechfest.com/2024/partners,https://archive.globalfintechfest.com/2024/api/partners,2026-08-25T06:35:40Z
BCFI ( Business Correspondents Federation of India ),BCFI ( Business Correspondents Federation of India ),bcfi-business-correspondents-federation-of-india,Ecosystem Partner,supporters,,other,,https://archive.globalfintechfest.com/2024/sites/default/files/partners_logo/GFF24%20Partners%20%2816%29-20240610.png,false,2024,https://archive.globalfintechfest.com/2024/partners,https://archive.globalfintechfest.com/2024/api/partners,2026-08-25T06:35:40Z
BCG,BCG,bcg,Thought Leadership Partner,supporters,,other,https://www.bcg.com/,https://archive.globalfintechfest.com/2024/sites/default/files/partners_logo/GFF24%20Partners-20240624_2.png,false,2024,https://archive.globalfintechfest.com/2024/partners,https://archive.globalfintechfest.com/2024/api/partners,2026-08-25T06:35:40Z
Beams VC Partnerz LLP,Beams VC Partnerz LLP,beams-vc-partnerz-llp,Silver Partner,partners,,other,https://beams.vc/,https://archive.globalfintechfest.com/2024/sites/default/files/partners_logo/beams-20240806.png,false,2024,https://archive.globalfintechfest.com/2024/partners,https://archive.globalfintechfest.com/2024/api/partners,2026-08-25T06:35:40Z
BeFiSc,BeFiSc,befisc,Exhibitor,exhibitors,,other,https://www.befisc.com/,https://archive.globalfintechfest.com/2024/sites/default/files/partners_logo/GFF24%20Partners-20240620_1.png,false,2024,https://archive.globalfintechfest.com/2024/partners,https://archive.globalfintechfest.com/2024/api/partners,2026-08-25T06:35:40Z
Benepik,Benepik,benepik,Exhibitor,exhibitors,,other,https://benepik.com/,https://archive.globalfintechfest.com/2024/sites/default/files/partners_logo/GFF24%20Partners%20%281%29-20240826.png,false,2024,https://archive.globalfintechfest.com/2024/partners,https://archive.globalfintechfest.com/2024/api/partners,2026-08-25T06:35:40Z
BharatPe,BharatPe,bharatpe,Silver Partner,partners,exhibitors,other,https://bharatpe.com/,https://archive.globalfintechfest.com/2024/sites/default/files/partners_logo/GFF24%20Partners-20240614_9.png,false,2024,https://archive.globalfintechfest.com/2024/partners,https://archive.globalfintechfest.com/2024/api/partners,2026-08-25T06:35:40Z
Bharatsure,Bharatsure,bharatsure,Exhibitor,exhibitors,,other,https://bharatsure.com/,https://archive.globalfintechfest.com/2024/sites/default/files/partners_logo/GFF24%20Partners-20240625.png,false,2024,https://archive.globalfintechfest.com/2024/partners,https://archive.globalfintechfest.com/2024/api/partners,2026-08-25T06:35:40Z
Biocatch,Biocatch,biocatch,Exhibitor,exhibitors,,other,,https://archive.globalfintechfest.com/2024/sites/default/files/partners_logo/GFF24%20Partners%20%285%29-20240726.png,false,2024,https://archive.globalfintechfest.com/2024/partners,https://archive.globalfintechfest.com/2024/api/partners,2026-08-25T06:35:40Z
Blostem,Blostem,blostem,Exhibitor,exhibitors,,other,https://blostem.com/,https://archive.globalfintechfest.com/2024/sites/default/files/partners_logo/Supporters%20GFF%20%2840%29-20240515.png,false,2024,https://archive.globalfintechfest.com/2024/partners,https://archive.globalfintechfest.com/2024/api/partners,2026-08-25T06:35:40Z
Boharr,Boharr,boharr,Exhibitor,exhibitors,,other,https://boharr.com/,https://archive.globalfintechfest.com/2024/sites/default/files/partners_logo/GFF24%20Partners%20%2812%29-20240607.png,false,2024,https://archive.globalfintechfest.com/2024/partners,https://archive.globalfintechfest.com/2024/api/partners,2026-08-25T06:35:40Z
BranchX,BranchX,branchx,Exhibitor,exhibitors,,other,https://www.branchx.in/,https://archive.globalfintechfest.com/2024/sites/default/files/partners_logo/Supporters%20GFF%20%2822%29-20240514.png,false,2024,https://archive.globalfintechfest.com/2024/partners,https://archive.globalfintechfest.com/2024/api/partners,2026-08-25T06:35:40Z
Bridgewise,Bridgewise,bridgewise,Exhibitor,exhibitors,,other,,https://archive.globalfintechfest.com/2024/sites/default/files/partners_logo/GFF24%20Partners%20%284%29-20240726.png,false,2024,https://archive.globalfintechfest.com/2024/partners,https://archive.globalfintechfest.com/2024/api/partners,2026-08-25T06:35:40Z
BriskPe,BriskPe,briskpe,Gold Partner,partners,exhibitors,regtech,,https://archive.globalfintechfest.com/2024/sites/default/files/partners_logo/briskpe-20240805.png,false,2024,https://archive.globalfintechfest.com/2024/partners,https://archive.globalfintechfest.com/2024/api/partners,2026-08-25T06:35:40Z
Bureau ID,Bureau ID,bureau-id,Silver Partner,partners,exhibitors,other,https://www.bureau.id/,https://archive.globalfintechfest.com/2024/sites/default/files/partners_logo/Beauro-20240618.png,false,2024,https://archive.globalfintechfest.com/2024/partners,https://archive.globalfintechfest.com/2024/api/partners,2026-08-25T06:35:40Z
Cams Pay,Cams Pay,cams-pay,Exhibitor,exhibitors,,payments,https://camspay.com/,https://archive.globalfintechfest.com/2024/sites/default/files/partners_logo/CAms-20240615.png,false,2024,https://archive.globalfintechfest.com/2024/partners,https://archive.globalfintechfest.com/2024/api/partners,2026-08-25T06:35:40Z
Canara Bank,Canara Bank,canara-bank,Exhibitor,exhibitors,,banking,https://www.canarabank.com/,https://archive.globalfintechfest.com/2024/sites/default/files/partners_logo/GFF24%20Partners%20%2879%29-20240813.png,false,2024,https://archive.globalfintechfest.com/2024/partners,https://archive.globalfintechfest.com/2024/api/partners,2026-08-25T06:35:40Z
Card91,Card91,card91,Exhibitor,exhibitors,,other,,https://archive.globalfintechfest.com/2024/sites/default/files/partners_logo/GFF%20partners%20%2836%29-20240527.png,false,2024,https://archive.globalfintechfest.com/2024/partners,https://archive.globalfintechfest.com/2024/api/partners,2026-08-25T06:35:40Z
CASHe,CASHe,cashe,Exhibitor,exhibitors,,other,https://www.cashe.co.in/,https://archive.globalfintechfest.com/2024/sites/default/files/partners_logo/GFF%20partners%20%2831%29-20240524.png,false,2024,https://archive.globalfintechfest.com/2024/partners,https://archive.globalfintechfest.com/2024/api/partners,2026-08-25T06:35:40Z
Cashfree,Cashfree,cashfree,Exhibitor,exhibitors,,other,https://www.cashfree.com/,https://archive.globalfintechfest.com/2024/sites/default/files/partners_logo/GFF24%20Partners-20240614_4.png,false,2024,https://archive.globalfintechfest.com/2024/partners,https://archive.globalfintechfest.com/2024/api/partners,2026-08-25T06:35:40Z
Castler,Castler,castler,Exhibitor,exhibitors,,other,,https://archive.globalfintechfest.com/2024/sites/default/files/partners_logo/GFF24%20Partners%20%281%29-20240719.png,false,2024,https://archive.globalfintechfest.com/2024/partners,https://archive.globalfintechfest.com/2024/api/partners,2026-08-25T06:35:40Z
CDSL,CDSL,cdsl,Exhibitor,exhibitors,,other,https://www.cdslindia.com/,https://archive.globalfintechfest.com/2024/sites/default/files/partners_logo/GFF24%20Partners-20240614_5.png,false,2024,https://archive.globalfintechfest.com/2024/partners,https://archive.globalfintechfest.com/2024/api/partners,2026-08-25T06:35:40Z
CFTE,CFTE,cfte,Ecosystem Partner,supporters,,other,https://courses.cfte.education/,https://archive.globalfintechfest.com/2024/sites/default/files/partners_logo/CFTE%20Resized-20230607.png,false,2024,https://archive.globalfintechfest.com/2024/partners,https://archive.globalfintechfest.com/2024/api/partners,2026-08-25T06:35:40Z
Cibil,Cibil,cibil,Credit Insights Partner,partners,exhibitors,other,https://www.transunioncibil.com/,https://archive.globalfintechfest.com/2024/sites/default/files/partners_logo/cibil1-20240805.png,false,2024,https://archive.globalfintechfest.com/2024/partners,https://archive.globalfintechfest.com/2024/api/partners,2026-08-25T06:35:40Z
CIO News,CIO News,cio-news,Ecosystem Partner,supporters,,other,,https://archive.globalfintechfest.com/2024/sites/default/files/partners_logo/GFF24%20Partners-20240718.png,false,2024,https://archive.globalfintechfest.com/2024/partners,https://archive.globalfintechfest.com/2024/api/partners,2026-08-25T06:35:40Z
Citi,Citi,citi,Banking Innovation Partner,partners,,other,https://www.online.citibank.co.in/,https://archive.globalfintechfest.com/2024/sites/default/files/partners_logo/CITI%20resize-20230901_0.png,false,2024,https://archive.globalfintechfest.com/2024/partners,https://archive.globalfintechfest.com/2024/api/partners,2026-08-25T06:35:40Z
Citi Bank,Citi Bank,citi-bank,Exhibitor,exhibitors,,banking,https://www.online.citibank.co.in/,https://archive.globalfintechfest.com/2024/sites/default/files/partners_logo/GFF24%20Partners-20240603_0.png,false,2024,https://archive.globalfintechfest.com/2024/partners,https://archive.globalfintechfest.com/2024/api/partners,2026-08-25T06:35:40Z
CLARISTA,CLARISTA,clarista,Exhibitor,exhibitors,,other,https://www.clarista.io/,https://archive.globalfintechfest.com/2024/sites/default/files/partners_logo/GFF24%20Partners%20%288%29-20240819.png,false,2024,https://archive.globalfintechfest.com/2024/partners,https://archive.globalfintechfest.com/2024/api/partners,2026-08-25T06:35:40Z
ClickPost,ClickPost,clickpost,Exhibitor,exhibitors,,other,,https://archive.globalfintechfest.com/2024/sites/default/files/partners_logo/GFF24%20Partners%20%289%29-20240725.png,false,2024,https://archive.globalfintechfest.com/2024/partners,https://archive.globalfintechfest.com/2024/api/partners,2026-08-25T06:35:40Z
Cockroach Labs,Cockroach labs,cockroach-labs,Bronze Partner,partners,exhibitors,other,https://www.cockroachlabs.com/,https://archive.globalfintechfest.com/2024/sites/default/files/partners_logo/GFF24%20Partners%20%2850%29-20240801.png,false,2024,https://archive.globalfintechfest.com/2024/partners,https://archive.globalfintechfest.com/2024/api/partners,2026-08-25T06:35:40Z
Collexo,Collexo,collexo,Exhibitor,exhibitors,,other,https://www.collexo.com/,https://archive.globalfintechfest.com/2024/sites/default/files/partners_logo/GFF24%20Partners%20%2829%29-20240729.png,false,2024,https://archive.globalfintechfest.com/2024/partners,https://archive.globalfintechfest.com/2024/api/partners,2026-08-25T06:35:40Z
Concerto,Concerto,concerto,Exhibitor,exhibitors,,other,https://www.concertosoft.com/,https://archive.globalfintechfest.com/2024/sites/default/files/partners_logo/GFF24%20Partners%20%288%29-20240604.png,false,2024,https://archive.globalfintechfest.com/2024/partners,https://archive.globalfintechfest.com/2024/api/partners,2026-08-25T06:35:40Z
ConfirmU,ConfirmU,confirmu,Exhibitor,exhibitors,,other,,https://archive.globalfintechfest.com/2024/sites/default/files/partners_logo/GFF24%20Partners%20%2835%29-20240730.png,false,2024,https://archive.globalfintechfest.com/2024/partners,https://archive.globalfintechfest.com/2024/api/partners,2026-08-25T06:35:40Z
Confluent,Confluent,confluent,Silver Partner,partners,exhibitors,other,,https://archive.globalfintechfest.com/2024/sites/default/files/partners_logo/Confluent-20240730.png,false,2024,https://archive.globalfintechfest.com/2024/partners,https://archive.globalfintechfest.com/2024/api/partners,2026-08-25T06:35:40Z
Corestrat,Corestrat,corestrat,Exhibitor,exhibitors,,other,https://corestrat.ai/,https://archive.globalfintechfest.com/2024/sites/default/files/partners_logo/GFF24%20Partners-20240603_2.png,false,2024,https://archive.globalfintechfest.com/2024/partners,https://archive.globalfintechfest.com/2024/api/partners,2026-08-25T06:35:40Z
Corpository,Corpository,corpository,Exhibitor,exhibitors,,other,,https://archive.globalfintechfest.com/2024/sites/default/files/partners_logo/GFF24%20Partners%20%283%29-20240826.png,false,2024,https://archive.globalfintechfest.com/2024/partners,https://archive.globalfintechfest.com/2024/api/partners,2026-08-25T06:35:40Z
Craftsilicon,Craftsilicon,craftsilicon,Exhibitor,exhibitors,,other,https://www.craftsilicon.com/,https://archive.globalfintechfest.com/2024/sites/default/files/partners_logo/crafts%20silicon%20resize-20230816.png,false,2024,https://archive.globalfintechfest.com/2024/partners,https://archive.globalfintechfest.com/2024/api/partners,2026-08-25T06:35:40Z
CRED,CRED,cred,Beer Booth Partner,partners,exhibitors,other,,https://archive.globalfintechfest.com/2024/sites/default/files/partners_logo/cred2-20240805.png,false,2024,https://archive.globalfintechfest.com/2024/partners,https://archive.globalfintechfest.com/2024/api/partners,2026-08-25T06:35:40Z
Cred Bharat,Cred Bharat,cred-bharat,Exhibitor,exhibitors,,other,,https://archive.globalfintechfest.com/2024/sites/default/files/partners_logo/GFF24%20Partners%20%2812%29-20240819.png,false,2024,https://archive.globalfintechfest.com/2024/partners,https://archive.globalfintechfest.com/2024/api/partners,2026-08-25T06:35:40Z
Credable,Credable,credable,Exhibitor,exhibitors,,other,https://www.credable.in/,https://archive.globalfintechfest.com/2024/sites/default/files/partners_logo/credable%20resize-20230811.png,false,2024,https://archive.globalfintechfest.com/2024/partners,https://archive.globalfintechfest.com/2024/api/partners,2026-08-25T06:35:40Z
Credacc,Credacc,credacc,Exhibitor,exhibitors,,other,,https://archive.globalfintechfest.com/2024/sites/default/files/partners_logo/GFF24%20Partners-20240704_9.png,false,2024,https://archive.globalfintechfest.com/2024/partners,https://archive.globalfintechfest.com/2024/api/partners,2026-08-25T06:35:40Z
Credgenics,Credgenics,credgenics,Exhibitor,exhibitors,,other,https://www.credgenics.com/,https://archive.globalfintechfest.com/2024/sites/default/files/partners_logo/GFF24%20Partners%20%288%29-20240724.png,false,2024,https://archive.globalfintechfest.com/2024/partners,https://archive.globalfintechfest.com/2024/api/partners,2026-08-25T06:35:40Z
Credit Saison,Credit Saison,credit-saison,Diamond Partner,partners,exhibitors,lending,,https://archive.globalfintechfest.com/2024/sites/default/files/partners_logo/Credit%20Saison-20240805.png,false,2024,https://archive.globalfintechfest.com/2024/partners,https://archive.globalfintechfest.com/2024/api/partners,2026-08-25T06:35:40Z
Creditr,Creditr,creditr,Exhibitor,exhibitors,,lending,https://creditr.in/,https://archive.globalfintechfest.com/2024/sites/default/files/partners_logo/GFF24%20Partners%20%282%29-20240725.png,false,2024,https://archive.globalfintechfest.com/2024/partners,https://archive.globalfintechfest.com/2024/api/partners,2026-08-25T06:35:40Z
CRIF,CRIF,crif,Exhibitor,exhibitors,,other,https://www.crifhighmark.com/,https://archive.globalfintechfest.com/2024/sites/default/files/partners_logo/GFF24%20Partners%20%2824%29-20240528.png,false,2024,https://archive.globalfintechfest.com/2024/partners,https://archive.globalfintechfest.com/2024/api/partners,2026-08-25T06:35:40Z
Crunchfish,Crunchfish,crunchfish,Exhibitor,exhibitors,,other,https://www.crunchfish.com/,https://archive.globalfintechfest.com/2024/sites/default/files/partners_logo/crunchfish%20partner-20230522_0.jpg,false,2024,https://archive.globalfintechfest.com/2024/partners,https://archive.globalfintechfest.com/2024/api/partners,2026-08-25T06:35:40Z
CyberArk,CyberArk,cyberark,Exhibitor,exhibitors,,infra,,https://archive.globalfintechfest.com/2024/sites/default/files/partners_logo/CyberArk-20240729.png,false,2024,https://archive.globalfintechfest.com/2024/partners,https://archive.globalfintechfest.com/2024/api/partners,2026-08-25T06:35:40Z
Cygnet Infotech,Cygnet Infotech,cygnet-infotech,Exhibitor,exhibitors,,infra,https://www.cygnet.one/,https://archive.globalfintechfest.com/2024/sites/default/files/partners_logo/GFF24%20Partners%20%2817%29-20240510.png,false,2024,https://archive.globalfintechfest.com/2024/partners,https://archive.globalfintechfest.com/2024/api/partners,2026-08-25T06:35:40Z
Dallas Venture Capital,Dallas Venture Capital,dallas-venture-capital,Exhibitor,exhibitors,,lending,https://dallasvc.com/,https://archive.globalfintechfest.com/2024/sites/default/files/partners_logo/GFF24%20Partners%20%281%29-20240821.png,false,2024,https://archive.globalfintechfest.com/2024/partners,https://archive.globalfintechfest.com/2024/api/partners,2026-08-25T06:35:40Z
Datasutram,Datasutram,datasutram,Exhibitor,exhibitors,,other,https://datasutram.com/,https://archive.globalfintechfest.com/2024/sites/default/files/partners_logo/GFF24%20Partners-20240620_6.png,false,2024,https://archive.globalfintechfest.com/2024/partners,https://archive.globalfintechfest.com/2024/api/partners,2026-08-25T06:35:40Z
Decimal Technologies,Decimal Technologies,decimal-technologies,Exhibitor,exhibitors,,infra,https://decimaltech.com/,https://archive.globalfintechfest.com/2024/sites/default/files/partners_logo/Decimal-20240808.png,false,2024,https://archive.globalfintechfest.com/2024/partners,https://archive.globalfintechfest.com/2024/api/partners,2026-08-25T06:35:40Z
Dhan,Dhan,dhan,Exhibitor,exhibitors,,other,https://dhan.co/,https://archive.globalfintechfest.com/2024/sites/default/files/partners_logo/GFF24%20Partners-20240622_6.png,false,2024,https://archive.globalfintechfest.com/2024/partners,https://archive.globalfintechfest.com/2024/api/partners,2026-08-25T06:35:40Z
DialmyCA,DialmyCA,dialmyca,Exhibitor,exhibitors,,other,,https://archive.globalfintechfest.com/2024/sites/default/files/partners_logo/GFF24%20Partners-20240702_7.png,false,2024,https://archive.globalfintechfest.com/2024/partners,https://archive.globalfintechfest.com/2024/api/partners,2026-08-25T06:35:40Z
DIFC,DIFC,difc,Gold Partner,partners,,other,https://innovationhub.difc.ae/,https://archive.globalfintechfest.com/2024/sites/default/files/partners_logo/GFF%20partners%20%2811%29-20240516.png,false,2024,https://archive.globalfintechfest.com/2024/partners,https://archive.globalfintechfest.com/2024/api/partners,2026-08-25T06:35:40Z
DIFC Innovation Hub,DIFC Innovation Hub,difc-innovation-hub,Exhibitor,exhibitors,,other,https://innovationhub.difc.ae/,https://archive.globalfintechfest.com/2024/sites/default/files/partners_logo/GFF%20partners%20%2811%29-20240516_0.png,false,2024,https://archive.globalfintechfest.com/2024/partners,https://archive.globalfintechfest.com/2024/api/partners,2026-08-25T06:35:40Z
Digitap,Digitap,digitap,Exhibitor,exhibitors,,other,https://www.digitap.ai/index.html,https://archive.globalfintechfest.com/2024/sites/default/files/partners_logo/GFF24%20Partners-20240614_6.png,false,2024,https://archive.globalfintechfest.com/2024/partners,https://archive.globalfintechfest.com/2024/api/partners,2026-08-25T06:35:40Z
Diners Club Services Private Limited - Discover,Diners Club Services Private Limited - Discover,diners-club-services-private-limited-discover,Global Payments Partner,partners,,other,https://www.discoverglobalnetwork.com/,https://archive.globalfintechfest.com/2024/sites/default/files/partners_logo/GFF24%20Partners%20%2848%29-20240801.png,false,2024,https://archive.globalfintechfest.com/2024/partners,https://archive.globalfintechfest.com/2024/api/partners,2026-08-25T06:35:40Z
Discrete Kernel,Discrete Kernel,discrete-kernel,Exhibitor,exhibitors,,other,https://www.discretekernel.com/,https://archive.globalfintechfest.com/2024/sites/default/files/partners_logo/GFF24%20Partners%20%282%29-20240722.png,false,2024,https://archive.globalfintechfest.com/2024/partners,https://archive.globalfintechfest.com/2024/api/partners,2026-08-25T06:35:40Z
DMI Finance,DMI Finance,dmi-finance,Silver Partner,partners,exhibitors,lending,https://www.dmifinance.in/,https://archive.globalfintechfest.com/2024/sites/default/files/partners_logo/GFF%20partners%20%2823%29-20240522.png,false,2024,https://archive.globalfintechfest.com/2024/partners,https://archive.globalfintechfest.com/2024/api/partners,2026-08-25T06:35:40Z
Doqfy,Doqfy,doqfy,Exhibitor,exhibitors,,other,,https://archive.globalfintechfest.com/2024/sites/default/files/partners_logo/Doqfy-20240806.png,false,2024,https://archive.globalfintechfest.com/2024/partners,https://archive.globalfintechfest.com/2024/api/partners,2026-08-25T06:35:40Z
Dotclear.io,Dotclear.io,dotclear-io,Exhibitor,exhibitors,,other,https://dotclear.io/,https://archive.globalfintechfest.com/2024/sites/default/files/partners_logo/Dotclear-20240823.png,false,2024,https://archive.globalfintechfest.com/2024/partners,https://archive.globalfintechfest.com/2024/api/partners,2026-08-25T06:35:40Z
DreamFolks,DreamFolks,dreamfolks,Exhibitor,exhibitors,,other,https://www.dreamfolks.in/,https://archive.globalfintechfest.com/2024/sites/default/files/partners_logo/Supporters%20GFF%20%2828%29-20240514.png,false,2024,https://archive.globalfintechfest.com/2024/partners,https://archive.globalfintechfest.com/2024/api/partners,2026-08-25T06:35:40Z
EarlySalary-Fibe,EarlySalary-Fibe,earlysalary-fibe,Exhibitor,exhibitors,,other,https://www.fibe.in/,https://archive.globalfintechfest.com/2024/sites/default/files/partners_logo/GFF24%20Partners%20%2823%29-20240528.png,false,2024,https://archive.globalfintechfest.com/2024/partners,https://archive.globalfintechfest.com/2024/api/partners,2026-08-25T06:35:40Z
Easebuzz,Easebuzz,easebuzz,Gold Partner,partners,exhibitors,other,https://easebuzz.in/,https://archive.globalfintechfest.com/2024/sites/default/files/partners_logo/GFF24%20Partners%20%282%29-20240718.png,false,2024,https://archive.globalfintechfest.com/2024/partners,https://archive.globalfintechfest.com/2024/api/partners,2026-08-25T06:35:40Z
Easyrewardz,Easyrewardz,easyrewardz,Exhibitor,exhibitors,,other,https://www.easyrewardz.com/,https://archive.globalfintechfest.com/2024/sites/default/files/partners_logo/GFF24%20Partners%20%284%29-20240716.png,false,2024,https://archive.globalfintechfest.com/2024/partners,https://archive.globalfintechfest.com/2024/api/partners,2026-08-25T06:35:40Z
EBIX Cash/ BSE,EBIX Cash/ BSE,ebix-cash-bse,Exhibitor,exhibitors,,other,,https://archive.globalfintechfest.com/2024/sites/default/files/partners_logo/GFF24%20Partners%20%2870%29-20240807.png,false,2024,https://archive.globalfintechfest.com/2024/partners,https://archive.globalfintechfest.com/2024/api/partners,2026-08-25T06:35:40Z
eChai,eChai,echai,Ecosystem Partner,supporters,,other,https://echai.ventures/,https://archive.globalfintechfest.com/2024/sites/default/files/partners_logo/eChai-20240813.png,false,2024,https://archive.globalfintechfest.com/2024/partners,https://archive.globalfintechfest.com/2024/api/partners,2026-08-25T06:35:40Z
Ecofy,Ecofy,ecofy,Exhibitor,exhibitors,,other,https://www.ecofy.co.in/,https://archive.globalfintechfest.com/2024/sites/default/files/partners_logo/GFF24%20Partners-20240627_2.png,false,2024,https://archive.globalfintechfest.com/2024/partners,https://archive.globalfintechfest.com/2024/api/partners,2026-08-25T06:35:40Z
Edenred India,Edenred India,edenred-india,Exhibitor,exhibitors,,other,https://www.edenredrewards.co.in/,https://archive.globalfintechfest.com/2024/sites/default/files/partners_logo/GFF24%20Partners%20%2826%29-20240528.png,false,2024,https://archive.globalfintechfest.com/2024/partners,https://archive.globalfintechfest.com/2024/api/partners,2026-08-25T06:35:40Z
Embassy of the Federal Republic of Germany,Embassy of the Federal Republic of Germany,embassy-of-the-federal-republic-of-germany,Ecosystem Partner,supporters,,other,,https://archive.globalfintechfest.com/2024/sites/default/files/partners_logo/GFF24%20Partners-20240702_2.png,false,2024,https://archive.globalfintechfest.com/2024/partners,https://archive.globalfintechfest.com/2024/api/partners,2026-08-25T06:35:40Z
Emerging Payments Association Asia,Emerging Payments Association Asia,emerging-payments-association-asia,Ecosystem Partner,supporters,,payments,,https://archive.globalfintechfest.com/2024/sites/default/files/partners_logo/GFF24%20Partners%20%288%29-20240606.png,false,2024,https://archive.globalfintechfest.com/2024/partners,https://archive.globalfintechfest.com/2024/api/partners,2026-08-25T06:35:40Z
Entrust,Entrust,entrust,Exhibitor,exhibitors,,other,https://www.entrust.com/contact,https://archive.globalfintechfest.com/2024/sites/default/files/partners_logo/Supporters%20GFF%20%2827%29-20240514.png,false,2024,https://archive.globalfintechfest.com/2024/partners,https://archive.globalfintechfest.com/2024/api/partners,2026-08-25T06:35:40Z
EPS,EPS,eps,Exhibitor,exhibitors,,other,https://electronicpay.in,https://archive.globalfintechfest.com/2024/sites/default/files/partners_logo/EPS-20240823.png,false,2024,https://archive.globalfintechfest.com/2024/partners,https://archive.globalfintechfest.com/2024/api/partners,2026-08-25T06:35:40Z
Equal,Equal,equal,Exhibitor,exhibitors,,other,https://www.equal.in/,https://archive.globalfintechfest.com/2024/sites/default/files/partners_logo/Equal-20240730.png,false,2024,https://archive.globalfintechfest.com/2024/partners,https://archive.globalfintechfest.com/2024/api/partners,2026-08-25T06:35:40Z
Equence Technologies,Equence Technologies,equence-technologies,Exhibitor,exhibitors,,infra,https://www.equence.com/,https://archive.globalfintechfest.com/2024/sites/default/files/partners_logo/GFF24%20Partners%20%289%29-20240606.png,false,2024,https://archive.globalfintechfest.com/2024/partners,https://archive.globalfintechfest.com/2024/api/partners,2026-08-25T06:35:40Z
Equifax,Equifax,equifax,Exhibitor,exhibitors,,other,https://www.equifax.co.in/personal,https://archive.globalfintechfest.com/2024/sites/default/files/partners_logo/equifax-20240705.png,false,2024,https://archive.globalfintechfest.com/2024/partners,https://archive.globalfintechfest.com/2024/api/partners,2026-08-25T06:35:40Z
Equitas Bank,Equitas Bank,equitas-bank,Exhibitor,exhibitors,,banking,,https://archive.globalfintechfest.com/2024/sites/default/files/partners_logo/Equitas%20Bank-20240730.png,false,2024,https://archive.globalfintechfest.com/2024/partners,https://archive.globalfintechfest.com/2024/api/partners,2026-08-25T06:35:40Z
ET Now,ET Now,et-now,Ecosystem Partner,supporters,,other,,https://archive.globalfintechfest.com/2024/sites/default/files/partners_logo/GFF24%20Partners-20240621_5.png,false,2024,https://archive.globalfintechfest.com/2024/partners,https://archive.globalfintechfest.com/2024/api/partners,2026-08-25T06:35:40Z
Evolis,Evolis,evolis,Exhibitor,exhibitors,,other,in.evolis.com,https://archive.globalfintechfest.com/2024/sites/default/files/partners_logo/Evolis-20240730.png,false,2024,https://archive.globalfintechfest.com/2024/partners,https://archive.globalfintechfest.com/2024/api/partners,2026-08-25T06:35:40Z
Evolute,Evolute,evolute,Exhibitor,exhibitors,,other,https://www.evolute.in/fintech-innovations/,https://archive.globalfintechfest.com/2024/sites/default/files/partners_logo/GFF24%20Partners%20%283%29-20240603.png,false,2024,https://archive.globalfintechfest.com/2024/partners,https://archive.globalfintechfest.com/2024/api/partners,2026-08-25T06:35:40Z
Exotel,Exotel,exotel,Silver Partner,partners,exhibitors,other,,https://archive.globalfintechfest.com/2024/sites/default/files/partners_logo/exotel-20240807.png,false,2024,https://archive.globalfintechfest.com/2024/partners,https://archive.globalfintechfest.com/2024/api/partners,2026-08-25T06:35:40Z
Experian,Experian,experian,Credit Innovation Partner,partners,exhibitors,other,https://www.experian.in/,https://archive.globalfintechfest.com/2024/sites/default/files/partners_logo/GFF24%20Partners%20%2837%29-20240731.png,false,2024,https://archive.globalfintechfest.com/2024/partners,https://archive.globalfintechfest.com/2024/api/partners,2026-08-25T06:35:40Z
EY,EY,ey,Knowledge Partner,supporters,,other,https://www.ey.com/en_in,https://archive.globalfintechfest.com/2024/sites/default/files/partners_logo/Supporters%20GFF%20%285%29-20240514.png,false,2024,https://archive.globalfintechfest.com/2024/partners,https://archive.globalfintechfest.com/2024/api/partners,2026-08-25T06:35:40Z
Facctum IT solutions pvt Ltd,Facctum IT solutions pvt Ltd,facctum-it-solutions-pvt-ltd,Exhibitor,exhibitors,,infra,,https://archive.globalfintechfest.com/2024/sites/default/files/partners_logo/GFF24%20Partners-20240704_0.png,false,2024,https://archive.globalfintechfest.com/2024/partners,https://archive.globalfintechfest.com/2024/api/partners,2026-08-25T06:35:40Z
Falcon,Falcon,falcon,Exhibitor,exhibitors,,other,https://www.falconfs.com/,https://archive.globalfintechfest.com/2024/sites/default/files/partners_logo/GFF%20partners%20%2825%29-20240522.png,false,2024,https://archive.globalfintechfest.com/2024/partners,https://archive.globalfintechfest.com/2024/api/partners,2026-08-25T06:35:40Z
FCC,FCC,fcc,Organizer,organizers,,other,,https://archive.globalfintechfest.com/2024/sites/default/files/partners_logo/PCI%20Organiser%20%281%29-20230522.png,false,2024,https://archive.globalfintechfest.com/2024/partners,https://archive.globalfintechfest.com/2024/api/partners,2026-08-25T06:35:40Z
Federal Bank,Federal Bank,federal-bank,Exhibitor,exhibitors,,banking,https://www.federalbank.co.in/home,https://archive.globalfintechfest.com/2024/sites/default/files/partners_logo/GFF24%20Partners%20%288%29-20240725.png,false,2024,https://archive.globalfintechfest.com/2024/partners,https://archive.globalfintechfest.com/2024/api/partners,2026-08-25T06:35:40Z
Fi Money,Fi Money,fi-money,Strategic Insights Partner,partners,,other,,https://archive.globalfintechfest.com/2024/sites/default/files/partners_logo/GFF24%20Partners%20%2855%29-20240801.png,false,2024,https://archive.globalfintechfest.com/2024/partners,https://archive.globalfintechfest.com/2024/api/partners,2026-08-25T06:35:40Z
Fime,Fime,fime,Exhibitor,exhibitors,,other,https://www.fime.com,https://archive.globalfintechfest.com/2024/sites/default/files/partners_logo/GFF%20partners%20%2830%29-20240524.png,false,2024,https://archive.globalfintechfest.com/2024/partners,https://archive.globalfintechfest.com/2024/api/partners,2026-08-25T06:35:40Z
Finacus Solutions,Finacus Solutions,finacus-solutions,Exhibitor,exhibitors,,infra,https://www.finacus.co.in/,https://archive.globalfintechfest.com/2024/sites/default/files/partners_logo/GFF24%20Partners%20%2822%29-20240528.png,false,2024,https://archive.globalfintechfest.com/2024/partners,https://archive.globalfintechfest.com/2024/api/partners,2026-08-25T06:35:40Z
Financial Times,Financial Times,financial-times,Platinum Partner,partners,,other,https://www.ft.com/,https://archive.globalfintechfest.com/2024/sites/default/files/partners_logo/Financial%20Times-20240813.png,false,2024,https://archive.globalfintechfest.com/2024/partners,https://archive.globalfintechfest.com/2024/api/partners,2026-08-25T06:35:40Z
Finarkein,Finarkein,finarkein,Silver Partner,partners,exhibitors,other,,https://archive.globalfintechfest.com/2024/sites/default/files/partners_logo/GFF24%20Partners%20%287%29-20240724.png,false,2024,https://archive.globalfintechfest.com/2024/partners,https://archive.globalfintechfest.com/2024/api/partners,2026-08-25T06:35:40Z
Finbox,Finbox,finbox,Exhibitor,exhibitors,,other,https://finbox.in,https://archive.globalfintechfest.com/2024/sites/default/files/partners_logo/GFF%20partners%20%2827%29-20240524.png,false,2024,https://archive.globalfintechfest.com/2024/partners,https://archive.globalfintechfest.com/2024/api/partners,2026-08-25T06:35:40Z
Findi,Findi,findi,Silver Partner,partners,exhibitors,other,,https://archive.globalfintechfest.com/2024/sites/default/files/partners_logo/findi-20240805.png,false,2024,https://archive.globalfintechfest.com/2024/partners,https://archive.globalfintechfest.com/2024/api/partners,2026-08-25T06:35:40Z
Finigami,Finigami,finigami,Exhibitor,exhibitors,,other,,https://archive.globalfintechfest.com/2024/sites/default/files/partners_logo/GFF24%20Partners%20%283%29-20240725.png,false,2024,https://archive.globalfintechfest.com/2024/partners,https://archive.globalfintechfest.com/2024/api/partners,2026-08-25T06:35:40Z
Finsire,Finsire,finsire,Exhibitor,exhibitors,,other,https://www.finsire.com/,https://archive.globalfintechfest.com/2024/sites/default/files/partners_logo/Finsire_Ex-20240530.png,false,2024,https://archive.globalfintechfest.com/2024/partners,https://archive.globalfintechfest.com/2024/api/partners,2026-08-25T06:35:40Z
Finstep Asia,Finstep Asia,finstep-asia,Ecosystem Partner,supporters,,other,https://www.finstep.asia/,https://archive.globalfintechfest.com/2024/sites/default/files/partners_logo/Supporters%20GFF%20%281%29-20240513.png,false,2024,https://archive.globalfintechfest.com/2024/partners,https://archive.globalfintechfest.com/2024/api/partners,2026-08-25T06:35:40Z
Fintech Assocation of Nepal (Fintech Alliance Nepal),Fintech Assocation of Nepal (Fintech Alliance Nepal),fintech-assocation-of-nepal-fintech-alliance-nepal,Ecosystem Partner,supporters,,infra,,https://archive.globalfintechfest.com/2024/sites/default/files/partners_logo/GFF24%20Partners-20240624_3.png,false,2024,https://archive.globalfintechfest.com/2024/partners,https://archive.globalfintechfest.com/2024/api/partners,2026-08-25T06:35:40Z
Finvu,Finvu,finvu,Exhibitor,exhibitors,,other,https://finvu.in/,https://archive.globalfintechfest.com/2024/sites/default/files/partners_logo/GFF24%20Partners-20240620_5.png,false,2024,https://archive.globalfintechfest.com/2024/partners,https://archive.globalfintechfest.com/2024/api/partners,2026-08-25T06:35:40Z
FlexM,FlexM,flexm,Exhibitor,exhibitors,,other,https://www.flexm.com/,https://archive.globalfintechfest.com/2024/sites/default/files/partners_logo/GFF%20partners%20%2817%29-20240516.png,false,2024,https://archive.globalfintechfest.com/2024/partners,https://archive.globalfintechfest.com/2024/api/partners,2026-08-25T06:35:40Z
Fortune4 Technologies,Fortune4 Technologies,fortune4-technologies,Exhibitor,exhibitors,,infra,,https://archive.globalfintechfest.com/2024/sites/default/files/partners_logo/fortune_logo-20240529.png,false,2024,https://archive.globalfintechfest.com/2024/partners,https://archive.globalfintechfest.com/2024/api/partners,2026-08-25T06:35:40Z
Fracto,Fracto,fracto,Exhibitor,exhibitors,,other,https://www.fracto.tech/,https://archive.globalfintechfest.com/2024/sites/default/files/partners_logo/GFF%20partners-20240510.png,false,2024,https://archive.globalfintechfest.com/2024/partners,https://archive.globalfintechfest.com/2024/api/partners,2026-08-25T06:35:40Z
FYERS,FYERS,fyers,Exhibitor,exhibitors,,other,,https://archive.globalfintechfest.com/2024/sites/default/files/partners_logo/Fyers-20240812.png,false,2024,https://archive.globalfintechfest.com/2024/partners,https://archive.globalfintechfest.com/2024/api/partners,2026-08-25T06:35:40Z
Gemini Cards,Gemini Cards,gemini-cards,Exhibitor,exhibitors,,payments,https://geminisoftware.com/,https://archive.globalfintechfest.com/2024/sites/default/files/partners_logo/GFF24%20Partners-20240622_4.png,false,2024,https://archive.globalfintechfest.com/2024/partners,https://archive.globalfintechfest.com/2024/api/partners,2026-08-25T06:35:40Z
German Trade & Invest,German Trade & Invest,german-trade-invest,Ecosystem Partner,supporters,,wealthtech,,https://archive.globalfintechfest.com/2024/sites/default/files/partners_logo/GFF24%20Partners-20240702_0.png,false,2024,https://archive.globalfintechfest.com/2024/partners,https://archive.globalfintechfest.com/2024/api/partners,2026-08-25T06:35:40Z
Giesecke & Devrient,Giesecke & Devrient,giesecke-devrient,Exhibitor,exhibitors,,other,,https://archive.globalfintechfest.com/2024/sites/default/files/partners_logo/GFF24%20Partners%20%2819%29-20240612.png,false,2024,https://archive.globalfintechfest.com/2024/partners,https://archive.globalfintechfest.com/2024/api/partners,2026-08-25T06:35:40Z
Gnani Innovations Private Limited,Gnani Innovations Private Limited,gnani-innovations-private-limited,Exhibitor,exhibitors,,other,https://www.gnani.ai/,https://archive.globalfintechfest.com/2024/sites/default/files/partners_logo/GFF%20partners%20%285%29-20240510.png,false,2024,https://archive.globalfintechfest.com/2024/partners,https://archive.globalfintechfest.com/2024/api/partners,2026-08-25T06:35:40Z
Google Pay,Google Pay,google-pay,Co-Powered By,partners,exhibitors,payments,https://pay.google.com/intl/en_in/about/,https://archive.globalfintechfest.com/2024/sites/default/files/partners_logo/GFF%20partners%20%286%29_0-20240510.png,false,2024,https://archive.globalfintechfest.com/2024/partners,https://archive.globalfintechfest.com/2024/api/partners,2026-08-25T06:35:40Z
Grameen Foundation,Grameen Foundation,grameen-foundation,Gold Partner,partners,exhibitors,other,,https://archive.globalfintechfest.com/2024/sites/default/files/partners_logo/GFF24%20Partners%20%281%29-20240710.png,false,2024,https://archive.globalfintechfest.com/2024/partners,https://archive.globalfintechfest.com/2024/api/partners,2026-08-25T06:35:40Z
GramPro,GramPro,grampro,Exhibitor,exhibitors,,other,https://gramproindia.com/,https://archive.globalfintechfest.com/2024/sites/default/files/partners_logo/Supporters%20GFF%20%2821%29-20240514.png,false,2024,https://archive.globalfintechfest.com/2024/partners,https://archive.globalfintechfest.com/2024/api/partners,2026-08-25T06:35:40Z
Grant Thornton,Grant Thornton,grant-thornton,Knowledge Partner,supporters,,other,https://www.grantthornton.in/,https://archive.globalfintechfest.com/2024/sites/default/files/partners_logo/GFF24%20Partners-20240624_1.png,false,2024,https://archive.globalfintechfest.com/2024/partners,https://archive.globalfintechfest.com/2024/api/partners,2026-08-25T06:35:40Z
Gupshup,Gupshup,gupshup,Silver Partner,partners,exhibitors,other,https://www.gupshup.io/,https://archive.globalfintechfest.com/2024/sites/default/files/partners_logo/GFF24%20Partners%20%281%29-20240709.png,false,2024,https://archive.globalfintechfest.com/2024/partners,https://archive.globalfintechfest.com/2024/api/partners,2026-08-25T06:35:40Z
GYFTR,GYFTR,gyftr,Exhibitor,exhibitors,,other,https://www.gyftr.com/,https://archive.globalfintechfest.com/2024/sites/default/files/partners_logo/GYFTR-20240812.png,false,2024,https://archive.globalfintechfest.com/2024/partners,https://archive.globalfintechfest.com/2024/api/partners,2026-08-25T06:35:40Z
Haoda Pay,Haoda Pay,haoda-pay,Exhibitor,exhibitors,,payments,https://haodapay.com/,https://archive.globalfintechfest.com/2024/sites/default/files/partners_logo/GFF24%20Partners%20%2869%29-20240807.png,false,2024,https://archive.globalfintechfest.com/2024/partners,https://archive.globalfintechfest.com/2024/api/partners,2026-08-25T06:35:40Z
Haqdarshaq,Haqdarshaq,haqdarshaq,Exhibitor,exhibitors,,other,,https://archive.globalfintechfest.com/2024/sites/default/files/partners_logo/GFF24%20Partners-20240726.png,false,2024,https://archive.globalfintechfest.com/2024/partners,https://archive.globalfintechfest.com/2024/api/partners,2026-08-25T06:35:40Z
Harjai HCPL,Harjai HCPL,harjai-hcpl,Exhibitor,exhibitors,,other,https://harjaicomputers.com/,https://archive.globalfintechfest.com/2024/sites/default/files/partners_logo/Supporters%20GFF%20%2839%29-20240515.png,false,2024,https://archive.globalfintechfest.com/2024/partners,https://archive.globalfintechfest.com/2024/api/partners,2026-08-25T06:35:40Z
HDFC Bank,HDFC,hdfc-bank,Brought To You By,partners,exhibitors,banking,https://www.hdfcbank.com/personal,https://archive.globalfintechfest.com/2024/sites/default/files/partners_logo/hdfc-20240801.png,false,2024,https://archive.globalfintechfest.com/2024/partners,https://archive.globalfintechfest.com/2024/api/partners,2026-08-25T06:35:40Z
Healthcred,Healthcred,healthcred,Exhibitor,exhibitors,,other,,https://archive.globalfintechfest.com/2024/sites/default/files/partners_logo/Healthcred-20240805.png,false,2024,https://archive.globalfintechfest.com/2024/partners,https://archive.globalfintechfest.com/2024/api/partners,2026-08-25T06:35:40Z
helo.ai,helo.ai,helo-ai,Exhibitor,exhibitors,,ai,https://helo.ai/,https://archive.globalfintechfest.com/2024/sites/default/files/partners_logo/helo.ai_ex-20240531.png,false,2024,https://archive.globalfintechfest.com/2024/partners,https://archive.globalfintechfest.com/2024/api/partners,2026-08-25T06:35:40Z
Hitachi Payments,Hitachi Payments,hitachi-payments,Exhibitor,exhibitors,,payments,,https://archive.globalfintechfest.com/2024/sites/default/files/partners_logo/hpy_logo-20240529.png,false,2024,https://archive.globalfintechfest.com/2024/partners,https://archive.globalfintechfest.com/2024/api/partners,2026-08-25T06:35:40Z
Hiwi Pay,Hiwi Pay,hiwi-pay,Exhibitor,exhibitors,,payments,https://hiwipay.com/,https://archive.globalfintechfest.com/2024/sites/default/files/partners_logo/GFF24%20Partners-20240702_8.png,false,2024,https://archive.globalfintechfest.com/2024/partners,https://archive.globalfintechfest.com/2024/api/partners,2026-08-25T06:35:40Z
HSBC,HSBC,hsbc,Agenda Partner,partners,exhibitors,other,https://www.hsbc.co.in/,https://archive.globalfintechfest.com/2024/sites/default/files/partners_logo/HSBC%20ex-20240530.png,false,2024,https://archive.globalfintechfest.com/2024/partners,https://archive.globalfintechfest.com/2024/api/partners,2026-08-25T06:35:40Z
HummingWave Technologies,HummingWave Technologies,hummingwave-technologies,Exhibitor,exhibitors,,infra,https://www.hummingwave.com/,https://archive.globalfintechfest.com/2024/sites/default/files/partners_logo/GFF24%20Partners-20240620_2.png,false,2024,https://archive.globalfintechfest.com/2024/partners,https://archive.globalfintechfest.com/2024/api/partners,2026-08-25T06:35:40Z
Hyperface,Hyperface,hyperface,Exhibitor,exhibitors,,other,https://www.hyperface.co/,https://archive.globalfintechfest.com/2024/sites/default/files/partners_logo/GFF24%20Partners%20%281%29-20240603.png,false,2024,https://archive.globalfintechfest.com/2024/partners,https://archive.globalfintechfest.com/2024/api/partners,2026-08-25T06:35:40Z
Hyperverge,Hyperverge,hyperverge,Exhibitor,exhibitors,,other,https://hyperverge.co/,https://archive.globalfintechfest.com/2024/sites/default/files/partners_logo/GFF%20partners%20%283%29-20240510.png,false,2024,https://archive.globalfintechfest.com/2024/partners,https://archive.globalfintechfest.com/2024/api/partners,2026-08-25T06:35:40Z
IBM,IBM,ibm,Exhibitor,exhibitors,,other,https://www.ibm.com/in-en,https://archive.globalfintechfest.com/2024/sites/default/files/partners_logo/GFF24%20Partners%20%2811%29-20240819.png,false,2024,https://archive.globalfintechfest.com/2024/partners,https://archive.globalfintechfest.com/2024/api/partners,2026-08-25T06:35:40Z
ibs intelligence,ibs intelligence,ibs-intelligence,Ecosystem Partner,supporters,,ai,,https://archive.globalfintechfest.com/2024/sites/default/files/partners_logo/IBS%20Intelligence-20240812.png,false,2024,https://archive.globalfintechfest.com/2024/partners,https://archive.globalfintechfest.com/2024/api/partners,2026-08-25T06:35:40Z
IDEMIA,IDEMIA,idemia,Exhibitor,exhibitors,,other,https://www.idemia.com/,https://archive.globalfintechfest.com/2024/sites/default/files/partners_logo/GFF24%20Partners%20%281%29-20240718.png,false,2024,https://archive.globalfintechfest.com/2024/partners,https://archive.globalfintechfest.com/2024/api/partners,2026-08-25T06:35:40Z
IDfy,IDfy,idfy,Exhibitor,exhibitors,,other,https://www.idfy.com/,https://archive.globalfintechfest.com/2024/sites/default/files/partners_logo/Supporters%20GFF%20%2825%29-20240514.png,false,2024,https://archive.globalfintechfest.com/2024/partners,https://archive.globalfintechfest.com/2024/api/partners,2026-08-25T06:35:40Z
iDigiCloud,iDigiCloud,idigicloud,Core Banking Partner,partners,exhibitors,other,,https://archive.globalfintechfest.com/2024/sites/default/files/partners_logo/GFF24%20Partners%20%282%29-20240719.png,false,2024,https://archive.globalfintechfest.com/2024/partners,https://archive.globalfintechfest.com/2024/api/partners,2026-08-25T06:35:40Z
IFIM,IFIM,ifim,Academia Partner,supporters,,other,,https://archive.globalfintechfest.com/2024/sites/default/files/partners_logo/GFF24%20Partners%20%282%29-20240605.png,false,2024,https://archive.globalfintechfest.com/2024/partners,https://archive.globalfintechfest.com/2024/api/partners,2026-08-25T06:35:40Z
IIMA Ventures,IIMA Ventures,iima-ventures,Ecosystem Partner,supporters,,other,https://iimaventures.com/,https://archive.globalfintechfest.com/2024/sites/default/files/partners_logo/IIMA%20NEW-20240813.png,false,2024,https://archive.globalfintechfest.com/2024/partners,https://archive.globalfintechfest.com/2024/api/partners,2026-08-25T06:35:40Z
India Bonds,India Bonds,india-bonds,Exhibitor,exhibitors,,other,https://www.indiabonds.com/,https://archive.globalfintechfest.com/2024/sites/default/files/partners_logo/GFF24%20Partners-20240621_4.png,false,2024,https://archive.globalfintechfest.com/2024/partners,https://archive.globalfintechfest.com/2024/api/partners,2026-08-25T06:35:40Z
Indian Bank,Indian Bank,indian-bank,Exhibitor,exhibitors,,banking,,https://archive.globalfintechfest.com/2024/sites/default/files/partners_logo/GFF24%20Partners-20240821.png,false,2024,https://archive.globalfintechfest.com/2024/partners,https://archive.globalfintechfest.com/2024/api/partners,2026-08-25T06:35:40Z
Infibeam/ CC Avenues,Infibeam/ CC Avenues,infibeam-cc-avenues,Exhibitor,exhibitors,,other,,https://archive.globalfintechfest.com/2024/sites/default/files/partners_logo/GFF24%20Partners%20%282%29-20240726.png,false,2024,https://archive.globalfintechfest.com/2024/partners,https://archive.globalfintechfest.com/2024/api/partners,2026-08-25T06:35:40Z
Innovate Finance,Innovate Finance,innovate-finance,Ecosystem Partner,supporters,,lending,,https://archive.globalfintechfest.com/2024/sites/default/files/partners_logo/GFF24%20Partners%20%284%29-20240605.png,false,2024,https://archive.globalfintechfest.com/2024/partners,https://archive.globalfintechfest.com/2024/api/partners,2026-08-25T06:35:40Z
Instantpay,Instantpay,instantpay,Exhibitor,exhibitors,,payments,https://app.instantpay.in/,https://archive.globalfintechfest.com/2024/sites/default/files/partners_logo/Supporters%20GFF%20%2813%29-20240514.png,false,2024,https://archive.globalfintechfest.com/2024/partners,https://archive.globalfintechfest.com/2024/api/partners,2026-08-25T06:35:40Z
Insurance Dekho,Insurance Dekho,insurance-dekho,Exhibitor,exhibitors,,insurtech,https://www.insurancedekho.com/,https://archive.globalfintechfest.com/2024/sites/default/files/partners_logo/GFF24%20Partners%20%282%29-20240709.png,false,2024,https://archive.globalfintechfest.com/2024/partners,https://archive.globalfintechfest.com/2024/api/partners,2026-08-25T06:35:40Z
InsureMO,InsureMO,insuremo,Exhibitor,exhibitors,,insurtech,https://insuremo.com/,https://archive.globalfintechfest.com/2024/sites/default/files/partners_logo/insureMO_ex-20240531.png,false,2024,https://archive.globalfintechfest.com/2024/partners,https://archive.globalfintechfest.com/2024/api/partners,2026-08-25T06:35:40Z
Integra Micro,Integra Micro,integra-micro,Exhibitor,exhibitors,,other,https://www.integramicro.com/,https://archive.globalfintechfest.com/2024/sites/default/files/partners_logo/GFF24%20Partners%20%282%29-20240604.png,false,2024,https://archive.globalfintechfest.com/2024/partners,https://archive.globalfintechfest.com/2024/api/partners,2026-08-25T06:35:40Z
intent HQ,intent HQ,intent-hq,Exhibitor,exhibitors,,other,,https://archive.globalfintechfest.com/2024/sites/default/files/partners_logo/GFF24%20Partners%20%281%29-20240822.png,false,2024,https://archive.globalfintechfest.com/2024/partners,https://archive.globalfintechfest.com/2024/api/partners,2026-08-25T06:35:40Z
Investkraft,Investkraft,investkraft,Exhibitor,exhibitors,,wealthtech,https://www.investkraft.com/,https://archive.globalfintechfest.com/2024/sites/default/files/partners_logo/Supporters%20GFF%20%2835%29-20240514.png,false,2024,https://archive.globalfintechfest.com/2024/partners,https://archive.globalfintechfest.com/2024/api/partners,2026-08-25T06:35:40Z
Invincible ocean,Invincible ocean,invincible-ocean,Exhibitor,exhibitors,,other,https://invincibleocean.com/,https://archive.globalfintechfest.com/2024/sites/default/files/partners_logo/GFF24%20Partners%20%286%29-20240906.png,false,2024,https://archive.globalfintechfest.com/2024/partners,https://archive.globalfintechfest.com/2024/api/partners,2026-08-25T06:35:40Z
iPid,iPid,ipid,Exhibitor,exhibitors,,other,https://ipid.tech,https://archive.globalfintechfest.com/2024/sites/default/files/partners_logo/GFF24%20Partners%20%2841%29-20240731.png,false,2024,https://archive.globalfintechfest.com/2024/partners,https://archive.globalfintechfest.com/2024/api/partners,2026-08-25T06:35:40Z
IRIX Technologies,IRIX Technologies,irix-technologies,Exhibitor,exhibitors,,infra,https://www.irix.in/index.html,https://archive.globalfintechfest.com/2024/sites/default/files/partners_logo/GFF24%20Partners-20240627_0.png,false,2024,https://archive.globalfintechfest.com/2024/partners,https://archive.globalfintechfest.com/2024/api/partners,2026-08-25T06:35:40Z
IserveU,IserveU,iserveu,Exhibitor,exhibitors,,other,https://iserveu.in/,https://archive.globalfintechfest.com/2024/sites/default/files/partners_logo/Supporters%20GFF%20%2841%29-20240515.png,false,2024,https://archive.globalfintechfest.com/2024/partners,https://archive.globalfintechfest.com/2024/api/partners,2026-08-25T06:35:40Z
ISG,ISG,isg,Silver Partner,partners,exhibitors,other,https://insolutionsglobal.com/,https://archive.globalfintechfest.com/2024/sites/default/files/partners_logo/ISG%20-%201-20240805.png,false,2024,https://archive.globalfintechfest.com/2024/partners,https://archive.globalfintechfest.com/2024/api/partners,2026-08-25T06:35:40Z
ItaliaFintech,ItaliaFintech,italiafintech,Ecosystem Partner,supporters,,infra,,https://archive.globalfintechfest.com/2024/sites/default/files/partners_logo/GFF24%20Partners-20240628.png,false,2024,https://archive.globalfintechfest.com/2024/partners,https://archive.globalfintechfest.com/2024/api/partners,2026-08-25T06:35:40Z
ITM Business School,ITM Business School,itm-business-school,Academia Partner,supporters,,other,,https://archive.globalfintechfest.com/2024/sites/default/files/partners_logo/GFF24%20Partners%20%2861%29-20240801.png,false,2024,https://archive.globalfintechfest.com/2024/partners,https://archive.globalfintechfest.com/2024/api/partners,2026-08-25T06:35:40Z
J.P. Morgan Payments,J.P. Morgan Payments,j-p-morgan-payments,Silver Partner,partners,,payments,https://www.jpmorgan.com/global,https://archive.globalfintechfest.com/2024/sites/default/files/partners_logo/jp%20morgan-20240805.png,false,2024,https://archive.globalfintechfest.com/2024/partners,https://archive.globalfintechfest.com/2024/api/partners,2026-08-25T06:35:40Z
Jio Cloud,Jio Cloud,jio-cloud,Exhibitor,exhibitors,,infra,,https://archive.globalfintechfest.com/2024/sites/default/files/partners_logo/GFF24%20Partners%20%2875%29-20240809.png,false,2024,https://archive.globalfintechfest.com/2024/partners,https://archive.globalfintechfest.com/2024/api/partners,2026-08-25T06:35:40Z
JITO JIIF,JITO JIIF,jito-jiif,Ecosystem Partner,supporters,,other,,https://archive.globalfintechfest.com/2024/sites/default/files/partners_logo/GFF24%20Partners%20%282%29-20240812.png,false,2024,https://archive.globalfintechfest.com/2024/partners,https://archive.globalfintechfest.com/2024/api/partners,2026-08-25T06:35:40Z
Jocata,Jocata,jocata,Exhibitor,exhibitors,,other,https://www.jocata.com/,https://archive.globalfintechfest.com/2024/sites/default/files/partners_logo/GFF24%20Partners%20%2817%29-20240612.png,false,2024,https://archive.globalfintechfest.com/2024/partners,https://archive.globalfintechfest.com/2024/api/partners,2026-08-25T06:35:40Z
Juspay,Juspay,juspay,Exhibitor,exhibitors,,payments,https://juspay.in/,https://archive.globalfintechfest.com/2024/sites/default/files/partners_logo/GFF24%20Partners-20240621_1.png,false,2024,https://archive.globalfintechfest.com/2024/partners,https://archive.globalfintechfest.com/2024/api/partners,2026-08-25T06:35:40Z
Kaizen voiz,Kaizen voiz,kaizen-voiz,Exhibitor,exhibitors,,other,,https://archive.globalfintechfest.com/2024/sites/default/files/partners_logo/Kaizen-20240822.png,false,2024,https://archive.globalfintechfest.com/2024/partners,https://archive.globalfintechfest.com/2024/api/partners,2026-08-25T06:35:40Z
Kaleidofin,Kaleidofin,kaleidofin,Exhibitor,exhibitors,,other,,https://archive.globalfintechfest.com/2024/sites/default/files/partners_logo/GFF24%20Partners-20240822.png,false,2024,https://archive.globalfintechfest.com/2024/partners,https://archive.globalfintechfest.com/2024/api/partners,2026-08-25T06:35:40Z
Karix,Karix,karix,Digital Communications Partner,partners,exhibitors,other,https://www.karix.com/,https://archive.globalfintechfest.com/2024/sites/default/files/partners_logo/Karix-20240823.png,false,2024,https://archive.globalfintechfest.com/2024/partners,https://archive.globalfintechfest.com/2024/api/partners,2026-08-25T06:35:40Z
Kfin Technologies,Kfin Technologies,kfin-technologies,Exhibitor,exhibitors,,infra,https://www.kfintech.com/,https://archive.globalfintechfest.com/2024/sites/default/files/partners_logo/GFF24%20Partners%20%284%29-20240723.png,false,2024,https://archive.globalfintechfest.com/2024/partners,https://archive.globalfintechfest.com/2024/api/partners,2026-08-25T06:35:40Z
Kiya.ai,Kiya.ai,kiya-ai,Exhibitor,exhibitors,,ai,https://www.kiya.ai/,https://archive.globalfintechfest.com/2024/sites/default/files/partners_logo/GFF24%20Partners%20%2810%29-20240604_0.png,false,2024,https://archive.globalfintechfest.com/2024/partners,https://archive.globalfintechfest.com/2024/api/partners,2026-08-25T06:35:40Z
KL Hitech,KL Hitech,kl-hitech,Exhibitor,exhibitors,,infra,https://klhitech.com/,https://archive.globalfintechfest.com/2024/sites/default/files/partners_logo/GFF%20partners%20%2840%29-20240527.png,false,2024,https://archive.globalfintechfest.com/2024/partners,https://archive.globalfintechfest.com/2024/api/partners,2026-08-25T06:35:40Z
Knight Fintech,Knight Fintech,knight-fintech,Exhibitor,exhibitors,,infra,www.knightfintech.com,https://archive.globalfintechfest.com/2024/sites/default/files/partners_logo/GFF24%20Partners-20240603_1.png,false,2024,https://archive.globalfintechfest.com/2024/partners,https://archive.globalfintechfest.com/2024/api/partners,2026-08-25T06:35:40Z
Kong,Kong,kong,Exhibitor,exhibitors,,other,https://konghq.com/,https://archive.globalfintechfest.com/2024/sites/default/files/partners_logo/Supporters%20GFF%20%2836%29-20240514.png,false,2024,https://archive.globalfintechfest.com/2024/partners,https://archive.globalfintechfest.com/2024/api/partners,2026-08-25T06:35:40Z
Kosh,Kosh,kosh,Exhibitor,exhibitors,,other,,https://archive.globalfintechfest.com/2024/sites/default/files/partners_logo/GFF24%20Partners%20%282%29-20240821.png,false,2024,https://archive.globalfintechfest.com/2024/partners,https://archive.globalfintechfest.com/2024/api/partners,2026-08-25T06:35:40Z
KPMG,KPMG,kpmg,Knowledge Partner,supporters,,other,,https://archive.globalfintechfest.com/2024/sites/default/files/partners_logo/GFF24%20Partners-20240823_0.png,false,2024,https://archive.globalfintechfest.com/2024/partners,https://archive.globalfintechfest.com/2024/api/partners,2026-08-25T06:35:40Z
Kyndryl,Kyndryl,kyndryl,Exhibitor,exhibitors,,other,https://www.kyndryl.com/in/en,https://archive.globalfintechfest.com/2024/sites/default/files/partners_logo/GFF24%20Partners-20240823.png,false,2024,https://archive.globalfintechfest.com/2024/partners,https://archive.globalfintechfest.com/2024/api/partners,2026-08-25T06:35:40Z
L&T Finance,L&T Finance,l-t-finance,VIP Lounge Partner,partners,exhibitors,lending,https://www.ltfs.com/,https://archive.globalfintechfest.com/2024/sites/default/files/partners_logo/lnt_finance_ex-20240530.png,false,2024,https://archive.globalfintechfest.com/2024/partners,https://archive.globalfintechfest.com/2024/api/partners,2026-08-25T06:35:40Z
LCode Technologies Pvt Ltd,LCode Technologies Pvt Ltd,lcode-technologies-pvt-ltd,Exhibitor,exhibitors,,infra,https://www.lcodetechnologies.com/,https://archive.globalfintechfest.com/2024/sites/default/files/partners_logo/GFF24%20Partners%20%2860%29-20240801.png,false,2024,https://archive.globalfintechfest.com/2024/partners,https://archive.globalfintechfest.com/2024/api/partners,2026-08-25T06:35:40Z
Leadsquared,Leadsquared,leadsquared,Exhibitor,exhibitors,,other,,https://archive.globalfintechfest.com/2024/sites/default/files/partners_logo/GFF24%20Partners%20%286%29-20240724.png,false,2024,https://archive.globalfintechfest.com/2024/partners,https://archive.globalfintechfest.com/2024/api/partners,2026-08-25T06:35:40Z
LEDGERS.Cloud,LEDGERS.Cloud,ledgers-cloud,Bronze Partner,partners,exhibitors,infra,https://ledgers.cloud/,https://archive.globalfintechfest.com/2024/sites/default/files/partners_logo/LEDGERS.Cloud_-20240730.png,false,2024,https://archive.globalfintechfest.com/2024/partners,https://archive.globalfintechfest.com/2024/api/partners,2026-08-25T06:35:40Z
Leegality,Leegality,leegality,Exhibitor,exhibitors,,other,,https://archive.globalfintechfest.com/2024/sites/default/files/partners_logo/GFF24%20Partners-20240625_0.png,false,2024,https://archive.globalfintechfest.com/2024/partners,https://archive.globalfintechfest.com/2024/api/partners,2026-08-25T06:35:40Z
Leeway Softech,Leeway Softech,leeway-softech,Exhibitor,exhibitors,,infra,,https://archive.globalfintechfest.com/2024/sites/default/files/partners_logo/GFF24%20Partners-20240704_4.png,false,2024,https://archive.globalfintechfest.com/2024/partners,https://archive.globalfintechfest.com/2024/api/partners,2026-08-25T06:35:40Z
Lemon Yellow,Lemon Yellow,lemon-yellow,Exhibitor,exhibitors,,other,,https://archive.globalfintechfest.com/2024/sites/default/files/partners_logo/ly_logo-20240529.png,false,2024,https://archive.globalfintechfest.com/2024/partners,https://archive.globalfintechfest.com/2024/api/partners,2026-08-25T06:35:40Z
Lexis Nexis Risk Solutions,Lexis Nexis Risk Solutions,lexis-nexis-risk-solutions,Exhibitor,exhibitors,,regtech,https://risk.lexisnexis.com/global/en,https://archive.globalfintechfest.com/2024/sites/default/files/partners_logo/GFF24%20Partners%20%285%29-20240605.png,false,2024,https://archive.globalfintechfest.com/2024/partners,https://archive.globalfintechfest.com/2024/api/partners,2026-08-25T06:35:40Z
Lightspeed ventures,Lightspeed ventures,lightspeed-ventures,Global Growth Partner,partners,,other,https://lsvp.com/global-presence/lightspeed-india/,https://archive.globalfintechfest.com/2024/sites/default/files/partners_logo/GFF24%20Partners%20%2878%29-20240810.png,false,2024,https://archive.globalfintechfest.com/2024/partners,https://archive.globalfintechfest.com/2024/api/partners,2026-08-25T06:35:40Z
Loantap,Loantap,loantap,Exhibitor,exhibitors,,lending,https://loantap.in/,https://archive.globalfintechfest.com/2024/sites/default/files/partners_logo/GFF24%20Partners-20240723.png,false,2024,https://archive.globalfintechfest.com/2024/partners,https://archive.globalfintechfest.com/2024/api/partners,2026-08-25T06:35:40Z
LXME,LXME,lxme,Exhibitor,exhibitors,,other,,https://archive.globalfintechfest.com/2024/sites/default/files/partners_logo/GFF24%20Partners-20240704_2.png,false,2024,https://archive.globalfintechfest.com/2024/partners,https://archive.globalfintechfest.com/2024/api/partners,2026-08-25T06:35:40Z
Lyra,Lyra,lyra,Payment Enabler,partners,exhibitors,other,https://www.lyra.com/in/,https://archive.globalfintechfest.com/2024/sites/default/files/partners_logo/GFF24%20Partners%20%281%29-20240820_0.png,false,2024,https://archive.globalfintechfest.com/2024/partners,https://archive.globalfintechfest.com/2024/api/partners,2026-08-25T06:35:40Z
M-Swasth,M-Swasth,m-swasth,Exhibitor,exhibitors,,other,https://m-swasth.in/,https://archive.globalfintechfest.com/2024/sites/default/files/partners_logo/GFF24%20Partners%20%2874%29-20240809.png,false,2024,https://archive.globalfintechfest.com/2024/partners,https://archive.globalfintechfest.com/2024/api/partners,2026-08-25T06:35:40Z
M-tech Innovations Ltd,M-tech Innovations Ltd,m-tech-innovations-ltd,Bronze Partner,partners,exhibitors,infra,,https://archive.globalfintechfest.com/2024/sites/default/files/partners_logo/m_tech_logo-20240529.png,false,2024,https://archive.globalfintechfest.com/2024/partners,https://archive.globalfintechfest.com/2024/api/partners,2026-08-25T06:35:40Z
M2P,M2P,m2p,Registration Partner,partners,exhibitors,other,https://m2pfintech.com/,https://archive.globalfintechfest.com/2024/sites/default/files/partners_logo/GFF24%20Partners%20%2845%29-20240801.png,false,2024,https://archive.globalfintechfest.com/2024/partners,https://archive.globalfintechfest.com/2024/api/partners,2026-08-25T06:35:40Z
Mandeshi,Mandeshi,mandeshi,Exhibitor,exhibitors,,other,,https://archive.globalfintechfest.com/2024/sites/default/files/partners_logo/Manndeshi-20240812.png,false,2024,https://archive.globalfintechfest.com/2024/partners,https://archive.globalfintechfest.com/2024/api/partners,2026-08-25T06:35:40Z
Manipal Business Solutions,Manipal Business Solutions,manipal-business-solutions,Exhibitor,exhibitors,,infra,,https://archive.globalfintechfest.com/2024/sites/default/files/partners_logo/GFF24%20Partners%20%289%29-20240724.png,false,2024,https://archive.globalfintechfest.com/2024/partners,https://archive.globalfintechfest.com/2024/api/partners,2026-08-25T06:35:40Z
MapmyIndia,MapmyIndia,mapmyindia,Exhibitor,exhibitors,,other,https://about.mappls.com/,https://archive.globalfintechfest.com/2024/sites/default/files/partners_logo/GFF24%20Partners%20%289%29-20240819.png,false,2024,https://archive.globalfintechfest.com/2024/partners,https://archive.globalfintechfest.com/2024/api/partners,2026-08-25T06:35:40Z
Mastercard,Mastercard,mastercard,Brought To You By,partners,exhibitors,other,https://www.mastercard.co.in/en-in.html,https://archive.globalfintechfest.com/2024/sites/default/files/partners_logo/GFF24%20Partners%20%289%29-20240508.png,false,2024,https://archive.globalfintechfest.com/2024/partners,https://archive.globalfintechfest.com/2024/api/partners,2026-08-25T06:35:40Z
Maximus Infoware (India),Maximus Infoware (India),maximus-infoware-india,Exhibitor,exhibitors,,other,,https://archive.globalfintechfest.com/2024/sites/default/files/partners_logo/GFF24%20Partners-20240704_12.png,false,2024,https://archive.globalfintechfest.com/2024/partners,https://archive.globalfintechfest.com/2024/api/partners,2026-08-25T06:35:40Z
MCT Cards & Technology Private Limited (MCT),MCT Cards & Technology Private Limited (MCT),mct-cards-technology-private-limited-mct,Exhibitor,exhibitors,,payments,,https://archive.globalfintechfest.com/2024/sites/default/files/partners_logo/mct-20240808.png,false,2024,https://archive.globalfintechfest.com/2024/partners,https://archive.globalfintechfest.com/2024/api/partners,2026-08-25T06:35:40Z
Metis Intellisystems,Metis Intellisystems,metis-intellisystems,Exhibitor,exhibitors,,infra,https://metisintel.in/,https://archive.globalfintechfest.com/2024/sites/default/files/partners_logo/GFF24%20Partners%20%289%29-20240606_0.png,false,2024,https://archive.globalfintechfest.com/2024/partners,https://archive.globalfintechfest.com/2024/api/partners,2026-08-25T06:35:40Z
Mfilterit,Mfilterit,mfilterit,Exhibitor,exhibitors,,other,,https://archive.globalfintechfest.com/2024/sites/default/files/partners_logo/GFF24%20Partners%20%2812%29-20240604.png,false,2024,https://archive.globalfintechfest.com/2024/partners,https://archive.globalfintechfest.com/2024/api/partners,2026-08-25T06:35:40Z
Microsoft,Microsoft,microsoft,Exhibitor,exhibitors,,other,https://www.microsoft.com/en-in/,https://archive.globalfintechfest.com/2024/sites/default/files/partners_logo/GFF24%20Partners%20%284%29-20240819.png,false,2024,https://archive.globalfintechfest.com/2024/partners,https://archive.globalfintechfest.com/2024/api/partners,2026-08-25T06:35:40Z
Millennium EBS,Millennium EBS,millennium-ebs,Exhibitor,exhibitors,,other,http://www.millenniumebs.com/,https://archive.globalfintechfest.com/2024/sites/default/files/partners_logo/GFF24%20Partners%20%281%29-20240726.png,false,2024,https://archive.globalfintechfest.com/2024/partners,https://archive.globalfintechfest.com/2024/api/partners,2026-08-25T06:35:40Z
Mindgate Solutions Pvt Ltd,Mindgate,mindgate-solutions-pvt-ltd,Exhibitor,exhibitors,,infra,https://www.mindgate.solutions/,https://archive.globalfintechfest.com/2024/sites/default/files/partners_logo/GFF24%20Partners%20%283%29-20240604.png,false,2024,https://archive.globalfintechfest.com/2024/partners,https://archive.globalfintechfest.com/2024/api/partners,2026-08-25T06:35:40Z
Mobicule,Mobicule,mobicule,Exhibitor,exhibitors,,other,https://www.mobicule.com,https://archive.globalfintechfest.com/2024/sites/default/files/partners_logo/mobicule-logo-20240605.jpg,false,2024,https://archive.globalfintechfest.com/2024/partners,https://archive.globalfintechfest.com/2024/api/partners,2026-08-25T06:35:40Z
Mobikwik,Mobikwik,mobikwik,Gold Partner,partners,exhibitors,other,,https://archive.globalfintechfest.com/2024/sites/default/files/partners_logo/GFF24%20Partners-20240702_12.png,false,2024,https://archive.globalfintechfest.com/2024/partners,https://archive.globalfintechfest.com/2024/api/partners,2026-08-25T06:35:40Z
Mobilewalla,Mobilewalla,mobilewalla,Exhibitor,exhibitors,,other,,https://archive.globalfintechfest.com/2024/sites/default/files/partners_logo/GFF24%20Partners-20240704_13.png,false,2024,https://archive.globalfintechfest.com/2024/partners,https://archive.globalfintechfest.com/2024/api/partners,2026-08-25T06:35:40Z
Money Club,Money Club,money-club,Exhibitor,exhibitors,,other,https://moneyclubber.com/,https://archive.globalfintechfest.com/2024/sites/default/files/partners_logo/GFF24%20Partners-20240817.png,false,2024,https://archive.globalfintechfest.com/2024/partners,https://archive.globalfintechfest.com/2024/api/partners,2026-08-25T06:35:40Z
Money20/20,Money20/20,money20-20,Bronze Partner,partners,exhibitors,other,https://asia.money2020.com/,https://archive.globalfintechfest.com/2024/sites/default/files/partners_logo/GFF24%20Partners%20%2849%29-20240801.png,false,2024,https://archive.globalfintechfest.com/2024/partners,https://archive.globalfintechfest.com/2024/api/partners,2026-08-25T06:35:40Z
MoneyHop,MoneyHop,moneyhop,Exhibitor,exhibitors,,other,https://www.moneyhop.co/,https://archive.globalfintechfest.com/2024/sites/default/files/partners_logo/GFF%20partners%20%284%29-20240510.png,false,2024,https://archive.globalfintechfest.com/2024/partners,https://archive.globalfintechfest.com/2024/api/partners,2026-08-25T06:35:40Z
MoneyView,MoneyView,moneyview,Silver Partner,partners,,other,https://moneyview.in/,https://archive.globalfintechfest.com/2024/sites/default/files/partners_logo/Moneyview-20240807.png,false,2024,https://archive.globalfintechfest.com/2024/partners,https://archive.globalfintechfest.com/2024/api/partners,2026-08-25T06:35:40Z
MongoDB,MongoDB,mongodb,Gold Partner,partners,exhibitors,other,,https://archive.globalfintechfest.com/2024/sites/default/files/partners_logo/GFF24%20Partners%20%287%29-20240725.png,false,2024,https://archive.globalfintechfest.com/2024/partners,https://archive.globalfintechfest.com/2024/api/partners,2026-08-25T06:35:40Z
Monsoon Credit,Monsoon Credit,monsoon-credit,Exhibitor,exhibitors,,lending,,https://archive.globalfintechfest.com/2024/sites/default/files/partners_logo/GFF24%20Partners%20%2863%29-20240802.png,false,2024,https://archive.globalfintechfest.com/2024/partners,https://archive.globalfintechfest.com/2024/api/partners,2026-08-25T06:35:40Z
Montran,Montran Corporation India,montran,Gold Partner,partners,exhibitors,other,https://www.montran.com/,https://archive.globalfintechfest.com/2024/sites/default/files/partners_logo/montran-20240805.png,false,2024,https://archive.globalfintechfest.com/2024/partners,https://archive.globalfintechfest.com/2024/api/partners,2026-08-25T06:35:40Z
MSP,MSP,msp,Exhibitor,exhibitors,,other,https://www.madrassecurityprinters.com/,https://archive.globalfintechfest.com/2024/sites/default/files/partners_logo/GFF24%20Partners%20%283%29-20240719.png,false,2024,https://archive.globalfintechfest.com/2024/partners,https://archive.globalfintechfest.com/2024/api/partners,2026-08-25T06:35:40Z
Mupizo Payments,Mupizo Payments,mupizo-payments,Exhibitor,exhibitors,,payments,https://mupizo.com/,https://archive.globalfintechfest.com/2024/sites/default/files/partners_logo/GFF24%20Partners-20240705_3.png,false,2024,https://archive.globalfintechfest.com/2024/partners,https://archive.globalfintechfest.com/2024/api/partners,2026-08-25T06:35:40Z
NABARD,NABARD,nabard,Diamond Partner,partners,exhibitors,other,,https://archive.globalfintechfest.com/2024/sites/default/files/partners_logo/NABARD-20240805.png,false,2024,https://archive.globalfintechfest.com/2024/partners,https://archive.globalfintechfest.com/2024/api/partners,2026-08-25T06:35:40Z
NCR Atleos,NCR Atleos,ncr-atleos,Bronze Partner,partners,exhibitors,other,https://www.ncratleos.com/,https://archive.globalfintechfest.com/2024/sites/default/files/partners_logo/GFF24%20Partners%20%2852%29-20240801.png,false,2024,https://archive.globalfintechfest.com/2024/partners,https://archive.globalfintechfest.com/2024/api/partners,2026-08-25T06:35:40Z
Neokred,Neokred,neokred,Consent Partner,partners,exhibitors,other,https://www.neokred.tech/,https://archive.globalfintechfest.com/2024/sites/default/files/partners_logo/GFF24%20Partners%20%284%29-20240507.png,false,2024,https://archive.globalfintechfest.com/2024/partners,https://archive.globalfintechfest.com/2024/api/partners,2026-08-25T06:35:40Z
NeoSoft Technology,NeoSoft Technology,neosoft-technology,Exhibitor,exhibitors,,infra,https://www.neosofttech.com/,https://archive.globalfintechfest.com/2024/sites/default/files/partners_logo/GFF24%20Partners-20240622_7.png,false,2024,https://archive.globalfintechfest.com/2024/partners,https://archive.globalfintechfest.com/2024/api/partners,2026-08-25T06:35:40Z
Nerve Solutions,Nerve Solutions,nerve-solutions,Exhibitor,exhibitors,,infra,http://www.nerve.solutions/,https://archive.globalfintechfest.com/2024/sites/default/files/partners_logo/Nerve%20Solutions-20240802.png,false,2024,https://archive.globalfintechfest.com/2024/partners,https://archive.globalfintechfest.com/2024/api/partners,2026-08-25T06:35:40Z
Netwin India,Netwin India,netwin-india,Exhibitor,exhibitors,,other,https://netwin.in/,https://archive.globalfintechfest.com/2024/sites/default/files/partners_logo/GFF24%20Partners-20240704_5.png,false,2024,https://archive.globalfintechfest.com/2024/partners,https://archive.globalfintechfest.com/2024/api/partners,2026-08-25T06:35:40Z
Newgen Software,Newgen Software,newgen-software,Gold Partner,partners,exhibitors,infra,https://newgensoft.com/,https://archive.globalfintechfest.com/2024/sites/default/files/partners_logo/GFF%20partners%20%2819%29-20240521.png,false,2024,https://archive.globalfintechfest.com/2024/partners,https://archive.globalfintechfest.com/2024/api/partners,2026-08-25T06:35:40Z
Nexensus,Nexensus,nexensus,Exhibitor,exhibitors,,other,https://nexensus.com/site/,https://archive.globalfintechfest.com/2024/sites/default/files/partners_logo/GFF24%20Partners%20%2882%29-20240819.png,false,2024,https://archive.globalfintechfest.com/2024/partners,https://archive.globalfintechfest.com/2024/api/partners,2026-08-25T06:35:40Z
Niti.ai,Niti.ai,niti-ai,Exhibitor,exhibitors,,ai,https://niti.ai/,https://archive.globalfintechfest.com/2024/sites/default/files/partners_logo/GFF24%20Partners-20240704_6.png,false,2024,https://archive.globalfintechfest.com/2024/partners,https://archive.globalfintechfest.com/2024/api/partners,2026-08-25T06:35:40Z
Northern Arc,Northern Arc,northern-arc,Gold Partner,partners,exhibitors,other,,https://archive.globalfintechfest.com/2024/sites/default/files/partners_logo/GFF24%20Partners%20%281%29-20240823.png,false,2024,https://archive.globalfintechfest.com/2024/partners,https://archive.globalfintechfest.com/2024/api/partners,2026-08-25T06:35:40Z
Novac Tech,Novac Tech,novac-tech,Exhibitor,exhibitors,,infra,https://www.novactech.com/,https://archive.globalfintechfest.com/2024/sites/default/files/partners_logo/GFF24%20Partners%20%283%29-20240709.png,false,2024,https://archive.globalfintechfest.com/2024/partners,https://archive.globalfintechfest.com/2024/api/partners,2026-08-25T06:35:40Z
Novel Patterns,Novel Patterns,novel-patterns,Exhibitor,exhibitors,,other,www.novelpatterns.com,https://archive.globalfintechfest.com/2024/sites/default/files/partners_logo/GFF24%20Partners-20240622_0.png,false,2024,https://archive.globalfintechfest.com/2024/partners,https://archive.globalfintechfest.com/2024/api/partners,2026-08-25T06:35:40Z
NPCI,NPCI,npci,Exhibitor,exhibitors,organizers,other,,https://archive.globalfintechfest.com/2024/sites/default/files/partners_logo/GFF24%20Partners%20%282%29-20240524.png,false,2024,https://archive.globalfintechfest.com/2024/partners,https://archive.globalfintechfest.com/2024/api/partners,2026-08-25T06:35:40Z
NPST,NPST,npst,Exhibitor,exhibitors,,other,https://www.npstx.com/,https://archive.globalfintechfest.com/2024/sites/default/files/partners_logo/GFF24%20Partners-20240702_4.png,false,2024,https://archive.globalfintechfest.com/2024/partners,https://archive.globalfintechfest.com/2024/api/partners,2026-08-25T06:35:40Z
NSDL,NSDL,nsdl,Exhibitor,exhibitors,,other,,https://archive.globalfintechfest.com/2024/sites/default/files/partners_logo/GFF24%20Partners%20%283%29-20240715.png,false,2024,https://archive.globalfintechfest.com/2024/partners,https://archive.globalfintechfest.com/2024/api/partners,2026-08-25T06:35:40Z
NSE,NSE,nse,Exhibitor,exhibitors,,other,,https://archive.globalfintechfest.com/2024/sites/default/files/partners_logo/GFF24%20Partners-20240705_6.png,false,2024,https://archive.globalfintechfest.com/2024/partners,https://archive.globalfintechfest.com/2024/api/partners,2026-08-25T06:35:40Z
NTT Data,NTT Data (ADAPTIS),ntt-data,Exhibitor,exhibitors,,ai,https://www.nttdatapay.com/,https://archive.globalfintechfest.com/2024/sites/default/files/partners_logo/ntt_data_ex-20240531.png,false,2024,https://archive.globalfintechfest.com/2024/partners,https://archive.globalfintechfest.com/2024/api/partners,2026-08-25T06:35:40Z
Nucleus Software,Nucleus Software,nucleus-software,Gold Partner,partners,exhibitors,infra,https://www.nucleussoftware.com/,https://archive.globalfintechfest.com/2024/sites/default/files/partners_logo/GFF24%20Partners-20240702_15.png,false,2024,https://archive.globalfintechfest.com/2024/partners,https://archive.globalfintechfest.com/2024/api/partners,2026-08-25T06:35:40Z
O3 Capital,O3 Capital,o3-capital,Gold Partner,partners,,lending,https://www.o3capital.com/,https://archive.globalfintechfest.com/2024/sites/default/files/partners_logo/GFF24%20Partners%20%286%29-20240604.png,false,2024,https://archive.globalfintechfest.com/2024/partners,https://archive.globalfintechfest.com/2024/api/partners,2026-08-25T06:35:40Z
Onecard,Onecard,onecard,Speaker Lounge Partner,partners,exhibitors,other,,https://archive.globalfintechfest.com/2024/sites/default/files/partners_logo/GFF24%20Partners%20%2844%29-20240801.png,false,2024,https://archive.globalfintechfest.com/2024/partners,https://archive.globalfintechfest.com/2024/api/partners,2026-08-25T06:35:40Z
Ongrid,Ongrid,ongrid,Exhibitor,exhibitors,,other,https://gridlines.io/,https://archive.globalfintechfest.com/2024/sites/default/files/partners_logo/GFF24%20Partners-20240626.png,false,2024,https://archive.globalfintechfest.com/2024/partners,https://archive.globalfintechfest.com/2024/api/partners,2026-08-25T06:35:40Z
Onsurity,Onsurity,onsurity,Exhibitor,exhibitors,,other,https://www.onsurity.com/?utm_campaign=GFF&amp;utm_source=gff%20referral&amp;utm_medium=referral&amp;utm_term=GFF%20Onsurity&amp;utm_content=GFF%20Event,https://archive.globalfintechfest.com/2024/sites/default/files/partners_logo/GFF24%20Partners%20%284%29-20240725.png,false,2024,https://archive.globalfintechfest.com/2024/partners,https://archive.globalfintechfest.com/2024/api/partners,2026-08-25T06:35:40Z
Orbit Wallet,Orbit Wallet,orbit-wallet,Exhibitor,exhibitors,,other,https://www.orbitwallet.in,https://archive.globalfintechfest.com/2024/sites/default/files/partners_logo/GFF24%20Partners%20%281%29-20240723.png,false,2024,https://archive.globalfintechfest.com/2024/partners,https://archive.globalfintechfest.com/2024/api/partners,2026-08-25T06:35:40Z
Parasoft,Parasoft,parasoft,Exhibitor,exhibitors,,other,,https://archive.globalfintechfest.com/2024/sites/default/files/partners_logo/parasoft_logo-20240529.png,false,2024,https://archive.globalfintechfest.com/2024/partners,https://archive.globalfintechfest.com/2024/api/partners,2026-08-25T06:35:40Z
Parinaamma.AI,Parinaamma.AI,parinaamma-ai,Exhibitor,exhibitors,,ai,,https://archive.globalfintechfest.com/2024/sites/default/files/partners_logo/GFF24%20Partners%20%2810%29-20240819.png,false,2024,https://archive.globalfintechfest.com/2024/partners,https://archive.globalfintechfest.com/2024/api/partners,2026-08-25T06:35:40Z
Partner HUB Zrt,Partner HUB Zrt,partner-hub-zrt,Exhibitor,exhibitors,,other,www.partnerhub.in,https://archive.globalfintechfest.com/2024/sites/default/files/partners_logo/Partner%20HUB%20Zrt-20240730.png,false,2024,https://archive.globalfintechfest.com/2024/partners,https://archive.globalfintechfest.com/2024/api/partners,2026-08-25T06:35:40Z
Pay10,Pay10,pay10,Gourmet Partner,partners,exhibitors,other,https://www.pay10.com/,https://archive.globalfintechfest.com/2024/sites/default/files/partners_logo/pay10-20240805.png,false,2024,https://archive.globalfintechfest.com/2024/partners,https://archive.globalfintechfest.com/2024/api/partners,2026-08-25T06:35:40Z
Paycraft,Paycraft,paycraft,Exhibitor,exhibitors,,other,https://paycraftsol.com/,https://archive.globalfintechfest.com/2024/sites/default/files/partners_logo/GFF24%20Partners-20240702_9.png,false,2024,https://archive.globalfintechfest.com/2024/partners,https://archive.globalfintechfest.com/2024/api/partners,2026-08-25T06:35:40Z
Payglocal,Payglocal,payglocal,Silver Partner,partners,exhibitors,other,,https://archive.globalfintechfest.com/2024/sites/default/files/partners_logo/GFF24%20Partners-20240620.png,false,2024,https://archive.globalfintechfest.com/2024/partners,https://archive.globalfintechfest.com/2024/api/partners,2026-08-25T06:35:40Z
Paynearby,Paynearby,paynearby,Exhibitor,exhibitors,,other,https://paynearby.in/,https://archive.globalfintechfest.com/2024/sites/default/files/partners_logo/Supporters%20GFF%20%2816%29-20240514.png,false,2024,https://archive.globalfintechfest.com/2024/partners,https://archive.globalfintechfest.com/2024/api/partners,2026-08-25T06:35:40Z
Payomatix,Payomatix,payomatix,Exhibitor,exhibitors,,other,https://payomatix.com,https://archive.globalfintechfest.com/2024/sites/default/files/partners_logo/GFF24%20Partners-20240710.png,false,2024,https://archive.globalfintechfest.com/2024/partners,https://archive.globalfintechfest.com/2024/api/partners,2026-08-25T06:35:40Z
PayPhi/ Phi Commerce,PayPhi/ Phi Commerce,payphi-phi-commerce,Exhibitor,exhibitors,,infra,https://payphi.com/,https://archive.globalfintechfest.com/2024/sites/default/files/partners_logo/GFF24%20Partners%20%282%29-20240814.png,false,2024,https://archive.globalfintechfest.com/2024/partners,https://archive.globalfintechfest.com/2024/api/partners,2026-08-25T06:35:40Z
Paysprint,Paysprint,paysprint,Exhibitor,exhibitors,,other,,https://archive.globalfintechfest.com/2024/sites/default/files/partners_logo/GFF24%20Partners-20240704_7.png,false,2024,https://archive.globalfintechfest.com/2024/partners,https://archive.globalfintechfest.com/2024/api/partners,2026-08-25T06:35:40Z
Paytm,Paytm,paytm,Fintech Breakthrough Partner,partners,exhibitors,other,https://paytm.com/,https://archive.globalfintechfest.com/2024/sites/default/files/partners_logo/GFF24%20Partners-20240614.png,false,2024,https://archive.globalfintechfest.com/2024/partners,https://archive.globalfintechfest.com/2024/api/partners,2026-08-25T06:35:40Z
PayU,PayU,payu,Diamond Partner,partners,exhibitors,other,https://payu.in/,https://archive.globalfintechfest.com/2024/sites/default/files/partners_logo/GFF24_Partners__84_-removebg-preview-20240830.png,false,2024,https://archive.globalfintechfest.com/2024/partners,https://archive.globalfintechfest.com/2024/api/partners,2026-08-25T06:35:40Z
PCI,PCI,pci,Organizer,organizers,,other,,https://archive.globalfintechfest.com/2024/sites/default/files/partners_logo/PCI%20Organiser-20230522.png,false,2024,https://archive.globalfintechfest.com/2024/partners,https://archive.globalfintechfest.com/2024/api/partners,2026-08-25T06:35:40Z
PEAK XV,PEAK XV,peak-xv,Fintech Investor Partner,partners,,other,,https://archive.globalfintechfest.com/2024/sites/default/files/partners_logo/GFF24%20Partners%20%282%29-20240723.png,false,2024,https://archive.globalfintechfest.com/2024/partners,https://archive.globalfintechfest.com/2024/api/partners,2026-08-25T06:35:40Z
Pennant Technologies Private Limited,Pennant Technologies Private Limited,pennant-technologies-private-limited,Exhibitor,exhibitors,,infra,https://www.pennanttech.com/,https://archive.globalfintechfest.com/2024/sites/default/files/partners_logo/119-20240614.png,false,2024,https://archive.globalfintechfest.com/2024/partners,https://archive.globalfintechfest.com/2024/api/partners,2026-08-25T06:35:40Z
Perfios,Perfios,perfios,Technology Partner,partners,exhibitors,other,https://www.perfios.com/,https://archive.globalfintechfest.com/2024/sites/default/files/partners_logo/perfios-20240801.png,false,2024,https://archive.globalfintechfest.com/2024/partners,https://archive.globalfintechfest.com/2024/api/partners,2026-08-25T06:35:40Z
Perto,Perto,perto,Exhibitor,exhibitors,,other,https://www.perto.in/home-2/,https://archive.globalfintechfest.com/2024/sites/default/files/partners_logo/Supporters%20GFF%20%2810%29-20240514.png,false,2024,https://archive.globalfintechfest.com/2024/partners,https://archive.globalfintechfest.com/2024/api/partners,2026-08-25T06:35:40Z
Pharynx AI,Pharynx AI,pharynx-ai,Exhibitor,exhibitors,,ai,,https://archive.globalfintechfest.com/2024/sites/default/files/partners_logo/GFF24%20Partners%20%283%29-20240821.png,false,2024,https://archive.globalfintechfest.com/2024/partners,https://archive.globalfintechfest.com/2024/api/partners,2026-08-25T06:35:40Z
PhonePe,PhonePe,phonepe,Co-Powered By,partners,exhibitors,other,https://www.phonepe.com/,https://archive.globalfintechfest.com/2024/sites/default/files/partners_logo/Phonepay%20Partners-20240531.png,false,2024,https://archive.globalfintechfest.com/2024/partners,https://archive.globalfintechfest.com/2024/api/partners,2026-08-25T06:35:40Z
Pinelabs,Pinelabs,pinelabs,Exhibitor,exhibitors,,other,https://www.pinelabs.com/,https://archive.globalfintechfest.com/2024/sites/default/files/partners_logo/GFF24%20Partners%20%2815%29-20240610.png,false,2024,https://archive.globalfintechfest.com/2024/partners,https://archive.globalfintechfest.com/2024/api/partners,2026-08-25T06:35:40Z
Pismo Labs UK,Pismo Labs UK,pismo-labs-uk,Platinum Partner,partners,exhibitors,other,https://pismo.io/,https://archive.globalfintechfest.com/2024/sites/default/files/partners_logo/GFF%20partners%20%2821%29-20240521.png,false,2024,https://archive.globalfintechfest.com/2024/partners,https://archive.globalfintechfest.com/2024/api/partners,2026-08-25T06:35:40Z
Pixl,Pixl,pixl,Exhibitor,exhibitors,,other,https://pixdynamics.com,https://archive.globalfintechfest.com/2024/sites/default/files/partners_logo/GFF24%20Partners%20%284%29-20240724.png,false,2024,https://archive.globalfintechfest.com/2024/partners,https://archive.globalfintechfest.com/2024/api/partners,2026-08-25T06:35:40Z
Plotline Inc,Plotline Inc,plotline-inc,Exhibitor,exhibitors,,other,https://www.plotline.so,https://archive.globalfintechfest.com/2024/sites/default/files/partners_logo/GFF24%20Partners-20240622_3.png,false,2024,https://archive.globalfintechfest.com/2024/partners,https://archive.globalfintechfest.com/2024/api/partners,2026-08-25T06:35:40Z
Plutos one,Plutos one,plutos-one,Exhibitor,exhibitors,,other,https://www.plutos.one/,https://archive.globalfintechfest.com/2024/sites/default/files/partners_logo/plutosone_logo-20240529.png,false,2024,https://archive.globalfintechfest.com/2024/partners,https://archive.globalfintechfest.com/2024/api/partners,2026-08-25T06:35:40Z
Posidex,Posidex,posidex,Exhibitor,exhibitors,,other,https://www.posidex.com/,https://archive.globalfintechfest.com/2024/sites/default/files/partners_logo/GFF24%20Partners%20%2868%29-20240806.png,false,2024,https://archive.globalfintechfest.com/2024/partners,https://archive.globalfintechfest.com/2024/api/partners,2026-08-25T06:35:40Z
Precision Biometric (Infomatic),Precision Biometric (Infomatic),precision-biometric-infomatic,Exhibitor,exhibitors,,other,http://www.precisionit.co.in/,https://archive.globalfintechfest.com/2024/sites/default/files/partners_logo/Precision%20Biometric%20Logo%20-%20Vertical-20240719.png,false,2024,https://archive.globalfintechfest.com/2024/partners,https://archive.globalfintechfest.com/2024/api/partners,2026-08-25T06:35:40Z
Presolv360,Presolv360,presolv360,Exhibitor,exhibitors,,other,https://presolv360.com/,https://archive.globalfintechfest.com/2024/sites/default/files/partners_logo/GFF24%20Partners%20%2872%29-20240809.png,false,2024,https://archive.globalfintechfest.com/2024/partners,https://archive.globalfintechfest.com/2024/api/partners,2026-08-25T06:35:40Z
Probe Information Services Private Limited,Probe Information Services Private Limited,probe-information-services-private-limited,Exhibitor,exhibitors,,other,,https://archive.globalfintechfest.com/2024/sites/default/files/partners_logo/GFF24%20Partners-20240704_19.png,false,2024,https://archive.globalfintechfest.com/2024/partners,https://archive.globalfintechfest.com/2024/api/partners,2026-08-25T06:35:40Z
Prodevans Technologies,Prodevans Technologies,prodevans-technologies,Exhibitor,exhibitors,,infra,https://www.prodevans.com/,https://archive.globalfintechfest.com/2024/sites/default/files/partners_logo/GFF24%20Partners%20%286%29-20240725.png,false,2024,https://archive.globalfintechfest.com/2024/partners,https://archive.globalfintechfest.com/2024/api/partners,2026-08-25T06:35:40Z
Protean eGov Technologies Limited,Protean eGov Technologies Limited,protean-egov-technologies-limited,Charging Station Partner,partners,exhibitors,infra,,https://archive.globalfintechfest.com/2024/sites/default/files/partners_logo/protean1-20240805.png,false,2024,https://archive.globalfintechfest.com/2024/partners,https://archive.globalfintechfest.com/2024/api/partners,2026-08-25T06:35:40Z
Protectt.ai Labs Pvt. Ltd.,Protectt.ai Labs Pvt. Ltd.,protectt-ai-labs-pvt-ltd,Exhibitor,exhibitors,,ai,https://www.protectt.ai/,https://archive.globalfintechfest.com/2024/sites/default/files/partners_logo/GFF24%20Partners-20240622.png,false,2024,https://archive.globalfintechfest.com/2024/partners,https://archive.globalfintechfest.com/2024/api/partners,2026-08-25T06:35:40Z
Punjab National Bank,Punjab National Bank,punjab-national-bank,Brought To You By,partners,exhibitors,banking,https://www.pnbindia.in/,https://archive.globalfintechfest.com/2024/sites/default/files/partners_logo/pnb%20rev-20240801.png,false,2024,https://archive.globalfintechfest.com/2024/partners,https://archive.globalfintechfest.com/2024/api/partners,2026-08-25T06:35:40Z
Pure Storage,Pure Storage,pure-storage,Silver Partner,partners,exhibitors,other,,https://archive.globalfintechfest.com/2024/sites/default/files/partners_logo/GFF24%20Partners-20240704_14.png,false,2024,https://archive.globalfintechfest.com/2024/partners,https://archive.globalfintechfest.com/2024/api/partners,2026-08-25T06:35:40Z
PWC,PWC,pwc,Knowledge Partner,supporters,,other,https://www.pwc.in/,https://archive.globalfintechfest.com/2024/sites/default/files/partners_logo/GFF24%20Partners-20240624_0.png,false,2024,https://archive.globalfintechfest.com/2024/partners,https://archive.globalfintechfest.com/2024/api/partners,2026-08-25T06:35:40Z
Qualitrix,Qualitrix,qualitrix,Exhibitor,exhibitors,,other,https://qualitrix.com/,https://archive.globalfintechfest.com/2024/sites/default/files/partners_logo/GFF24%20Partners-20240619_0.png,false,2024,https://archive.globalfintechfest.com/2024/partners,https://archive.globalfintechfest.com/2024/api/partners,2026-08-25T06:35:40Z
Quantum Data Engines,Quantum Data Engines,quantum-data-engines,Exhibitor,exhibitors,,ai,https://www.qde.ai/,https://archive.globalfintechfest.com/2024/sites/default/files/partners_logo/GFF24%20Partners-20240621_2.png,false,2024,https://archive.globalfintechfest.com/2024/partners,https://archive.globalfintechfest.com/2024/api/partners,2026-08-25T06:35:40Z
QueueBuster,QueueBuster,queuebuster,Exhibitor,exhibitors,,other,https://queuebuster.co/,https://archive.globalfintechfest.com/2024/sites/default/files/partners_logo/QueueBuster-Logo-01-_1_-20240826.jpg,false,2024,https://archive.globalfintechfest.com/2024/partners,https://archive.globalfintechfest.com/2024/api/partners,2026-08-25T06:35:40Z
Radiant Acemoney,Radiant Acemoney,radiant-acemoney,Exhibitor,exhibitors,,other,www.acemoney.in,https://archive.globalfintechfest.com/2024/sites/default/files/partners_logo/GFF24%20Partners-20240724.png,false,2024,https://archive.globalfintechfest.com/2024/partners,https://archive.globalfintechfest.com/2024/api/partners,2026-08-25T06:35:40Z
Razorpay,Razorpay,razorpay,Associate Partner,partners,exhibitors,payments,https://razorpay.com/,https://archive.globalfintechfest.com/2024/sites/default/files/partners_logo/Razorpay_ex-20240530.png,false,2024,https://archive.globalfintechfest.com/2024/partners,https://archive.globalfintechfest.com/2024/api/partners,2026-08-25T06:35:40Z
"Resurgent India, Scoreme","Resurgent India, Scoreme",resurgent-india-scoreme,Exhibitor,exhibitors,,other,https://scoreme.in/,https://archive.globalfintechfest.com/2024/sites/default/files/partners_logo/Supporters%20GFF%20%2820%29-20240514.png,false,2024,https://archive.globalfintechfest.com/2024/partners,https://archive.globalfintechfest.com/2024/api/partners,2026-08-25T06:35:40Z
Ring,Ring,ring,Silver Partner,partners,,other,,https://archive.globalfintechfest.com/2024/sites/default/files/partners_logo/GFF24%20Partners%20%2838%29-20240731.png,false,2024,https://archive.globalfintechfest.com/2024/partners,https://archive.globalfintechfest.com/2024/api/partners,2026-08-25T06:35:40Z
Riskcovry,Riskcovry,riskcovry,Exhibitor,exhibitors,,regtech,https://riskcovry.com/,https://archive.globalfintechfest.com/2024/sites/default/files/partners_logo/GFF%20partners%20%2822%29-20240522.png,false,2024,https://archive.globalfintechfest.com/2024/partners,https://archive.globalfintechfest.com/2024/api/partners,2026-08-25T06:35:40Z
Route Mobile Technologies,Route Mobile Technologies,route-mobile-technologies,Cloud Communications Partner,partners,exhibitors,infra,https://routemobile.com/,https://archive.globalfintechfest.com/2024/sites/default/files/partners_logo/GFF24%20Partners%20%2843%29-20240801.png,false,2024,https://archive.globalfintechfest.com/2024/partners,https://archive.globalfintechfest.com/2024/api/partners,2026-08-25T06:35:40Z
Rupeeredee,Rupeeredee,rupeeredee,Hydration Partner,partners,exhibitors,other,https://www.rupeeredee.com/,https://archive.globalfintechfest.com/2024/sites/default/files/partners_logo/rupee_redee_ex-20240531.png,false,2024,https://archive.globalfintechfest.com/2024/partners,https://archive.globalfintechfest.com/2024/api/partners,2026-08-25T06:35:40Z
Rupicard,Rupicard,rupicard,Exhibitor,exhibitors,,other,,https://archive.globalfintechfest.com/2024/sites/default/files/partners_logo/GFF24%20Partners%20%2827%29-20240528.png,false,2024,https://archive.globalfintechfest.com/2024/partners,https://archive.globalfintechfest.com/2024/api/partners,2026-08-25T06:35:40Z
Sabpaisa,Sabpaisa,sabpaisa,Exhibitor,exhibitors,,other,https://sabpaisa.in/,https://archive.globalfintechfest.com/2024/sites/default/files/partners_logo/Supporters%20GFF%20%2818%29-20240514.png,false,2024,https://archive.globalfintechfest.com/2024/partners,https://archive.globalfintechfest.com/2024/api/partners,2026-08-25T06:35:40Z
SAFE,SAFE,safe,Exhibitor,exhibitors,,other,http://www.safenetin.net/,https://archive.globalfintechfest.com/2024/sites/default/files/partners_logo/GFF24%20Partners%20%285%29-20240724.png,false,2024,https://archive.globalfintechfest.com/2024/partners,https://archive.globalfintechfest.com/2024/api/partners,2026-08-25T06:35:40Z
Salesforce,Salesforce,salesforce,Exhibitor,exhibitors,,other,,https://archive.globalfintechfest.com/2024/sites/default/files/partners_logo/GFF24%20Partners-20240704_1.png,false,2024,https://archive.globalfintechfest.com/2024/partners,https://archive.globalfintechfest.com/2024/api/partners,2026-08-25T06:35:40Z
SBI Bank,SBI Bank,sbi-bank,Brought To You By,partners,exhibitors,banking,https://www.onlinesbi.sbi/,https://archive.globalfintechfest.com/2024/sites/default/files/partners_logo/GFF%20partners%20%2826%29-20240524.png,false,2024,https://archive.globalfintechfest.com/2024/partners,https://archive.globalfintechfest.com/2024/api/partners,2026-08-25T06:35:40Z
Scienaptic,Scienaptic,scienaptic,Exhibitor,exhibitors,,other,https://www.scienaptic.ai/global,https://archive.globalfintechfest.com/2024/sites/default/files/partners_logo/Supporters%20GFF%20%2812%29-20240514.png,false,2024,https://archive.globalfintechfest.com/2024/partners,https://archive.globalfintechfest.com/2024/api/partners,2026-08-25T06:35:40Z
Scylladb,Scylladb,scylladb,Exhibitor,exhibitors,,other,,https://archive.globalfintechfest.com/2024/sites/default/files/partners_logo/GFF24%20Partners%20%2831%29-20240729.png,false,2024,https://archive.globalfintechfest.com/2024/partners,https://archive.globalfintechfest.com/2024/api/partners,2026-08-25T06:35:40Z
SELP India pvt limited,SELP India pvt limited,selp-india-pvt-limited,Exhibitor,exhibitors,,other,,https://archive.globalfintechfest.com/2024/sites/default/files/partners_logo/GFF24%20Partners-20240704_18.png,false,2024,https://archive.globalfintechfest.com/2024/partners,https://archive.globalfintechfest.com/2024/api/partners,2026-08-25T06:35:40Z
Servosys Solutions,Servosys Solutions,servosys-solutions,Exhibitor,exhibitors,,infra,https://www.servosys.com/,https://archive.globalfintechfest.com/2024/sites/default/files/partners_logo/GFF24%20Partners%20%2834%29-20240730.png,false,2024,https://archive.globalfintechfest.com/2024/partners,https://archive.globalfintechfest.com/2024/api/partners,2026-08-25T06:35:40Z
Settle,Settle,settle,Exhibitor,exhibitors,,other,https://www.settle.club/,https://archive.globalfintechfest.com/2024/sites/default/files/partners_logo/GFF24%20Partners-20240620_3.png,false,2024,https://archive.globalfintechfest.com/2024/partners,https://archive.globalfintechfest.com/2024/api/partners,2026-08-25T06:35:40Z
SignDesk,SignDesk,signdesk,Bronze Partner,partners,exhibitors,other,https://www.signdesk.com/,https://archive.globalfintechfest.com/2024/sites/default/files/partners_logo/GFF24%20Partners-20240711.png,false,2024,https://archive.globalfintechfest.com/2024/partners,https://archive.globalfintechfest.com/2024/api/partners,2026-08-25T06:35:40Z
Signzy,Signzy,signzy,Exhibitor,exhibitors,,other,https://signzy.com/,https://archive.globalfintechfest.com/2024/sites/default/files/partners_logo/GFF%20partners%20%2810%29-20240513.png,false,2024,https://archive.globalfintechfest.com/2024/partners,https://archive.globalfintechfest.com/2024/api/partners,2026-08-25T06:35:40Z
Signzy Technologies Pvt Ltd,Signzy Technologies Pvt Ltd,signzy-technologies-pvt-ltd,KYC Partner,partners,,infra,https://www.signzy.com/,https://archive.globalfintechfest.com/2024/sites/default/files/partners_logo/Signzy%20Silver%20Partner-20230522.jpg,false,2024,https://archive.globalfintechfest.com/2024/partners,https://archive.globalfintechfest.com/2024/api/partners,2026-08-25T06:35:40Z
Singapore Fintech Association,Singapore Fintech Association,singapore-fintech-association,Ecosystem Partner,supporters,,infra,,https://archive.globalfintechfest.com/2024/sites/default/files/partners_logo/GFF24%20Partners-20240704_20.png,false,2024,https://archive.globalfintechfest.com/2024/partners,https://archive.globalfintechfest.com/2024/api/partners,2026-08-25T06:35:40Z
Singhtek,Singhtek,singhtek,FinTech Enabler,partners,exhibitors,other,https://www.singhtek.com/,https://archive.globalfintechfest.com/2024/sites/default/files/partners_logo/singhtek%20-%20partner-20240824.png,false,2024,https://archive.globalfintechfest.com/2024/partners,https://archive.globalfintechfest.com/2024/api/partners,2026-08-25T06:35:40Z
SISA,SISA,sisa,Exhibitor,exhibitors,,other,https://www.sisainfosec.com/,https://archive.globalfintechfest.com/2024/sites/default/files/partners_logo/GFF24%20Partners%20%283%29-20240726.png,false,2024,https://archive.globalfintechfest.com/2024/partners,https://archive.globalfintechfest.com/2024/api/partners,2026-08-25T06:35:40Z
Square Insurance,Square Insurance,square-insurance,Exhibitor,exhibitors,,insurtech,https://www.squareinsurance.in/,https://archive.globalfintechfest.com/2024/sites/default/files/partners_logo/GFF24%20Partners%20%2873%29-20240809.png,false,2024,https://archive.globalfintechfest.com/2024/partners,https://archive.globalfintechfest.com/2024/api/partners,2026-08-25T06:35:40Z
Standard Chartered Bank,Standard Chartered Bank,standard-chartered-bank,Banking Partner,partners,exhibitors,banking,,https://archive.globalfintechfest.com/2024/sites/default/files/partners_logo/GFF24%20Partners%20%282%29-20240717.png,false,2024,https://archive.globalfintechfest.com/2024/partners,https://archive.globalfintechfest.com/2024/api/partners,2026-08-25T06:35:40Z
Startupholic Catalysts,Startupholic Catalysts,startupholic-catalysts,Ecosystem Partner,supporters,,other,,https://archive.globalfintechfest.com/2024/sites/default/files/partners_logo/Startupholic%20catalyst-20240812.png,false,2024,https://archive.globalfintechfest.com/2024/partners,https://archive.globalfintechfest.com/2024/api/partners,2026-08-25T06:35:40Z
Sunmi,Sunmi,sunmi,Exhibitor,exhibitors,,other,,https://archive.globalfintechfest.com/2024/sites/default/files/partners_logo/GFF24%20Partners%20%282%29-20240603_1.png,false,2024,https://archive.globalfintechfest.com/2024/partners,https://archive.globalfintechfest.com/2024/api/partners,2026-08-25T06:35:40Z
Surepass Technologies,Surepass Technologies,surepass-technologies,Exhibitor,exhibitors,,infra,,https://archive.globalfintechfest.com/2024/sites/default/files/partners_logo/surepass_ex-20240531.png,false,2024,https://archive.globalfintechfest.com/2024/partners,https://archive.globalfintechfest.com/2024/api/partners,2026-08-25T06:35:40Z
Symbo finance,Symbo finance,symbo-finance,Exhibitor,exhibitors,,lending,https://www.symbo.co/,https://archive.globalfintechfest.com/2024/sites/default/files/partners_logo/Supporters%20GFF%20%2811%29-20240514.png,false,2024,https://archive.globalfintechfest.com/2024/partners,https://archive.globalfintechfest.com/2024/api/partners,2026-08-25T06:35:40Z
Synoriq,Synoriq,synoriq,Exhibitor,exhibitors,,other,,https://archive.globalfintechfest.com/2024/sites/default/files/partners_logo/GFF24%20Partners-20240704_8.png,false,2024,https://archive.globalfintechfest.com/2024/partners,https://archive.globalfintechfest.com/2024/api/partners,2026-08-25T06:35:40Z
Tarrakki,Tarrakki,tarrakki,Exhibitor,exhibitors,,other,https://www.tarrakki.com/,https://archive.globalfintechfest.com/2024/sites/default/files/partners_logo/GFF24%20Partners-20240620_4.png,false,2024,https://archive.globalfintechfest.com/2024/partners,https://archive.globalfintechfest.com/2024/api/partners,2026-08-25T06:35:40Z
Tartan,Tartan,tartan,Exhibitor,exhibitors,,other,https://www.tartanhq.com/,https://archive.globalfintechfest.com/2024/sites/default/files/partners_logo/GFF24%20Partners%20%286%29-20240716.png,false,2024,https://archive.globalfintechfest.com/2024/partners,https://archive.globalfintechfest.com/2024/api/partners,2026-08-25T06:35:40Z
temenos x Bahwan Cybertek,temenos x Bahwan Cybertek,temenos-x-bahwan-cybertek,Silver Partner,partners,exhibitors,infra,,https://archive.globalfintechfest.com/2024/sites/default/files/partners_logo/temenos-20240805.png,false,2024,https://archive.globalfintechfest.com/2024/partners,https://archive.globalfintechfest.com/2024/api/partners,2026-08-25T06:35:40Z
The Fintech Yatra,The Fintech Yatra,the-fintech-yatra,Ecosystem Partner,supporters,,infra,,https://archive.globalfintechfest.com/2024/sites/default/files/partners_logo/GFF24%20Partners%20%289%29-20240604.png,false,2024,https://archive.globalfintechfest.com/2024/partners,https://archive.globalfintechfest.com/2024/api/partners,2026-08-25T06:35:40Z
The Indian Statrup Community,The Indian Statrup Community,the-indian-statrup-community,Ecosystem Partner,supporters,,infra,,https://archive.globalfintechfest.com/2024/sites/default/files/partners_logo/GFF24%20Partners%20%281%29-20240813.png,false,2024,https://archive.globalfintechfest.com/2024/partners,https://archive.globalfintechfest.com/2024/api/partners,2026-08-25T06:35:40Z
Timble Glance,Timble Glance,timble-glance,Exhibitor,exhibitors,,other,https://www.timbleglance.com/,https://archive.globalfintechfest.com/2024/sites/default/files/partners_logo/GFF24%20Partners-20240719.png,false,2024,https://archive.globalfintechfest.com/2024/partners,https://archive.globalfintechfest.com/2024/api/partners,2026-08-25T06:35:40Z
Tm Softech,Tm Softech,tm-softech,Exhibitor,exhibitors,,infra,,https://archive.globalfintechfest.com/2024/sites/default/files/partners_logo/GFF24%20Partners-20240705_8.png,false,2024,https://archive.globalfintechfest.com/2024/partners,https://archive.globalfintechfest.com/2024/api/partners,2026-08-25T06:35:40Z
Tookitaki,Tookitaki,tookitaki,Exhibitor,exhibitors,,other,https://www.tookitaki.com/,https://archive.globalfintechfest.com/2024/sites/default/files/partners_logo/GFF24%20Partners-20240812.png,false,2024,https://archive.globalfintechfest.com/2024/partners,https://archive.globalfintechfest.com/2024/api/partners,2026-08-25T06:35:40Z
Topwise,Topwise,topwise,Exhibitor,exhibitors,,other,https://www.topwisesz.com/,https://archive.globalfintechfest.com/2024/sites/default/files/partners_logo/Supporters%20GFF%20%289%29-20240514.png,false,2024,https://archive.globalfintechfest.com/2024/partners,https://archive.globalfintechfest.com/2024/api/partners,2026-08-25T06:35:40Z
Trackwizz TSS,Trackwizz TSS,trackwizz-tss,Exhibitor,exhibitors,,other,https://www.trackwizz.com/,https://archive.globalfintechfest.com/2024/sites/default/files/partners_logo/Supporters%20GFF%20%2824%29-20240514.png,false,2024,https://archive.globalfintechfest.com/2024/partners,https://archive.globalfintechfest.com/2024/api/partners,2026-08-25T06:35:40Z
TransBnk,TransBnk,transbnk,Exhibitor,exhibitors,,other,https://transbnk.co.in/,https://archive.globalfintechfest.com/2024/sites/default/files/partners_logo/Supporters%20GFF%20%2823%29-20240514.png,false,2024,https://archive.globalfintechfest.com/2024/partners,https://archive.globalfintechfest.com/2024/api/partners,2026-08-25T06:35:40Z
Treelife,Treelife,treelife,Exhibitor,exhibitors,,other,https://treelife.in/,https://archive.globalfintechfest.com/2024/sites/default/files/partners_logo/GFF24%20Partners%20%287%29-20240819.png,false,2024,https://archive.globalfintechfest.com/2024/partners,https://archive.globalfintechfest.com/2024/api/partners,2026-08-25T06:35:40Z
True Balance,True Balance,true-balance,Silver Partner,partners,,other,,https://archive.globalfintechfest.com/2024/sites/default/files/partners_logo/true_balance_ex-20240531.png,false,2024,https://archive.globalfintechfest.com/2024/partners,https://archive.globalfintechfest.com/2024/api/partners,2026-08-25T06:35:40Z
Trustt/ Novopay Solutions Pvt. Ltd,Trustt/ Novopay Solutions Pvt. Ltd,trustt-novopay-solutions-pvt-ltd,Exhibitor,exhibitors,,infra,https://www.trustt.com/,https://archive.globalfintechfest.com/2024/sites/default/files/partners_logo/GFF24%20Partners%20%2840%29-20240731.png,false,2024,https://archive.globalfintechfest.com/2024/partners,https://archive.globalfintechfest.com/2024/api/partners,2026-08-25T06:35:40Z
Turtlemint (Turtlefin),Turtlemint (Turtlefin),turtlemint-turtlefin,Exhibitor,exhibitors,,other,https://www.turtlefin.com/,https://archive.globalfintechfest.com/2024/sites/default/files/partners_logo/turtlefin_ex-20240530.png,false,2024,https://archive.globalfintechfest.com/2024/partners,https://archive.globalfintechfest.com/2024/api/partners,2026-08-25T06:35:40Z
UK FCDO,UK FCDO,uk-fcdo,Country Partner,partners,,other,,https://archive.globalfintechfest.com/2024/sites/default/files/partners_logo/UKFCDO%282%29-20240820.png,false,2024,https://archive.globalfintechfest.com/2024/partners,https://archive.globalfintechfest.com/2024/api/partners,2026-08-25T06:35:40Z
Union Bank of India,Union Bank of India,union-bank-of-india,Exhibitor,exhibitors,,banking,https://www.unionbankofindia.co.in,https://archive.globalfintechfest.com/2024/sites/default/files/partners_logo/GFF24%20Partners%20%283%29-20240724.png,false,2024,https://archive.globalfintechfest.com/2024/partners,https://archive.globalfintechfest.com/2024/api/partners,2026-08-25T06:35:40Z
Unlimit,Unlimit,unlimit,Exhibitor,exhibitors,,other,https://www.unlimit.com/,https://archive.globalfintechfest.com/2024/sites/default/files/partners_logo/GFF24%20Partners-20240614_12.png,false,2024,https://archive.globalfintechfest.com/2024/partners,https://archive.globalfintechfest.com/2024/api/partners,2026-08-25T06:35:40Z
Urva,Urva,urva,Exhibitor,exhibitors,,other,https://urva.co/,https://archive.globalfintechfest.com/2024/sites/default/files/partners_logo/Urva-20240730.png,false,2024,https://archive.globalfintechfest.com/2024/partners,https://archive.globalfintechfest.com/2024/api/partners,2026-08-25T06:35:40Z
Utimaco,Utimaco,utimaco,Exhibitor,exhibitors,,other,,https://archive.globalfintechfest.com/2024/sites/default/files/partners_logo/GFF24%20Partners%20%283%29-20240723.png,false,2024,https://archive.globalfintechfest.com/2024/partners,https://archive.globalfintechfest.com/2024/api/partners,2026-08-25T06:35:40Z
Vakrangee,Vakrangee,vakrangee,Bronze Partner,partners,exhibitors,other,https://www.vakrangee.in/,https://archive.globalfintechfest.com/2024/sites/default/files/partners_logo/GFF24%20Partners%20%2814%29-20240607.png,false,2024,https://archive.globalfintechfest.com/2024/partners,https://archive.globalfintechfest.com/2024/api/partners,2026-08-25T06:35:40Z
Vampay,Vampay,vampay,Bronze Partner,partners,exhibitors,payments,https://vampay.in/,https://archive.globalfintechfest.com/2024/sites/default/files/partners_logo/GFF24%20Partners%20%2858%29-20240801.png,false,2024,https://archive.globalfintechfest.com/2024/partners,https://archive.globalfintechfest.com/2024/api/partners,2026-08-25T06:35:40Z
Vayana Network,Vayana Network,vayana-network,Exhibitor,exhibitors,,infra,https://vayana.com,https://archive.globalfintechfest.com/2024/sites/default/files/partners_logo/GFF24%20Partners-20240702_20.png,false,2024,https://archive.globalfintechfest.com/2024/partners,https://archive.globalfintechfest.com/2024/api/partners,2026-08-25T06:35:40Z
Veefin,Veefin,veefin,Exhibitor,exhibitors,,other,https://www.veefin.com/,https://archive.globalfintechfest.com/2024/sites/default/files/partners_logo/GFF%20partners%20%2828%29-20240524.png,false,2024,https://archive.globalfintechfest.com/2024/partners,https://archive.globalfintechfest.com/2024/api/partners,2026-08-25T06:35:40Z
Vernost,Vernost,vernost,Exhibitor,exhibitors,,other,https://www.vernost.com/,https://archive.globalfintechfest.com/2024/sites/default/files/partners_logo/GFF24%20Partners-20240702.png,false,2024,https://archive.globalfintechfest.com/2024/partners,https://archive.globalfintechfest.com/2024/api/partners,2026-08-25T06:35:40Z
Video SDK Live,Video SDK Live,video-sdk-live,Exhibitor,exhibitors,,other,https://www.videosdk.live/,https://archive.globalfintechfest.com/2024/sites/default/files/partners_logo/videosdk_ex-20240531.png,false,2024,https://archive.globalfintechfest.com/2024/partners,https://archive.globalfintechfest.com/2024/api/partners,2026-08-25T06:35:40Z
Visa,Visa,visa,Innovation Partner,partners,exhibitors,other,,https://archive.globalfintechfest.com/2024/sites/default/files/partners_logo/GFF24%20Partners%20%2864%29-20240805.png,false,2024,https://archive.globalfintechfest.com/2024/partners,https://archive.globalfintechfest.com/2024/api/partners,2026-08-25T06:35:40Z
Voiceowl,Voiceowl,voiceowl,Exhibitor,exhibitors,,other,https://voiceowl.ai/,https://archive.globalfintechfest.com/2024/sites/default/files/partners_logo/GFF24%20Partners%20%2877%29-20240810.png,false,2024,https://archive.globalfintechfest.com/2024/partners,https://archive.globalfintechfest.com/2024/api/partners,2026-08-25T06:35:40Z
Vunet Systems,Vunet Systems,vunet-systems,Exhibitor,exhibitors,,infra,https://vunetsystems.com/,https://archive.globalfintechfest.com/2024/sites/default/files/partners_logo/vunet_logo-20240529.png,false,2024,https://archive.globalfintechfest.com/2024/partners,https://archive.globalfintechfest.com/2024/api/partners,2026-08-25T06:35:40Z
Watchdata,Watchdata,watchdata,Exhibitor,exhibitors,,ai,https://www.watchdata.com/,https://archive.globalfintechfest.com/2024/sites/default/files/partners_logo/Supporters%20GFF%20%2817%29-20240514.png,false,2024,https://archive.globalfintechfest.com/2024/partners,https://archive.globalfintechfest.com/2024/api/partners,2026-08-25T06:35:40Z
Wegofin,Wegofin,wegofin,Gold Partner,partners,exhibitors,other,https://www.wegofin.com/,https://archive.globalfintechfest.com/2024/sites/default/files/partners_logo/wegofin-20240805.png,false,2024,https://archive.globalfintechfest.com/2024/partners,https://archive.globalfintechfest.com/2024/api/partners,2026-08-25T06:35:40Z
WestBridge Capital,WestBridge Capital,westbridge-capital,Fintech VC/PE Partner,partners,exhibitors,lending,https://westbridgecap.com/,https://archive.globalfintechfest.com/2024/sites/default/files/partners_logo/GFF24%20Partners%20%2865%29-20240806.png,false,2024,https://archive.globalfintechfest.com/2024/partners,https://archive.globalfintechfest.com/2024/api/partners,2026-08-25T06:35:40Z
Winjit Technologies,Winjit Technologies,winjit-technologies,Exhibitor,exhibitors,,infra,https://winjit.com/,https://archive.globalfintechfest.com/2024/sites/default/files/partners_logo/GFF24%20Partners-20240622_1.png,false,2024,https://archive.globalfintechfest.com/2024/partners,https://archive.globalfintechfest.com/2024/api/partners,2026-08-25T06:35:40Z
World Line,World Line,world-line,Exhibitor,exhibitors,,other,https://worldline.com/,https://archive.globalfintechfest.com/2024/sites/default/files/partners_logo/GFF24%20Partners%20%2867%29-20240806.png,false,2024,https://archive.globalfintechfest.com/2024/partners,https://archive.globalfintechfest.com/2024/api/partners,2026-08-25T06:35:40Z
Worxpertise,Worxpertise,worxpertise,Exhibitor,exhibitors,,other,https://worxpertise.com/,https://archive.globalfintechfest.com/2024/sites/default/files/partners_logo/GFF24%20Partners%20%281%29-20240725.png,false,2024,https://archive.globalfintechfest.com/2024/partners,https://archive.globalfintechfest.com/2024/api/partners,2026-08-25T06:35:40Z
Xbiz Ventures,Xbiz Ventures,xbiz-ventures,Exhibitor,exhibitors,,other,,https://archive.globalfintechfest.com/2024/sites/default/files/partners_logo/GFF24%20Partners-20240705_1.png,false,2024,https://archive.globalfintechfest.com/2024/partners,https://archive.globalfintechfest.com/2024/api/partners,2026-08-25T06:35:40Z
Xflow,Xflow,xflow,Exhibitor,exhibitors,,other,https://www.xflowpay.com/,https://archive.globalfintechfest.com/2024/sites/default/files/partners_logo/GFF24%20Partners%20%282%29-20240716.png,false,2024,https://archive.globalfintechfest.com/2024/partners,https://archive.globalfintechfest.com/2024/api/partners,2026-08-25T06:35:40Z
XM cyber,XM cyber,xm-cyber,Exhibitor,exhibitors,,infra,,https://archive.globalfintechfest.com/2024/sites/default/files/partners_logo/XMcyber-20240730.png,false,2024,https://archive.globalfintechfest.com/2024/partners,https://archive.globalfintechfest.com/2024/api/partners,2026-08-25T06:35:40Z
Xoxoday,Xoxoday,xoxoday,Exhibitor,exhibitors,,other,https://www.xoxoday.com/,https://archive.globalfintechfest.com/2024/sites/default/files/partners_logo/GFF24%20Partners%20%284%29-20240828_0.png,false,2024,https://archive.globalfintechfest.com/2024/partners,https://archive.globalfintechfest.com/2024/api/partners,2026-08-25T06:35:40Z
Yalamanchili,Yalamanchili,yalamanchili,Exhibitor,exhibitors,,other,,https://archive.globalfintechfest.com/2024/sites/default/files/partners_logo/yalamanchili_ex-20240530.png,false,2024,https://archive.globalfintechfest.com/2024/partners,https://archive.globalfintechfest.com/2024/api/partners,2026-08-25T06:35:40Z
Yubi,Yubi,yubi,Exhibitor,exhibitors,,other,https://www.go-yubi.com/,https://archive.globalfintechfest.com/2024/sites/default/files/partners_logo/GFF24%20Partners%20%2813%29-20240607.png,false,2024,https://archive.globalfintechfest.com/2024/partners,https://archive.globalfintechfest.com/2024/api/partners,2026-08-25T06:35:40Z
Z47,Z47,z47,Silver Partner,partners,,other,https://www.z47.com/,https://archive.globalfintechfest.com/2024/sites/default/files/partners_logo/Z47%20Partners-20240812.png,false,2024,https://archive.globalfintechfest.com/2024/partners,https://archive.globalfintechfest.com/2024/api/partners,2026-08-25T06:35:40Z
Zaggle,Zaggle,zaggle,Spend Management Partner,partners,exhibitors,other,https://www.zaggle.in/,https://archive.globalfintechfest.com/2024/sites/default/files/partners_logo/GFF24%20Partners%20%2839%29-20240731.png,false,2024,https://archive.globalfintechfest.com/2024/partners,https://archive.globalfintechfest.com/2024/api/partners,2026-08-25T06:35:40Z
Zerodha,Zerodha,zerodha,Exhibitor,exhibitors,,other,,https://archive.globalfintechfest.com/2024/sites/default/files/partners_logo/GFF24%20Partners-20240705_2.png,false,2024,https://archive.globalfintechfest.com/2024/partners,https://archive.globalfintechfest.com/2024/api/partners,2026-08-25T06:35:40Z
Zeta,Zeta,zeta,Exhibitor,exhibitors,,other,,https://archive.globalfintechfest.com/2024/sites/default/files/partners_logo/GFF24%20Partners%20%281%29-20240718_0.png,false,2024,https://archive.globalfintechfest.com/2024/partners,https://archive.globalfintechfest.com/2024/api/partners,2026-08-25T06:35:40Z
ZEX PR Wire,ZEX PR Wire,zex-pr-wire,Ecosystem Partner,supporters,,other,,https://archive.globalfintechfest.com/2024/sites/default/files/partners_logo/GFF24%20Partners%20%2810%29-20240725.png,false,2024,https://archive.globalfintechfest.com/2024/partners,https://archive.globalfintechfest.com/2024/api/partners,2026-08-25T06:35:40Z
Zigram Tech,Zigram Tech,zigram-tech,Silver Partner,partners,exhibitors,infra,https://www.zigram.tech/,https://archive.globalfintechfest.com/2024/sites/default/files/partners_logo/GFF24%20Partners-20240705.png,false,2024,https://archive.globalfintechfest.com/2024/partners,https://archive.globalfintechfest.com/2024/api/partners,2026-08-25T06:35:40Z
ZionMart,ZionMart,zionmart,Exhibitor,exhibitors,,other,https://zioncommerce.in/,https://archive.globalfintechfest.com/2024/sites/default/files/partners_logo/GFF24%20Partners-20240619.png,false,2024,https://archive.globalfintechfest.com/2024/partners,https://archive.globalfintechfest.com/2024/api/partners,2026-08-25T06:35:40Z
Zoho Corp,Zoho Corp,zoho-corp,Silver Partner,partners,exhibitors,other,,https://archive.globalfintechfest.com/2024/sites/default/files/partners_logo/zoho-20240805.png,false,2024,https://archive.globalfintechfest.com/2024/partners,https://archive.globalfintechfest.com/2024/api/partners,2026-08-25T06:35:40Z
ZOOP.ONE,ZOOP.ONE,zoop-one,Exhibitor,exhibitors,,other,,https://archive.globalfintechfest.com/2024/sites/default/files/partners_logo/GFF24%20Partners%20%2862%29-20240802.png,false,2024,https://archive.globalfintechfest.com/2024/partners,https://archive.globalfintechfest.com/2024/api/partners,2026-08-25T06:35:40Z
Zyro,Zyro,zyro,Exhibitor,exhibitors,,other,https://zyro.in/,https://archive.globalfintechfest.com/2024/sites/default/files/partners_logo/Supporters%20GFF%20%2834%29-20240514.png,false,2024,https://archive.globalfintechfest.com/2024/partners,https://archive.globalfintechfest.com/2024/api/partners,2026-08-25T06:35:40Z
