name,aliases,slug,tier,sourceGroup,category,website,logoUrl,whatTheyDo,whatTheyDo_method,whatTheyDo_variant,whatTheyDo_sourceUrl,whatTheyDo_fetchedAt,whatTheyDo_writer,whatTheyDo_note,useCases,useCases_method,useCases_basis,useCases_fetchedAt,useCases_writer,useCases_note,whatTheyDo_unsourced,useCases_unsourced,unsourced_method,unsourced_confidence,unsourced_writer,unsourced_note,confidence,confidenceScore,confidence_method,confidence_originalValue,confidence_thresholds,confidence_note,logoUrl_method,logoUrl_sourceUrl,sourceUrl,extractedAt,lastSeenAt,status,isDataArtifact,year,recordId
5paisa Capital Limited,,5paisa-capital-limited,Exhibitor,Exhibitors,lending,https://www.5paisa.com/,https://event-engine-prod-media.s3.ap-south-1.amazonaws.com/uploads/cbd3a8c3-77cd-40ec-b59b-44142f1739f7-5paisaCapital.png,"Start online trading with 5paisa – a trusted stock broking company in India. Trade stocks, derivatives & more on a secure platform at just ₹20/order.",apify:apify/website-content-crawler,meta-description,https://www.5paisa.com/,2026-08-12T13:30:52Z,,,trading and brokerage,phrase-match:whatTheyDo,apify:apify/website-content-crawler,2026-08-12T13:32:27Z,,,,,,,,,medium,,,,,,,,https://www.globalfintechfest.com/partners,2026-08-12T12:50:34Z,2026-08-12T13:58:49Z,active,false,2026,6a7c769516afc6a8747c9c96
86400,,86400,Payment Processing Partner,Partners,payments,https://www.86400.in/,https://event-engine-prod-media.s3.ap-south-1.amazonaws.com/uploads/231daa7c-3ee3-46db-b07b-619ea921ebd3-86400.png,"86400 empowers banks and fintechs with secure digital payment infrastructure and advanced API banking solutions. Enable UPI, IMPS, BBPS, AePS & more with scalable, high-performance payment technology.",apify:apify/website-content-crawler,meta-description,https://www.86400.in/,2026-08-12T13:30:52Z,,,UPI payments;cloud infrastructure,phrase-match:whatTheyDo,apify:apify/website-content-crawler,2026-08-12T13:32:27Z,,,Payment processing company listed as GFF's Payment Processing Partner; a detailed description was not published on the GFF partner page.,Payment processing services,unsourced,low,scratch-2,"written by another worker with no provenance; the cited page supplies logos/names/tiers only and cannot be the origin of this prose, so it is treated as unverified",medium,0.3,normalised-from-numeric,0.3,"high>=0.80, medium>=0.50, else low","original float preserved in confidenceScore; value written by another worker, mapped not discarded",gff-cms-partner-listing,https://www.globalfintechfest.com/partners,https://www.globalfintechfest.com/partners,2026-08-12T00:00:00Z,2026-08-12T13:58:49Z,active,,2026,6a7c6c0fb652fb8e4842f3bb
Aadhaar,,aadhaar,Exhibitor,Exhibitors,other,https://myaadhaar.uidai.gov.in/,https://event-engine-prod-media.s3.ap-south-1.amazonaws.com/uploads/c43e84ae-eb80-47e6-b0c4-f86c9768a0bb-aadhaar-website-logo.png,One portal for all online Aadhaar Services.,direct-meta-description,,https://myaadhaar.uidai.gov.in/,earlier-in-this-session,,our own fetch of the company's homepage <meta> tag,identity verification,phrase-match:whatTheyDo,direct-meta-description,2026-08-12T13:32:27Z,,,,,,,,,medium,,,,,,,,https://www.globalfintechfest.com/partners,2026-08-12T12:50:34Z,2026-08-12T13:58:49Z,active,false,2026,6a7c769516afc6a8747c9c97
Adyen,,adyen,Global Enterprise Payments Partner,Partners,payments,https://www.adyen.com/,https://event-engine-prod-media.s3.ap-south-1.amazonaws.com/uploads/c605646e-dd06-4780-a7e3-d2cbf093bab6-adyen-website-logo.png,"Run payments, manage your data, and offer financial products in one platform. Adyen is purpose-built for the world",direct-meta-description,,https://www.adyen.com/,earlier-in-this-session,,our own fetch of the company's homepage <meta> tag,,unsourced,,,scratch-2,"written by another worker with no provenance; the cited page supplies logos/names/tiers only and cannot be the origin of this prose, so it is treated as unverified","Global payments platform providing a single stack for online, in-store and in-app payments for large enterprises.",Unified global payment acceptance;Multi-currency cross-border settlement;Embedded payments for platforms and marketplaces;Unified commerce across online and offline channels,unsourced,low,scratch-2,"written by another worker with no provenance; the cited page supplies logos/names/tiers only and cannot be the origin of this prose, so it is treated as unverified",medium,0.75,normalised-from-numeric,0.75,"high>=0.80, medium>=0.50, else low","original float preserved in confidenceScore; value written by another worker, mapped not discarded",gff-cms-partner-listing,https://www.globalfintechfest.com/partners,https://www.globalfintechfest.com/partners,2026-08-12T00:00:00Z,2026-08-12T13:58:49Z,active,,2026,6a7c6b77b652fb8e4842f364
Aerospike,,aerospike,Bronze Partner,Partners,infra,https://aerospike.com/,https://event-engine-prod-media.s3.ap-south-1.amazonaws.com/uploads/25ed8290-6ad6-464c-86a9-c4e8aa0b9ef0-aerospike-website-logo.png,"Aerospike is the real-time database for AI, trusted in the world",direct-meta-description,,https://aerospike.com/,earlier-in-this-session,,our own fetch of the company's homepage <meta> tag,AI and automation,phrase-match:whatTheyDo,,,,,"Real-time NoSQL database used for high-throughput, low-latency workloads such as fraud detection and payment authorisation.",Sub-millisecond fraud scoring at transaction time;Real-time payment authorisation data;Customer 360 profile stores;High-volume digital identity lookups,unsourced,low,scratch-2,"written by another worker with no provenance; the cited page supplies logos/names/tiers only and cannot be the origin of this prose, so it is treated as unverified",medium,0.7,normalised-from-numeric,0.7,"high>=0.80, medium>=0.50, else low","original float preserved in confidenceScore; value written by another worker, mapped not discarded",gff-cms-partner-listing,https://www.globalfintechfest.com/partners,https://www.globalfintechfest.com/partners,2026-08-12T00:00:00Z,2026-08-12T13:58:49Z,active,,2026,6a7c6c0fb652fb8e4842f3b1
Affluense.ai,,affluense-ai,Exhibitor,Exhibitors,ai,https://www.affluense.ai/,https://event-engine-prod-media.s3.ap-south-1.amazonaws.com/uploads/fb3bf1da-ffb8-4e19-ba87-f1faf5306f94-affluense.ai-website-logo.png,"Discover HNI prospects, enrich client profiles, track real-time wealth events, and map warm introduction paths — built for India",direct-meta-description,,https://www.affluense.ai/,earlier-in-this-session,,our own fetch of the company's homepage <meta> tag,,,,,,,,,,,,,medium,,,,,,,,https://www.globalfintechfest.com/partners,2026-08-12T12:50:34Z,2026-08-12T13:58:49Z,active,false,2026,6a7c769516afc6a8747c9c98
AFN,,afn,Ecosystem,Ecosystem,other,,https://event-engine-prod-media.s3.ap-south-1.amazonaws.com/uploads/96ea3fa1-c90b-4de6-a08d-970461d53b9a-AFN.png,,,,,,,,,,,,,,,,,,,,low,,,,,,,,https://www.globalfintechfest.com/partners,2026-08-12T12:50:34Z,2026-08-12T13:58:49Z,active,false,2026,6a7c769516afc6a8747c9c99
Agentic Universe,,agentic-universe,Gold Partner,Partners,ai,https://agenticuniverse.ai/,https://event-engine-prod-media.s3.ap-south-1.amazonaws.com/uploads/d8c02294-04db-4e63-868d-6072c99b94e4-agentic-universe-website-logo.png,"Secure, compliant, multilingual Agentic AI for banking and insurance. Agentic AI that finishes the job across voice, chat, WhatsApp and SMS, governed.",apify:apify/website-content-crawler,meta-description,https://agenticuniverse.ai/,2026-08-12T13:30:52Z,,,AML and compliance;insurance distribution;customer communication;AI and automation,phrase-match:whatTheyDo,apify:apify/website-content-crawler,2026-08-12T13:32:27Z,,,AI agents company listed as a GFF 2026 Gold Partner; a detailed product description was not published on the GFF partner page.,AI agent solutions for financial services,unsourced,low,scratch-2,"written by another worker with no provenance; the cited page supplies logos/names/tiers only and cannot be the origin of this prose, so it is treated as unverified",medium,0.3,normalised-from-numeric,0.3,"high>=0.80, medium>=0.50, else low","original float preserved in confidenceScore; value written by another worker, mapped not discarded",gff-cms-partner-listing,https://www.globalfintechfest.com/partners,https://www.globalfintechfest.com/partners,2026-08-12T00:00:00Z,2026-08-12T13:58:49Z,active,,2026,6a7c6c0fb652fb8e4842f3b9
Airtel Payments Bank,,airtel-payments-bank,Gold Partner,Partners,banking,https://www.airtelpayments.bank.in/,https://event-engine-prod-media.s3.ap-south-1.amazonaws.com/uploads/75214ca4-77f7-417a-ada6-7c1a1a84f523-airtel-payments-bank-website-logo.png,Open an account with zero minimum balance and no hidden charges. Enjoy instant access to your funds with our quick and hassle-free account opening process.,apify:apify/website-content-crawler,meta-description,https://www.airtelpayments.bank.in/,2026-08-12T13:30:52Z,,,,unsourced,,,scratch-2,"written by another worker with no provenance; the cited page supplies logos/names/tiers only and cannot be the origin of this prose, so it is treated as unverified","Indian payments bank offering savings accounts, digital payments, remittances and banking services through a large retail and rural agent network.",Assisted banking through rural retail points;Domestic money transfer and remittances;Digital savings accounts and UPI;Cash-in cash-out and AePS services,unsourced,low,scratch-2,"written by another worker with no provenance; the cited page supplies logos/names/tiers only and cannot be the origin of this prose, so it is treated as unverified",medium,0.75,normalised-from-numeric,0.75,"high>=0.80, medium>=0.50, else low","original float preserved in confidenceScore; value written by another worker, mapped not discarded",gff-cms-partner-listing,https://www.globalfintechfest.com/partners,https://www.globalfintechfest.com/partners,2026-08-12T00:00:00Z,2026-08-12T13:58:49Z,active,,2026,6a7c6c0fb652fb8e4842f389
Alankit,,alankit,Exhibitor,Exhibitors,other,https://www.alankit.com/,https://event-engine-prod-media.s3.ap-south-1.amazonaws.com/uploads/a776928c-00bc-42f9-99d0-9d8c136922dc-alankit-website-logo.png,"Alankit is known for its inventive solutions in e-Governance services, Financial services, Insurance services, and Healthcare services in India. Visit Now !",direct-meta-description,,https://www.alankit.com/,earlier-in-this-session,,our own fetch of the company's homepage <meta> tag,insurance distribution,phrase-match:whatTheyDo,direct-meta-description,,,derived by literal phrase match against this record whatTheyDo text,,,,,,,medium,,,,,,,,https://www.globalfintechfest.com/partners,2026-08-12T12:50:34Z,2026-08-12T13:58:49Z,active,false,2026,6a7c769516afc6a8747c9c9a
AllCloud Enterprise Solutions,,allcloud-enterprise-solutions,Exhibitor,Exhibitors,infra,https://www.allcloud.in/,https://event-engine-prod-media.s3.ap-south-1.amazonaws.com/uploads/e649fa45-b306-4d48-85df-02c6be4c0bf3-Allcloud.png,Empower your lending operations with AllCloud’s Digital Lending Software. Our Unified Lending Technology platform offers smarter workflows and faster onboarding to help you scale compliantly.,direct-meta-description,,https://www.allcloud.in/,earlier-in-this-session,,our own fetch of the company's homepage <meta> tag,digital lending;KYC and onboarding;AML and compliance,phrase-match:whatTheyDo,direct-meta-description,,,derived by literal phrase match against this record whatTheyDo text,,,,,,,medium,,,,,,,,https://www.globalfintechfest.com/partners,2026-08-12T12:50:34Z,2026-08-12T13:58:49Z,active,false,2026,6a7c769516afc6a8747c9c9b
Alohaa.ai,,alohaa-ai,Exhibitor,Exhibitors,ai,https://www.alohaa.ai/,https://event-engine-prod-media.s3.ap-south-1.amazonaws.com/uploads/515036f2-68f2-432c-8260-27b45cc36047-Alohaa.ai.png,"Alohaa helps you set up a customer support line, open a Whatsapp Business account, manage calls & call routing, and an industry-first SMS via API.",direct-meta-description,,https://www.alohaa.ai/,earlier-in-this-session,,our own fetch of the company's homepage <meta> tag,customer communication;cloud infrastructure,phrase-match:whatTheyDo,direct-meta-description,,,derived by literal phrase match against this record whatTheyDo text,,,,,,,medium,,,,,,,,https://www.globalfintechfest.com/partners,2026-08-12T12:50:34Z,2026-08-12T13:58:49Z,active,false,2026,6a7c769516afc6a8747c9c9c
Alt Drx,,alt-drx,Exhibitor,Exhibitors,other,https://altdrx.com/,https://event-engine-prod-media.s3.ap-south-1.amazonaws.com/uploads/7f8748da-e90c-49f9-9bcc-c04cf3bc1f01-alt.DRX.png,"Build your wealth through digital real estate. Buy and sell properties 1 SQFT at a time starting from ₹10,000.",apify:apify/website-content-crawler,meta-description,https://altdrx.com/,2026-08-12T13:30:52Z,,,,,,,,,,,,,,,medium,,,,,,,,https://www.globalfintechfest.com/partners,2026-08-12T12:50:34Z,2026-08-12T13:58:49Z,active,false,2026,6a7c769516afc6a8747c9c9d
Amazon Pay,,amazon-pay,Brought To You By,Partners,payments,https://www.amazon.in/amazonpay/home?ref_=mweb_navm_apay,https://event-engine-prod-media.s3.ap-south-1.amazonaws.com/uploads/bb099997-a0d9-4bd8-bb84-7bd236510f90-AmazonPaytrimmed.png,Digital payments arm of Amazon,curated-public-facts,,,earlier-in-this-session,,,online checkout;UPI payments,phrase-match:whatTheyDo,,,,,"Amazon's digital payments arm offering a wallet, UPI, bill payments and merchant checkout across online and offline commerce.",One-click checkout for e-commerce;UPI and wallet payments;Recurring bill and recharge payments;Merchant payment acceptance,unsourced,low,scratch-2,"written by another worker with no provenance; the cited page supplies logos/names/tiers only and cannot be the origin of this prose, so it is treated as unverified",high,0.75,normalised-from-numeric,0.75,"high>=0.80, medium>=0.50, else low","original float preserved in confidenceScore; value written by another worker, mapped not discarded",gff-cms-partner-listing,https://www.globalfintechfest.com/partners,https://www.globalfintechfest.com/partners,2026-08-12T00:00:00Z,2026-08-12T13:58:49Z,active,,2026,6a7c6b77b652fb8e4842f35a
ArrowHead,,arrowhead,Bronze Partner,Partners,other,https://arrowhead.ai/,https://event-engine-prod-media.s3.ap-south-1.amazonaws.com/uploads/0aa133da-10c3-4069-8c9e-30799a834474-Arrowhead.png,"Enterprise-grade, humanlike AI voice agent for India. Arrowhead automates sales & support calls with understanding of Indian tonality, nuances and Indic languages.",direct-meta-description,,https://arrowhead.ai/,earlier-in-this-session,,our own fetch of the company's homepage <meta> tag,AI and automation,phrase-match:whatTheyDo,direct-meta-description,,,derived by literal phrase match against this record whatTheyDo text,,,,,,,medium,,,,,,,,https://www.globalfintechfest.com/partners,2026-08-12T12:50:34Z,2026-08-12T13:58:49Z,active,false,2026,6a7c769516afc6a8747c9c9e
Aska Technologies,,aska-technologies,Exhibitor,Exhibitors,infra,www.askatech.in,https://event-engine-prod-media.s3.ap-south-1.amazonaws.com/uploads/ef9c8da7-248a-4930-83e4-854d532193e2-aska-technologies-website-logo.png,Aska Technologies delivers next-gen AI-driven platforms and analytics for government and enterprises. We modernize infrastructure and services across sectors.,direct-meta-description,,www.askatech.in,earlier-in-this-session,,our own fetch of the company's homepage <meta> tag,analytics and reporting;AI and automation;cloud infrastructure,phrase-match:whatTheyDo,direct-meta-description,,,derived by literal phrase match against this record whatTheyDo text,,,,,,,medium,,,,,,,,https://www.globalfintechfest.com/partners,2026-08-12T12:50:34Z,2026-08-12T13:58:49Z,active,false,2026,6a7c769516afc6a8747c9c9f
Association of Mutual Funds in India,,association-of-mutual-funds-in-india,Exhibitor,Exhibitors,wealthtech,https://www.amfiindia.com/,https://event-engine-prod-media.s3.ap-south-1.amazonaws.com/uploads/6309a5f5-969e-42b1-9bb9-c005b86353e4-association-of-mutual-funds-in-india-website-logo.png,,,,,,,,,,,,,,,,,,,,medium,,,,,,,,https://www.globalfintechfest.com/partners,2026-08-12T12:50:34Z,2026-08-12T13:58:49Z,active,false,2026,6a7c769516afc6a8747c9ca0
Automation Edge,,automation-edge,Exhibitor,Exhibitors,other,https://automationedge.com/,https://event-engine-prod-media.s3.ap-south-1.amazonaws.com/uploads/e5f3ea96-1289-4bdf-9846-d82f1e15d77a-automation-edge-website-logo.png,"The Agentic AI and automation platform that unifies RPA, Document AI, workflow automation and orchestration in one platform to streamline operations and drive business growth.",direct-meta-description,,https://automationedge.com/,earlier-in-this-session,,our own fetch of the company's homepage <meta> tag,AI and automation,phrase-match:whatTheyDo,direct-meta-description,,,derived by literal phrase match against this record whatTheyDo text,,,,,,,medium,,,,,,,,https://www.globalfintechfest.com/partners,2026-08-12T12:50:34Z,2026-08-12T13:58:49Z,active,false,2026,6a7c769516afc6a8747c9ca1
AVSS EFORRM INDIA PVT LTD,,avss-eforrm-india-pvt-ltd,Exhibitor,Exhibitors,other,https://avsstech.com/company,https://event-engine-prod-media.s3.ap-south-1.amazonaws.com/uploads/7415fd5a-4b2e-401f-bdb6-ab1118891dca-AVSSE.png,"Avsstech is a best website design and development company in India, offering digital marketing, mobile app development, and software development services.",direct-meta-description,,https://avsstech.com/company,earlier-in-this-session,,our own fetch of the company's homepage <meta> tag,,,,,,,,,,,,,medium,,,,,,,,https://www.globalfintechfest.com/partners,2026-08-12T12:50:34Z,2026-08-12T13:58:49Z,active,false,2026,6a7c769516afc6a8747c9ca2
Bajaj Capital,,bajaj-capital,Exhibitor,Exhibitors,lending,https://www.bajajcapital.com/,https://event-engine-prod-media.s3.ap-south-1.amazonaws.com/uploads/28f712cc-5db8-40e1-b17c-d139db3d8916-bajaj-capital-website-logo.png,Start your Wealth Creation Journey with BajajCapital,apify:apify/website-content-crawler,homepage-body-text,https://www.bajajcapital.com/,2026-08-12T13:30:52Z,,,,,,,,,,,,,,,medium,,,,,,,,https://www.globalfintechfest.com/partners,2026-08-12T12:50:34Z,2026-08-12T13:58:49Z,active,false,2026,6a7c769516afc6a8747c9ca3
Bank of Baroda,,bank-of-baroda,Brought To You By,Partners,banking,https://www.bankofbaroda.in/,https://event-engine-prod-media.s3.ap-south-1.amazonaws.com/uploads/96ba2391-cdf7-47b9-9bfd-2161c2822224-BankOfBaroda.png,Indian public sector bank,curated-public-facts,,,earlier-in-this-session,,,retail banking;digital lending;payments,phrase-match:whatTheyDo,,,,,"Indian public sector bank with a large domestic and international footprint across retail, MSME and corporate banking.",Cross-border remittances via international branches;Retail and home loans;MSME working capital finance;Digital-first banking through its bob World app,unsourced,low,scratch-2,"written by another worker with no provenance; the cited page supplies logos/names/tiers only and cannot be the origin of this prose, so it is treated as unverified",high,0.75,normalised-from-numeric,0.75,"high>=0.80, medium>=0.50, else low","original float preserved in confidenceScore; value written by another worker, mapped not discarded",gff-cms-partner-listing,https://www.globalfintechfest.com/partners,https://www.globalfintechfest.com/partners,2026-08-12T00:00:00Z,2026-08-12T13:58:49Z,active,,2026,6a7c6b77b652fb8e4842f359
Bank of India,,bank-of-india,Gold Partner,Partners,banking,https://bankofindia.bank.in/,https://event-engine-prod-media.s3.ap-south-1.amazonaws.com/uploads/44b15de0-b4df-468a-aef9-57754030545d-BankofIndia.png,,unsourced,,,,scratch-2,"written by another worker with no provenance; the cited page supplies logos/names/tiers only and cannot be the origin of this prose, so it is treated as unverified",,unsourced,,,scratch-2,"written by another worker with no provenance; the cited page supplies logos/names/tiers only and cannot be the origin of this prose, so it is treated as unverified","Indian public sector bank offering retail, corporate, MSME and NRI banking with a domestic and overseas branch network.",Retail and MSME lending;NRI banking and remittances;Corporate credit and trade finance;Digital banking and UPI,unsourced,low,scratch-2,"written by another worker with no provenance; the cited page supplies logos/names/tiers only and cannot be the origin of this prose, so it is treated as unverified",low,0.7,normalised-from-numeric,0.7,"high>=0.80, medium>=0.50, else low","original float preserved in confidenceScore; value written by another worker, mapped not discarded",gff-cms-partner-listing,https://www.globalfintechfest.com/partners,https://www.globalfintechfest.com/partners,2026-08-12T00:00:00Z,2026-08-12T13:58:49Z,active,,2026,6a7c6c0fb652fb8e4842f386
BASIC home loan,,basic-home-loan,Exhibitor,Exhibitors,lending,https://www.basichomeloan.com/,https://event-engine-prod-media.s3.ap-south-1.amazonaws.com/uploads/b6826885-63bf-4fca-8193-f316dedb7bd7-basic-home-loan-website-logo.png,"Compare and apply online for best interest rates on home loan, loan against property, balance transfer. Calculate your EMI instantly.",direct-meta-description,,https://www.basichomeloan.com/,earlier-in-this-session,,our own fetch of the company's homepage <meta> tag,digital lending,phrase-match:whatTheyDo,direct-meta-description,,,derived by literal phrase match against this record whatTheyDo text,,,,,,,medium,,,,,,,,https://www.globalfintechfest.com/partners,2026-08-12T12:50:34Z,2026-08-12T13:58:49Z,active,false,2026,6a7c769516afc6a8747c9ca4
BCG,,bcg,Supporter,Supporters,other,,https://event-engine-prod-media.s3.ap-south-1.amazonaws.com/uploads/066e243d-62b4-40c3-8f73-261112610a9f-bcg9141f06e41.png,"Boston Consulting Group, a global management consulting firm.",curated-public-facts,,,2026-08-12T13:32:27Z,,"stable public fact about what the organisation is; no GFF-2026 claims, no time-sensitive detail",,,,,,,,,,,,,high,,,,,,,,https://www.globalfintechfest.com/partners,2026-08-12T12:50:34Z,2026-08-12T13:58:49Z,active,false,2026,6a7c769516afc6a8747c9ca5
Benepik,,benepik,Exhibitor,Exhibitors,other,https://benepik.com/,https://event-engine-prod-media.s3.ap-south-1.amazonaws.com/uploads/7cbcae8d-9ff6-40c3-adc3-aa8f87e5d16d-benepik-website-logo.png,"Benepik offers rewards & loyalty platform for employee engagement, corporate gifting, and recognition solutions for businesses.",direct-meta-description,,https://benepik.com/,earlier-in-this-session,,our own fetch of the company's homepage <meta> tag,,,,,,,,,,,,,medium,,,,,,,,https://www.globalfintechfest.com/partners,2026-08-12T12:50:34Z,2026-08-12T13:58:49Z,active,false,2026,6a7c769516afc6a8747c9ca6
BharatPe,,bharatpe,Diamond Partner,Partners,payments,https://bharatpe.com/,https://event-engine-prod-media.s3.ap-south-1.amazonaws.com/uploads/28f257e9-8a3e-4470-b9e6-8d0dbed5ff5d-BharatPe.png,Merchant payments and lending platform,curated-public-facts,,,earlier-in-this-session,,,UPI QR acceptance;merchant lending,phrase-match:whatTheyDo,,,,,"Merchant-focused fintech offering interoperable QR payment acceptance, POS devices and merchant lending to small businesses.",QR-based merchant payment acceptance;Merchant cash advance and business loans;POS card acceptance for small retailers;Merchant settlement and bookkeeping,unsourced,low,scratch-2,"written by another worker with no provenance; the cited page supplies logos/names/tiers only and cannot be the origin of this prose, so it is treated as unverified",high,0.75,normalised-from-numeric,0.75,"high>=0.80, medium>=0.50, else low","original float preserved in confidenceScore; value written by another worker, mapped not discarded",gff-cms-partner-listing,https://www.globalfintechfest.com/partners,https://www.globalfintechfest.com/partners,2026-08-12T00:00:00Z,2026-08-12T13:58:49Z,active,,2026,6a7c6b77b652fb8e4842f369
Blostem,,blostem,Exhibitor,Exhibitors,other,https://www.blostem.com/,https://event-engine-prod-media.s3.ap-south-1.amazonaws.com/uploads/cd1abf64-8162-498a-bdcb-37b7aca37baa-blostem-website-logo.png,"Launch banking products in days. Single API for FD, RD, Loans & Bonds across 10+ banks. Backed by Zerodha's Rainmatter.",direct-meta-description,,https://www.blostem.com/,earlier-in-this-session,,our own fetch of the company's homepage <meta> tag,digital lending;cloud infrastructure,phrase-match:whatTheyDo,direct-meta-description,,,derived by literal phrase match against this record whatTheyDo text,,,,,,,medium,,,,,,,,https://www.globalfintechfest.com/partners,2026-08-12T12:50:34Z,2026-08-12T13:58:49Z,active,false,2026,6a7c769516afc6a8747c9ca7
Blue Machines AI,,blue-machines-ai,Silver Partner,Partners,ai,https://bluemachines.ai/,https://event-engine-prod-media.s3.ap-south-1.amazonaws.com/uploads/0514b62d-176a-4a85-a1e1-d0dc330e2c69-bluemachinesai.png,"Blue Machines is the world's fastest enterprise-grade Voice AI platform - built for reliability, compliance, and scale in the era of Agentic AI.",direct-meta-description,,https://bluemachines.ai/,earlier-in-this-session,,our own fetch of the company's homepage <meta> tag,AML and compliance;AI and automation,phrase-match:whatTheyDo,direct-meta-description,,,derived by literal phrase match against this record whatTheyDo text,,,,,,,medium,,,,,,,,https://www.globalfintechfest.com/partners,2026-08-12T12:50:34Z,2026-08-12T13:58:49Z,active,false,2026,6a7c769516afc6a8747c9ca8
BNPRS,,bnprs,Exhibitor,Exhibitors,other,https://www.bnprs.in/,https://event-engine-prod-media.s3.ap-south-1.amazonaws.com/uploads/ad0ea88d-1b48-41aa-adbc-2046e9ccb328-bnprs-website-logo.png,"Innovating the future with biometrics and payment technologies. BNPRS offers cutting-edge solutions including mGate, mPOS, Pass, BfzCore, and more.",direct-meta-description,,https://www.bnprs.in/,earlier-in-this-session,,our own fetch of the company's homepage <meta> tag,,,,,,,,,,,,,medium,,,,,,,,https://www.globalfintechfest.com/partners,2026-08-12T12:50:34Z,2026-08-12T13:58:49Z,active,false,2026,6a7c769516afc6a8747c9ca9
Bolna,,bolna,Silver Partner,Partners,other,https://bolna.ai/,https://event-engine-prod-media.s3.ap-south-1.amazonaws.com/uploads/9fecd52d-22c5-4648-95f6-850fd9dd6e9b-Bolna.png,"Scale customer support, sales, recruitment with Bolna Voice Agents. Inbound and outbound calls in vernacular Indian languages like English, Hindi, Hinglish.",apify:apify/website-content-crawler,meta-description,https://bolna.ai/,2026-08-12T13:30:52Z,,,,,,,,,,,,,,,medium,,,,,,,,https://www.globalfintechfest.com/partners,2026-08-12T12:50:34Z,2026-08-12T13:58:49Z,active,false,2026,6a7c769516afc6a8747c9caa
Borderless,,borderless,Bronze Partner,Partners,other,http://borderless.world/insights,https://event-engine-prod-media.s3.ap-south-1.amazonaws.com/uploads/6da2db7c-e49d-437c-b81a-86264aad299c-borderless.png,"Explore expert insights, guides, and updates on global finance, multicurrency accounts, payments, and cross-border money management",direct-meta-description,,http://borderless.world/insights,earlier-in-this-session,,our own fetch of the company's homepage <meta> tag,cross-border payments;analytics and reporting,phrase-match:whatTheyDo,direct-meta-description,,,derived by literal phrase match against this record whatTheyDo text,,,,,,,medium,,,,,,,,https://www.globalfintechfest.com/partners,2026-08-12T12:50:34Z,2026-08-12T13:58:49Z,active,false,2026,6a7c769516afc6a8747c9cab
Brandworks Technologies Pvt Ltd,,brandworks-technologies-pvt-ltd,Bronze Partner,Partners,infra,https://www.bwtech.in/,https://event-engine-prod-media.s3.ap-south-1.amazonaws.com/uploads/ea774cd0-73d6-46ef-8dc2-392459bc7edc-Brandworks.png,Brandworks Technologies Pvt Ltd the best Original Equipment Manufacturer in India. OEM Innovating and delivering quality industrial solutions,direct-meta-description,,https://www.bwtech.in/,earlier-in-this-session,,our own fetch of the company's homepage <meta> tag,,,,,,,,,,,,,medium,,,,,,,,https://www.globalfintechfest.com/partners,2026-08-12T12:50:34Z,2026-08-12T13:58:49Z,active,false,2026,6a7c769516afc6a8747c9cac
BSE Limited.,,bse-limited,Exhibitor,Exhibitors,wealthtech,https://www.bseindia.com/,https://event-engine-prod-media.s3.ap-south-1.amazonaws.com/uploads/702bdc25-6584-4fd1-857e-7621781af88f-bse-limited.-website-logo.png,Indian stock exchange,curated-public-facts,,,earlier-in-this-session,,,equity trading;listing;market data,phrase-match:whatTheyDo,curated-public-facts,,,derived by literal phrase match against this record whatTheyDo text,,,,,,,high,,,,,,,,https://www.globalfintechfest.com/partners,2026-08-12T12:50:34Z,2026-08-12T13:58:49Z,active,false,2026,6a7c769516afc6a8747c9cad
Bureau ID,,bureau-id,Platinum Partner,Partners,regtech,https://bureau.id/,https://event-engine-prod-media.s3.ap-south-1.amazonaws.com/uploads/7f0dc273-fdd0-443f-8e7e-462fc769cbc3-Bureau.png,"Bureau stops fraud in real time using device, identity, and behavioral signals. Trusted by 200+ global brands across fintech and e-commerce.",apify:apify/website-content-crawler,meta-description,https://bureau.id/,2026-08-12T13:30:52Z,,,identity verification;fraud prevention,phrase-match:whatTheyDo,apify:apify/website-content-crawler,2026-08-12T13:32:27Z,,,"Identity decisioning platform combining KYC, device intelligence and behavioural signals to verify users and stop fraud.",Digital identity verification at onboarding;Device and behavioural fraud detection;Alternative data risk scoring for thin-file users;Account takeover prevention,unsourced,low,scratch-2,"written by another worker with no provenance; the cited page supplies logos/names/tiers only and cannot be the origin of this prose, so it is treated as unverified",medium,0.7,normalised-from-numeric,0.7,"high>=0.80, medium>=0.50, else low","original float preserved in confidenceScore; value written by another worker, mapped not discarded",gff-cms-partner-listing,https://www.globalfintechfest.com/partners,https://www.globalfintechfest.com/partners,2026-08-12T00:00:00Z,2026-08-12T13:58:49Z,active,,2026,6a7c6b77b652fb8e4842f36f
BUSINESS NEXT,,business-next,Exhibitor,Exhibitors,other,https://www.businessnext.com/,https://event-engine-prod-media.s3.ap-south-1.amazonaws.com/uploads/9577f0b7-e30f-4e96-9e43-cd0a0b92c1c1-BusinessNext.png,Accelerate your digital transformation with BUSINESSNEXT,direct-meta-description,,https://www.businessnext.com/,earlier-in-this-session,,our own fetch of the company's homepage <meta> tag,,,,,,,,,,,,,medium,,,,,,,,https://www.globalfintechfest.com/partners,2026-08-12T12:50:34Z,2026-08-12T13:58:49Z,active,false,2026,6a7c769516afc6a8747c9cae
CamsPay,,camspay,Exhibitor,Exhibitors,payments,https://camspay.com/,https://event-engine-prod-media.s3.ap-south-1.amazonaws.com/uploads/7cc758c0-55db-432b-90fd-924eb1507af8-camspay-website-logo.png,CAMSPay is the panoptic platform for payments. A robust and secure full stack platform for the BFSI sector to safely accept payments across multiple channels.,direct-meta-description,,https://camspay.com/,earlier-in-this-session,,our own fetch of the company's homepage <meta> tag,,,,,,,,,,,,,medium,,,,,,,,https://www.globalfintechfest.com/partners,2026-08-12T12:50:34Z,2026-08-12T13:58:49Z,active,false,2026,6a7c769516afc6a8747c9caf
Canara Bank,,canara-bank,Exhibitor,Exhibitors,banking,https://www.canarabank.bank.in/,https://event-engine-prod-media.s3.ap-south-1.amazonaws.com/uploads/2cc572d8-1135-4dfe-84f6-20c282eb3fbd-canarabank.png,"Canara Bank offers personal & corporate banking services including accounts, loans, cards, deposits, net banking & more to meet your financial needs.",direct-meta-description,,https://www.canarabank.bank.in/,earlier-in-this-session,,our own fetch of the company's homepage <meta> tag,digital lending,phrase-match:whatTheyDo,direct-meta-description,,,derived by literal phrase match against this record whatTheyDo text,,,,,,,medium,,,,,,,,https://www.globalfintechfest.com/partners,2026-08-12T12:50:34Z,2026-08-12T13:58:49Z,active,false,2026,6a7c769516afc6a8747c9cb0
Canso.AI,,canso-ai,Exhibitor,Exhibitors,ai,https://www.canso.ai/,https://event-engine-prod-media.s3.ap-south-1.amazonaws.com/uploads/daaf18ec-0873-43d9-ba3b-ab55b3ec47f4-Canso.ai.png,Reimagine fraud control with CansoAI. Leverage AI agents and MLOps to detect and prevent fraud with real-time insights and automation.,direct-meta-description,,https://www.canso.ai/,earlier-in-this-session,,our own fetch of the company's homepage <meta> tag,fraud prevention;analytics and reporting;AI and automation,phrase-match:whatTheyDo,direct-meta-description,,,derived by literal phrase match against this record whatTheyDo text,,,,,,,medium,,,,,,,,https://www.globalfintechfest.com/partners,2026-08-12T12:50:34Z,2026-08-12T13:58:49Z,active,false,2026,6a7c769516afc6a8747c9cb1
Cashfree Payments,,cashfree-payments,Gold Partner,Partners,payments,https://www.cashfree.com/,https://event-engine-prod-media.s3.ap-south-1.amazonaws.com/uploads/30290105-0654-421c-9bbc-da6f6cafedd2-cashfree-payments-website-logo.png,"Payments & checkout solution provider for e-commerce, SaaS, Travel, Edtech & Fintech - go live fast, convert more, & collect domestic and international payments",apify:apify/website-content-crawler,meta-description,https://www.cashfree.com/,2026-08-12T13:30:52Z,,,cross-border payments;cloud infrastructure,phrase-match:whatTheyDo,apify:apify/website-content-crawler,2026-08-12T13:32:27Z,,,"Indian payments and API banking company offering payment gateway, instant payouts, verification suite and subscription billing.",Online payment gateway for merchants;Instant bulk payouts and refunds;Bank account and KYC verification APIs;Recurring subscription billing via eNACH and UPI AutoPay,unsourced,low,scratch-2,"written by another worker with no provenance; the cited page supplies logos/names/tiers only and cannot be the origin of this prose, so it is treated as unverified",medium,0.75,normalised-from-numeric,0.75,"high>=0.80, medium>=0.50, else low","original float preserved in confidenceScore; value written by another worker, mapped not discarded",gff-cms-partner-listing,https://www.globalfintechfest.com/partners,https://www.globalfintechfest.com/partners,2026-08-12T00:00:00Z,2026-08-12T13:58:49Z,active,,2026,6a7c6b77b652fb8e4842f37f
CCIL,,ccil,Exhibitor,Exhibitors,other,https://www.ccilindia.com/,https://event-engine-prod-media.s3.ap-south-1.amazonaws.com/uploads/126789ff-f580-4e1c-a4d2-f7d1fe0a5311-ccil.png,Home - CCIL - The Clearing Corporation of India Limited,apify:apify/website-content-crawler,homepage-body-text,https://www.ccilindia.com/,2026-08-12T13:30:52Z,,,,,,,,,,,,,,,medium,,,,,,,,https://www.globalfintechfest.com/partners,2026-08-12T12:50:34Z,2026-08-12T13:58:49Z,active,false,2026,6a7c769516afc6a8747c9cb2
CDSL,,cdsl,Exhibitor,Exhibitors,other,https://www.cdslindia.com/,https://event-engine-prod-media.s3.ap-south-1.amazonaws.com/uploads/f564148e-aa0d-4b8f-95e8-233f613b8079-CDSL.png,"Central Depository Services Limited, is the second Indian central securities depository based in Mumbai.",direct-meta-description,,https://www.cdslindia.com/,earlier-in-this-session,,our own fetch of the company's homepage <meta> tag,trading and brokerage,phrase-match:whatTheyDo,direct-meta-description,,,derived by literal phrase match against this record whatTheyDo text,,,,,,,medium,,,,,,,,https://www.globalfintechfest.com/partners,2026-08-12T12:50:34Z,2026-08-12T13:58:49Z,active,false,2026,6a7c769516afc6a8747c9cb3
Chat360,,chat360,Bronze Partner,Partners,other,https://www.chat360.io/,https://event-engine-prod-media.s3.ap-south-1.amazonaws.com/uploads/2f54640b-58c4-4565-9684-73e6def178c6-Chat360.png,"Chat360 is an Agentic AI-powered chatbot platform to automate customer support, lead generation & engagement across WhatsApp, Web, Voice, and social media.",apify:apify/website-content-crawler,meta-description,https://www.chat360.io/,2026-08-12T13:30:52Z,,,customer communication;AI and automation,phrase-match:whatTheyDo,apify:apify/website-content-crawler,2026-08-12T13:32:27Z,,,,,,,,,medium,,,,,,,,https://www.globalfintechfest.com/partners,2026-08-12T12:50:34Z,2026-08-12T13:58:49Z,active,false,2026,6a7c769516afc6a8747c9cb4
CHUBB,,chubb,Exhibitor,Exhibitors,other,https://www.chubb.com/us-en/,https://event-engine-prod-media.s3.ap-south-1.amazonaws.com/uploads/e62bda52-adcd-4913-a434-d69539dd21c0-Chubb.png,Protect what matters most with Chubb’s personal and business insurance solutions. Discover tailored coverage and get your personalized quote today.,direct-meta-description,,https://www.chubb.com/us-en/,earlier-in-this-session,,our own fetch of the company's homepage <meta> tag,insurance distribution,phrase-match:whatTheyDo,direct-meta-description,,,derived by literal phrase match against this record whatTheyDo text,,,,,,,medium,,,,,,,,https://www.globalfintechfest.com/partners,2026-08-12T12:50:34Z,2026-08-12T13:58:49Z,active,false,2026,6a7c769516afc6a8747c9cb5
CIBE,,cibe,Ecosystem,Ecosystem,other,,https://event-engine-prod-media.s3.ap-south-1.amazonaws.com/uploads/67fd087c-e09c-47a1-81ec-fdd2d0ccd39e-CIBE.png,,,,,,,,,,,,,,,,,,,,low,,,,,,,,https://www.globalfintechfest.com/partners,2026-08-12T12:50:34Z,2026-08-12T13:58:49Z,active,false,2026,6a7c769516afc6a8747c9cb6
Cisco,,cisco,Gold Partner,Partners,infra,https://www.cisco.com/,https://event-engine-prod-media.s3.ap-south-1.amazonaws.com/uploads/49901630-0cf3-4f9c-b09b-6f4f4a8c5d79-cisco.png,"Cisco is a worldwide technology leader powering an inclusive future for all. Learn more about our products, services, solutions, and innovations.",apify:apify/website-content-crawler,meta-description,https://www.cisco.com/,2026-08-12T13:30:52Z,,,,unsourced,,,scratch-2,"written by another worker with no provenance; the cited page supplies logos/names/tiers only and cannot be the origin of this prose, so it is treated as unverified","Global networking and security technology company supplying the network, data centre and cybersecurity infrastructure banks run on.",Secure branch and data centre networking;Zero-trust security for financial institutions;Network observability for payment systems;Contact centre infrastructure for banks,unsourced,low,scratch-2,"written by another worker with no provenance; the cited page supplies logos/names/tiers only and cannot be the origin of this prose, so it is treated as unverified",medium,0.75,normalised-from-numeric,0.75,"high>=0.80, medium>=0.50, else low","original float preserved in confidenceScore; value written by another worker, mapped not discarded",gff-cms-partner-listing,https://www.globalfintechfest.com/partners,https://www.globalfintechfest.com/partners,2026-08-12T00:00:00Z,2026-08-12T13:58:49Z,active,,2026,6a7c6b77b652fb8e4842f384
Citi,,citi,Banking Innovation Partner,Partners,banking,https://www.citigroup.com/global/about-us/global-presence/india,https://event-engine-prod-media.s3.ap-south-1.amazonaws.com/uploads/038c9932-275d-4cad-83d4-d5430245212e-Citi.png,Global bank,curated-public-facts,,,earlier-in-this-session,,,corporate banking;treasury services;cross-border payments,phrase-match:whatTheyDo,,,,,"Global bank providing institutional banking, treasury and trade solutions, securities services and markets across around 100 countries.",Global treasury and cash management;Cross-border payments for corporates;Securities services and custody;Trade finance and supply chain finance,unsourced,low,scratch-2,"written by another worker with no provenance; the cited page supplies logos/names/tiers only and cannot be the origin of this prose, so it is treated as unverified",high,0.75,normalised-from-numeric,0.75,"high>=0.80, medium>=0.50, else low","original float preserved in confidenceScore; value written by another worker, mapped not discarded",gff-cms-partner-listing,https://www.globalfintechfest.com/partners,https://www.globalfintechfest.com/partners,2026-08-12T00:00:00Z,2026-08-12T13:58:49Z,active,,2026,6a7c6b77b652fb8e4842f36b
City Union Bank,,city-union-bank,Exhibitor,Exhibitors,banking,https://www.cityunionbank.bank.in/,https://event-engine-prod-media.s3.ap-south-1.amazonaws.com/uploads/b71f009a-0cb6-4325-aa2c-b299f735ad23-CityUnionBank.png,"City Union Bank offers a full suite of banking services - savings & current accounts, fixed & recurring deposits, home & personal loans, NRI services, net banking & mobile banking. Secure, smart, everywhere.",direct-meta-description,,https://www.cityunionbank.bank.in/,earlier-in-this-session,,our own fetch of the company's homepage <meta> tag,digital lending,phrase-match:whatTheyDo,direct-meta-description,,,derived by literal phrase match against this record whatTheyDo text,,,,,,,medium,,,,,,,,https://www.globalfintechfest.com/partners,2026-08-12T12:50:34Z,2026-08-12T13:58:49Z,active,false,2026,6a7c769516afc6a8747c9cb7
Cleartax.ai,,cleartax-ai,Exhibitor,Exhibitors,ai,https://www.clear.in/,https://event-engine-prod-media.s3.ap-south-1.amazonaws.com/uploads/18a0b08a-3c21-49bd-8345-76e8fdfa9f44-Clear.png,"Clear - India’s largest tax and financial services software platform. Discover our software products and solutions for ITR filing, e-Invoicing, GST and e-Way Bill compliance, invoicing and billing, Max ITC, Taxcloud, invest, TDS & expert services.",direct-meta-description,,https://www.clear.in/,earlier-in-this-session,,our own fetch of the company's homepage <meta> tag,AML and compliance,phrase-match:whatTheyDo,direct-meta-description,,,derived by literal phrase match against this record whatTheyDo text,,,,,,,medium,,,,,,,,https://www.globalfintechfest.com/partners,2026-08-12T12:50:34Z,2026-08-12T13:58:49Z,active,false,2026,6a7c769516afc6a8747c9cb8
CleverTap,,clevertap,Gold Partner,Partners,infra,https://clevertap.com/,https://event-engine-prod-media.s3.ap-south-1.amazonaws.com/uploads/93899fed-8b3f-4afc-bdde-fbb3b466d999-CleverTap.png,"Engage your customers like never before with CleverTap’s all-in-one customer engagement platform. From personalized messaging to automated campaigns, CleverTap platform offers a suite of powerful tools to help you connect with your audience at every stage of the customer journey. Get started with CleverTap today.",direct-meta-description,,https://clevertap.com/,earlier-in-this-session,,our own fetch of the company's homepage <meta> tag,customer communication,phrase-match:whatTheyDo,,,,,"Customer engagement and retention platform providing analytics, segmentation and omnichannel campaign automation for consumer apps including fintechs.","User retention campaigns for fintech apps;Onboarding funnel analytics and drop-off reduction;Personalised product cross-sell;Push, email and in-app engagement orchestration",unsourced,low,scratch-2,"written by another worker with no provenance; the cited page supplies logos/names/tiers only and cannot be the origin of this prose, so it is treated as unverified",medium,0.75,normalised-from-numeric,0.75,"high>=0.80, medium>=0.50, else low","original float preserved in confidenceScore; value written by another worker, mapped not discarded",gff-cms-partner-listing,https://www.globalfintechfest.com/partners,https://www.globalfintechfest.com/partners,2026-08-12T00:00:00Z,2026-08-12T13:58:49Z,active,,2026,6a7c6c0fb652fb8e4842f38c
Cockroach labs,Cockroach Labs,cockroach-labs,Bronze Partner,Partners,other,https://www.cockroachlabs.com/,https://event-engine-prod-media.s3.ap-south-1.amazonaws.com/uploads/c5e11f9d-04de-416c-a65e-b73f107cd36d-cockroachDB.png,"CockroachDB is a distributed database with standard SQL for cloud applications. CockroachDB powers companies like Comcast, Lush, and Bose.",direct-meta-description,,https://www.cockroachlabs.com/,earlier-in-this-session,,our own fetch of the company's homepage <meta> tag,cloud infrastructure,phrase-match:whatTheyDo,,,,,"Company behind CockroachDB, a distributed SQL database offering strong consistency and survivability for transactional financial workloads.",Distributed ledger and core transaction storage;Multi-region data residency compliance;Zero-downtime payment system scaling;Resilient database for banking workloads,unsourced,low,scratch-2,"written by another worker with no provenance; the cited page supplies logos/names/tiers only and cannot be the origin of this prose, so it is treated as unverified",medium,,,,,,,,https://www.globalfintechfest.com/partners,2026-08-12T12:50:34Z,2026-08-12T13:58:49Z,active,false,2026,6a7c769516afc6a8747c9cb9
Comviva,,comviva,Bronze Partner,Partners,infra,https://www.comviva.com/,https://event-engine-prod-media.s3.ap-south-1.amazonaws.com/uploads/1eae9002-4d22-4ad5-b078-d80e3875aacd-Comviva.png,"At Comviva, we go beyond technology, we create intelligent software platforms that drive real business impact at scale. As a global leader in FinTech, MarTech, DigiTech, and RevTech, we empower businesses to simplify complexity, unlock growth, and transform customer experiences.",direct-meta-description,,https://www.comviva.com/,earlier-in-this-session,,our own fetch of the company's homepage <meta> tag,,unsourced,,,scratch-2,"written by another worker with no provenance; the cited page supplies logos/names/tiers only and cannot be the origin of this prose, so it is treated as unverified","Digital solutions company providing mobile money, digital payments and customer engagement platforms to telcos and banks in emerging markets.",Mobile money platforms for emerging markets;Digital wallet and merchant payment infrastructure;Card management and issuing systems;Customer engagement and loyalty for banks,unsourced,low,scratch-2,"written by another worker with no provenance; the cited page supplies logos/names/tiers only and cannot be the origin of this prose, so it is treated as unverified",medium,0.7,normalised-from-numeric,0.7,"high>=0.80, medium>=0.50, else low","original float preserved in confidenceScore; value written by another worker, mapped not discarded",gff-cms-partner-listing,https://www.globalfintechfest.com/partners,https://www.globalfintechfest.com/partners,2026-08-12T00:00:00Z,2026-08-12T13:58:49Z,active,,2026,6a7c6c0fb652fb8e4842f3af
Concerto,,concerto,Exhibitor,Exhibitors,other,https://www.concertosoft.com/,https://event-engine-prod-media.s3.ap-south-1.amazonaws.com/uploads/ef964e31-f762-4f9d-839c-57ebb54d2d33-Concerto.png,Our payment gateway is authorised by RBI to operate as an Online Payment Aggregator,apify:apify/website-content-crawler,homepage-body-text,https://www.concertosoft.com/,2026-08-12T13:30:52Z,,,payment gateway,phrase-match:whatTheyDo,apify:apify/website-content-crawler,2026-08-12T13:32:27Z,,,,,,,,,medium,,,,,,,,https://www.globalfintechfest.com/partners,2026-08-12T12:50:34Z,2026-08-12T13:58:49Z,active,false,2026,6a7c769516afc6a8747c9cba
Craft AI,,craft-ai,Exhibitor,Exhibitors,ai,https://www.craftaihq.com/,https://event-engine-prod-media.s3.ap-south-1.amazonaws.com/uploads/447fe3a6-55ef-485c-b7ee-21a3f92f008a-craft-ai-website-logo.png,"Transform your lending operations with AI agents. Automate loan origination, disbursals, servicing and collections with AI agents, leading to faster business growth, and 70% lower costs.",direct-meta-description,,https://www.craftaihq.com/,earlier-in-this-session,,our own fetch of the company's homepage <meta> tag,digital lending;AI and automation;collections and recovery,phrase-match:whatTheyDo,direct-meta-description,,,derived by literal phrase match against this record whatTheyDo text,,,,,,,medium,,,,,,,,https://www.globalfintechfest.com/partners,2026-08-12T12:50:34Z,2026-08-12T13:58:49Z,active,false,2026,6a7c769516afc6a8747c9cbb
Craftsilicon,,craftsilicon,Exhibitor,Exhibitors,other,https://www.craftsilicon.com/asia/,https://event-engine-prod-media.s3.ap-south-1.amazonaws.com/uploads/cf651b4c-49e4-49a7-961b-55688ede2996-Craftsilicon.png,"Craftsilicon provides AI-powered microfinance software, loan managemnet systems, digital lending, core banking and LOS solutions across Asia.",direct-meta-description,,https://www.craftsilicon.com/asia/,earlier-in-this-session,,our own fetch of the company's homepage <meta> tag,digital lending;core banking;AI and automation,phrase-match:whatTheyDo,direct-meta-description,,,derived by literal phrase match against this record whatTheyDo text,,,,,,,medium,,,,,,,,https://www.globalfintechfest.com/partners,2026-08-12T12:50:34Z,2026-08-12T13:58:49Z,active,false,2026,6a7c769516afc6a8747c9cbc
CRED,,cred,Beer Booth Partner,Partners,payments,https://cred.club/,https://event-engine-prod-media.s3.ap-south-1.amazonaws.com/uploads/bfb64c0e-4bd4-4062-920d-2df1ea12e9fa-CRED.png,financial & lifestyle experiences crafted for the creditworthy.,apify:apify/website-content-crawler,meta-description,https://cred.club/,2026-08-12T13:30:52Z,,,,unsourced,,,scratch-2,"written by another worker with no provenance; the cited page supplies logos/names/tiers only and cannot be the origin of this prose, so it is treated as unverified","Indian consumer fintech offering credit card bill payments, rewards, UPI payments and credit-linked financial products to high-credit-score members.",Credit card bill payment with rewards;UPI and merchant payments;Personal credit lines for members;Credit score tracking and insights,unsourced,low,scratch-2,"written by another worker with no provenance; the cited page supplies logos/names/tiers only and cannot be the origin of this prose, so it is treated as unverified",medium,0.75,normalised-from-numeric,0.75,"high>=0.80, medium>=0.50, else low","original float preserved in confidenceScore; value written by another worker, mapped not discarded",gff-cms-partner-listing,https://www.globalfintechfest.com/partners,https://www.globalfintechfest.com/partners,2026-08-12T00:00:00Z,2026-08-12T13:58:49Z,active,,2026,6a7c6b77b652fb8e4842f377
Credentek,,credentek,Exhibitor,Exhibitors,other,https://www.credentek.com/,https://event-engine-prod-media.s3.ap-south-1.amazonaws.com/uploads/7f9366c2-0600-47dd-b559-25f6f0f61868-credentek-website-logo.png,Xfer4Sure has securely transferred 8.80 billion financial files to date,apify:apify/website-content-crawler,homepage-body-text,https://www.credentek.com/,2026-08-12T13:30:52Z,,,,,,,,,,,,,,,medium,,,,,,,,https://www.globalfintechfest.com/partners,2026-08-12T12:50:34Z,2026-08-12T13:58:49Z,active,false,2026,6a7c769516afc6a8747c9cbd
Credility,,credility,Exhibitor,Exhibitors,other,https://credility.in/,https://event-engine-prod-media.s3.ap-south-1.amazonaws.com/uploads/1b4e3729-a651-49cd-bb5c-5293f433f517-Credility.png,"End-to-end digital lending solutions by Credility for NBFCs, HFCs, and banks. Streamline loan origination, onboarding, credit verification, and collections with AI-powered, paperless lending technology.",direct-meta-description,,https://credility.in/,earlier-in-this-session,,our own fetch of the company's homepage <meta> tag,digital lending;KYC and onboarding;identity verification;AI and automation;collections and recovery,phrase-match:whatTheyDo,direct-meta-description,,,derived by literal phrase match against this record whatTheyDo text,,,,,,,medium,,,,,,,,https://www.globalfintechfest.com/partners,2026-08-12T12:50:34Z,2026-08-12T13:58:49Z,active,false,2026,6a7c769516afc6a8747c9cbe
Credit Saison,,credit-saison,Exhibitor,Exhibitors,lending,https://creditsaison.in/,https://event-engine-prod-media.s3.ap-south-1.amazonaws.com/uploads/89c0b9eb-89df-4cf3-8872-ad787602f0e5-CreditSaison.png,"Discover how Credit Saison India empowers India’s credit growth with innovative financial solutions, fostering business success and financial inclusion..",direct-meta-description,,https://creditsaison.in/,earlier-in-this-session,,our own fetch of the company's homepage <meta> tag,financial inclusion,phrase-match:whatTheyDo,direct-meta-description,,,derived by literal phrase match against this record whatTheyDo text,,,,,,,medium,,,,,,,,https://www.globalfintechfest.com/partners,2026-08-12T12:50:34Z,2026-08-12T13:58:49Z,active,false,2026,6a7c769516afc6a8747c9cbf
CredResolve,,credresolve,Bronze Partner,Partners,other,https://www.credresolve.com/,https://event-engine-prod-media.s3.ap-south-1.amazonaws.com/uploads/9370ceec-5bd9-43b4-b017-20d426027f29-cred-resolve.png,AI-Powered Collection beyond Automation at every step of your debt collection journey. One powerful and intelligent Platform built for maximum Recovery.,direct-meta-description,,https://www.credresolve.com/,earlier-in-this-session,,our own fetch of the company's homepage <meta> tag,AI and automation;collections and recovery,phrase-match:whatTheyDo,direct-meta-description,,,derived by literal phrase match against this record whatTheyDo text,,,,,,,medium,,,,,,,,https://www.globalfintechfest.com/partners,2026-08-12T12:50:34Z,2026-08-12T13:58:49Z,active,false,2026,6a7c769516afc6a8747c9cc0
CRIF,,crif,Gold Partner,Partners,lending,https://www.crifhighmark.com/,https://event-engine-prod-media.s3.ap-south-1.amazonaws.com/uploads/5143d598-a5ca-4f6a-bcdd-846ec07dd013-CRIF.png,"CRIF High Mark is one of India’s top credit bureaus, offering credit information reports, bureau scores, and analytics trusted by banks and NBFCs across India.",apify:apify/website-content-crawler,meta-description,https://www.crifhighmark.com/,2026-08-12T13:30:52Z,,,credit underwriting;analytics and reporting,phrase-match:whatTheyDo,apify:apify/website-content-crawler,2026-08-12T13:32:27Z,,,"Global credit bureau and analytics group whose India arm CRIF High Mark provides credit reports, scores and microfinance data.",Credit bureau reports for retail and MSME lending;Microfinance borrower indebtedness checks;Portfolio analytics and benchmarking;Automated credit decisioning software,unsourced,low,scratch-2,"written by another worker with no provenance; the cited page supplies logos/names/tiers only and cannot be the origin of this prose, so it is treated as unverified",medium,0.7,normalised-from-numeric,0.7,"high>=0.80, medium>=0.50, else low","original float preserved in confidenceScore; value written by another worker, mapped not discarded",gff-cms-partner-listing,https://www.globalfintechfest.com/partners,https://www.globalfintechfest.com/partners,2026-08-12T00:00:00Z,2026-08-12T13:58:49Z,active,,2026,6a7c6b77b652fb8e4842f381
Crunchfish Digital Cash,,crunchfish-digital-cash,Exhibitor,Exhibitors,other,https://www.crunchfish.com/,https://event-engine-prod-media.s3.ap-south-1.amazonaws.com/uploads/8f21fd92-9941-417e-b8a3-db238fc0b689-crunchfish.png,"OFFLINE PAYMENTS AS CRITICAL INFRASTRUCTURE Offline payments that keep working when systems don’t Digital payments have become critical public infrastructure, yet most digital payments depend on network connectivity and central system availability to complete a transaction. When networks are congested, unavailable, or when the underlying payment system is disrupted, payments can fail or become imp",direct-meta-description,,https://www.crunchfish.com/,earlier-in-this-session,,our own fetch of the company's homepage <meta> tag,cloud infrastructure,phrase-match:whatTheyDo,direct-meta-description,,,derived by literal phrase match against this record whatTheyDo text,,,,,,,medium,,,,,,,,https://www.globalfintechfest.com/partners,2026-08-12T12:50:34Z,2026-08-12T13:58:49Z,active,false,2026,6a7c769516afc6a8747c9cc1
CryptoBind,,cryptobind,Exhibitor,Exhibitors,crypto,https://jisasoftech.com/,https://event-engine-prod-media.s3.ap-south-1.amazonaws.com/uploads/5494e075-8d90-417b-bd87-729efc1b5023-cryptobind-website-logo.png,"At JISA, we offer Aadhar Data Vault Solution, HSM Security Solution, Data Security Solution, encryption key management solution and many more",apify:apify/website-content-crawler,meta-description,https://jisasoftech.com/,2026-08-12T13:30:52Z,,,cybersecurity,phrase-match:whatTheyDo,apify:apify/website-content-crawler,2026-08-12T13:32:27Z,,,,,,,,,medium,,,,,,,,https://www.globalfintechfest.com/partners,2026-08-12T12:50:34Z,2026-08-12T13:58:49Z,active,false,2026,6a7c769516afc6a8747c9cc2
Cy5.io,,cy5-io,Exhibitor,Exhibitors,other,www.cy5.io,https://event-engine-prod-media.s3.ap-south-1.amazonaws.com/uploads/529784ed-c73b-4fac-8bd0-6323371b045f-Cy5.io.png,"Discover actionable security signals at cloud speed with Cy5's next-gen CNAPP platform. Real-time posture monitoring, threat detection, and vulnerability insights for AWS, Azure,",direct-meta-description,,www.cy5.io,earlier-in-this-session,,our own fetch of the company's homepage <meta> tag,analytics and reporting;cloud infrastructure;cybersecurity,phrase-match:whatTheyDo,direct-meta-description,,,derived by literal phrase match against this record whatTheyDo text,,,,,,,medium,,,,,,,,https://www.globalfintechfest.com/partners,2026-08-12T12:50:34Z,2026-08-12T13:58:49Z,active,false,2026,6a7c769516afc6a8747c9cc3
CyberSRCC,,cybersrcc,Exhibitor,Exhibitors,infra,https://cybersrcc.com/,https://event-engine-prod-media.s3.ap-south-1.amazonaws.com/uploads/c32dc469-e523-4d9a-b9a1-c7a19e535b87-CyberSRCC.png,"Cyber Insights & Blogs - CyberSRC® Consultancy Pvt. Ltd. is a globally recognized CERT-IN and STQC-empaneled organization specializing in cybersecurity, data governance, IT audit, and compliance.",apify:apify/website-content-crawler,meta-description,https://cybersrcc.com/,2026-08-12T13:30:52Z,,,AML and compliance;analytics and reporting;cybersecurity,phrase-match:whatTheyDo,apify:apify/website-content-crawler,2026-08-12T13:32:27Z,,,,,,,,,medium,,,,,,,,https://www.globalfintechfest.com/partners,2026-08-12T12:50:34Z,2026-08-12T13:58:49Z,active,false,2026,6a7c769516afc6a8747c9cc4
Cygnet.One,,cygnet-one,Exhibitor,Exhibitors,other,https://www.cygnet.one/,https://event-engine-prod-media.s3.ap-south-1.amazonaws.com/uploads/cb073cdb-4d08-4712-b89e-cac16b4f1414-Cygnet.One.png,"Explore Cygnet.One’s IT services, cloud transformation, and product engineering solutions. Simplify complexity and drive digital success for your businesses.",direct-meta-description,,https://www.cygnet.one/,earlier-in-this-session,,our own fetch of the company's homepage <meta> tag,cloud infrastructure,phrase-match:whatTheyDo,direct-meta-description,,,derived by literal phrase match against this record whatTheyDo text,,,,,,,medium,,,,,,,,https://www.globalfintechfest.com/partners,2026-08-12T12:50:34Z,2026-08-12T13:58:49Z,active,false,2026,6a7c769516afc6a8747c9cc5
Data Science Wizards,,data-science-wizards,Exhibitor,Exhibitors,ai,https://www.datasciencewizards.ai/,https://event-engine-prod-media.s3.ap-south-1.amazonaws.com/uploads/b4438d99-b201-4934-9343-2fafb03e9f50-data-science-wizards-website-logo.png,Governed. Explainable. Production-Ready AI at Scale.,direct-meta-description,,https://www.datasciencewizards.ai/,earlier-in-this-session,,our own fetch of the company's homepage <meta> tag,AI and automation,phrase-match:whatTheyDo,direct-meta-description,,,derived by literal phrase match against this record whatTheyDo text,,,,,,,medium,,,,,,,,https://www.globalfintechfest.com/partners,2026-08-12T12:50:34Z,2026-08-12T13:58:49Z,active,false,2026,6a7c769516afc6a8747c9cc6
Data Sutram,,data-sutram,Gold Partner,Partners,ai,https://datasutram.ai/,https://event-engine-prod-media.s3.ap-south-1.amazonaws.com/uploads/b93d1e14-555b-4edf-a87b-a4e1b1e4f18f-DataSutram.png,"Enterprise AI Trust Platform solving fraud, credit risk, and collections for financial institutions. Powered by Auth intelligence and Echo agentic workflows.",apify:apify/website-content-crawler,meta-description,https://datasutram.ai/,2026-08-12T13:30:52Z,,,fraud prevention;AI and automation;collections and recovery,phrase-match:whatTheyDo,apify:apify/website-content-crawler,2026-08-12T13:32:27Z,,,Alternative-data AI company that uses location and external data signals to score risk and identify customers for financial institutions.,Location-based alternative credit scoring;Fraud detection using address intelligence;Branch and ATM site selection analytics;Customer acquisition targeting for banks,unsourced,low,scratch-2,"written by another worker with no provenance; the cited page supplies logos/names/tiers only and cannot be the origin of this prose, so it is treated as unverified",medium,0.65,normalised-from-numeric,0.65,"high>=0.80, medium>=0.50, else low","original float preserved in confidenceScore; value written by another worker, mapped not discarded",gff-cms-partner-listing,https://www.globalfintechfest.com/partners,https://www.globalfintechfest.com/partners,2026-08-12T00:00:00Z,2026-08-12T13:58:49Z,active,,2026,6a7c6b77b652fb8e4842f385
Datagen Systems Private Limited (LAKE X AI),,datagen-systems-private-limited-lake-x-ai,Exhibitor,Exhibitors,ai,http://www.lakex.ai/,https://event-engine-prod-media.s3.ap-south-1.amazonaws.com/uploads/d98fd4f8-0aed-426b-9dc5-79331948c234-datagen-systems-private-limited-lake-x-ai-website-logo.png,"LakeX Sovereign AI DataVault is the only sovereign data intelligence platform that archives, governs, and AI-queries your structured and unstructured enterprise data — on-premises, air-gap capable, BFSI-grade.",direct-meta-description,,http://www.lakex.ai/,earlier-in-this-session,,our own fetch of the company's homepage <meta> tag,AI and automation,phrase-match:whatTheyDo,direct-meta-description,,,derived by literal phrase match against this record whatTheyDo text,,,,,,,medium,,,,,,,,https://www.globalfintechfest.com/partners,2026-08-12T12:50:34Z,2026-08-12T13:58:49Z,active,false,2026,6a7c769516afc6a8747c9cc7
DBS Bank,,dbs-bank,Exhibitor,Exhibitors,banking,https://www.dbs.com.sg/index/default.page,https://event-engine-prod-media.s3.ap-south-1.amazonaws.com/uploads/e2563abf-945d-4b1e-97a3-e544c0f84375-DBSBank.png,"We are proud to serve generations of customers in Singapore, who have made us Asia's Safest, Asia's Best.",direct-meta-description,,https://www.dbs.com.sg/index/default.page,earlier-in-this-session,,our own fetch of the company's homepage <meta> tag,,,,,,,,,,,,,medium,,,,,,,,https://www.globalfintechfest.com/partners,2026-08-12T12:50:34Z,2026-08-12T13:58:49Z,active,false,2026,6a7c769516afc6a8747c9cc8
DCB Bank,,dcb-bank,Gold Partner,Partners,banking,https://www.dcb.bank.in/,https://event-engine-prod-media.s3.ap-south-1.amazonaws.com/uploads/aa49d0be-2d64-43b5-9de3-7895b8922d79-DCB.png,"DCB Bank offers a range of banking services including Current & Savings Accounts, Fixed Deposits, Debit Cards, and Loan solutions to meet all your financial needs.",apify:apify/website-content-crawler,meta-description,https://www.dcb.bank.in/,2026-08-12T13:30:52Z,,,digital lending,phrase-match:whatTheyDo,apify:apify/website-content-crawler,2026-08-12T13:32:27Z,,,"Indian private sector bank focused on retail, MSME, agriculture and micro-SME banking, and an active partner bank for fintechs.",MSME and micro-enterprise lending;Fintech partnership and sponsor bank services;Retail deposits and loans;Agri and rural finance,unsourced,low,scratch-2,"written by another worker with no provenance; the cited page supplies logos/names/tiers only and cannot be the origin of this prose, so it is treated as unverified",medium,0.7,normalised-from-numeric,0.7,"high>=0.80, medium>=0.50, else low","original float preserved in confidenceScore; value written by another worker, mapped not discarded",gff-cms-partner-listing,https://www.globalfintechfest.com/partners,https://www.globalfintechfest.com/partners,2026-08-12T00:00:00Z,2026-08-12T13:58:49Z,active,,2026,6a7c6b77b652fb8e4842f380
Devrev,DevRev,devrev,Silver Partner,Partners,other,https://devrev.ai/,https://event-engine-prod-media.s3.ap-south-1.amazonaws.com/uploads/da8d93a6-6979-48f9-80dd-79efd3af0621-DeRev.png,"The only enterprise AI platform with Native Shared Memory. Computer reasons across live product, support, and sales data – more efficiently, and more precisely",apify:apify/website-content-crawler,meta-description,https://devrev.ai/,2026-08-12T13:30:52Z,,,AI and automation,phrase-match:whatTheyDo,apify:apify/website-content-crawler,2026-08-12T13:32:27Z,,,"AI-native platform unifying customer support, product and engineering workflows around a single knowledge graph.",AI agents for customer support deflection;Linking customer issues to product engineering;Knowledge-graph search across support tickets;Workflow automation for fintech operations,unsourced,low,scratch-2,"written by another worker with no provenance; the cited page supplies logos/names/tiers only and cannot be the origin of this prose, so it is treated as unverified",medium,,,,,,,,https://www.globalfintechfest.com/partners,2026-08-12T12:50:34Z,2026-08-12T13:58:49Z,active,false,2026,6a7c769516afc6a8747c9cc9
Digikhata,,digikhata,Bronze Partner,Partners,other,https://paypointindia.com,https://event-engine-prod-media.s3.ap-south-1.amazonaws.com/uploads/1eb5116b-bdf3-44e8-ba17-1c52de4e447e-Digikhata.png,Create Digital shop with PayPoint India. Become a digital center agent and complete CSP registration easily to start your BC business.,direct-meta-description,,https://paypointindia.com,earlier-in-this-session,,our own fetch of the company's homepage <meta> tag,,,,,,,,,,,,,medium,,,,,,,,https://www.globalfintechfest.com/partners,2026-08-12T12:50:34Z,2026-08-12T13:58:49Z,active,false,2026,6a7c769516afc6a8747c9cca
Digio,,digio,Data Protection & Consent Partner,Partners,regtech,https://www.digio.in/,https://event-engine-prod-media.s3.ap-south-1.amazonaws.com/uploads/4080cb66-ab5d-4c58-abc6-a9cba0f7632f-digio-website-logo.png,"KYC, Documents, eSign, AML/CFT, DigiLocker & Payments APIs for secure onboarding and documentation. Trusted Digital Infrastructure for businesses.",apify:apify/website-content-crawler,meta-description,https://www.digio.in/,2026-08-12T13:30:52Z,,,KYC and onboarding;AML and compliance;cloud infrastructure,phrase-match:whatTheyDo,apify:apify/website-content-crawler,2026-08-12T13:32:27Z,,,"Digital documentation and onboarding platform offering eSign, eStamp, eNACH mandates, KYC and consent management APIs.",Aadhaar-based eSign for loan agreements;eNACH mandate setup for recurring collections;Digital KYC and video KYC;DPDP-compliant consent capture and audit,unsourced,low,scratch-2,"written by another worker with no provenance; the cited page supplies logos/names/tiers only and cannot be the origin of this prose, so it is treated as unverified",medium,0.7,normalised-from-numeric,0.7,"high>=0.80, medium>=0.50, else low","original float preserved in confidenceScore; value written by another worker, mapped not discarded",gff-cms-partner-listing,https://www.globalfintechfest.com/partners,https://www.globalfintechfest.com/partners,2026-08-12T00:00:00Z,2026-08-12T13:58:49Z,active,,2026,6a7c6b77b652fb8e4842f36c
Digitap.AI,,digitap-ai,Silver Partner,Partners,infra,https://www.digitap.ai/,https://event-engine-prod-media.s3.ap-south-1.amazonaws.com/uploads/dce64642-7845-4f02-b5e8-4c2f71c07500-Digitap.png,AI driven solutions for analysing financial data of customers to enable credit underwriting and powering digital customer onboarding journeys for enterprises in the Banking sector.,direct-meta-description,,https://www.digitap.ai/,earlier-in-this-session,,our own fetch of the company's homepage <meta> tag,credit underwriting;KYC and onboarding;AI and automation,phrase-match:whatTheyDo,,,,,"Alternative data and AI company providing KYC, bank statement analysis and risk intelligence APIs to lenders.",Bank statement and income analysis;Alternative data credit scoring;Digital KYC and document verification;Fraud detection for digital lending,unsourced,low,scratch-2,"written by another worker with no provenance; the cited page supplies logos/names/tiers only and cannot be the origin of this prose, so it is treated as unverified",medium,0.6,normalised-from-numeric,0.6,"high>=0.80, medium>=0.50, else low","original float preserved in confidenceScore; value written by another worker, mapped not discarded",gff-cms-partner-listing,https://www.globalfintechfest.com/partners,https://www.globalfintechfest.com/partners,2026-08-12T00:00:00Z,2026-08-12T13:58:49Z,active,,2026,6a7c6c0fb652fb8e4842f399
Discover,,discover,Global Payments Partner,Partners,payments,https://www.discover.com/,https://event-engine-prod-media.s3.ap-south-1.amazonaws.com/uploads/8734d429-b29a-4cf3-984b-8eaa0f4b7780-Discover.png,Global card payment network and issuer,curated-public-facts,,,earlier-in-this-session,,,card acceptance;card issuing,phrase-match:whatTheyDo,,,,,US-based payments network and card issuer whose Discover Global Network provides international card acceptance and processing.,Global card acceptance for merchants;Network-to-network payment interoperability;Cross-border card issuance partnerships;Contactless and digital wallet enablement,unsourced,low,scratch-2,"written by another worker with no provenance; the cited page supplies logos/names/tiers only and cannot be the origin of this prose, so it is treated as unverified",high,0.75,normalised-from-numeric,0.75,"high>=0.80, medium>=0.50, else low","original float preserved in confidenceScore; value written by another worker, mapped not discarded",gff-cms-partner-listing,https://www.globalfintechfest.com/partners,https://www.globalfintechfest.com/partners,2026-08-12T00:00:00Z,2026-08-12T13:58:49Z,active,,2026,6a7c6b77b652fb8e4842f35f
Dista Technology Pvt. Ltd.,,dista-technology-pvt-ltd,Exhibitor,Exhibitors,infra,https://dista.ai/,https://event-engine-prod-media.s3.ap-south-1.amazonaws.com/uploads/92cabdea-df9d-46a2-a45b-0587f87494a4-Dista.png,"Dista empowers businesses with AI-driven location intelligence to optimize field operations, improve efficiency, and achieve faster business expansion.",direct-meta-description,,https://dista.ai/,earlier-in-this-session,,our own fetch of the company's homepage <meta> tag,AI and automation,phrase-match:whatTheyDo,direct-meta-description,,,derived by literal phrase match against this record whatTheyDo text,,,,,,,medium,,,,,,,,https://www.globalfintechfest.com/partners,2026-08-12T12:50:34Z,2026-08-12T13:58:49Z,active,false,2026,6a7c769516afc6a8747c9ccb
Domywork,,domywork,Exhibitor,Exhibitors,other,www.companyhub.com,https://event-engine-prod-media.s3.ap-south-1.amazonaws.com/uploads/6b4a4019-d096-4f4a-b642-81fad70b5561-domywork-website-logo.png,CompanyHub is a sales automation CRM for sales teams that can be completely tailored for your industry. Try for free & fall in ❤️ with CompanyHub,apify:apify/website-content-crawler,meta-description,https://www.companyhub.com/,2026-08-12T13:30:52Z,,,AI and automation,phrase-match:whatTheyDo,apify:apify/website-content-crawler,2026-08-12T13:32:27Z,,,,,,,,,medium,,,,,,,,https://www.globalfintechfest.com/partners,2026-08-12T12:50:34Z,2026-08-12T13:58:49Z,active,false,2026,6a7c769516afc6a8747c9ccc
DoubleTick,,doubletick,Exhibitor,Exhibitors,other,https://doubletick.io/,https://event-engine-prod-media.s3.ap-south-1.amazonaws.com/uploads/d845b7b7-b793-4406-9b01-b4af1ee4c9e9-doubletick-website-logo.png,"Centralize every WhatsApp number, department, and conversation into one secure command center. Unified inbox, bulk messaging, AI chatbots, enterprise governance, and CRM integrations. Rated 4.8/5 on G2. Official Meta Technology Partner.",direct-meta-description,,https://doubletick.io/,earlier-in-this-session,,our own fetch of the company's homepage <meta> tag,customer communication;AI and automation,phrase-match:whatTheyDo,direct-meta-description,,,derived by literal phrase match against this record whatTheyDo text,,,,,,,medium,,,,,,,,https://www.globalfintechfest.com/partners,2026-08-12T12:50:34Z,2026-08-12T13:58:49Z,active,false,2026,6a7c769516afc6a8747c9ccd
DreamFolks,,dreamfolks,Gold Partner,Partners,other,https://www.dreamfolks.com/,https://event-engine-prod-media.s3.ap-south-1.amazonaws.com/uploads/23912932-d189-4075-95eb-268bd272a1de-DreamFolks.png,Global travel and lifestyle services aggregator.,apify:apify/website-content-crawler,homepage-body-text,https://www.dreamfolks.com/,2026-08-12T13:30:52Z,,,,unsourced,,,scratch-2,"written by another worker with no provenance; the cited page supplies logos/names/tiers only and cannot be the origin of this prose, so it is treated as unverified",Airport services aggregator that powers lounge access and travel privileges bundled into bank credit and debit card programmes.,Airport lounge access as a card benefit;Travel privilege programmes for card issuers;Card-linked lifestyle rewards;Loyalty programme fulfilment for banks,unsourced,low,scratch-2,"written by another worker with no provenance; the cited page supplies logos/names/tiers only and cannot be the origin of this prose, so it is treated as unverified",medium,0.7,normalised-from-numeric,0.7,"high>=0.80, medium>=0.50, else low","original float preserved in confidenceScore; value written by another worker, mapped not discarded",gff-cms-partner-listing,https://www.globalfintechfest.com/partners,https://www.globalfintechfest.com/partners,2026-08-12T00:00:00Z,2026-08-12T13:58:49Z,active,,2026,6a7c6b77b652fb8e4842f37d
Eleven Labs,ElevenLabs,eleven-labs,Voice AI Partner,Partners,other,https://elevenlabs.io/,https://event-engine-prod-media.s3.ap-south-1.amazonaws.com/uploads/b7a9d02b-15aa-4869-8400-c8066737e4ce-ElevenLabs.png,"Create lifelike speech with our AI voice generator and voice agents platform. Access 5,000+ voices in 70+ languages with secure APIs and SDKs.",direct-meta-description,,https://elevenlabs.io/,earlier-in-this-session,,our own fetch of the company's homepage <meta> tag,AI and automation;cloud infrastructure,phrase-match:whatTheyDo,,,,,"AI voice technology company providing text-to-speech, voice cloning and conversational voice agents in many languages.",Multilingual voice bots for customer support;Automated collections and reminder calls;Voice-based onboarding in regional languages;Accessible voice interfaces for banking apps,unsourced,low,scratch-2,"written by another worker with no provenance; the cited page supplies logos/names/tiers only and cannot be the origin of this prose, so it is treated as unverified",medium,,,,,,,,https://www.globalfintechfest.com/partners,2026-08-12T12:50:34Z,2026-08-12T13:58:49Z,active,false,2026,6a7c769516afc6a8747c9cce
Equence Technologies,,equence-technologies,Exhibitor,Exhibitors,infra,https://www.equence.com/,https://event-engine-prod-media.s3.ap-south-1.amazonaws.com/uploads/2c03217f-d6d5-4261-9176-2d18450c338b-equence-technologies-website-logo.png,"Equence offers Verified SMS, Two-way SMS API, OTP services, and WhatsApp Business Solutions for secure, multichannel enterprise messaging.",apify:apify/website-content-crawler,meta-description,https://www.equence.com/,2026-08-12T13:30:52Z,,,customer communication;cloud infrastructure,phrase-match:whatTheyDo,apify:apify/website-content-crawler,2026-08-12T13:32:27Z,,,,,,,,,medium,,,,,,,,https://www.globalfintechfest.com/partners,2026-08-12T12:50:34Z,2026-08-12T13:58:49Z,active,false,2026,6a7c769516afc6a8747c9ccf
Equifax,,equifax,Exhibitor,Exhibitors,other,https://www.equifax.co.in/,https://event-engine-prod-media.s3.ap-south-1.amazonaws.com/uploads/111d663a-1f94-4b7d-9e3a-567c214fa7a4-equifax-website-logo.png,"We at Equifax help people live their financial best. Our focus is on giving people an equal opportunity to access affordable, mainstream financial services for the things that they want and need in life.",apify:apify/website-content-crawler,meta-description,https://www.equifax.co.in/,2026-08-12T13:30:52Z,,,,,,,,,,,,,,,medium,,,,,,,,https://www.globalfintechfest.com/partners,2026-08-12T12:50:34Z,2026-08-12T13:58:49Z,active,false,2026,6a7c769516afc6a8747c9cd0
Experian,,experian,Credit Innovation Partner,Partners,lending,https://www.experian.in/,https://event-engine-prod-media.s3.ap-south-1.amazonaws.com/uploads/153d56fd-27a3-4cd2-a25b-4a320838150e-experian-website-logo.png,"Empowering smarter lending and business decisions with trusted credit data, advanced analytics and fraud prevention solutions from Experian India.",direct-meta-description,,https://www.experian.in/,earlier-in-this-session,,our own fetch of the company's homepage <meta> tag,digital lending;fraud prevention;analytics and reporting,phrase-match:whatTheyDo,,,,,"Global credit bureau and data analytics company providing credit reports, scores, fraud prevention and decisioning software.",Credit bureau scoring for underwriting;Automated loan decisioning engines;Fraud and identity risk screening;Portfolio monitoring and collections prioritisation,unsourced,low,scratch-2,"written by another worker with no provenance; the cited page supplies logos/names/tiers only and cannot be the origin of this prose, so it is treated as unverified",medium,0.75,normalised-from-numeric,0.75,"high>=0.80, medium>=0.50, else low","original float preserved in confidenceScore; value written by another worker, mapped not discarded",gff-cms-partner-listing,https://www.globalfintechfest.com/partners,https://www.globalfintechfest.com/partners,2026-08-12T00:00:00Z,2026-08-12T13:58:49Z,active,,2026,6a7c6b77b652fb8e4842f372
EY,,ey,Supporter,Supporters,other,,https://event-engine-prod-media.s3.ap-south-1.amazonaws.com/uploads/db0c44ee-678a-4f8c-99d2-c4dc6be8095b-eymarqueeca223b9c6f.png,"EY (Ernst & Young), one of the large global professional services networks, providing assurance, tax, consulting and advisory services.",curated-public-facts,,,2026-08-12T13:32:27Z,,"stable public fact about what the organisation is; no GFF-2026 claims, no time-sensitive detail",,,,,,,,,,,,,high,,,,,,,,https://www.globalfintechfest.com/partners,2026-08-12T12:50:34Z,2026-08-12T13:58:49Z,active,false,2026,6a7c769516afc6a8747c9cd1
Fibe,,fibe,Exhibitor,Exhibitors,other,https://www.fibe.in/,https://event-engine-prod-media.s3.ap-south-1.amazonaws.com/uploads/bb3ae3f3-3155-47fc-88d2-e49045707dcf-Fibe.png,Fibe (formerly EarlySalary): India's largest lending platform. One solution for all life's big and small upgrades. Visit now to apply for a personal loan.,direct-meta-description,,https://www.fibe.in/,earlier-in-this-session,,our own fetch of the company's homepage <meta> tag,digital lending,phrase-match:whatTheyDo,direct-meta-description,,,derived by literal phrase match against this record whatTheyDo text,,,,,,,medium,,,,,,,,https://www.globalfintechfest.com/partners,2026-08-12T12:50:34Z,2026-08-12T13:58:49Z,active,false,2026,6a7c769516afc6a8747c9cd2
Finacus,,finacus,Exhibitor,Exhibitors,other,https://www.finacus.co.in/,https://event-engine-prod-media.s3.ap-south-1.amazonaws.com/uploads/ea9d364a-e9ae-487d-86f5-398f1fe9a27d-Finacus.png,"Our solutions are highly, adaptive and offer remarkable flexibility, enabling financial institutions and partners to adopt products that are perfectly aligned with their needs. These solutions are available for acquisition and implementation through either the Licensed Model or the SaaS Model.",apify:apify/website-content-crawler,homepage-body-text,https://www.finacus.co.in/,2026-08-12T13:30:52Z,,,cloud infrastructure,phrase-match:whatTheyDo,apify:apify/website-content-crawler,2026-08-12T13:32:27Z,,,,,,,,,medium,,,,,,,,https://www.globalfintechfest.com/partners,2026-08-12T12:50:34Z,2026-08-12T13:58:49Z,active,false,2026,6a7c769516afc6a8747c9cd3
Financial Technology Association,,financial-technology-association,Ecosystem,Ecosystem,infra,,https://event-engine-prod-media.s3.ap-south-1.amazonaws.com/uploads/8a9e3e71-c517-4076-bd01-73c1d4dc3ab6-FTA.png,,,,,,,,,,,,,,,,,,,,medium,,,,,,,,https://www.globalfintechfest.com/partners,2026-08-12T12:50:34Z,2026-08-12T13:58:49Z,active,false,2026,6a7c769516afc6a8747c9cd4
Finarkein,Finarkein Analytics,finarkein,System Of Intelligence Partner,Partners,other,https://finarkein.com/,https://event-engine-prod-media.s3.ap-south-1.amazonaws.com/uploads/5e86cd14-6a3d-4362-a1ff-7a711ab24bd6-Finarkein.png,"Finarkein helps BFSI companies build intelligent, data-driven solutions across data aggregation, AI/ML powered analytics, and financial services distribution, leveraging Account Aggregator (AA), ONDC, and OCEN.",direct-meta-description,,https://finarkein.com/,earlier-in-this-session,,our own fetch of the company's homepage <meta> tag,account aggregation;analytics and reporting;AI and automation,phrase-match:whatTheyDo,,,,,Data infrastructure company building on India's Account Aggregator and DEPA framework to let institutions consume consented financial data.,Account Aggregator data pipelines for lenders;Consented data sharing workflows;Cash-flow underwriting data products;Low-code financial data orchestration,unsourced,low,scratch-2,"written by another worker with no provenance; the cited page supplies logos/names/tiers only and cannot be the origin of this prose, so it is treated as unverified",medium,,,,,,,,https://www.globalfintechfest.com/partners,2026-08-12T12:50:34Z,2026-08-12T13:58:49Z,active,false,2026,6a7c769516afc6a8747c9cd5
FinEye,,fineye,Exhibitor,Exhibitors,other,fineye.co,https://event-engine-prod-media.s3.ap-south-1.amazonaws.com/uploads/c07bb619-450e-48d8-9097-6284acdf4d81-FinEye.png,"FinEye offers AI-powered financial statement analysis with tampering detection, cashflow insights, and faster decision-making for lending and finance teams.",apify:apify/website-content-crawler,meta-description,https://fineye.co/,2026-08-12T13:30:52Z,,,digital lending;analytics and reporting;AI and automation,phrase-match:whatTheyDo,apify:apify/website-content-crawler,2026-08-12T13:32:27Z,,,,,,,,,medium,,,,,,,,https://www.globalfintechfest.com/partners,2026-08-12T12:50:34Z,2026-08-12T13:58:49Z,active,false,2026,6a7c769516afc6a8747c9cd6
Finlock,,finlock,Exhibitor,Exhibitors,other,https://www.zaperon.com/,https://event-engine-prod-media.s3.ap-south-1.amazonaws.com/uploads/240bf975-8325-4896-9194-f70a83fbc284-finlock-website-logo.png,"One platform that protects your apps, data and cloud with secure connections from users, devices and edge locations.",direct-meta-description,,https://www.zaperon.com/,earlier-in-this-session,,our own fetch of the company's homepage <meta> tag,cloud infrastructure,phrase-match:whatTheyDo,direct-meta-description,,,derived by literal phrase match against this record whatTheyDo text,,,,,,,medium,,,,,,,,https://www.globalfintechfest.com/partners,2026-08-12T12:50:34Z,2026-08-12T13:58:49Z,active,false,2026,6a7c769516afc6a8747c9cd7
Finnulate,,finnulate,Exhibitor,Exhibitors,other,https://finnulate.ai/,https://event-engine-prod-media.s3.ap-south-1.amazonaws.com/uploads/751f761e-7df8-42a8-b20d-bd37e452c944-Finnulate.png,"AI-native compliance management platform for NBFCs, FPIs, and banks. Link regulatory obligations to owned tasks and evidence in one system.",apify:apify/website-content-crawler,meta-description,https://finnulate.ai/,2026-08-12T13:30:52Z,,,AML and compliance;AI and automation,phrase-match:whatTheyDo,apify:apify/website-content-crawler,2026-08-12T13:32:27Z,,,,,,,,,medium,,,,,,,,https://www.globalfintechfest.com/partners,2026-08-12T12:50:34Z,2026-08-12T13:58:49Z,active,false,2026,6a7c769516afc6a8747c9cd8
Fino Payments,,fino-payments,Exhibitor,Exhibitors,payments,https://www.fino.bank.in/,https://event-engine-prod-media.s3.ap-south-1.amazonaws.com/uploads/58551cd1-5b04-4970-8933-c63b25c21c1b-FinoPayments.png,,,,,,,,,,,,,,,,,,,,medium,,,,,,,,https://www.globalfintechfest.com/partners,2026-08-12T12:50:34Z,2026-08-12T13:58:49Z,active,false,2026,6a7c769516afc6a8747c9cd9
FinStep Asia,,finstep-asia,Ecosystem,Ecosystem,other,,https://event-engine-prod-media.s3.ap-south-1.amazonaws.com/uploads/ec384480-6652-4161-a0b0-d1f6ddd1db57-FinStep-Asia.png,,,,,,,,,,,,,,,,,,,,low,,,,,,,,https://www.globalfintechfest.com/partners,2026-08-12T12:50:34Z,2026-08-12T13:58:49Z,active,false,2026,6a7c769516afc6a8747c9cda
FinTech Armenia,,fintech-armenia,Ecosystem,Ecosystem,infra,,https://event-engine-prod-media.s3.ap-south-1.amazonaws.com/uploads/a50f871c-1374-42dd-9846-09d8a8ce0622-FinTechArmenia.png,,,,,,,,,,,,,,,,,,,,medium,,,,,,,,https://www.globalfintechfest.com/partners,2026-08-12T12:50:34Z,2026-08-12T13:58:49Z,active,false,2026,6a7c769516afc6a8747c9cdb
Fintoo,,fintoo,Exhibitor,Exhibitors,other,https://www.fintoo.in/,https://event-engine-prod-media.s3.ap-south-1.amazonaws.com/uploads/ef1050ae-346a-4d1a-9ea2-edaa96a70e08-fintoo-website-logo.png,"Fintoo is an online platform providing solutions for all your Financial planning, Tax planning goals with AI-powered advisory in India",apify:apify/website-content-crawler,meta-description,https://www.fintoo.in/,2026-08-12T13:30:52Z,,,AI and automation,phrase-match:whatTheyDo,apify:apify/website-content-crawler,2026-08-12T13:32:27Z,,,,,,,,,medium,,,,,,,,https://www.globalfintechfest.com/partners,2026-08-12T12:50:34Z,2026-08-12T13:58:49Z,active,false,2026,6a7c769516afc6a8747c9cdc
Fintree Finance Pvt. Ltd.,,fintree-finance-pvt-ltd,Exhibitor,Exhibitors,lending,https://fintreefinance.com/,https://event-engine-prod-media.s3.ap-south-1.amazonaws.com/uploads/5739d42d-e073-4925-824c-eb40b54e8984-fintree-finance-pvt.-ltd.-website-logo.png,Fintree Finance Pvt. Ltd. is an Impact Lender based out of Mumbai & is backed by the veterans from Banking & Fintech Industry.,apify:apify/website-content-crawler,homepage-body-text,https://fintreefinance.com/,2026-08-12T13:30:52Z,,,,,,,,,,,,,,,medium,,,,,,,,https://www.globalfintechfest.com/partners,2026-08-12T12:50:34Z,2026-08-12T13:58:49Z,active,false,2026,6a7c769516afc6a8747c9cdd
Firsthive,,firsthive,Silver Partner,Partners,other,https://firsthive.com/,https://event-engine-prod-media.s3.ap-south-1.amazonaws.com/uploads/00cb8667-52f8-4ad1-a205-39c84df3abfa-firsthive-website-logo.png,"AI-powered CDP and decisioning engine that unifies customer data into a real-time, context-enriched plane and turns every signal into revenue.",direct-meta-description,,https://firsthive.com/,earlier-in-this-session,,our own fetch of the company's homepage <meta> tag,AI and automation,phrase-match:whatTheyDo,direct-meta-description,,,derived by literal phrase match against this record whatTheyDo text,,,,,,,medium,,,,,,,,https://www.globalfintechfest.com/partners,2026-08-12T12:50:34Z,2026-08-12T13:58:49Z,active,false,2026,6a7c769516afc6a8747c9cde
FIS,,fis,Exhibitor,Exhibitors,other,https://www.fisglobal.com/,https://event-engine-prod-media.s3.ap-south-1.amazonaws.com/uploads/87772a44-ee7e-4e19-8fe3-6ad382bf4a91-fis-website-logo.png,"FIS is fintech for bold ideas. FIS is behind the financial technology that transforms how we live, work and play.",apify:apify/website-content-crawler,meta-description,https://www.fisglobal.com/,2026-08-12T13:30:52Z,,,,,,,,,,,,,,,medium,,,,,,,,https://www.globalfintechfest.com/partners,2026-08-12T12:50:34Z,2026-08-12T13:58:49Z,active,false,2026,6a7c769516afc6a8747c9cdf
Fundamento,,fundamento,Silver Partner,Partners,other,https://fundamento.ai/,https://event-engine-prod-media.s3.ap-south-1.amazonaws.com/uploads/99520bad-c4a2-40ad-b211-9dd726ac1142-Fundamento.png,AI agents that drive business outcomes for financial institutions,apify:apify/website-content-crawler,homepage-body-text,https://fundamento.ai/,2026-08-12T13:30:52Z,,,AI and automation,phrase-match:whatTheyDo,apify:apify/website-content-crawler,2026-08-12T13:32:27Z,,,,,,,,,medium,,,,,,,,https://www.globalfintechfest.com/partners,2026-08-12T12:50:34Z,2026-08-12T13:58:49Z,active,false,2026,6a7c769516afc6a8747c9ce0
Fyno,,fyno,Exhibitor,Exhibitors,other,https://fyno.io/,https://event-engine-prod-media.s3.ap-south-1.amazonaws.com/uploads/2186b824-7af2-4a9e-a31a-5e84f20ecd29-Fyno.png,"Fyno is the Communication Orchestration Platform for BFSI. Route, govern, and prove every message across every vendor, without replacing your existing stack.",direct-meta-description,,https://fyno.io/,earlier-in-this-session,,our own fetch of the company's homepage <meta> tag,,,,,,,,,,,,,medium,,,,,,,,https://www.globalfintechfest.com/partners,2026-08-12T12:50:34Z,2026-08-12T13:58:49Z,active,false,2026,6a7c769516afc6a8747c9ce1
GeekyAnts,,geekyants,Bronze Partner,Partners,other,https://geekyants.com/en-in,https://event-engine-prod-media.s3.ap-south-1.amazonaws.com/uploads/4560ad7c-373c-4e2f-aebc-3d166660ffff-GeekyAnts.png,"GeekyAnts is an AI-powered digital product engineering and consulting company helping Indian businesses build, modernize, and scale production-grade products, platforms, and intelligent systems.",direct-meta-description,,https://geekyants.com/en-in,earlier-in-this-session,,our own fetch of the company's homepage <meta> tag,AI and automation,phrase-match:whatTheyDo,direct-meta-description,,,derived by literal phrase match against this record whatTheyDo text,,,,,,,medium,,,,,,,,https://www.globalfintechfest.com/partners,2026-08-12T12:50:34Z,2026-08-12T13:58:49Z,active,false,2026,6a7c769516afc6a8747c9ce2
GEMCARDS,,gemcards,Exhibitor,Exhibitors,other,https://geminisoftware.com/,https://event-engine-prod-media.s3.ap-south-1.amazonaws.com/uploads/f7634bcf-ff47-409e-a7c1-42896decc8b7-GEMCARDS.png,"IT company in Technopark, Kerala, India, Customized solutions across Maritime, Logistics, Warehouse, cards, Travel, BFSI, ERP, Cloud, and Software Development.",direct-meta-description,,https://geminisoftware.com/,earlier-in-this-session,,our own fetch of the company's homepage <meta> tag,cloud infrastructure,phrase-match:whatTheyDo,direct-meta-description,,,derived by literal phrase match against this record whatTheyDo text,,,,,,,medium,,,,,,,,https://www.globalfintechfest.com/partners,2026-08-12T12:50:34Z,2026-08-12T13:58:49Z,active,false,2026,6a7c769516afc6a8747c9ce3
Getepay,,getepay,Omni-Channel Payments Partner,Partners,payments,http://www.getepay.in/,https://event-engine-prod-media.s3.ap-south-1.amazonaws.com/uploads/0631e99e-0e1f-4a97-9df1-9dd7207ffd03-GetePay.png,,unsourced,,,,scratch-2,"written by another worker with no provenance; the cited page supplies logos/names/tiers only and cannot be the origin of this prose, so it is treated as unverified",,unsourced,,,scratch-2,"written by another worker with no provenance; the cited page supplies logos/names/tiers only and cannot be the origin of this prose, so it is treated as unverified","Indian payments provider offering omni-channel merchant acceptance across UPI, cards, netbanking, QR and payment links.",UPI and QR merchant collections;Payment links for remote invoicing;Omni-channel online and offline acceptance;Merchant settlement and reporting,unsourced,low,scratch-2,"written by another worker with no provenance; the cited page supplies logos/names/tiers only and cannot be the origin of this prose, so it is treated as unverified",low,0.6,normalised-from-numeric,0.6,"high>=0.80, medium>=0.50, else low","original float preserved in confidenceScore; value written by another worker, mapped not discarded",gff-cms-partner-listing,https://www.globalfintechfest.com/partners,https://www.globalfintechfest.com/partners,2026-08-12T00:00:00Z,2026-08-12T13:58:49Z,active,,2026,6a7c6b77b652fb8e4842f370
Gift City,,gift-city,Exhibitor,Exhibitors,other,https://giftgujarat.in/,https://event-engine-prod-media.s3.ap-south-1.amazonaws.com/uploads/cdadd203-1f46-44ea-b042-e1a0d8a8a121-gift-city-website-logo.png,"Discover GIFT City - India’s first International Financial Services Centre (IFSC), a global finance hub, and a platinum-rated Greenfield Smart City.",direct-meta-description,,https://giftgujarat.in/,earlier-in-this-session,,our own fetch of the company's homepage <meta> tag,,,,,,,,,,,,,medium,,,,,,,,https://www.globalfintechfest.com/partners,2026-08-12T12:50:34Z,2026-08-12T13:58:49Z,active,false,2026,6a7c769516afc6a8747c9ce4
GLEIF,,gleif,Ecosystem,Ecosystem,regtech,,https://event-engine-prod-media.s3.ap-south-1.amazonaws.com/uploads/079034ed-5004-45d4-b7bc-8907eb69ec4a-GLEIF.png,"Global Legal Entity Identifier Foundation, the body overseeing the LEI system for identifying legal entities in financial transactions.",curated-public-facts,,,2026-08-12T13:32:27Z,,"stable public fact about what the organisation is; no GFF-2026 claims, no time-sensitive detail",identity verification,curated-public-facts,,2026-08-12T13:32:27Z,,,,,,,,,high,,,,,,,,https://www.globalfintechfest.com/partners,2026-08-12T12:50:34Z,2026-08-12T13:58:49Z,active,false,2026,6a7c769516afc6a8747c9ce5
Gnani.ai,,gnani-ai,Bronze Partner,Partners,ai,https://www.gnani.ai/,https://event-engine-prod-media.s3.ap-south-1.amazonaws.com/uploads/778d3b8d-4a8b-424d-8509-591e5b7dacd1-Gnaniai.png,"Voice AI built for real-world enterprise scale. ASR, TTS, voice agents, speech analytics, and voice biometrics across 40+ languages. Trusted by 200+ global enterprises.",direct-meta-description,,https://www.gnani.ai/,earlier-in-this-session,,our own fetch of the company's homepage <meta> tag,analytics and reporting;AI and automation,phrase-match:whatTheyDo,,,,,"Conversational AI company providing multilingual speech and voice bots for customer service, collections and verification.",Voice bots for loan collections;Multilingual customer service automation;Voice biometrics for authentication;Agent assist and call analytics,unsourced,low,scratch-2,"written by another worker with no provenance; the cited page supplies logos/names/tiers only and cannot be the origin of this prose, so it is treated as unverified",medium,0.65,normalised-from-numeric,0.65,"high>=0.80, medium>=0.50, else low","original float preserved in confidenceScore; value written by another worker, mapped not discarded",gff-cms-partner-listing,https://www.globalfintechfest.com/partners,https://www.globalfintechfest.com/partners,2026-08-12T00:00:00Z,2026-08-12T13:58:49Z,active,,2026,6a7c6c0fb652fb8e4842f3a4
Google Pay,,google-pay,Co-Powered By,Partners,payments,https://pay.google.com/intl/en_us/about/,https://event-engine-prod-media.s3.ap-south-1.amazonaws.com/uploads/040592d0-eef4-4a98-96af-19d9df3ffca3-google-pay.png,Digital payments app,curated-public-facts,,,earlier-in-this-session,,,UPI payments;peer-to-peer transfers,phrase-match:whatTheyDo,,,,,"Google's consumer payments app, one of the largest UPI apps in India by transaction volume. Enables peer-to-peer transfers, merchant QR payments and bill pay.",UPI peer-to-peer money transfer;Merchant QR code acceptance;Utility and bill payments;Tokenised card payments in-app,unsourced,low,scratch-2,"written by another worker with no provenance; the cited page supplies logos/names/tiers only and cannot be the origin of this prose, so it is treated as unverified",high,0.75,normalised-from-numeric,0.75,"high>=0.80, medium>=0.50, else low","original float preserved in confidenceScore; value written by another worker, mapped not discarded",gff-cms-partner-listing,https://www.globalfintechfest.com/partners,https://www.globalfintechfest.com/partners,2026-08-12T00:00:00Z,2026-08-12T13:58:49Z,active,,2026,6a7c6b77b652fb8e4842f353
Gridlines by OnGrid,,gridlines-by-ongrid,Exhibitor,Exhibitors,other,http://gridlines.io,https://event-engine-prod-media.s3.ap-south-1.amazonaws.com/uploads/3acde521-de8d-4be1-8746-c6d319274d06-Gridlines.png,"Digital onboarding platform for customer verification, Video KYC, eSign, fraud detection, and identity workflows.",direct-meta-description,,http://gridlines.io,earlier-in-this-session,,our own fetch of the company's homepage <meta> tag,KYC and onboarding;identity verification;fraud prevention,phrase-match:whatTheyDo,direct-meta-description,,,derived by literal phrase match against this record whatTheyDo text,,,,,,,medium,,,,,,,,https://www.globalfintechfest.com/partners,2026-08-12T12:50:34Z,2026-08-12T13:58:49Z,active,false,2026,6a7c769516afc6a8747c9ce6
HDFC,HDFC Bank,hdfc,Brought To You By,Partners,other,https://www.hdfc.bank.in/,https://event-engine-prod-media.s3.ap-south-1.amazonaws.com/uploads/47e5cb40-359a-4897-9e51-b2c1cf416762-HDFC.png,"HDFC Bank, India's leading private sector bank, offers Online NetBanking & Personal Banking Services like Accounts & Deposits, Cards, Loans, & Investment.",direct-meta-description,,https://www.hdfc.bank.in/,earlier-in-this-session,,our own fetch of the company's homepage <meta> tag,digital lending;wealth management,phrase-match:whatTheyDo,,,,,"India's largest private sector bank by assets, offering retail and corporate banking, cards and digital banking services.",Retail current and savings accounts;Credit card issuance and acquiring;Corporate and SME lending;Digital banking and API banking for fintechs,unsourced,low,scratch-2,"written by another worker with no provenance; the cited page supplies logos/names/tiers only and cannot be the origin of this prose, so it is treated as unverified",medium,,,,,,,,https://www.globalfintechfest.com/partners,2026-08-12T12:50:34Z,2026-08-12T13:58:49Z,active,false,2026,6a7c769516afc6a8747c9ce7
helo.ai,,helo-ai,Silver Partner,Partners,ai,https://helo.ai/,https://event-engine-prod-media.s3.ap-south-1.amazonaws.com/uploads/0f530e37-d4f3-4c45-be13-3dcfe7dba9ac-HELOAI.png,"Helo.ai is a trusted CPaaS platform offering WhatsApp Business API, SMS API, Voice API, Email API, RCS, chatbots, and omnichannel customer engagement.",direct-meta-description,,https://helo.ai/,earlier-in-this-session,,our own fetch of the company's homepage <meta> tag,customer communication;AI and automation;cloud infrastructure,phrase-match:whatTheyDo,direct-meta-description,,,derived by literal phrase match against this record whatTheyDo text,,,,,,,medium,,,,,,,,https://www.globalfintechfest.com/partners,2026-08-12T12:50:34Z,2026-08-12T13:58:49Z,active,false,2026,6a7c769516afc6a8747c9ce8
Heph,,heph,Exhibitor,Exhibitors,other,https://heph.in/,https://event-engine-prod-media.s3.ap-south-1.amazonaws.com/uploads/6b5f0d68-1b3c-4662-8a02-f391c6359728-Heph.png,Heph - India's Largest Insurance SAAS Platform,apify:apify/website-content-crawler,homepage-body-text,https://heph.in/,2026-08-12T13:30:52Z,,,insurance distribution;cloud infrastructure,phrase-match:whatTheyDo,apify:apify/website-content-crawler,2026-08-12T13:32:27Z,,,,,,,,,medium,,,,,,,,https://www.globalfintechfest.com/partners,2026-08-12T12:50:34Z,2026-08-12T13:58:49Z,active,false,2026,6a7c769516afc6a8747c9ce9
Hitachi Payments,Hitachi Payment Services,hitachi-payments,Bronze Partner,Partners,payments,https://www.hitachi-payments.com/,https://event-engine-prod-media.s3.ap-south-1.amazonaws.com/uploads/c0b6d8ab-2e30-4cee-be39-09f50cc68a2f-HITACHI.png,"In the fast changing world of money and banking, we empower Banks, Fintechs and Aggregators with innovative and end-to-end payment solutions that create customer delight, drive profitability and most importantly, bring payment services closer to people.",direct-meta-description,,https://www.hitachi-payments.com/,earlier-in-this-session,,our own fetch of the company's homepage <meta> tag,,unsourced,,,scratch-2,"written by another worker with no provenance; the cited page supplies logos/names/tiers only and cannot be the origin of this prose, so it is treated as unverified","Payment and cash services company operating ATMs, POS acquiring and digital payment infrastructure across India.",ATM deployment and managed services;POS acquiring for merchants;Cash management and currency logistics;UPI and digital payment processing,unsourced,low,scratch-2,"written by another worker with no provenance; the cited page supplies logos/names/tiers only and cannot be the origin of this prose, so it is treated as unverified",medium,,,,,,,,https://www.globalfintechfest.com/partners,2026-08-12T12:50:34Z,2026-08-12T13:58:49Z,active,false,2026,6a7c769516afc6a8747c9cea
HSBC,,hsbc,Innovation Leadership Partner,Partners,banking,https://www.hsbc.bank.in/,https://event-engine-prod-media.s3.ap-south-1.amazonaws.com/uploads/73cf095f-d799-4c43-ac3a-a57a711f544a-HSBC.png,Global bank,curated-public-facts,,,earlier-in-this-session,,,corporate banking;cross-border payments;trade finance,phrase-match:whatTheyDo,,,,,"Global banking and financial services group offering retail, commercial, and institutional banking with a large trade finance franchise.",Cross-border trade finance;Global transaction banking and cash management;Corporate FX and treasury services;Wealth and private banking,unsourced,low,scratch-2,"written by another worker with no provenance; the cited page supplies logos/names/tiers only and cannot be the origin of this prose, so it is treated as unverified",high,0.75,normalised-from-numeric,0.75,"high>=0.80, medium>=0.50, else low","original float preserved in confidenceScore; value written by another worker, mapped not discarded",gff-cms-partner-listing,https://www.globalfintechfest.com/partners,https://www.globalfintechfest.com/partners,2026-08-12T00:00:00Z,2026-08-12T13:58:49Z,active,,2026,6a7c6b77b652fb8e4842f365
HyperVerge,,hyperverge,Exhibitor,Exhibitors,other,https://hyperverge.co/in/,https://event-engine-prod-media.s3.ap-south-1.amazonaws.com/uploads/f1caaeff-0af2-4182-94b0-ea35023962af-HyperVerge.png,"Built for banks, NBFCs & fintechs. RBI-compliant KYC, AML checks, deepfake detection & fraud prevention at scale. 2B+ identities verified globally. Start today.",apify:apify/website-content-crawler,meta-description,https://hyperverge.co/in/,2026-08-12T13:30:52Z,,,KYC and onboarding;fraud prevention;AML and compliance,phrase-match:whatTheyDo,apify:apify/website-content-crawler,2026-08-12T13:32:27Z,,,,,,,,,medium,,,,,,,,https://www.globalfintechfest.com/partners,2026-08-12T12:50:34Z,2026-08-12T13:58:49Z,active,false,2026,6a7c769516afc6a8747c9ceb
IDA Ireland,,ida-ireland,Country Partner,Partners,other,https://www.idaireland.com/,https://event-engine-prod-media.s3.ap-south-1.amazonaws.com/uploads/a810d6d9-5e45-4768-ad30-71732d5617d5-IDAIreland.png,IDA Ireland is the foreign investment promotion agency that helps companies expand into Ireland and beyond. Looking to expand into Europe? Think IDA,apify:apify/website-content-crawler,meta-description,https://www.idaireland.com/,2026-08-12T13:30:52Z,,,wealth management,phrase-match:whatTheyDo,apify:apify/website-content-crawler,2026-08-12T13:32:27Z,,,"Ireland's inward investment promotion agency, supporting international financial services and fintech firms setting up operations in Ireland.",Supporting fintech expansion into Europe via Ireland;EU regulatory market entry advisory;Site selection and investment incentives;Connecting Indian fintechs to Irish partners,unsourced,low,scratch-2,"written by another worker with no provenance; the cited page supplies logos/names/tiers only and cannot be the origin of this prose, so it is treated as unverified",medium,0.7,normalised-from-numeric,0.7,"high>=0.80, medium>=0.50, else low","original float preserved in confidenceScore; value written by another worker, mapped not discarded",gff-cms-partner-listing,https://www.globalfintechfest.com/partners,https://www.globalfintechfest.com/partners,2026-08-12T00:00:00Z,2026-08-12T13:58:49Z,active,,2026,6a7c6c0fb652fb8e4842f3a2
Identy.io,,identy-io,Exhibitor,Exhibitors,other,https://www.identy.io/,https://event-engine-prod-media.s3.ap-south-1.amazonaws.com/uploads/7115f137-ae6e-48c6-83a2-cffccf93e54b-identy.io-website-logo.png,,,,,,,,,,,,,,,,,,,,low,,,,,,,,https://www.globalfintechfest.com/partners,2026-08-12T12:50:34Z,2026-08-12T13:58:49Z,active,false,2026,6a7c769516afc6a8747c9cec
iDreamBiz,,idreambiz,Exhibitor,Exhibitors,other,https://www.idreambiz.com/,https://event-engine-prod-media.s3.ap-south-1.amazonaws.com/uploads/47a59568-7b42-4d4b-bcb1-f2aa7cfeec9e-iDreamBiz.png,"An all-in-one platform for limitless business communication, seamless",apify:apify/website-content-crawler,homepage-body-text,https://www.idreambiz.com/,2026-08-12T13:30:52Z,,,,,,,,,,,,,,,medium,,,,,,,,https://www.globalfintechfest.com/partners,2026-08-12T12:50:34Z,2026-08-12T13:58:49Z,active,false,2026,6a7c769516afc6a8747c9ced
IFSCA,,ifsca,Exhibitor,Exhibitors,regtech,,https://event-engine-prod-media.s3.ap-south-1.amazonaws.com/uploads/d4328b18-63c9-4bed-bde9-a282690a8e63-ifsca-website-logo.png,"India's International Financial Services Centres Authority, the unified regulator for financial services in the country's IFSCs, including GIFT City.",curated-public-facts,,,2026-08-12T13:32:27Z,,"stable public fact about what the organisation is; no GFF-2026 claims, no time-sensitive detail",AML and compliance,curated-public-facts,,2026-08-12T13:32:27Z,,,,,,,,,high,,,,,,,,https://www.globalfintechfest.com/partners,2026-08-12T12:50:34Z,2026-08-12T13:58:49Z,active,false,2026,6a7c769516afc6a8747c9cee
Ignosis,,ignosis,Financial Intelligence Partner,Partners,infra,https://ignosis.ai,https://event-engine-prod-media.s3.ap-south-1.amazonaws.com/uploads/741b0fb0-178e-48f2-bbfc-559a908da6d0-Ignosis.png,"Transform financial data into actionable intelligence with Account Aggregator infrastructure, risk analytics, and agentic AI automation for BFSI.",apify:apify/website-content-crawler,meta-description,https://ignosis.ai/,2026-08-12T13:30:52Z,,,account aggregation;analytics and reporting;AI and automation;cloud infrastructure,phrase-match:whatTheyDo,apify:apify/website-content-crawler,2026-08-12T13:32:27Z,,,Financial data intelligence company that analyses Account Aggregator and transaction data to produce lending and risk insights.,Account Aggregator data analytics for lenders;Cash-flow based underwriting;Income verification from bank transactions;Early warning signals on borrower health,unsourced,low,scratch-2,"written by another worker with no provenance; the cited page supplies logos/names/tiers only and cannot be the origin of this prose, so it is treated as unverified",medium,0.65,normalised-from-numeric,0.65,"high>=0.80, medium>=0.50, else low","original float preserved in confidenceScore; value written by another worker, mapped not discarded",gff-cms-partner-listing,https://www.globalfintechfest.com/partners,https://www.globalfintechfest.com/partners,2026-08-12T00:00:00Z,2026-08-12T13:58:49Z,active,,2026,6a7c6b77b652fb8e4842f371
IIIT Bangalore,,iiit-bangalore,Ecosystem,Ecosystem,other,,https://event-engine-prod-media.s3.ap-south-1.amazonaws.com/uploads/5a228bd7-8c02-44bd-8102-a44ccb48bdbb-IIITBlogo1.jpg,,,,,,,,,,,,,,,,,,,,low,,,,,,,,https://www.globalfintechfest.com/partners,2026-08-12T12:50:34Z,2026-08-12T13:58:49Z,active,false,2026,6a7c769516afc6a8747c9cef
IIMA Ventures,,iima-ventures,Exhibitor,Exhibitors,other,www.iimaventures.com,https://event-engine-prod-media.s3.ap-south-1.amazonaws.com/uploads/917a4a63-7bc5-4599-ba22-f3ce8189c54b-IIMAVentures-01.png,"IIMA Ventures is a startup incubator established by IIM Ahmedabad. IIMA Ventures is providing startup funding, Startup Investment, startup capital, funding for startups",apify:apify/website-content-crawler,meta-description,https://www.iimaventures.com/,2026-08-12T13:30:52Z,,,wealth management,phrase-match:whatTheyDo,apify:apify/website-content-crawler,2026-08-12T13:32:27Z,,,,,,,,,medium,,,,,,,,https://www.globalfintechfest.com/partners,2026-08-12T12:50:34Z,2026-08-12T13:58:49Z,active,false,2026,6a7c769516afc6a8747c9cf0
In-Solutions Global,,in-solutions-global,Silver Partner,Partners,payments,https://insolutionsglobal.com/,https://event-engine-prod-media.s3.ap-south-1.amazonaws.com/uploads/c3706350-d964-4440-88b2-f1efe009fb8a-InSolutionsGlobal.png,"In-Solutions Global (ISG) is a leading payment solutions provider operating across India, Africa, the Middle East, APAC, and Southeast Asia. Founded in 2004, ISG has spent two decades driving innovation, staying ahead of regulatory and market demands, and building a robust business model that serves marquee clients worldwide.",direct-meta-description,,https://insolutionsglobal.com/,earlier-in-this-session,,our own fetch of the company's homepage <meta> tag,AML and compliance,phrase-match:whatTheyDo,direct-meta-description,2026-08-12T13:32:27Z,,,"Payment processing and switching company providing card management, ATM/POS switching and reconciliation services to banks.",ATM and POS transaction switching;Card management and issuing systems;Payment reconciliation and settlement;Fraud and risk monitoring for card issuers,unsourced,low,scratch-2,"written by another worker with no provenance; the cited page supplies logos/names/tiers only and cannot be the origin of this prose, so it is treated as unverified",medium,0.6,normalised-from-numeric,0.6,"high>=0.80, medium>=0.50, else low","original float preserved in confidenceScore; value written by another worker, mapped not discarded",gff-cms-partner-listing,https://www.globalfintechfest.com/partners,https://www.globalfintechfest.com/partners,2026-08-12T00:00:00Z,2026-08-12T13:58:49Z,active,,2026,6a7c6c0fb652fb8e4842f395
InCred,,incred,Exhibitor,Exhibitors,other,https://incred.com/,https://event-engine-prod-media.s3.ap-south-1.amazonaws.com/uploads/21a63194-4b81-4877-bc3a-df5a1876a1b7-Incred.png,"InCred Finance a new-age tech and analytics-driven NBFC. It offers Personal loans, Education Loans and Business.",direct-meta-description,,https://incred.com/,earlier-in-this-session,,our own fetch of the company's homepage <meta> tag,digital lending;analytics and reporting,phrase-match:whatTheyDo,direct-meta-description,,,derived by literal phrase match against this record whatTheyDo text,,,,,,,medium,,,,,,,,https://www.globalfintechfest.com/partners,2026-08-12T12:50:34Z,2026-08-12T13:58:49Z,active,false,2026,6a7c769516afc6a8747c9cf1
IndiaBonds,,indiabonds,Bronze Partner,Partners,wealthtech,https://www.indiabonds.com/,https://event-engine-prod-media.s3.ap-south-1.amazonaws.com/uploads/267d8179-c372-4902-a485-ad95acb6dd38-IndiaBonds.png,"Invest in bonds online with IndiaBonds, a SEBI-registered online bond platform. Explore corporate, government, public issue & tax-free bonds for 9-12% fixed returns.",direct-meta-description,,https://www.indiabonds.com/,earlier-in-this-session,,our own fetch of the company's homepage <meta> tag,,unsourced,,,scratch-2,"written by another worker with no provenance; the cited page supplies logos/names/tiers only and cannot be the origin of this prose, so it is treated as unverified",Online bond investment platform giving retail and HNI investors access to corporate and government bonds in India.,Retail access to corporate bond investing;Government securities and T-bill purchase;Fixed income portfolio construction;Bond yield discovery and comparison,unsourced,low,scratch-2,"written by another worker with no provenance; the cited page supplies logos/names/tiers only and cannot be the origin of this prose, so it is treated as unverified",medium,0.65,normalised-from-numeric,0.65,"high>=0.80, medium>=0.50, else low","original float preserved in confidenceScore; value written by another worker, mapped not discarded",gff-cms-partner-listing,https://www.globalfintechfest.com/partners,https://www.globalfintechfest.com/partners,2026-08-12T00:00:00Z,2026-08-12T13:58:49Z,active,,2026,6a7c6c0fb652fb8e4842f3ab
Indian Bank,,indian-bank,Gold Partner,Partners,banking,https://indianbank.bank.in/en/,https://event-engine-prod-media.s3.ap-south-1.amazonaws.com/uploads/d866f1e3-453d-47a3-bca9-d621af08a4e1-IndianBank.png,"Indian Bank offers trusted financial services in India including personal loans, home loans, saving accounts, credit cards, and secure digital banking services.",apify:apify/website-content-crawler,meta-description,https://indianbank.bank.in/en/,2026-08-12T13:30:52Z,,,digital lending,phrase-match:whatTheyDo,apify:apify/website-content-crawler,2026-08-12T13:32:27Z,,,"Indian public sector bank offering retail, MSME, agricultural and corporate banking through a nationwide branch network.",MSME and agricultural lending;Retail deposits and loans;Government-sponsored scheme banking;Digital banking channels,unsourced,low,scratch-2,"written by another worker with no provenance; the cited page supplies logos/names/tiers only and cannot be the origin of this prose, so it is treated as unverified",medium,0.7,normalised-from-numeric,0.7,"high>=0.80, medium>=0.50, else low","original float preserved in confidenceScore; value written by another worker, mapped not discarded",gff-cms-partner-listing,https://www.globalfintechfest.com/partners,https://www.globalfintechfest.com/partners,2026-08-12T00:00:00Z,2026-08-12T13:58:49Z,active,,2026,6a7c6b77b652fb8e4842f37a
Indian Banks Association,,indian-banks-association,Exhibitor,Exhibitors,banking,https://www.iba.org.in/,https://event-engine-prod-media.s3.ap-south-1.amazonaws.com/uploads/d5c89f6b-be01-40d7-af7e-880b4f56a6d5-indian-banks-association-website-logo.png,,,,,,,,,,,,,,,,,,,,medium,,,,,,,,https://www.globalfintechfest.com/partners,2026-08-12T12:50:34Z,2026-08-12T13:58:49Z,active,false,2026,6a7c769516afc6a8747c9cf2
Indifly,,indifly,Bronze Partner,Partners,other,https://www.indiflyventures.com/,https://event-engine-prod-media.s3.ap-south-1.amazonaws.com/uploads/f0405c57-e364-42dc-b3f9-4c938bd76a25-indifly-website-logo.png,"Indifly Ventures partners with founders to build successful startups in fintech, e-commerce, and ed-tech across India.",direct-meta-description,,https://www.indiflyventures.com/,earlier-in-this-session,,our own fetch of the company's homepage <meta> tag,,,,,,,,,,,,,medium,,,,,,,,https://www.globalfintechfest.com/partners,2026-08-12T12:50:34Z,2026-08-12T13:58:49Z,active,false,2026,6a7c769516afc6a8747c9cf3
Infibeam Avenues,,infibeam-avenues,Exhibitor,Exhibitors,other,https://www.avenuesai.com/,https://event-engine-prod-media.s3.ap-south-1.amazonaws.com/uploads/ff04419b-d2ef-4868-8c68-dc7f0f0c5cc2-InfibeamAvenues.png,"We are an Indian multinational Financial Technology Company that offers integrated & scalable digital platforms consisting of Digital Payment Solution under the brand name CCAvenue and Enterprise Software solutions under the brand name BuildaBazaar. We are the only listed home-grown, bootstrapped, and profitable Fintech conglomerate having a comprehensive Fintech portfolio.",apify:apify/website-content-crawler,homepage-body-text,https://www.avenuesai.com/,2026-08-12T13:30:52Z,,,wealth management,phrase-match:whatTheyDo,apify:apify/website-content-crawler,2026-08-12T13:32:27Z,,,,,,,,,medium,,,,,,,,https://www.globalfintechfest.com/partners,2026-08-12T12:50:34Z,2026-08-12T13:58:49Z,active,false,2026,6a7c769516afc6a8747c9cf4
InstantPay,,instantpay,Exhibitor,Exhibitors,payments,https://www.instantpay.in/,https://event-engine-prod-media.s3.ap-south-1.amazonaws.com/uploads/d194cfa1-9323-4d9d-a023-642ab9f47d8c-InstantPay.png,"Instantpay is a provider of payment solutions for businesses. Send payouts, manage accounts, verify identities, and automate transactions securely on one platform.",direct-meta-description,,https://www.instantpay.in/,earlier-in-this-session,,our own fetch of the company's homepage <meta> tag,payouts,phrase-match:whatTheyDo,direct-meta-description,,,derived by literal phrase match against this record whatTheyDo text,,,,,,,medium,,,,,,,,https://www.globalfintechfest.com/partners,2026-08-12T12:50:34Z,2026-08-12T13:58:49Z,active,false,2026,6a7c769516afc6a8747c9cf5
InsureMO,,insuremo,Exhibitor,Exhibitors,insurtech,https://insuremo.com/,https://event-engine-prod-media.s3.ap-south-1.amazonaws.com/uploads/609b969b-9715-46b5-9875-0020681ebb18-InsureMo.png,"insureMO is the insurance Middle Office platform — 17,500+ products, 2,500+ atomic APIs, 50+ countries, processing USD 25B+ GWP annually for insurers globally.",direct-meta-description,,https://insuremo.com/,earlier-in-this-session,,our own fetch of the company's homepage <meta> tag,insurance distribution;cloud infrastructure,phrase-match:whatTheyDo,direct-meta-description,,,derived by literal phrase match against this record whatTheyDo text,,,,,,,medium,,,,,,,,https://www.globalfintechfest.com/partners,2026-08-12T12:50:34Z,2026-08-12T13:58:49Z,active,false,2026,6a7c769516afc6a8747c9cf6
Int Global,,int-global,Exhibitor,Exhibitors,other,https://intglobal.com/,https://event-engine-prod-media.s3.ap-south-1.amazonaws.com/uploads/2503ec64-f8d5-4d24-aaa2-831dee0ea0f8-int-global-website-logo.png,"INT Global delivers digital transformation, cloud, and analytics solutions that help businesses scale, innovate, and achieve sustainable growth.",direct-meta-description,,https://intglobal.com/,earlier-in-this-session,,our own fetch of the company's homepage <meta> tag,analytics and reporting;cloud infrastructure,phrase-match:whatTheyDo,direct-meta-description,,,derived by literal phrase match against this record whatTheyDo text,,,,,,,medium,,,,,,,,https://www.globalfintechfest.com/partners,2026-08-12T12:50:34Z,2026-08-12T13:58:49Z,active,false,2026,6a7c769516afc6a8747c9cf7
Integra Micro,,integra-micro,Bronze Partner,Partners,other,https://integramicro.com/en/,https://event-engine-prod-media.s3.ap-south-1.amazonaws.com/uploads/97e62ea8-8732-4a7b-bceb-e7f3e5a7a138-Integramicro.png,"Integra stands at the intersection of TechFin and FinTech, enabling secure digital identities, resilient payment systems, and last-mile financial services — making digital transformation real for millions.",apify:apify/website-content-crawler,homepage-body-text,https://integramicro.com/en/,2026-08-12T13:30:52Z,,,,,,,,,,,,,,,medium,,,,,,,,https://www.globalfintechfest.com/partners,2026-08-12T12:50:34Z,2026-08-12T13:58:49Z,active,false,2026,6a7c769516afc6a8747c9cf8
Intellect Design Arena Ltd,Intellect Design Arena,intellect-design-arena-ltd,Session Partner,Partners,other,https://www.intellectdesign.com/,https://event-engine-prod-media.s3.ap-south-1.amazonaws.com/uploads/a6ce3f03-1df5-4579-9049-f470ec005460-IntellectDesign.png,"Explore Intellect Design’s eMACH.ai platform for composable banking, AI-led fintech products, open APIs and digital finance transformation. Build what’s next.",apify:apify/website-content-crawler,meta-description,https://www.intellectdesign.com/,2026-08-12T13:30:52Z,,,AI and automation;cloud infrastructure,phrase-match:whatTheyDo,apify:apify/website-content-crawler,2026-08-12T13:32:27Z,,,"Enterprise fintech software product company supplying core banking, transaction banking, lending and insurance platforms to global banks.",Core banking platform modernisation;Corporate transaction banking suites;Digital lending origination systems;Treasury and capital markets software,unsourced,low,scratch-2,"written by another worker with no provenance; the cited page supplies logos/names/tiers only and cannot be the origin of this prose, so it is treated as unverified",medium,,,,,,,,https://www.globalfintechfest.com/partners,2026-08-12T12:50:34Z,2026-08-12T13:58:49Z,active,false,2026,6a7c769516afc6a8747c9cf9
Interestng,,interestng,Exhibitor,Exhibitors,other,https://interestng.com,https://event-engine-prod-media.s3.ap-south-1.amazonaws.com/uploads/b15abfb5-fff9-4aca-aabd-baaa1982c4c6-interestng-website-logo.png,Compare loans from 60+ banks & NBFCs. AI-powered loan comparison with real-time rates. Join 500+ DSA agents earning high commissions. Free EMI calculator & instant eligibility check.,direct-meta-description,,https://interestng.com,earlier-in-this-session,,our own fetch of the company's homepage <meta> tag,digital lending;AI and automation,phrase-match:whatTheyDo,direct-meta-description,,,derived by literal phrase match against this record whatTheyDo text,,,,,,,medium,,,,,,,,https://www.globalfintechfest.com/partners,2026-08-12T12:50:34Z,2026-08-12T13:58:49Z,active,false,2026,6a7c769516afc6a8747c9cfa
Invincible Ocean,,invincible-ocean,Exhibitor,Exhibitors,other,https://invincibleintelligence.ai/,https://event-engine-prod-media.s3.ap-south-1.amazonaws.com/uploads/23b9cbb3-e4e7-4518-b550-6c1792360645-invincible-ocean-website-logo.png,"Invincible Clients https://youtu.be/1PgFXcvR6Hg?si=fP-ZDhiYuuzJaizV Know More about Invincible About us Resources Roboi Contact us Intelligent Digital Economy Enterprise-Grade AI Products on Proprietary Blockchain Infrastructure 1. Cloudtuner.aiCut Cloud Bills by 80% Know more 2. Motointel.aiAI Powered Intelligence for Automotive Know more 3. RoboiFrom CCTV to Drones, Intelligence at the Edge know",direct-meta-description,,https://invincibleintelligence.ai/,earlier-in-this-session,,our own fetch of the company's homepage <meta> tag,AI and automation;cloud infrastructure;blockchain and tokenisation,phrase-match:whatTheyDo,direct-meta-description,,,derived by literal phrase match against this record whatTheyDo text,,,,,,,medium,,,,,,,,https://www.globalfintechfest.com/partners,2026-08-12T12:50:34Z,2026-08-12T13:58:49Z,active,false,2026,6a7c769516afc6a8747c9cfb
IppoPay,,ippopay,Bronze Partner,Partners,payments,https://www.ippopay.com/,https://event-engine-prod-media.s3.ap-south-1.amazonaws.com/uploads/a349fcc8-fd20-4367-98c3-bd1a7bc74657-Ippopay.png,,unsourced,,,,scratch-2,"written by another worker with no provenance; the cited page supplies logos/names/tiers only and cannot be the origin of this prose, so it is treated as unverified",,unsourced,,,scratch-2,"written by another worker with no provenance; the cited page supplies logos/names/tiers only and cannot be the origin of this prose, so it is treated as unverified","Indian payments company offering payment gateway, soundbox devices, payouts and business banking tools for small merchants.",Payment gateway for small businesses;UPI soundbox for merchant confirmations;Vendor payouts and settlements;Invoicing and payment links,unsourced,low,scratch-2,"written by another worker with no provenance; the cited page supplies logos/names/tiers only and cannot be the origin of this prose, so it is treated as unverified",low,0.6,normalised-from-numeric,0.6,"high>=0.80, medium>=0.50, else low","original float preserved in confidenceScore; value written by another worker, mapped not discarded",gff-cms-partner-listing,https://www.globalfintechfest.com/partners,https://www.globalfintechfest.com/partners,2026-08-12T00:00:00Z,2026-08-12T13:58:49Z,active,,2026,6a7c6c0fb652fb8e4842f3b7
IserveU,,iserveu,Silver Partner,Partners,infra,https://iserveu.in/,https://event-engine-prod-media.s3.ap-south-1.amazonaws.com/uploads/cb16790a-a4e4-4ca3-b1fa-1db5896e317b-IserveU.png,"iServeU delivers award winning banking infrastructure to Banks, Fintechs, NBFCs and other businesses across globe along with high transaction processing proficiencies.",direct-meta-description,,https://iserveu.in/,earlier-in-this-session,,our own fetch of the company's homepage <meta> tag,cloud infrastructure,phrase-match:whatTheyDo,,,,,"Banking-as-a-service infrastructure company enabling agent banking, AePS, and embedded banking rails for last-mile financial services.",AePS and micro-ATM cash withdrawal at retail points;Banking-as-a-service APIs for fintechs;Domestic money transfer through agents;Last-mile financial inclusion distribution,unsourced,low,scratch-2,"written by another worker with no provenance; the cited page supplies logos/names/tiers only and cannot be the origin of this prose, so it is treated as unverified",medium,0.6,normalised-from-numeric,0.6,"high>=0.80, medium>=0.50, else low","original float preserved in confidenceScore; value written by another worker, mapped not discarded",gff-cms-partner-listing,https://www.globalfintechfest.com/partners,https://www.globalfintechfest.com/partners,2026-08-12T00:00:00Z,2026-08-12T13:58:49Z,active,,2026,6a7c6c0fb652fb8e4842f398
ITEL,,itel,Ecosystem,Ecosystem,other,,https://event-engine-prod-media.s3.ap-south-1.amazonaws.com/uploads/e2b778e7-119a-49c2-985b-a833cc3a75cd-ITEL.png,,,,,,,,,,,,,,,,,,,,low,,,,,,,,https://www.globalfintechfest.com/partners,2026-08-12T12:50:34Z,2026-08-12T13:58:49Z,active,false,2026,6a7c769516afc6a8747c9cfd
ITRS,,itrs,Exhibitor,Exhibitors,other,https://www.itrsgroup.com/,https://event-engine-prod-media.s3.ap-south-1.amazonaws.com/uploads/af78782c-7d95-442d-8ab9-9f5e63dd801d-ITRS.png,Solutions for the most demanding environments on the planet,direct-meta-description,,https://www.itrsgroup.com/,earlier-in-this-session,,our own fetch of the company's homepage <meta> tag,,,,,,,,,,,,,medium,,,,,,,,https://www.globalfintechfest.com/partners,2026-08-12T12:50:34Z,2026-08-12T13:58:49Z,active,false,2026,6a7c769516afc6a8747c9cfe
J.P. Morgan,,j-p-morgan,Gold Partner,Partners,banking,https://www.jpmorgan.com/IN/en/about-us,https://event-engine-prod-media.s3.ap-south-1.amazonaws.com/uploads/0e40762d-e3c6-4d63-8c69-ae3119e18be9-JPMorgan.png,We strive to provide outstanding service at every interaction with the Bank. Every customer grievance is an opportunity to provide commitment to service excellence and need for addressing customer complaints promptly and fairly through a robust and efficient complaint resolution process.,apify:apify/website-content-crawler,homepage-body-text,https://www.jpmorgan.com/IN/en/about-us,2026-08-12T13:30:52Z,,,,unsourced,,,scratch-2,"written by another worker with no provenance; the cited page supplies logos/names/tiers only and cannot be the origin of this prose, so it is treated as unverified","Global investment bank and financial services firm providing payments, markets, securities services and corporate banking worldwide.",Global wholesale payments and clearing;Corporate treasury services;Securities services and custody;Blockchain-based settlement for institutions,unsourced,low,scratch-2,"written by another worker with no provenance; the cited page supplies logos/names/tiers only and cannot be the origin of this prose, so it is treated as unverified",medium,0.75,normalised-from-numeric,0.75,"high>=0.80, medium>=0.50, else low","original float preserved in confidenceScore; value written by another worker, mapped not discarded",gff-cms-partner-listing,https://www.globalfintechfest.com/partners,https://www.globalfintechfest.com/partners,2026-08-12T00:00:00Z,2026-08-12T13:58:49Z,active,,2026,6a7c6c0fb652fb8e4842f38d
JCB International Co. Ltd.,JCB International,jcb-international-co-ltd,Bronze Partner,Partners,other,https://www.in.jcb/en-in/,https://event-engine-prod-media.s3.ap-south-1.amazonaws.com/uploads/70ea881b-8d3d-4e5f-abdb-4cd9a27f65f3-JCBCards.png,"This is the website for JCB, Japan",direct-meta-description,,https://www.in.jcb/en-in/,earlier-in-this-session,,our own fetch of the company's homepage <meta> tag,,unsourced,,,scratch-2,"written by another worker with no provenance; the cited page supplies logos/names/tiers only and cannot be the origin of this prose, so it is treated as unverified","Japanese international card payment network and issuer, providing card acceptance and issuing partnerships across Asia and globally.",International card acceptance for merchants;Co-branded card issuance with local banks;Cross-border travel payments;Merchant network expansion in Asia,unsourced,low,scratch-2,"written by another worker with no provenance; the cited page supplies logos/names/tiers only and cannot be the origin of this prose, so it is treated as unverified",medium,,,,,,,,https://www.globalfintechfest.com/partners,2026-08-12T12:50:34Z,2026-08-12T13:58:49Z,active,false,2026,6a7c769516afc6a8747c9cff
Jio Financial Services Limited,Jio Financial Services,jio-financial-services-limited,Gold Partner,Partners,other,https://www.jiofinance.in/,https://event-engine-prod-media.s3.ap-south-1.amazonaws.com/uploads/d04a1160-3507-4a56-88e8-ba67a7285e79-JIOfinance.png,"Get instant credit cards, personal loans, high-yield FDs & 24K digital gold. File taxes & manage all your finances on the JioFinance today!",apify:apify/website-content-crawler,meta-description,https://www.jiofinance.in/,2026-08-12T13:30:52Z,,,digital lending,phrase-match:whatTheyDo,apify:apify/website-content-crawler,2026-08-12T13:32:27Z,,,"Financial services arm of Reliance offering digital lending, insurance broking, payments and asset management in India.",Digital consumer and merchant lending;Insurance distribution and broking;Payments bank and UPI services;Mutual fund and asset management,unsourced,low,scratch-2,"written by another worker with no provenance; the cited page supplies logos/names/tiers only and cannot be the origin of this prose, so it is treated as unverified",medium,,,,,,,,https://www.globalfintechfest.com/partners,2026-08-12T12:50:34Z,2026-08-12T13:58:49Z,active,false,2026,6a7c769516afc6a8747c9d00
Jocata,,jocata,Silver Partner,Partners,other,https://www.jocata.com/,https://event-engine-prod-media.s3.ap-south-1.amazonaws.com/uploads/2561dfbb-6d1f-4af4-b441-9a0ad0e5e791-jocata-website-logo.png,,,,,,,,,,,,,,,,,,,,low,,,,,,,,https://www.globalfintechfest.com/partners,2026-08-12T12:50:34Z,2026-08-12T13:58:49Z,active,false,2026,6a7c769516afc6a8747c9d01
Juspay,,juspay,Gold Partner,Partners,payments,https://juspay.io/in,https://event-engine-prod-media.s3.ap-south-1.amazonaws.com/uploads/772a70be-1337-44ff-bf2f-e172a0d7fd65-Juspay.png,"India's leading payment orchestration platform. Juspay powers billions of transactions with industry-high success rates, seamless UPI flows & fraud protection.",apify:apify/website-content-crawler,meta-description,https://juspay.io/in,2026-08-12T13:30:52Z,,,UPI payments;fraud prevention,phrase-match:whatTheyDo,apify:apify/website-content-crawler,2026-08-12T13:32:27Z,,,"Payments technology company providing checkout orchestration, payment routing and open-source payments infrastructure for large merchants and banks.",Checkout orchestration across payment providers;Smart routing to raise transaction success rates;UPI stack for banks and apps;Tokenisation and card vaulting,unsourced,low,scratch-2,"written by another worker with no provenance; the cited page supplies logos/names/tiers only and cannot be the origin of this prose, so it is treated as unverified",medium,0.75,normalised-from-numeric,0.75,"high>=0.80, medium>=0.50, else low","original float preserved in confidenceScore; value written by another worker, mapped not discarded",gff-cms-partner-listing,https://www.globalfintechfest.com/partners,https://www.globalfintechfest.com/partners,2026-08-12T00:00:00Z,2026-08-12T13:58:49Z,active,,2026,6a7c6b77b652fb8e4842f383
Karix,,karix,Digital Engagement Partner,Partners,infra,https://www.karix.com/,https://event-engine-prod-media.s3.ap-south-1.amazonaws.com/uploads/0d3e273a-a20c-4305-97cf-57daf0ce19bb-Karix-2026.png,"25 years of pioneering immersive customer experiences, 35% market share in India, among the world’s top three globally — a Tanla Platforms company.",direct-meta-description,,https://www.karix.com/,earlier-in-this-session,,our own fetch of the company's homepage <meta> tag,,unsourced,,,scratch-2,"written by another worker with no provenance; the cited page supplies logos/names/tiers only and cannot be the origin of this prose, so it is treated as unverified","CPaaS provider delivering SMS, WhatsApp, RCS and voice messaging APIs used by banks and fintechs for customer communication.",OTP and transaction alert delivery;WhatsApp banking and conversational support;Collections and payment reminder campaigns;Two-way customer engagement over RCS,unsourced,low,scratch-2,"written by another worker with no provenance; the cited page supplies logos/names/tiers only and cannot be the origin of this prose, so it is treated as unverified",medium,0.7,normalised-from-numeric,0.7,"high>=0.80, medium>=0.50, else low","original float preserved in confidenceScore; value written by another worker, mapped not discarded",gff-cms-partner-listing,https://www.globalfintechfest.com/partners,https://www.globalfintechfest.com/partners,2026-08-12T00:00:00Z,2026-08-12T13:58:49Z,active,,2026,6a7c6b77b652fb8e4842f362
Karta AI,,karta-ai,Exhibitor,Exhibitors,ai,https://getkarta.ai/,https://event-engine-prod-media.s3.ap-south-1.amazonaws.com/uploads/cf65b5aa-43b3-411a-a9bc-05f93aa3edc4-getkarta-website-logo.png,"Transform customer support with Karta AI - multilingual agents across chat, voice, WhatsApp & email to boost automation for the landing page",apify:apify/website-content-crawler,meta-description,https://getkarta.ai/,2026-08-12T13:30:52Z,,,customer communication;AI and automation,phrase-match:whatTheyDo,apify:apify/website-content-crawler,2026-08-12T13:32:27Z,,,,,,,,,medium,,,,,,,,https://www.globalfintechfest.com/partners,2026-08-12T12:50:34Z,2026-08-12T13:58:49Z,active,false,2026,6a7c769516afc6a8747c9d02
Kathmandu Fintel,,kathmandu-fintel,Ecosystem,Ecosystem,other,,https://event-engine-prod-media.s3.ap-south-1.amazonaws.com/uploads/720a3881-dbac-4b2d-bca6-29fa10151710-KF1.png,,,,,,,,,,,,,,,,,,,,low,,,,,,,,https://www.globalfintechfest.com/partners,2026-08-12T12:50:34Z,2026-08-12T13:58:49Z,active,false,2026,6a7c769516afc6a8747c9d03
KFin Technologies,,kfin-technologies,Exhibitor,Exhibitors,infra,https://www.kfintech.com/,https://event-engine-prod-media.s3.ap-south-1.amazonaws.com/uploads/4ac956a2-6df2-4cf1-92b0-97ffbab8f81d-KFintech.png,"KFintech is the largest RTA and a market leader in the financial sector. We specialize in Mutual Funds, Corporate Registry, NPS, and many more.",direct-meta-description,,https://www.kfintech.com/,earlier-in-this-session,,our own fetch of the company's homepage <meta> tag,wealth management,phrase-match:whatTheyDo,direct-meta-description,,,derived by literal phrase match against this record whatTheyDo text,,,,,,,medium,,,,,,,,https://www.globalfintechfest.com/partners,2026-08-12T12:50:34Z,2026-08-12T13:58:49Z,active,false,2026,6a7c769516afc6a8747c9d04
Kissht,,kissht,Silver Partner,Partners,lending,https://www.kissht.com/,https://event-engine-prod-media.s3.ap-south-1.amazonaws.com/uploads/bccd8071-08bb-4653-8360-18eff25fa27a-kissht-website-logo.png,"Get instant loan online from Kissht with easy online application, quick approval & attractive interest rates. Apply now & get your funds today!",apify:apify/website-content-crawler,meta-description,https://www.kissht.com/,2026-08-12T13:30:52Z,,,digital lending,phrase-match:whatTheyDo,apify:apify/website-content-crawler,2026-08-12T13:32:27Z,,,"Digital lending platform offering instant personal loans, EMI credit lines and point-of-sale consumer finance in India.",Instant digital personal loans;EMI financing at point of sale;Revolving consumer credit lines;Paperless loan origination and disbursal,unsourced,low,scratch-2,"written by another worker with no provenance; the cited page supplies logos/names/tiers only and cannot be the origin of this prose, so it is treated as unverified",medium,0.65,normalised-from-numeric,0.65,"high>=0.80, medium>=0.50, else low","original float preserved in confidenceScore; value written by another worker, mapped not discarded",gff-cms-partner-listing,https://www.globalfintechfest.com/partners,https://www.globalfintechfest.com/partners,2026-08-12T00:00:00Z,2026-08-12T13:58:49Z,active,,2026,6a7c6c0fb652fb8e4842f39e
Kiya.ai,,kiya-ai,Exhibitor,Exhibitors,ai,https://www.kiya.ai/,https://event-engine-prod-media.s3.ap-south-1.amazonaws.com/uploads/d381b69c-9bec-4290-a35c-31d3bab72866-Kiya.png,KiyaAI | AI-Powered Core Banking & RegTech Solutions for Financial Institutions,apify:apify/website-content-crawler,homepage-body-text,https://www.kiya.ai/,2026-08-12T13:30:52Z,,,core banking;AI and automation,phrase-match:whatTheyDo,apify:apify/website-content-crawler,2026-08-12T13:32:27Z,,,,,,,,,medium,,,,,,,,https://www.globalfintechfest.com/partners,2026-08-12T12:50:34Z,2026-08-12T13:58:49Z,active,false,2026,6a7c769516afc6a8747c9d05
Knight Fintech,,knight-fintech,Exhibitor,Exhibitors,infra,https://knightfintech.com/,https://event-engine-prod-media.s3.ap-south-1.amazonaws.com/uploads/9c9c20b6-50f1-423f-a0d2-5e53ae74b4c7-KnightFintech.png,"India's leading digital lending infrastructure platform. Powering 500+ financial institutions with co-lending, treasury management, and embedded finance solutions.",apify:apify/website-content-crawler,meta-description,https://knightfintech.com/,2026-08-12T13:30:52Z,,,digital lending;banking as a service;cloud infrastructure;treasury and cash management,phrase-match:whatTheyDo,apify:apify/website-content-crawler,2026-08-12T13:32:27Z,,,,,,,,,medium,,,,,,,,https://www.globalfintechfest.com/partners,2026-08-12T12:50:34Z,2026-08-12T13:58:49Z,active,false,2026,6a7c769516afc6a8747c9d06
KPMG,,kpmg,Supporter,Supporters,other,,https://event-engine-prod-media.s3.ap-south-1.amazonaws.com/uploads/822cbea9-2592-4097-a885-60c255320dc6-kpmg.webp,"KPMG, one of the large global professional services networks, providing audit, tax and advisory services.",curated-public-facts,,,2026-08-12T13:32:27Z,,"stable public fact about what the organisation is; no GFF-2026 claims, no time-sensitive detail",,,,,,,,,,,,,high,,,,,,,,https://www.globalfintechfest.com/partners,2026-08-12T12:50:34Z,2026-08-12T13:58:49Z,active,false,2026,6a7c769516afc6a8747c9d07
Kuster Engineering,,kuster-engineering,Exhibitor,Exhibitors,other,https://www.imuindia.com/,https://event-engine-prod-media.s3.ap-south-1.amazonaws.com/uploads/29bb8d05-cc41-4afd-85df-35d44b434eb1-kuster-engineering-website-logo.png,We have experienced that the most significant challenge that companies face when they outsource their key processes is in getting the outsourcing partners aligned to their goals and priorities.,apify:apify/website-content-crawler,homepage-body-text,https://www.imuindia.com/,2026-08-12T13:30:52Z,,,,,,,,,,,,,,,medium,,,,,,,,https://www.globalfintechfest.com/partners,2026-08-12T12:50:34Z,2026-08-12T13:58:49Z,active,false,2026,6a7c769516afc6a8747c9d08
Kyvos,,kyvos,Exhibitor,Exhibitors,other,https://www.intellicus.com/,https://event-engine-prod-media.s3.ap-south-1.amazonaws.com/uploads/9e25fb6e-1929-44d4-9d23-096fd7be6819-kyvos-website-logo.png,Accelerate your BI journey with Intellicus data engineering and analytics platform. Get end-to-end solution from data discovery to transformation to insights.,direct-meta-description,,https://www.intellicus.com/,earlier-in-this-session,,our own fetch of the company's homepage <meta> tag,analytics and reporting,phrase-match:whatTheyDo,direct-meta-description,,,derived by literal phrase match against this record whatTheyDo text,,,,,,,medium,,,,,,,,https://www.globalfintechfest.com/partners,2026-08-12T12:50:34Z,2026-08-12T13:58:49Z,active,false,2026,6a7c769516afc6a8747c9d09
Leadsquared,,leadsquared,Exhibitor,Exhibitors,other,https://www.leadsquared.com/,https://event-engine-prod-media.s3.ap-south-1.amazonaws.com/uploads/c7b0f304-59f7-4917-b9bb-399729614b07-leadsquare.png,"Accelerate revenue growth with a powerful CRM software built for sales, marketing, service & field teams. Improve customer acquisition, retention, & efficiency.",direct-meta-description,,https://www.leadsquared.com/,earlier-in-this-session,,our own fetch of the company's homepage <meta> tag,,,,,,,,,,,,,medium,,,,,,,,https://www.globalfintechfest.com/partners,2026-08-12T12:50:34Z,2026-08-12T13:58:49Z,active,false,2026,6a7c769516afc6a8747c9d0a
Leegality,,leegality,Exhibitor,Exhibitors,other,https://www.leegality.com/,https://event-engine-prod-media.s3.ap-south-1.amazonaws.com/uploads/3a242fde-fc0b-46de-8536-c233e1a22473-Leegality.png,"More than 5000 Indian businesses use Leegality to digitize their agreements and legal documents. eSign, eStamp, Document Automation, Document Security and more.",direct-meta-description,,https://www.leegality.com/,earlier-in-this-session,,our own fetch of the company's homepage <meta> tag,AI and automation;cybersecurity,phrase-match:whatTheyDo,direct-meta-description,,,derived by literal phrase match against this record whatTheyDo text,,,,,,,medium,,,,,,,,https://www.globalfintechfest.com/partners,2026-08-12T12:50:34Z,2026-08-12T13:58:49Z,active,false,2026,6a7c769516afc6a8747c9d0b
LEINow by Bundesanzeiger Verlag GmbH,,leinow-by-bundesanzeiger-verlag-gmbh,Silver Partner,Partners,other,https://www.bundesanzeiger-verlag.de/,https://event-engine-prod-media.s3.ap-south-1.amazonaws.com/uploads/8a6a2beb-e196-4713-bfaf-ff9f8c78e3cb-leinow-website-logo.png,Der Bundesanzeiger Verlag veröffentlich u.a. das Bundesgesetzblatt und den Bundesanzeiger. Lernen Sie alle Produkte und Plattformen kennen.,direct-meta-description,,https://www.bundesanzeiger-verlag.de/,earlier-in-this-session,,our own fetch of the company's homepage <meta> tag,,,,,,,,,,,,,medium,,,,,,,,https://www.globalfintechfest.com/partners,2026-08-12T12:50:34Z,2026-08-12T13:58:49Z,active,false,2026,6a7c769516afc6a8747c9d0c
Lemon Yellow,,lemon-yellow,Exhibitor,Exhibitors,other,https://lemonyellow.design/,https://event-engine-prod-media.s3.ap-south-1.amazonaws.com/uploads/4cafef8f-331f-4bee-9c2b-bf805eb5dc01-LemonYellow.png,"Lemon Yellow is a UI UX design agency creating human-first, AI-enhanced digital experiences. Transform your product design. Contact our team today.",direct-meta-description,,https://lemonyellow.design/,earlier-in-this-session,,our own fetch of the company's homepage <meta> tag,AI and automation,phrase-match:whatTheyDo,direct-meta-description,,,derived by literal phrase match against this record whatTheyDo text,,,,,,,medium,,,,,,,,https://www.globalfintechfest.com/partners,2026-08-12T12:50:34Z,2026-08-12T13:58:49Z,active,false,2026,6a7c769516afc6a8747c9d0d
LenDenClub,,lendenclub,Caffeine Partner,Partners,lending,https://www.lendenclub.com/,https://event-engine-prod-media.s3.ap-south-1.amazonaws.com/uploads/82dea3a8-8ff2-4247-8db4-c6f6c5b1a801-lendenclub-website-logo.png,"Lend money online on India's largest Peer to Peer Lending platform. RBI Registered NBFC-P2P. ₹20,000 Cr+ disbursed. Start with ₹25,000.",apify:apify/website-content-crawler,meta-description,https://www.lendenclub.com/,2026-08-12T13:30:52Z,,,digital lending,phrase-match:whatTheyDo,apify:apify/website-content-crawler,2026-08-12T13:32:27Z,,,Indian peer-to-peer lending platform matching retail lenders with borrowers for personal and short-term credit.,Peer-to-peer personal lending;Retail investor fixed-return lending products;Alternative credit access for thin-file borrowers;Diversified loan portfolio investing,unsourced,low,scratch-2,"written by another worker with no provenance; the cited page supplies logos/names/tiers only and cannot be the origin of this prose, so it is treated as unverified",medium,0.7,normalised-from-numeric,0.7,"high>=0.80, medium>=0.50, else low","original float preserved in confidenceScore; value written by another worker, mapped not discarded",gff-cms-partner-listing,https://www.globalfintechfest.com/partners,https://www.globalfintechfest.com/partners,2026-08-12T00:00:00Z,2026-08-12T13:58:49Z,active,,2026,6a7c6b77b652fb8e4842f374
Lexis Nexis Risk Solutions,,lexis-nexis-risk-solutions,Exhibitor,Exhibitors,regtech,https://risk.lexisnexis.com/global/en,https://event-engine-prod-media.s3.ap-south-1.amazonaws.com/uploads/87a41897-9d72-45c0-80e4-28cc348e5b14-LexisNexis-removebg-preview.png,"LexisNexis Risk Solutions uses Big Data, proprietary linking and targeted solutions to provide insights that help make organizations more secure and efficient.",direct-meta-description,,https://risk.lexisnexis.com/global/en,earlier-in-this-session,,our own fetch of the company's homepage <meta> tag,analytics and reporting,phrase-match:whatTheyDo,direct-meta-description,,,derived by literal phrase match against this record whatTheyDo text,,,,,,,medium,,,,,,,,https://www.globalfintechfest.com/partners,2026-08-12T12:50:34Z,2026-08-12T13:58:49Z,active,false,2026,6a7c769516afc6a8747c9d0e
Luxembourg House of Financial Technology,,luxembourg-house-of-financial-technology,Exhibitor,Exhibitors,infra,www.luxembourgforfinance.com,https://event-engine-prod-media.s3.ap-south-1.amazonaws.com/uploads/6e5741d3-92f3-4e81-8120-36a477ed37fb-LuxembourgHouseofFinancialTechnology.png,"Welcome to the website of Luxembourg for Finance, the Agency for the Development of the Financial Centre. Founded in 2008, its objective is to develop Luxembourg’s financial services industry and identify new business opportunities.",apify:apify/website-content-crawler,meta-description,https://www.luxembourgforfinance.com/,2026-08-12T13:30:52Z,,,,,,,,,,,,,,,medium,,,,,,,,https://www.globalfintechfest.com/partners,2026-08-12T12:50:34Z,2026-08-12T13:58:49Z,active,false,2026,6a7c769516afc6a8747c9d0f
LXME,,lxme,Exhibitor,Exhibitors,other,https://lxme.in/,https://event-engine-prod-media.s3.ap-south-1.amazonaws.com/uploads/a8057b3b-01a9-4fae-ba17-e1a38906d893-LXME.png,"Lxme is India's first investment app for women, built to simplify mutual funds, digital gold and everyday budgeting. Join thousands of women managing money on their own terms, backed by tools designed for real financial goals.",direct-meta-description,,https://lxme.in/,earlier-in-this-session,,our own fetch of the company's homepage <meta> tag,wealth management,phrase-match:whatTheyDo,direct-meta-description,,,derived by literal phrase match against this record whatTheyDo text,,,,,,,medium,,,,,,,,https://www.globalfintechfest.com/partners,2026-08-12T12:50:34Z,2026-08-12T13:58:49Z,active,false,2026,6a7c769516afc6a8747c9d10
Lyra,,lyra,Payment Enabler,Partners,payments,https://www.lyra.com/in/,https://event-engine-prod-media.s3.ap-south-1.amazonaws.com/uploads/2d03b0fc-9a7b-4b6d-9cc6-54946219c814-lyra-website-logo.png,Payment gateway and secure transaction provider,curated-public-facts,,,earlier-in-this-session,,,online payment gateway;payment security,phrase-match:whatTheyDo,,,,,"French payment technology group providing secure payment gateway, terminal and transaction routing infrastructure for merchants and banks.",Online payment gateway for merchants;In-store terminal payment processing;Secure transaction routing for banks;PCI-compliant payment data handling,unsourced,low,scratch-2,"written by another worker with no provenance; the cited page supplies logos/names/tiers only and cannot be the origin of this prose, so it is treated as unverified",high,0.7,normalised-from-numeric,0.7,"high>=0.80, medium>=0.50, else low","original float preserved in confidenceScore; value written by another worker, mapped not discarded",gff-cms-partner-listing,https://www.globalfintechfest.com/partners,https://www.globalfintechfest.com/partners,2026-08-12T00:00:00Z,2026-08-12T13:58:49Z,active,,2026,6a7c6b77b652fb8e4842f35e
M-tech Innovations,,m-tech-innovations,Bronze Partner,Partners,infra,https://m-techindia.com/,https://event-engine-prod-media.s3.ap-south-1.amazonaws.com/uploads/3dafa8c5-7da2-47ef-98ca-939143cc3890-m-tech-innovations--website-logo.png,"M-Tech Innovations provides smart cards, RFID solutions, automotive components, HMI systems, PU logos & secure ID solutions across India. Contact us today.",direct-meta-description,,https://m-techindia.com/,earlier-in-this-session,,our own fetch of the company's homepage <meta> tag,,,,,,,,,,,,,medium,,,,,,,,https://www.globalfintechfest.com/partners,2026-08-12T12:50:34Z,2026-08-12T13:58:49Z,active,false,2026,6a7c769516afc6a8747c9d11
Mantra Softech,,mantra-softech,Exhibitor,Exhibitors,infra,https://www.mantratec.com/,https://event-engine-prod-media.s3.ap-south-1.amazonaws.com/uploads/68400b1b-43ff-429c-9b5f-3f4f67ce1cd0-mantra-softech-website-logo.png,Mantra Softech India Pvt Ltd - India,direct-meta-description,,https://www.mantratec.com/,earlier-in-this-session,,our own fetch of the company's homepage <meta> tag,,,,,,,,,,,,,medium,,,,,,,,https://www.globalfintechfest.com/partners,2026-08-12T12:50:34Z,2026-08-12T13:58:49Z,active,false,2026,6a7c769516afc6a8747c9d12
MapmyIndia,,mapmyindia,Exhibitor,Exhibitors,other,https://www.mapmyindia.com/,https://event-engine-prod-media.s3.ap-south-1.amazonaws.com/uploads/b9afe119-c98c-42d5-bfd5-56b921a01a3e-mapmyindia-website-logo.png,"MapmyIndia provides revolutionary location-based products, solutions and services built on India’s best maps. MapmyIndia bringing deep tech to Maps, Location Intelligence & IoT",apify:apify/website-content-crawler,meta-description,https://www.mapmyindia.com/,2026-08-12T13:30:52Z,,,,,,,,,,,,,,,medium,,,,,,,,https://www.globalfintechfest.com/partners,2026-08-12T12:50:34Z,2026-08-12T13:58:49Z,active,false,2026,6a7c769516afc6a8747c9d13
Mastercard,,mastercard,Silver Partner,Partners,payments,https://www.mastercard.com/in/en.html,https://event-engine-prod-media.s3.ap-south-1.amazonaws.com/uploads/d64f9bbc-9772-4841-b50a-2331a6af13f7-Mastercard.png,Global card payment network,curated-public-facts,,,earlier-in-this-session,,,card issuing;card acceptance;cross-border payments,phrase-match:whatTheyDo,,,,,"Global payments technology company operating a card network plus services in fraud, data analytics, open banking and real-time payments.",Card issuing and acceptance network;Cross-border and B2B payments;Fraud and cyber intelligence services;Tokenisation and secure digital checkout,unsourced,low,scratch-2,"written by another worker with no provenance; the cited page supplies logos/names/tiers only and cannot be the origin of this prose, so it is treated as unverified",high,0.75,normalised-from-numeric,0.75,"high>=0.80, medium>=0.50, else low","original float preserved in confidenceScore; value written by another worker, mapped not discarded",gff-cms-partner-listing,https://www.globalfintechfest.com/partners,https://www.globalfintechfest.com/partners,2026-08-12T00:00:00Z,2026-08-12T13:58:49Z,active,,2026,6a7c6c0fb652fb8e4842f392
MCX,,mcx,Exhibitor,Exhibitors,wealthtech,,https://event-engine-prod-media.s3.ap-south-1.amazonaws.com/uploads/32fbd9d6-65fa-4b32-a523-b454c454b766-mcx-website-logo.png,Indian commodity derivatives exchange,curated-public-facts,,,earlier-in-this-session,,,commodity trading;price discovery,phrase-match:whatTheyDo,curated-public-facts,,,derived by literal phrase match against this record whatTheyDo text,,,,,,,high,,,,,,,,https://www.globalfintechfest.com/partners,2026-08-12T12:50:34Z,2026-08-12T13:58:49Z,active,false,2026,6a7c769516afc6a8747c9d14
Melento,,melento,Bronze Partner,Partners,other,https://www.melento.ai,https://event-engine-prod-media.s3.ap-south-1.amazonaws.com/uploads/4fb78456-d2db-4edd-8044-936483623142-melento-website-logo.png,Experience document automation with Melento,direct-meta-description,,https://www.melento.ai,earlier-in-this-session,,our own fetch of the company's homepage <meta> tag,AI and automation,phrase-match:whatTheyDo,direct-meta-description,,,derived by literal phrase match against this record whatTheyDo text,,,,,,,medium,,,,,,,,https://www.globalfintechfest.com/partners,2026-08-12T12:50:34Z,2026-08-12T13:58:49Z,active,false,2026,6a7c769516afc6a8747c9d15
Metropolitan Stock Exchange,,metropolitan-stock-exchange,Exhibitor,Exhibitors,other,https://mseindia.com/,https://event-engine-prod-media.s3.ap-south-1.amazonaws.com/uploads/18319ce5-ed14-4701-8583-55dc6424ad5a-metropolitan-stock-exchange-website-logo.png,"Explore Metropolitan Stock Exchange of India (MSE India) for equity, equity derivatives, index, currency trading & market insights. Secure, transparent trading platform.",apify:apify/website-content-crawler,meta-description,https://mseindia.com/,2026-08-12T13:30:52Z,,,trading and brokerage;analytics and reporting,phrase-match:whatTheyDo,apify:apify/website-content-crawler,2026-08-12T13:32:27Z,,,,,,,,,medium,,,,,,,,https://www.globalfintechfest.com/partners,2026-08-12T12:50:34Z,2026-08-12T13:58:49Z,active,false,2026,6a7c769516afc6a8747c9d16
Mfilterit,,mfilterit,Exhibitor,Exhibitors,other,https://www.mfilterit.com/,https://event-engine-prod-media.s3.ap-south-1.amazonaws.com/uploads/09557fec-20fc-44af-849c-2445f027ae4f-mFiilterlt.png,"mFilterIt is a digital trust platform that detects ad fraud, brand threats and financial scams for brands and enterprises worldwide.",direct-meta-description,,https://www.mfilterit.com/,earlier-in-this-session,,our own fetch of the company's homepage <meta> tag,fraud prevention,phrase-match:whatTheyDo,direct-meta-description,,,derived by literal phrase match against this record whatTheyDo text,,,,,,,medium,,,,,,,,https://www.globalfintechfest.com/partners,2026-08-12T12:50:34Z,2026-08-12T13:58:49Z,active,false,2026,6a7c769516afc6a8747c9d17
Mindgate,Mindgate Solutions,mindgate,Silver Partner,Partners,other,https://www.mindgate.solutions/,https://event-engine-prod-media.s3.ap-south-1.amazonaws.com/uploads/5eeb97fc-07f2-4c88-bedc-267ccf687ddb-MindGate.png,"Mindgate Solutions is a leading digital payment solutions provider for banks, corporates and businesses, processing over 8 Billion+ transactions monthly.",direct-meta-description,,https://www.mindgate.solutions/,earlier-in-this-session,,our own fetch of the company's homepage <meta> tag,,unsourced,,,scratch-2,"written by another worker with no provenance; the cited page supplies logos/names/tiers only and cannot be the origin of this prose, so it is treated as unverified","Payments technology company powering real-time payment infrastructure such as UPI, IMPS and NEFT switches for large banks.",UPI switch and payment hub for banks;Real-time payments processing;Corporate payments and collections platform;Payment reconciliation and dispute management,unsourced,low,scratch-2,"written by another worker with no provenance; the cited page supplies logos/names/tiers only and cannot be the origin of this prose, so it is treated as unverified",medium,,,,,,,,https://www.globalfintechfest.com/partners,2026-08-12T12:50:34Z,2026-08-12T13:58:49Z,active,false,2026,6a7c769516afc6a8747c9d18
Mitigata,,mitigata,Securing & Insuring Partner,Partners,insurtech,https://mitigata.com/,https://event-engine-prod-media.s3.ap-south-1.amazonaws.com/uploads/9d73a474-9794-4a00-a60e-f199542ad787-mitigata.png,"Mitigata is India’s own AI-built cyber resilience platform — unifying cybersecurity, compliance, and cyber insurance into one operating layer for every business.",apify:apify/website-content-crawler,meta-description,https://mitigata.com/,2026-08-12T13:30:52Z,,,AML and compliance;insurance distribution;AI and automation;cybersecurity,phrase-match:whatTheyDo,apify:apify/website-content-crawler,2026-08-12T13:32:27Z,,,Cyber insurance and security company that combines cyber risk assessment with cyber insurance cover for businesses.,Cyber insurance for fintech and SME businesses;Cyber risk posture assessment;Breach response and claims support;Compliance-driven security monitoring,unsourced,low,scratch-2,"written by another worker with no provenance; the cited page supplies logos/names/tiers only and cannot be the origin of this prose, so it is treated as unverified",medium,0.6,normalised-from-numeric,0.6,"high>=0.80, medium>=0.50, else low","original float preserved in confidenceScore; value written by another worker, mapped not discarded",gff-cms-partner-listing,https://www.globalfintechfest.com/partners,https://www.globalfintechfest.com/partners,2026-08-12T00:00:00Z,2026-08-12T13:58:49Z,active,,2026,6a7c6b77b652fb8e4842f376
Modus AI,,modus-ai,Exhibitor,Exhibitors,ai,www.modussecure.com,https://event-engine-prod-media.s3.ap-south-1.amazonaws.com/uploads/de7052cc-4970-4cc9-a9e2-36a59558e9ee-modus-ai-website-logo.png,"Everything you need for merchant monitoring, compliance review, fraud detection, case resolution, document review, and due diligence.",direct-meta-description,,www.modussecure.com,earlier-in-this-session,,our own fetch of the company's homepage <meta> tag,fraud prevention;AML and compliance,phrase-match:whatTheyDo,direct-meta-description,,,derived by literal phrase match against this record whatTheyDo text,,,,,,,medium,,,,,,,,https://www.globalfintechfest.com/partners,2026-08-12T12:50:34Z,2026-08-12T13:58:49Z,active,false,2026,6a7c769516afc6a8747c9d19
MongoDB,,mongodb,Exhibitor,Exhibitors,other,https://www.mongodb.com/,https://event-engine-prod-media.s3.ap-south-1.amazonaws.com/uploads/ea1d6f94-9e0d-417e-b96a-eee0b12f9a86-MongoDB.png,"Get your ideas to market faster with a flexible, AI-ready database. MongoDB makes working with data easy.",direct-meta-description,,https://www.mongodb.com/,earlier-in-this-session,,our own fetch of the company's homepage <meta> tag,AI and automation,phrase-match:whatTheyDo,direct-meta-description,,,derived by literal phrase match against this record whatTheyDo text,,,,,,,medium,,,,,,,,https://www.globalfintechfest.com/partners,2026-08-12T12:50:34Z,2026-08-12T13:58:49Z,active,false,2026,6a7c769516afc6a8747c9d1a
Montran Corporation India,Montran,montran-corporation-india,Gold Partner,Partners,other,https://www.montran.in/,https://event-engine-prod-media.s3.ap-south-1.amazonaws.com/uploads/9df7ce10-40a0-4bf0-b659-7c35502e048b-Montran.png,"Banks need high-performance, future-proof financial systems ready to move economies.",apify:apify/website-content-crawler,homepage-body-text,https://www.montran.in/,2026-08-12T13:30:52Z,,,,unsourced,,,scratch-2,"written by another worker with no provenance; the cited page supplies logos/names/tiers only and cannot be the origin of this prose, so it is treated as unverified","Provider of payment systems and capital markets software, including RTGS, ACH and instant payment infrastructure for central banks and banks.",National RTGS and ACH payment infrastructure;Instant payments platform for banks;SWIFT and ISO 20022 message processing;Capital markets settlement systems,unsourced,low,scratch-2,"written by another worker with no provenance; the cited page supplies logos/names/tiers only and cannot be the origin of this prose, so it is treated as unverified",medium,,,,,,,,https://www.globalfintechfest.com/partners,2026-08-12T12:50:34Z,2026-08-12T13:58:49Z,active,false,2026,6a7c769516afc6a8747c9d1b
Mufinpay,,mufinpay,Exhibitor,Exhibitors,payments,https://mufinpay.com,https://event-engine-prod-media.s3.ap-south-1.amazonaws.com/uploads/6e3ecfdf-bd07-4ecb-ade2-857acfaeaf3b-MufinPay.png,,,,,,,,,,,,,,,,,,,,medium,,,,,,,,https://www.globalfintechfest.com/partners,2026-08-12T12:50:34Z,2026-08-12T13:58:49Z,active,false,2026,6a7c769516afc6a8747c9d1c
My Mudra Fincorp,,my-mudra-fincorp,Exhibitor,Exhibitors,other,www.mymudra.com,https://event-engine-prod-media.s3.ap-south-1.amazonaws.com/uploads/a8ec275f-7ee8-4b7e-b30d-0e2b4622e446-MyMudra.png,"Looking for the best loan provider in India? Get instant personal, home & business loans at low interest rates, fast approval, and trusted RBI registered lenders.",apify:apify/website-content-crawler,meta-description,https://www.mymudra.com/,2026-08-12T13:30:52Z,,,digital lending,phrase-match:whatTheyDo,apify:apify/website-content-crawler,2026-08-12T13:32:27Z,,,,,,,,,medium,,,,,,,,https://www.globalfintechfest.com/partners,2026-08-12T12:50:34Z,2026-08-12T13:58:49Z,active,false,2026,6a7c769516afc6a8747c9d1d
NABARD,,nabard,Diamond Partner,Partners,banking,https://www.nabard.org/EngDefault.aspx,https://event-engine-prod-media.s3.ap-south-1.amazonaws.com/uploads/bd23ff07-9e44-4c8c-9906-1921819afd0c-NABARD.png,"Explore NABARD's official website - your trusted source for rural development finance, agriculture support, financial inclusion and sustainable development programmes in India. Learn about schemes, loans, and initiatives empowering rural india.",direct-meta-description,,https://www.nabard.org/EngDefault.aspx,earlier-in-this-session,,our own fetch of the company's homepage <meta> tag,digital lending;financial inclusion,phrase-match:whatTheyDo,,,,,"India's apex development bank for agriculture and rural development, refinancing rural lenders and funding rural infrastructure.",Refinance for rural and cooperative banks;Self-help group and microfinance linkage;Agricultural credit infrastructure;Rural financial inclusion programmes,unsourced,low,scratch-2,"written by another worker with no provenance; the cited page supplies logos/names/tiers only and cannot be the origin of this prose, so it is treated as unverified",medium,0.75,normalised-from-numeric,0.75,"high>=0.80, medium>=0.50, else low","original float preserved in confidenceScore; value written by another worker, mapped not discarded",gff-cms-partner-listing,https://www.globalfintechfest.com/partners,https://www.globalfintechfest.com/partners,2026-08-12T00:00:00Z,2026-08-12T13:58:49Z,active,,2026,6a7c6b77b652fb8e4842f367
National Stock Exchange,,national-stock-exchange,Exhibitor,Exhibitors,wealthtech,https://www.nseindia.com/,https://event-engine-prod-media.s3.ap-south-1.amazonaws.com/uploads/34c634a3-f7ce-44e1-bbd1-b2c7f9271677-national-stock-exchange-website-logo.png,India's largest stock exchange,curated-public-facts,,,earlier-in-this-session,,,equity trading;derivatives;market data,phrase-match:whatTheyDo,curated-public-facts,,,derived by literal phrase match against this record whatTheyDo text,,,,,,,high,,,,,,,,https://www.globalfintechfest.com/partners,2026-08-12T12:50:34Z,2026-08-12T13:58:49Z,active,false,2026,6a7c769516afc6a8747c9d1e
Navanatech AI,,navanatech-ai,Silver Partner,Partners,ai,https://navana.ai/,https://event-engine-prod-media.s3.ap-south-1.amazonaws.com/uploads/14f4a6d1-5945-475c-82b8-29c0046db972-navanatech-ai-website-logo.png,"Navana.ai is building India’s foundational voice AI infrastructure with proprietary speech models that understand India - not just linguistically, but contextually in all Indian languages.",direct-meta-description,,https://navana.ai/,earlier-in-this-session,,our own fetch of the company's homepage <meta> tag,AI and automation;cloud infrastructure,phrase-match:whatTheyDo,direct-meta-description,,,derived by literal phrase match against this record whatTheyDo text,,,,,,,medium,,,,,,,,https://www.globalfintechfest.com/partners,2026-08-12T12:50:34Z,2026-08-12T13:58:49Z,active,false,2026,6a7c769516afc6a8747c9d1f
Navi Technologies Limited,Navi Technologies,navi-technologies-limited,VIP Lounge Partner,Partners,infra,http://www.navi.com/,https://event-engine-prod-media.s3.ap-south-1.amazonaws.com/uploads/1efa9f89-3352-405b-9e60-126406147f3b-NaviTechnologies.png,"Lightning fast UPI payments, instant Cash Loans & Home Loans, smart investments in Mutual Funds & Digital Gold, comprehensive Health Insurance - all in one app.",apify:apify/website-content-crawler,meta-description,http://www.navi.com/,2026-08-12T13:30:52Z,,,UPI payments;digital lending;wealth management;insurance distribution,phrase-match:whatTheyDo,apify:apify/website-content-crawler,2026-08-12T13:32:27Z,,,"Indian digital-first financial services company offering personal loans, home loans, health insurance and mutual funds through a mobile app.",Instant app-based personal loans;Digital home loan origination;Direct-to-consumer health insurance;Low-cost index mutual fund investing,unsourced,low,scratch-2,"written by another worker with no provenance; the cited page supplies logos/names/tiers only and cannot be the origin of this prose, so it is treated as unverified",medium,,,,,,,,https://www.globalfintechfest.com/partners,2026-08-12T12:50:34Z,2026-08-12T13:58:49Z,active,false,2026,6a7c769516afc6a8747c9d20
Neo4j,,neo4j,Bronze Partner,Partners,infra,https://neo4j.com/,https://event-engine-prod-media.s3.ap-south-1.amazonaws.com/uploads/d8f7f41f-0988-47a6-a3be-0922a01e6ec8-Neo4j.png,"Connect data as it's stored with Neo4j. Perform powerful, complex queries at scale and speed with our graph data platform.",direct-meta-description,,https://neo4j.com/,earlier-in-this-session,,our own fetch of the company's homepage <meta> tag,analytics and reporting,phrase-match:whatTheyDo,,,,,"Graph database company whose technology is used in financial services for fraud rings, AML networks and entity resolution.",Fraud ring and money mule detection;AML network and transaction graph analysis;Customer entity resolution and KYC linkage;Knowledge graphs for AI-powered financial search,unsourced,low,scratch-2,"written by another worker with no provenance; the cited page supplies logos/names/tiers only and cannot be the origin of this prose, so it is treated as unverified",medium,0.75,normalised-from-numeric,0.75,"high>=0.80, medium>=0.50, else low","original float preserved in confidenceScore; value written by another worker, mapped not discarded",gff-cms-partner-listing,https://www.globalfintechfest.com/partners,https://www.globalfintechfest.com/partners,2026-08-12T00:00:00Z,2026-08-12T13:58:49Z,active,,2026,6a7c6c0fb652fb8e4842f3ae
NeoSoft Technology,,neosoft-technology,Exhibitor,Exhibitors,infra,https://www.neosofttech.com/,https://event-engine-prod-media.s3.ap-south-1.amazonaws.com/uploads/d249f462-da96-4943-bf30-b0a7f6b07253-NeoSOFT.png,NeoSOFT is a leading software development and IT outsourcing company with 25+ years of software engineering excellence and successfully driving digital growth and innovation for 1500+ global brands.,direct-meta-description,,https://www.neosofttech.com/,earlier-in-this-session,,our own fetch of the company's homepage <meta> tag,,,,,,,,,,,,,medium,,,,,,,,https://www.globalfintechfest.com/partners,2026-08-12T12:50:34Z,2026-08-12T13:58:49Z,active,false,2026,6a7c769516afc6a8747c9d21
Nerve Solutions,,nerve-solutions,Exhibitor,Exhibitors,infra,https://www.nerve.solutions/,https://event-engine-prod-media.s3.ap-south-1.amazonaws.com/uploads/d665eacd-5b12-4bf2-893d-2dee9aefac3d-NerveSolutions.png,"A boutique consulting and development firm, making technology easy for all your fintech needs",direct-meta-description,,https://www.nerve.solutions/,earlier-in-this-session,,our own fetch of the company's homepage <meta> tag,,,,,,,,,,,,,medium,,,,,,,,https://www.globalfintechfest.com/partners,2026-08-12T12:50:34Z,2026-08-12T13:58:49Z,active,false,2026,6a7c769516afc6a8747c9d22
Netwin,,netwin,Exhibitor,Exhibitors,other,https://netwin.in/,https://event-engine-prod-media.s3.ap-south-1.amazonaws.com/uploads/506c386e-29ef-411e-8ca0-39c2c96e7fda-netwin.png,"Global Fintech Fest 2025 Date 7th to 9th Oct 2025 Venue Jasmine Hall, Jio World Convention Centre Booth No. JC9 Book a Meeting Redefining Digital Banking Have all banking operations like opening of account, paying your bills & receiving payments, getting loans, repaying instalments & interest at your fingertips sitting at your own place. Digital ... Read more",direct-meta-description,,https://netwin.in/,earlier-in-this-session,,our own fetch of the company's homepage <meta> tag,digital lending,phrase-match:whatTheyDo,direct-meta-description,,,derived by literal phrase match against this record whatTheyDo text,,,,,,,medium,,,,,,,,https://www.globalfintechfest.com/partners,2026-08-12T12:50:34Z,2026-08-12T13:58:49Z,active,false,2026,6a7c769516afc6a8747c9d23
Nexensus,,nexensus,Exhibitor,Exhibitors,other,https://www.nexensus.com/,https://event-engine-prod-media.s3.ap-south-1.amazonaws.com/uploads/8ae37e60-01f6-42b0-a764-0e755f10047b-Nexensus.png,"Nexensus, founded in 2013, began as a helping hand to the BFSI sector by providing ROC documents and data. Nexensus has carved out a significant niche in three critical areas of Data Aggregation, Data Analytics and Information Systems/Solutions. Offering EWS, Credit , Data Aggregations and Risk solutions to BFSI sector",apify:apify/website-content-crawler,meta-description,https://www.nexensus.com/,2026-08-12T13:30:52Z,,,analytics and reporting,phrase-match:whatTheyDo,apify:apify/website-content-crawler,2026-08-12T13:32:27Z,,,,,,,,,medium,,,,,,,,https://www.globalfintechfest.com/partners,2026-08-12T12:50:34Z,2026-08-12T13:58:49Z,active,false,2026,6a7c769516afc6a8747c9d24
Nogrunt,,nogrunt,Exhibitor,Exhibitors,other,https://www.nogrunt.ai/,https://event-engine-prod-media.s3.ap-south-1.amazonaws.com/uploads/fea5c3ac-5070-4f0c-a8b6-996ce228ce07-nogrunt--website-logo.png,"Nogrunt is an AI-native Digital Teammate that joins your engineering team, understands your product, and handles the full quality lifecycle.",direct-meta-description,,https://www.nogrunt.ai/,earlier-in-this-session,,our own fetch of the company's homepage <meta> tag,AI and automation,phrase-match:whatTheyDo,direct-meta-description,,,derived by literal phrase match against this record whatTheyDo text,,,,,,,medium,,,,,,,,https://www.globalfintechfest.com/partners,2026-08-12T12:50:34Z,2026-08-12T13:58:49Z,active,false,2026,6a7c769516afc6a8747c9d25
Novus Loyalty,,novus-loyalty,Bronze Partner,Partners,other,https://www.novus-loyalty.com/,https://event-engine-prod-media.s3.ap-south-1.amazonaws.com/uploads/ae387335-0d45-4780-aa1b-d03d7508f291-NovusLoyalty.png,"AI-powered loyalty program software to deliver better customer experiences globally with a flexible rule engine and smart rewards that boost retention, engagement & lifetime value.",direct-meta-description,,https://www.novus-loyalty.com/,earlier-in-this-session,,our own fetch of the company's homepage <meta> tag,AI and automation,phrase-match:whatTheyDo,direct-meta-description,,,derived by literal phrase match against this record whatTheyDo text,,,,,,,medium,,,,,,,,https://www.globalfintechfest.com/partners,2026-08-12T12:50:34Z,2026-08-12T13:58:49Z,active,false,2026,6a7c769516afc6a8747c9d26
NPCI,,npci,Exhibitor,Exhibitors,payments,https://www.npci.org.in/,https://event-engine-prod-media.s3.ap-south-1.amazonaws.com/uploads/8016fa3e-64a5-4168-8eae-828efd5cb9d7-npci-website-logo.png,"National Payments Corporation of India, the umbrella organisation that operates retail payment systems in India including UPI, RuPay and IMPS.",curated-public-facts,,,2026-08-12T13:32:27Z,,"stable public fact about what the organisation is; no GFF-2026 claims, no time-sensitive detail",UPI payments;card acceptance,curated-public-facts,,2026-08-12T13:32:27Z,,,,,,,,,high,,,,,,,,https://www.globalfintechfest.com/partners,2026-08-12T12:50:34Z,2026-08-12T13:58:49Z,active,false,2026,6a7c769516afc6a8747c9d27
NPST,,npst,Exhibitor,Exhibitors,other,https://www.npstx.com/,https://event-engine-prod-media.s3.ap-south-1.amazonaws.com/uploads/c5a0922e-cc2a-4413-8ea1-c83a3a8680cc-NPST.png,India’s Leading Digital Banking and Payments Provider,apify:apify/website-content-crawler,homepage-body-text,https://www.npstx.com/,2026-08-12T13:30:52Z,,,,,,,,,,,,,,,medium,,,,,,,,https://www.globalfintechfest.com/partners,2026-08-12T12:50:34Z,2026-08-12T13:58:49Z,active,false,2026,6a7c769516afc6a8747c9d28
NSDL,,nsdl,Exhibitor,Exhibitors,other,https://nsdl.com/,https://event-engine-prod-media.s3.ap-south-1.amazonaws.com/uploads/1949b74d-8cd5-44de-91c3-186bde3d0453-nsdl-website-logo.png,Unlock Your Investment Journey! Open a NSDL Demat Account Today with your preferred Participant (DP),direct-meta-description,,https://nsdl.com/,earlier-in-this-session,,our own fetch of the company's homepage <meta> tag,wealth management,phrase-match:whatTheyDo,direct-meta-description,,,derived by literal phrase match against this record whatTheyDo text,,,,,,,medium,,,,,,,,https://www.globalfintechfest.com/partners,2026-08-12T12:50:34Z,2026-08-12T13:58:49Z,active,false,2026,6a7c769516afc6a8747c9d29
NSRCEL IIMB,,nsrcel-iimb,Ecosystem,Ecosystem,other,,https://event-engine-prod-media.s3.ap-south-1.amazonaws.com/uploads/b7f7d1b7-4a53-48d3-808c-5a428555a764-NSRCEL-logo.png,,,,,,,,,,,,,,,,,,,,low,,,,,,,,https://www.globalfintechfest.com/partners,2026-08-12T12:50:34Z,2026-08-12T13:58:49Z,active,false,2026,6a7c769516afc6a8747c9d2a
NTT Data (ADAPTIS),NTT DATA,ntt-data-adaptis,Bronze Partner,Partners,ai,https://in.nttdatapay.com/en,https://event-engine-prod-media.s3.ap-south-1.amazonaws.com/uploads/306a76ba-2cac-446f-9e58-23087159492a-NTTData.png,"NTT DATA Payment Services India is an RBI-licensed payment aggregator delivering secure, scalable in-store, online and enterprise digital payment solutions.",apify:apify/website-content-crawler,meta-description,https://in.nttdatapay.com/en,2026-08-12T13:30:52Z,,,,unsourced,,,scratch-2,"written by another worker with no provenance; the cited page supplies logos/names/tiers only and cannot be the origin of this prose, so it is treated as unverified","Global IT services and consulting firm delivering core banking modernisation, payments and cloud services to financial institutions.",Core banking modernisation programmes;Payment platform implementation;Cloud migration for regulated workloads;Managed IT services for banks,unsourced,low,scratch-2,"written by another worker with no provenance; the cited page supplies logos/names/tiers only and cannot be the origin of this prose, so it is treated as unverified",medium,,,,,,,,https://www.globalfintechfest.com/partners,2026-08-12T12:50:34Z,2026-08-12T13:58:49Z,active,false,2026,6a7c769516afc6a8747c9d2b
Nucleus Software,,nucleus-software,Gold Partner,Partners,lending,https://www.nucleussoftware.com/,https://event-engine-prod-media.s3.ap-south-1.amazonaws.com/uploads/89fb0479-5db0-4695-97af-a8d9b8cae8ca-nucleus-software-website-logo.png,"Nucleus software is a leading digital lending and global transaction banking platform supporting all lines of business – retail banking, corporate banking, Islamic banking, auto finance banking, transaction banking.",direct-meta-description,,https://www.nucleussoftware.com/,earlier-in-this-session,,our own fetch of the company's homepage <meta> tag,digital lending,phrase-match:whatTheyDo,,,,,"Indian software product company supplying lending and transaction banking platforms, notably its FinnOne lending suite, to banks and NBFCs.",Loan origination and management systems;Digital lending platforms for NBFCs;Cash management for corporate banking;Islamic and retail finance product engines,unsourced,low,scratch-2,"written by another worker with no provenance; the cited page supplies logos/names/tiers only and cannot be the origin of this prose, so it is treated as unverified",medium,0.7,normalised-from-numeric,0.7,"high>=0.80, medium>=0.50, else low","original float preserved in confidenceScore; value written by another worker, mapped not discarded",gff-cms-partner-listing,https://www.globalfintechfest.com/partners,https://www.globalfintechfest.com/partners,2026-08-12T00:00:00Z,2026-08-12T13:58:49Z,active,,2026,6a7c6c0fb652fb8e4842f38b
Nugget by Zomato,,nugget-by-zomato,Silver Partner,Partners,ai,https://www.nugget.com/,https://event-engine-prod-media.s3.ap-south-1.amazonaws.com/uploads/a776b9bc-f5e4-4a62-a50d-a551836f0d4b-NuggetbyZomato.png,"Creating high velocity impact across every link in the business value chain with AI-native voice, chat, and email agents.",direct-meta-description,,https://www.nugget.com/,earlier-in-this-session,,our own fetch of the company's homepage <meta> tag,AI and automation,phrase-match:whatTheyDo,,,,,"AI-native customer support platform built inside Zomato, offering automated resolution and agent assistance for high-volume consumer businesses.",AI-automated customer support resolution;Agent copilot for support teams;Dispute and refund handling automation;Multilingual chat support at scale,unsourced,low,scratch-2,"written by another worker with no provenance; the cited page supplies logos/names/tiers only and cannot be the origin of this prose, so it is treated as unverified",medium,0.6,normalised-from-numeric,0.6,"high>=0.80, medium>=0.50, else low","original float preserved in confidenceScore; value written by another worker, mapped not discarded",gff-cms-partner-listing,https://www.globalfintechfest.com/partners,https://www.globalfintechfest.com/partners,2026-08-12T00:00:00Z,2026-08-12T13:58:49Z,active,,2026,6a7c6c0fb652fb8e4842f396
Odyssey,,odyssey,Exhibitor,Exhibitors,other,https://www.odysseytec.com/,https://event-engine-prod-media.s3.ap-south-1.amazonaws.com/uploads/404c8dc6-df9e-4fda-9f55-83f6c701bc75-odyssey-website-logo.png,"Odyssey Technologies is a Chennai based Public Company providing information security products and services built around PKI and other extended public key technologies. Odyssey offers driverless access to DSC tokens, simple interfaces to digital signatures, cryptographically secure data vaults and intuitive digital certificate management all with unparalleled security. xorkee service, one of its k",direct-meta-description,,https://www.odysseytec.com/,earlier-in-this-session,,our own fetch of the company's homepage <meta> tag,cybersecurity,phrase-match:whatTheyDo,direct-meta-description,,,derived by literal phrase match against this record whatTheyDo text,,,,,,,medium,,,,,,,,https://www.globalfintechfest.com/partners,2026-08-12T12:50:34Z,2026-08-12T13:58:49Z,active,false,2026,6a7c769516afc6a8747c9d2c
Oli AI,,oli-ai,Exhibitor,Exhibitors,ai,https://oliai.in/,https://event-engine-prod-media.s3.ap-south-1.amazonaws.com/uploads/88605c38-1e52-4094-991a-0d85980f9ad2-oli-ai-website-logo.png,"Enterprise Voice AI for BFSI and NBFC collections. Automate EMI reminders, verification, and support calls with RBI/TRAI-compliant, multilingual voice agents.",apify:apify/website-content-crawler,meta-description,https://oliai.in/,2026-08-12T13:30:52Z,,,AML and compliance;AI and automation;collections and recovery,phrase-match:whatTheyDo,apify:apify/website-content-crawler,2026-08-12T13:32:27Z,,,,,,,,,medium,,,,,,,,https://www.globalfintechfest.com/partners,2026-08-12T12:50:34Z,2026-08-12T13:58:49Z,active,false,2026,6a7c769516afc6a8747c9d2d
ONDC,,ondc,Supporter,Supporters,infra,,https://event-engine-prod-media.s3.ap-south-1.amazonaws.com/uploads/bcf6e32a-f1e2-4f6e-bacf-ae83ec80cc3b-ondc180fbbf065.png,"Open Network for Digital Commerce, an Indian government-backed open network for interoperable digital commerce.",curated-public-facts,,,2026-08-12T13:32:27Z,,"stable public fact about what the organisation is; no GFF-2026 claims, no time-sensitive detail",cloud infrastructure,curated-public-facts,,2026-08-12T13:32:27Z,,,,,,,,,high,,,,,,,,https://www.globalfintechfest.com/partners,2026-08-12T12:50:34Z,2026-08-12T13:58:49Z,active,false,2026,6a7c769516afc6a8747c9d2e
OnFinance,OnFinance AI,onfinance,Bronze Partner,Partners,lending,https://onfinance.ai/,https://event-engine-prod-media.s3.ap-south-1.amazonaws.com/uploads/e704e28b-f1e2-42b7-a789-0b691a999001-OnFinance.png,"AI Agents to simplify, streamline, and strengthen your regulatory processes. We currently support regulators like SEBI, RBI, SEC, FINRA, FCA, SAMA, MAS, AMFI.",direct-meta-description,,https://onfinance.ai/,earlier-in-this-session,,our own fetch of the company's homepage <meta> tag,AI and automation,phrase-match:whatTheyDo,,,,,"AI company building domain-specific agents and copilots for financial institutions covering research, compliance and advisory workflows.",AI copilots for investment research;Automated compliance review and monitoring;Relationship manager advisory assistance;Document intelligence over financial filings,unsourced,low,scratch-2,"written by another worker with no provenance; the cited page supplies logos/names/tiers only and cannot be the origin of this prose, so it is treated as unverified",medium,,,,,,,,https://www.globalfintechfest.com/partners,2026-08-12T12:50:34Z,2026-08-12T13:58:49Z,active,false,2026,6a7c769516afc6a8747c9d2f
Onsurity,,onsurity,Bronze Partner,Partners,insurtech,https://www.onsurity.com/,https://event-engine-prod-media.s3.ap-south-1.amazonaws.com/uploads/8995104c-2a28-4793-9bea-5ee2a2cc6f40-Onsurity.png,"Bring instant, reliable healthcare to your team. Group health insurance, wellness, term life and personal accident cover for Indian businesses.",direct-meta-description,,https://www.onsurity.com/,earlier-in-this-session,,our own fetch of the company's homepage <meta> tag,insurance distribution,phrase-match:whatTheyDo,,,,,Employee healthcare and insurance platform providing monthly-subscription group health benefits to SMEs and startups.,Group health insurance for small businesses;Monthly subscription employee healthcare benefits;Teleconsultation and wellness benefits;Digital claims and policy management for SMEs,unsourced,low,scratch-2,"written by another worker with no provenance; the cited page supplies logos/names/tiers only and cannot be the origin of this prose, so it is treated as unverified",medium,0.65,normalised-from-numeric,0.65,"high>=0.80, medium>=0.50, else low","original float preserved in confidenceScore; value written by another worker, mapped not discarded",gff-cms-partner-listing,https://www.globalfintechfest.com/partners,https://www.globalfintechfest.com/partners,2026-08-12T00:00:00Z,2026-08-12T13:58:49Z,active,,2026,6a7c6c0fb652fb8e4842f3aa
Oxymoney,,oxymoney,Exhibitor,Exhibitors,other,https://website.oxymoney.com/,https://event-engine-prod-media.s3.ap-south-1.amazonaws.com/uploads/8fc9fea5-cddf-41db-a250-c066e81fb210-oxymoney.png,"Secure, scalable payment solutions with UPI, prepaid cards, BBPS & expense management. Trusted by 2M+ users. RBI-licensed PPI provider.",apify:apify/website-content-crawler,meta-description,https://website.oxymoney.com/,2026-08-12T13:30:52Z,,,UPI payments;expense management,phrase-match:whatTheyDo,apify:apify/website-content-crawler,2026-08-12T13:32:27Z,,,,,,,,,medium,,,,,,,,https://www.globalfintechfest.com/partners,2026-08-12T12:50:34Z,2026-08-12T13:58:49Z,active,false,2026,6a7c769516afc6a8747c9d30
Paramotor,,paramotor,Digital Gifting and Rewards Partner,Partners,other,https://www.paramotordt.com/,https://event-engine-prod-media.s3.ap-south-1.amazonaws.com/uploads/a2aa92e9-cc71-431c-956f-b583bc3a7ed0-paramotor-website-logo.png,"Paramotor Digital Technology Limited offers secure fintech SaaS solutions for consumer spend management, prepaid cards, bill payments and gifting in India.",apify:apify/website-content-crawler,meta-description,https://www.paramotordt.com/,2026-08-12T13:30:52Z,,,cloud infrastructure;expense management,phrase-match:whatTheyDo,apify:apify/website-content-crawler,2026-08-12T13:32:27Z,,,Digital gifting and rewards company listed as a GFF 2026 partner; further detail was not published on the GFF partner page.,Digital gift card issuance;Rewards and incentive programmes,unsourced,low,scratch-2,"written by another worker with no provenance; the cited page supplies logos/names/tiers only and cannot be the origin of this prose, so it is treated as unverified",medium,0.3,normalised-from-numeric,0.3,"high>=0.80, medium>=0.50, else low","original float preserved in confidenceScore; value written by another worker, mapped not discarded",gff-cms-partner-listing,https://www.globalfintechfest.com/partners,https://www.globalfintechfest.com/partners,2026-08-12T00:00:00Z,2026-08-12T13:58:49Z,active,,2026,6a7c6c0fb652fb8e4842f3ba
Parasoft,,parasoft,Exhibitor,Exhibitors,other,https://www.parasoft.com/,https://event-engine-prod-media.s3.ap-south-1.amazonaws.com/uploads/c134b0f0-a9bd-4068-bfe5-c58aa29318fa-PARASOFT.png,Intelligent automated testing platform covering every SDLC stage. Blend human insight with AI to validate software quality at speed and scale.,direct-meta-description,,https://www.parasoft.com/,earlier-in-this-session,,our own fetch of the company's homepage <meta> tag,AI and automation,phrase-match:whatTheyDo,direct-meta-description,,,derived by literal phrase match against this record whatTheyDo text,,,,,,,medium,,,,,,,,https://www.globalfintechfest.com/partners,2026-08-12T12:50:34Z,2026-08-12T13:58:49Z,active,false,2026,6a7c769516afc6a8747c9d31
Pay10,,pay10,Gourmet Partner,Partners,payments,https://www.pay10.in/,https://event-engine-prod-media.s3.ap-south-1.amazonaws.com/uploads/cb3b3f58-2c3b-4ce4-a9b8-d90faf8eaf87-Pay10.png,"Pay10 offers secure digital payment gateway solutions with seamless digital transactions, cross-border payments, and fast, reliable payment processing.",apify:apify/website-content-crawler,meta-description,https://www.pay10.in/,2026-08-12T13:30:52Z,,,payment gateway;cross-border payments,phrase-match:whatTheyDo,apify:apify/website-content-crawler,2026-08-12T13:32:27Z,,,Digital payments provider offering merchant payment acceptance and payout infrastructure across multiple payment methods.,Multi-method merchant payment acceptance;Bulk payouts and disbursements;Payment gateway integration for businesses;Cross-border payment collection,unsourced,low,scratch-2,"written by another worker with no provenance; the cited page supplies logos/names/tiers only and cannot be the origin of this prose, so it is treated as unverified",medium,0.6,normalised-from-numeric,0.6,"high>=0.80, medium>=0.50, else low","original float preserved in confidenceScore; value written by another worker, mapped not discarded",gff-cms-partner-listing,https://www.globalfintechfest.com/partners,https://www.globalfintechfest.com/partners,2026-08-12T00:00:00Z,2026-08-12T13:58:49Z,active,,2026,6a7c6b77b652fb8e4842f36a
PayGlocal,,payglocal,Silver Partner,Partners,payments,https://payglocal.in/,https://event-engine-prod-media.s3.ap-south-1.amazonaws.com/uploads/4196e714-999e-4506-9bb3-8b33210f9471-Payglocal.png,"India's RBI-authorised cross-border payments infrastructure. Up to 96% PSR. Collect international payments from 180+ countries. FIRA/FIRC automated. Inward, outward and domestic on one stack.",apify:apify/website-content-crawler,meta-description,https://payglocal.in/,2026-08-12T13:30:52Z,,,cross-border payments;cloud infrastructure,phrase-match:whatTheyDo,apify:apify/website-content-crawler,2026-08-12T13:32:27Z,,,Cross-border payments company helping Indian businesses accept international payments and manage global collections.,Cross-border payment acceptance for exporters;Multi-currency online checkout;International collections and settlement;FX-optimised global payouts,unsourced,low,scratch-2,"written by another worker with no provenance; the cited page supplies logos/names/tiers only and cannot be the origin of this prose, so it is treated as unverified",medium,0.65,normalised-from-numeric,0.65,"high>=0.80, medium>=0.50, else low","original float preserved in confidenceScore; value written by another worker, mapped not discarded",gff-cms-partner-listing,https://www.globalfintechfest.com/partners,https://www.globalfintechfest.com/partners,2026-08-12T00:00:00Z,2026-08-12T13:58:49Z,active,,2026,6a7c6c0fb652fb8e4842f39a
Payhuddle,,payhuddle,Exhibitor,Exhibitors,other,https://www.payhuddle.com/,https://event-engine-prod-media.s3.ap-south-1.amazonaws.com/uploads/96d8bee1-723f-45ea-a51e-424c984bfa68-payhuddle-website-logo.png,"Payhuddle offers EMV test tools, simulators, consulting, and certification solutions for acquirers, merchant acquirers, merchants, issuers, terminal vendors, processors, payment networks, and fintechs.",direct-meta-description,,https://www.payhuddle.com/,earlier-in-this-session,,our own fetch of the company's homepage <meta> tag,,,,,,,,,,,,,medium,,,,,,,,https://www.globalfintechfest.com/partners,2026-08-12T12:50:34Z,2026-08-12T13:58:49Z,active,false,2026,6a7c769516afc6a8747c9d32
Paysprint,,paysprint,Bronze Partner,Partners,payments,https://www.paysprint.in/index.html,https://event-engine-prod-media.s3.ap-south-1.amazonaws.com/uploads/2d7d3fb8-aa82-4b0b-a154-5ba7df6318f8-Paysprint.png,"Paysprint offers India's most reliable B2B fintech APIs — including KYC API for instant verification and excrow API for secure fund management. Compliance-ready, developer-friendly. Get started today.",apify:apify/website-content-crawler,meta-description,https://www.paysprint.in/index.html,2026-08-12T13:30:52Z,,,KYC and onboarding;AML and compliance;cloud infrastructure,phrase-match:whatTheyDo,apify:apify/website-content-crawler,2026-08-12T13:32:27Z,,,"Fintech API infrastructure provider offering payment, banking and verification APIs to businesses and retail agent networks.",Payout and money transfer APIs;AePS and micro-ATM agent banking;KYC and account verification APIs;Bill payment and recharge distribution,unsourced,low,scratch-2,"written by another worker with no provenance; the cited page supplies logos/names/tiers only and cannot be the origin of this prose, so it is treated as unverified",medium,0.6,normalised-from-numeric,0.6,"high>=0.80, medium>=0.50, else low","original float preserved in confidenceScore; value written by another worker, mapped not discarded",gff-cms-partner-listing,https://www.globalfintechfest.com/partners,https://www.globalfintechfest.com/partners,2026-08-12T00:00:00Z,2026-08-12T13:58:49Z,active,,2026,6a7c6c0fb652fb8e4842f3a9
Paytm,,paytm,Associate Partner,Partners,payments,https://paytm.com/,https://event-engine-prod-media.s3.ap-south-1.amazonaws.com/uploads/d7501759-f2ec-4066-a108-7da56e61e074-Paytm.png,Indian digital payments and financial services platform,curated-public-facts,,,earlier-in-this-session,,,UPI payments;merchant acquiring;bill payments,phrase-match:whatTheyDo,,,,,"Indian digital payments and commerce platform providing consumer wallet, UPI, merchant acquiring devices and financial services distribution.",Merchant acquiring with QR and soundbox devices;UPI and wallet consumer payments;Loan and insurance distribution;Ticketing and bill payment,unsourced,low,scratch-2,"written by another worker with no provenance; the cited page supplies logos/names/tiers only and cannot be the origin of this prose, so it is treated as unverified",high,0.75,normalised-from-numeric,0.75,"high>=0.80, medium>=0.50, else low","original float preserved in confidenceScore; value written by another worker, mapped not discarded",gff-cms-partner-listing,https://www.globalfintechfest.com/partners,https://www.globalfintechfest.com/partners,2026-08-12T00:00:00Z,2026-08-12T13:58:49Z,active,,2026,6a7c6b77b652fb8e4842f35b
PayU,,payu,Payments Orchestration Partner,Partners,payments,https://payu.in/,https://event-engine-prod-media.s3.ap-south-1.amazonaws.com/uploads/7d4022da-a9f4-46d5-8937-413233507886-PayU.png,"PayU enables businesses in India to accept digital payments from credit cards, debit cards, net banking, BNPL, QR, UPI, Wallets and more.",direct-meta-description,,https://payu.in/,earlier-in-this-session,,our own fetch of the company's homepage <meta> tag,UPI payments;digital lending,phrase-match:whatTheyDo,,,,,"Payment gateway and orchestration provider enabling online merchants to accept cards, UPI, netbanking and wallets with smart routing.",Online checkout payment acceptance;Smart routing to improve success rates;Recurring payments and subscriptions;Merchant settlement and reconciliation,unsourced,low,scratch-2,"written by another worker with no provenance; the cited page supplies logos/names/tiers only and cannot be the origin of this prose, so it is treated as unverified",medium,0.75,normalised-from-numeric,0.75,"high>=0.80, medium>=0.50, else low","original float preserved in confidenceScore; value written by another worker, mapped not discarded",gff-cms-partner-listing,https://www.globalfintechfest.com/partners,https://www.globalfintechfest.com/partners,2026-08-12T00:00:00Z,2026-08-12T13:58:49Z,active,,2026,6a7c6b77b652fb8e4842f366
PCI / FCC,,pci-fcc,Exhibitor,Exhibitors,other,,https://event-engine-prod-media.s3.ap-south-1.amazonaws.com/uploads/74270d08-e680-4c76-800d-062f8b15897d-pci--fcc-website-logo.png,,,,,,,,,,,,,,,,,,,,low,,,,,,,,https://www.globalfintechfest.com/partners,2026-08-12T12:50:34Z,2026-08-12T13:58:49Z,active,false,2026,6a7c769516afc6a8747c9d33
PehchanPe,,pehchanpe,Exhibitor,Exhibitors,other,https://makspay.com/,https://event-engine-prod-media.s3.ap-south-1.amazonaws.com/uploads/a66dce7e-e1dc-45c9-891f-925c13e0caab-pehchanpe-website-logo.png,Transform your banking with MAKSPay,direct-meta-description,,https://makspay.com/,earlier-in-this-session,,our own fetch of the company's homepage <meta> tag,,,,,,,,,,,,,medium,,,,,,,,https://www.globalfintechfest.com/partners,2026-08-12T12:50:34Z,2026-08-12T13:58:49Z,active,false,2026,6a7c769516afc6a8747c9d34
Perfios,,perfios,Technology Partner,Partners,infra,https://www.perfios.com/index.php,https://event-engine-prod-media.s3.ap-south-1.amazonaws.com/uploads/90d2baee-0f35-4233-bc17-0ddfd6372c03-Parfios.png,Financial data analytics and underwriting platform,curated-public-facts,,,earlier-in-this-session,,,bank statement analysis;credit underwriting;income verification,phrase-match:whatTheyDo,,,,,"Financial data aggregation and analytics company that turns bank statements, GST and ITR data into underwriting-ready insights for lenders.",Bank statement analysis for loan underwriting;Income and cash-flow verification;Automated KYC and onboarding decisioning;GST and ITR based SME credit assessment,unsourced,low,scratch-2,"written by another worker with no provenance; the cited page supplies logos/names/tiers only and cannot be the origin of this prose, so it is treated as unverified",high,0.75,normalised-from-numeric,0.75,"high>=0.80, medium>=0.50, else low","original float preserved in confidenceScore; value written by another worker, mapped not discarded",gff-cms-partner-listing,https://www.globalfintechfest.com/partners,https://www.globalfintechfest.com/partners,2026-08-12T00:00:00Z,2026-08-12T13:58:49Z,active,,2026,6a7c6b77b652fb8e4842f355
Perto,,perto,Exhibitor,Exhibitors,other,https://www.perto.com.br/,https://event-engine-prod-media.s3.ap-south-1.amazonaws.com/uploads/5e253dee-7134-460f-89ce-4b1b5f744369-Perto.png,Explore as vantagens do Perto S.A e como ele pode melhorar seu dia a dia com tecnologia acessível.,direct-meta-description,,https://www.perto.com.br/,earlier-in-this-session,,our own fetch of the company's homepage <meta> tag,,,,,,,,,,,,,medium,,,,,,,,https://www.globalfintechfest.com/partners,2026-08-12T12:50:34Z,2026-08-12T13:58:49Z,active,false,2026,6a7c769516afc6a8747c9d35
Phi Commerce,,phi-commerce,Exhibitor,Exhibitors,infra,https://phicommerce.com/,https://event-engine-prod-media.s3.ap-south-1.amazonaws.com/uploads/09b8f247-7f46-44d3-ae1b-32280f8ab86d-PhiCommerce.png,"Discover the best omnichannel payment gateway in India offering seamless online & offline transactions, secure payments, and easy integration for businesses.",apify:apify/website-content-crawler,meta-description,https://phicommerce.com/,2026-08-12T13:30:52Z,,,payment gateway,phrase-match:whatTheyDo,apify:apify/website-content-crawler,2026-08-12T13:32:27Z,,,,,,,,,medium,,,,,,,,https://www.globalfintechfest.com/partners,2026-08-12T12:50:34Z,2026-08-12T13:58:49Z,active,false,2026,6a7c769516afc6a8747c9d36
PhonePe,,phonepe,Co-Powered By,Partners,payments,https://www.phonepe.com/,https://event-engine-prod-media.s3.ap-south-1.amazonaws.com/uploads/d70f0364-f641-49f6-85f4-f33b8e383739-PhonePe.png,Indian UPI payments and financial services app,curated-public-facts,,,earlier-in-this-session,,,UPI payments;merchant payments;bill payments,phrase-match:whatTheyDo,,,,,"Indian digital payments and financial services platform built on UPI, offering payments, insurance distribution and wealth products.",UPI payments and merchant acceptance;Insurance distribution to retail users;Mutual fund and gold investing;Offline merchant POS/soundbox network,unsourced,low,scratch-2,"written by another worker with no provenance; the cited page supplies logos/names/tiers only and cannot be the origin of this prose, so it is treated as unverified",high,0.75,normalised-from-numeric,0.75,"high>=0.80, medium>=0.50, else low","original float preserved in confidenceScore; value written by another worker, mapped not discarded",gff-cms-partner-listing,https://www.globalfintechfest.com/partners,https://www.globalfintechfest.com/partners,2026-08-12T00:00:00Z,2026-08-12T13:58:49Z,active,,2026,6a7c6b77b652fb8e4842f354
Pine Labs,,pine-labs,Agenda Partner,Partners,payments,https://www.pinelabs.com/,https://event-engine-prod-media.s3.ap-south-1.amazonaws.com/uploads/e277edf5-cc5f-43c9-ab21-14e423958164-pine-labs-website-logo.png,Merchant point-of-sale and payments platform,curated-public-facts,,,earlier-in-this-session,,,in-store card acceptance;EMI at checkout;gift cards,phrase-match:whatTheyDo,,,,,"Merchant commerce platform offering POS terminals, payment acceptance, EMI at checkout and prepaid gift card issuing.",In-store POS payment acceptance;Brand EMI and buy-now-pay-later at checkout;Prepaid and gift card issuance;Merchant working capital via transaction data,unsourced,low,scratch-2,"written by another worker with no provenance; the cited page supplies logos/names/tiers only and cannot be the origin of this prose, so it is treated as unverified",high,0.75,normalised-from-numeric,0.75,"high>=0.80, medium>=0.50, else low","original float preserved in confidenceScore; value written by another worker, mapped not discarded",gff-cms-partner-listing,https://www.globalfintechfest.com/partners,https://www.globalfintechfest.com/partners,2026-08-12T00:00:00Z,2026-08-12T13:58:49Z,active,,2026,6a7c6b77b652fb8e4842f361
Pinnacle Services,,pinnacle-services,Silver Partner,Partners,other,https://www.pinnacle.in/,https://event-engine-prod-media.s3.ap-south-1.amazonaws.com/uploads/28b1fc89-72ba-4bee-b014-d89e64e1f9e4-Pinnacle.png,"We offer an Automated Chat Integration and Communication Module that helps businesses automate customer service, sales, and marketing processes.",apify:apify/website-content-crawler,meta-description,https://www.pinnacle.in/,2026-08-12T13:30:52Z,,,,,,,,,,,,,,,medium,,,,,,,,https://www.globalfintechfest.com/partners,2026-08-12T12:50:34Z,2026-08-12T13:58:49Z,active,false,2026,6a7c769516afc6a8747c9d37
Plutos One,,plutos-one,Exhibitor,Exhibitors,other,https://www.plutos.one/,https://event-engine-prod-media.s3.ap-south-1.amazonaws.com/uploads/286b2bdd-e40d-4a99-a36f-95e68da0037c-PlutosOne.png,,,,,,,,,,,,,,,,,,,,low,,,,,,,,https://www.globalfintechfest.com/partners,2026-08-12T12:50:34Z,2026-08-12T13:58:49Z,active,false,2026,6a7c769516afc6a8747c9d38
Posidex Technologies,,posidex-technologies,Exhibitor,Exhibitors,infra,https://www.posidex.com/,https://event-engine-prod-media.s3.ap-south-1.amazonaws.com/uploads/2370d76a-e65b-402d-a9c5-0b4d24a3e885-Posidex.png,"AI/ML-powered, privacy-enhanced customer data platform for contextual insights for better growth, compliance, & customer experiences.",direct-meta-description,,https://www.posidex.com/,earlier-in-this-session,,our own fetch of the company's homepage <meta> tag,AML and compliance;analytics and reporting;AI and automation,phrase-match:whatTheyDo,direct-meta-description,,,derived by literal phrase match against this record whatTheyDo text,,,,,,,medium,,,,,,,,https://www.globalfintechfest.com/partners,2026-08-12T12:50:34Z,2026-08-12T13:58:49Z,active,false,2026,6a7c769516afc6a8747c9d39
Precize,,precize,Exhibitor,Exhibitors,other,https://www.precize.in/,https://event-engine-prod-media.s3.ap-south-1.amazonaws.com/uploads/868a6edf-06ce-4812-ad9c-b3a8663c22bf-Precize.png,"Buy and sell unlisted shares in India with Precize, your online platform for pre-IPO shares. Diversify with pre-IPO and unlisted shares investment opportunities!",direct-meta-description,,https://www.precize.in/,earlier-in-this-session,,our own fetch of the company's homepage <meta> tag,wealth management,phrase-match:whatTheyDo,direct-meta-description,,,derived by literal phrase match against this record whatTheyDo text,,,,,,,medium,,,,,,,,https://www.globalfintechfest.com/partners,2026-08-12T12:50:34Z,2026-08-12T13:58:49Z,active,false,2026,6a7c769516afc6a8747c9d3a
Premier Financial Services,,premier-financial-services,Exhibitor,Exhibitors,other,https://www.premierfinservices.com/,https://event-engine-prod-media.s3.ap-south-1.amazonaws.com/uploads/d883d0ba-5b70-4357-9994-d8fb82175fac-premier-financial-services-website-logo.png,"Premier is a fast growing Management & Trust Company operating in the offshore jurisdiction of Mauritius. The Premier Group offers its services to high net worth individuals, private companies, multinationals and listed entities across the globe. Our group and affiliate companies are based in Mauritius, Dubai, South Africa and the Seychelles. Our services include expert tax advice, reduction",direct-meta-description,,https://www.premierfinservices.com/,earlier-in-this-session,,our own fetch of the company's homepage <meta> tag,,,,,,,,,,,,,medium,,,,,,,,https://www.globalfintechfest.com/partners,2026-08-12T12:50:34Z,2026-08-12T13:58:49Z,active,false,2026,6a7c769516afc6a8747c9d3b
Presolv360,,presolv360,Exhibitor,Exhibitors,other,https://presolv360.com/,https://event-engine-prod-media.s3.ap-south-1.amazonaws.com/uploads/43b50ea4-e9a6-447b-934f-e4b8a67c00fd-presolv360.png,"Presolv360® is an Online Dispute Resolution platform developed in India offering Mediation, Arbitration, Conciliation and Negotiation. Enabling resolution of disputes faster, legally, and securely, while preserving party relations.",direct-meta-description,,https://presolv360.com/,earlier-in-this-session,,our own fetch of the company's homepage <meta> tag,,,,,,,,,,,,,medium,,,,,,,,https://www.globalfintechfest.com/partners,2026-08-12T12:50:34Z,2026-08-12T13:58:49Z,active,false,2026,6a7c769516afc6a8747c9d3c
Protean eGov Technologies Limited,Protean eGov Technologies,protean-egov-technologies-limited,Bronze Partner,Partners,infra,https://www.proteantech.in/,https://event-engine-prod-media.s3.ap-south-1.amazonaws.com/uploads/aa5e9cad-311c-42db-afe7-11f11c82dfcd-Protean.png,"Revolutionizing e-Governance for 28 years. From tax modernization to digital infrastructure, we empower citizens, businesses, and governments with innovative solutions.\r\n",apify:apify/website-content-crawler,meta-description,https://www.proteantech.in/,2026-08-12T13:30:52Z,,,cloud infrastructure,phrase-match:whatTheyDo,apify:apify/website-content-crawler,2026-08-12T13:32:27Z,,,"Digital public infrastructure company (formerly NSDL e-Governance) operating PAN issuance, NPS record-keeping and Account Aggregator services.",PAN issuance and verification services;National Pension System record keeping;Account Aggregator consent infrastructure;Open network digital commerce enablement,unsourced,low,scratch-2,"written by another worker with no provenance; the cited page supplies logos/names/tiers only and cannot be the origin of this prose, so it is treated as unverified",medium,,,,,,,,https://www.globalfintechfest.com/partners,2026-08-12T12:50:34Z,2026-08-12T13:58:49Z,active,false,2026,6a7c769516afc6a8747c9d3d
Protectt.ai Labs,,protectt-ai-labs,Mobile App Security Partner,Partners,regtech,https://protectt.ai/,https://event-engine-prod-media.s3.ap-south-1.amazonaws.com/uploads/fbaa32bc-de04-4575-8ad9-89d1c7058ded-Protectt.ai.png,"Protect mobile apps, AI models, and agentic systems with Protectt.ai’s AI-native security platform offering RASP, AI red teaming, model scanning, and runtime protection.",apify:apify/website-content-crawler,meta-description,https://protectt.ai/,2026-08-12T13:30:52Z,,,AI and automation;cybersecurity,phrase-match:whatTheyDo,apify:apify/website-content-crawler,2026-08-12T13:32:27Z,,,"Mobile application security company providing runtime app self-protection, threat detection and fraud prevention for banking and fintech apps.","Runtime protection for mobile banking apps;Detecting rooted, tampered or emulated devices;Screen sharing and remote access fraud prevention;Malware detection on customer devices",unsourced,low,scratch-2,"written by another worker with no provenance; the cited page supplies logos/names/tiers only and cannot be the origin of this prose, so it is treated as unverified",medium,0.7,normalised-from-numeric,0.7,"high>=0.80, medium>=0.50, else low","original float preserved in confidenceScore; value written by another worker, mapped not discarded",gff-cms-partner-listing,https://www.globalfintechfest.com/partners,https://www.globalfintechfest.com/partners,2026-08-12T00:00:00Z,2026-08-12T13:58:49Z,active,,2026,6a7c6c0fb652fb8e4842f38e
PSB Alliance,,psb-alliance,Exhibitor,Exhibitors,other,https://www.psballiance.com/,https://event-engine-prod-media.s3.ap-south-1.amazonaws.com/uploads/983b8d37-03e3-477d-b210-d77e530150a3-PSBAlliance.png,"Innovation and progress never stop at PSB Alliance. We are committed to offering new services, products and platforms that help the banking sector enhance their offerings for individuals and businesses.",apify:apify/website-content-crawler,homepage-body-text,https://www.psballiance.com/,2026-08-12T13:30:52Z,,,,,,,,,,,,,,,medium,,,,,,,,https://www.globalfintechfest.com/partners,2026-08-12T12:50:34Z,2026-08-12T13:58:49Z,active,false,2026,6a7c769516afc6a8747c9d3e
Punjab National Bank,,punjab-national-bank,Brought To You By,Partners,banking,https://pnb.bank.in/,https://event-engine-prod-media.s3.ap-south-1.amazonaws.com/uploads/026d0b1e-4712-4862-9456-8125133ec8dc-PNB.png,Indian public sector bank,curated-public-facts,,,earlier-in-this-session,,,retail banking;payments,phrase-match:whatTheyDo,,,,,"Major Indian public sector bank providing retail, agricultural, MSME and corporate banking services nationwide.",MSME and priority sector lending;Retail deposits and remittances;Agricultural credit and Kisan credit cards;Digital banking channels,unsourced,low,scratch-2,"written by another worker with no provenance; the cited page supplies logos/names/tiers only and cannot be the origin of this prose, so it is treated as unverified",high,0.75,normalised-from-numeric,0.75,"high>=0.80, medium>=0.50, else low","original float preserved in confidenceScore; value written by another worker, mapped not discarded",gff-cms-partner-listing,https://www.globalfintechfest.com/partners,https://www.globalfintechfest.com/partners,2026-08-12T00:00:00Z,2026-08-12T13:58:49Z,active,,2026,6a7c6b77b652fb8e4842f358
PWC,,pwc,Supporter,Supporters,other,,https://event-engine-prod-media.s3.ap-south-1.amazonaws.com/uploads/3ebb09ef-bd85-4f97-8a92-5b4e50b664d6-scrollerPWC6d06f83fc1.png,"PwC, one of the large global professional services networks, providing assurance, tax and advisory services.",curated-public-facts,,,2026-08-12T13:32:27Z,,"stable public fact about what the organisation is; no GFF-2026 claims, no time-sensitive detail",,,,,,,,,,,,,high,,,,,,,,https://www.globalfintechfest.com/partners,2026-08-12T12:50:34Z,2026-08-12T13:58:49Z,active,false,2026,6a7c769516afc6a8747c9d3f
QistonPe,,qistonpe,Exhibitor,Exhibitors,other,https://www.qistonpe.com/,https://event-engine-prod-media.s3.ap-south-1.amazonaws.com/uploads/64350a8c-30ad-4c40-86da-891ce7bcc691-qistonpe-website-logo.png,"OpportunityX is an AI-powered tender management platform for Indian MSME manufacturers. It automates tender discovery across 90+ government portals (GeM, NTPC, BHEL, Railways, Defence, ONGC, CPPP, PWD), checks eligibility instantly, and generates complete bid-ready documentation. The platform helps manufacturing companies file government tenders in 10 minutes instead of 2 days. It is a product by ",apify:apify/website-content-crawler,meta-description,https://www.qistonpe.com/,2026-08-12T13:30:52Z,,,AI and automation,phrase-match:whatTheyDo,apify:apify/website-content-crawler,2026-08-12T13:32:27Z,,,,,,,,,medium,,,,,,,,https://www.globalfintechfest.com/partners,2026-08-12T12:50:34Z,2026-08-12T13:58:49Z,active,false,2026,6a7c769516afc6a8747c9d40
Qualitrix,,qualitrix,Exhibitor,Exhibitors,other,https://qualitrix.com/,https://event-engine-prod-media.s3.ap-south-1.amazonaws.com/uploads/5975429c-13c9-49f9-bbe7-c1553c6dd3e3-qualitrix.png,"Horizontal News Ticker End-to-End UAT at Scale for a Leading Telecom Platform View Case Study→ National Startup Day 2026: Featured Among India’s Top Innovators. View News→ The Fastest Way to Stand Up a QA Center for Your India GCC. Read the Blog→ PAYMENT QE CENTRE OF EXCELLENCE 64% of India’s UPI market trusts Qualitrix. Domain-native,…",apify:apify/website-content-crawler,meta-description,https://qualitrix.com/,2026-08-12T13:30:52Z,,,UPI payments,phrase-match:whatTheyDo,apify:apify/website-content-crawler,2026-08-12T13:32:27Z,,,,,,,,,medium,,,,,,,,https://www.globalfintechfest.com/partners,2026-08-12T12:50:34Z,2026-08-12T13:58:49Z,active,false,2026,6a7c769516afc6a8747c9d41
Qualtech Edge,,qualtech-edge,Exhibitor,Exhibitors,infra,https://www.qualtechedge.ai/,https://event-engine-prod-media.s3.ap-south-1.amazonaws.com/uploads/4c787b09-9984-471f-b63d-54a0de7d10d3-qualtech.png,Set return targets by department and track performance against them. Gain visibility that drives accountability.,apify:apify/website-content-crawler,homepage-body-text,https://www.qualtechedge.ai/,2026-08-12T13:30:52Z,,,,,,,,,,,,,,,medium,,,,,,,,https://www.globalfintechfest.com/partners,2026-08-12T12:50:34Z,2026-08-12T13:58:49Z,active,false,2026,6a7c769516afc6a8747c9d42
Quantum Data Engines,,quantum-data-engines,Exhibitor,Exhibitors,ai,https://qde.ai/,https://event-engine-prod-media.s3.ap-south-1.amazonaws.com/uploads/d7d563eb-9fce-45a3-ba85-b8e430b7ca20-QuantumDataEngines.png,"Quantum Data Engines builds algorithms of trust for banks, insurers, fintechs, and exchanges across nineteen countries and jurisdictions.",direct-meta-description,,https://qde.ai/,earlier-in-this-session,,our own fetch of the company's homepage <meta> tag,insurance distribution,phrase-match:whatTheyDo,direct-meta-description,,,derived by literal phrase match against this record whatTheyDo text,,,,,,,medium,,,,,,,,https://www.globalfintechfest.com/partners,2026-08-12T12:50:34Z,2026-08-12T13:58:49Z,active,false,2026,6a7c769516afc6a8747c9d43
Rahi Technologies,,rahi-technologies,Bronze Partner,Partners,infra,https://www.rahitechnologies.com/,https://event-engine-prod-media.s3.ap-south-1.amazonaws.com/uploads/aa50ee14-73d1-40d4-aa6d-6b73ab4660b5-Rahitechnologies.png,"A practitioner-built, cloud-agnostic Lending platform that simplifies acquisition, servicing, and collections - powered by 100% open source technologies for a lower TCO",direct-meta-description,,https://www.rahitechnologies.com/,earlier-in-this-session,,our own fetch of the company's homepage <meta> tag,digital lending;cloud infrastructure;collections and recovery,phrase-match:whatTheyDo,direct-meta-description,,,derived by literal phrase match against this record whatTheyDo text,,,,,,,medium,,,,,,,,https://www.globalfintechfest.com/partners,2026-08-12T12:50:34Z,2026-08-12T13:58:49Z,active,false,2026,6a7c769516afc6a8747c9d44
Raise,,raise,Silver Partner,Partners,other,https://raiseholding.co/,https://event-engine-prod-media.s3.ap-south-1.amazonaws.com/uploads/4a574e7e-084b-4283-8ebe-a93ea24fed09-Dhan.png,"We are building technology-led financial services across investing, learning, wealth, insurance, financing, payments, and asset management.",direct-meta-description,,https://raiseholding.co/,earlier-in-this-session,,our own fetch of the company's homepage <meta> tag,wealth management;insurance distribution,phrase-match:whatTheyDo,direct-meta-description,,,derived by literal phrase match against this record whatTheyDo text,,,,,,,medium,,,,,,,,https://www.globalfintechfest.com/partners,2026-08-12T12:50:34Z,2026-08-12T13:58:49Z,active,false,2026,6a7c769516afc6a8747c9d45
Razorpay,,razorpay,AI Powered Payments Partner,Partners,payments,https://razorpay.com/,https://event-engine-prod-media.s3.ap-south-1.amazonaws.com/uploads/9d2a83c1-a61a-4476-9cd1-bffc9abf968c-Razorpay.png,Indian payment gateway and business banking platform,curated-public-facts,,,earlier-in-this-session,,,online payment gateway;payouts;subscription billing,phrase-match:whatTheyDo,,,,,"Indian full-stack payments and business banking company offering payment gateway, payouts, current accounts and capital for businesses.",Online payment gateway and checkout;Vendor payouts and payroll disbursement;Neobanking current account and expense tools;Working capital advances for merchants,unsourced,low,scratch-2,"written by another worker with no provenance; the cited page supplies logos/names/tiers only and cannot be the origin of this prose, so it is treated as unverified",high,0.75,normalised-from-numeric,0.75,"high>=0.80, medium>=0.50, else low","original float preserved in confidenceScore; value written by another worker, mapped not discarded",gff-cms-partner-listing,https://www.globalfintechfest.com/partners,https://www.globalfintechfest.com/partners,2026-08-12T00:00:00Z,2026-08-12T13:58:49Z,active,,2026,6a7c6c0fb652fb8e4842f3a0
RBIH,,rbih,Supporter,Supporters,infra,,https://event-engine-prod-media.s3.ap-south-1.amazonaws.com/uploads/dfa9ada8-1cd1-4b42-bbd9-df123aebfc7f-rbih-logo-black.png,"Reserve Bank Innovation Hub, an entity set up by the Reserve Bank of India to promote innovation in financial services.",curated-public-facts,,,2026-08-12T13:32:27Z,,"stable public fact about what the organisation is; no GFF-2026 claims, no time-sensitive detail",,,,,,,,,,,,,high,,,,,,,,https://www.globalfintechfest.com/partners,2026-08-12T12:50:34Z,2026-08-12T13:58:49Z,active,false,2026,6a7c769516afc6a8747c9d46
Redhat,Red Hat,redhat,Gold Partner,Partners,other,https://www.redhat.com/en,https://event-engine-prod-media.s3.ap-south-1.amazonaws.com/uploads/3ff2bf26-d08f-4f38-b63f-5238949a18f6-RedHat.png,"Red Hat is the world’s leading provider of enterprise open source solutions, including high-performing Linux, cloud, container, and Kubernetes technologies.",apify:apify/website-content-crawler,meta-description,https://www.redhat.com/en,2026-08-12T13:30:52Z,,,cloud infrastructure,phrase-match:whatTheyDo,apify:apify/website-content-crawler,2026-08-12T13:32:27Z,,,"Enterprise open source software company providing Linux, Kubernetes and middleware platforms used by banks for core system modernisation.",Containerising core banking workloads;Hybrid cloud platform for regulated workloads;Event-driven integration for payments systems;Automation of IT compliance and patching,unsourced,low,scratch-2,"written by another worker with no provenance; the cited page supplies logos/names/tiers only and cannot be the origin of this prose, so it is treated as unverified",medium,,,,,,,,https://www.globalfintechfest.com/partners,2026-08-12T12:50:34Z,2026-08-12T13:58:49Z,active,false,2026,6a7c769516afc6a8747c9d47
RevRag.AI,,revrag-ai,Bronze Partner,Partners,ai,https://www.revrag.ai/,https://event-engine-prod-media.s3.ap-south-1.amazonaws.com/uploads/eeacb458-c6f3-471f-a6de-9ddf64b37f56-Revrag.png,"Embed AI agents directly into your BFSI product. Automate onboarding, re-engage drop-offs, and drive conversions with In-App and Calling AI agents.",apify:apify/website-content-crawler,meta-description,https://www.revrag.ai/,2026-08-12T13:30:52Z,,,KYC and onboarding;AI and automation,phrase-match:whatTheyDo,apify:apify/website-content-crawler,2026-08-12T13:32:27Z,,,,,,,,,medium,,,,,,,,https://www.globalfintechfest.com/partners,2026-08-12T12:50:34Z,2026-08-12T13:58:49Z,active,false,2026,6a7c769516afc6a8747c9d48
Rezolv AI Technology Solutions Pvt Ltd,,rezolv-ai-technology-solutions-pvt-ltd,Exhibitor,Exhibitors,ai,https://www.rezolv.com/,https://event-engine-prod-media.s3.ap-south-1.amazonaws.com/uploads/51cbb117-6925-407f-a139-074520d44db9-Rezolv.png,"Rezolv revolutionizes debt recovery with AI-driven strategies, automation, and human-centric communication. Maximize recovery while preserving customer relationships.",apify:apify/website-content-crawler,meta-description,https://www.rezolv.com/,2026-08-12T13:30:52Z,,,AI and automation;collections and recovery,phrase-match:whatTheyDo,apify:apify/website-content-crawler,2026-08-12T13:32:27Z,,,,,,,,,medium,,,,,,,,https://www.globalfintechfest.com/partners,2026-08-12T12:50:34Z,2026-08-12T13:58:49Z,active,false,2026,6a7c769516afc6a8747c9d49
Ringg.ai,,ringg-ai,Silver Partner,Partners,ai,https://www.ringg.ai/,https://event-engine-prod-media.s3.ap-south-1.amazonaws.com/uploads/6bd7eb3d-c1d2-46ae-a338-37d61f3d82de-Ringg.ai.png,"Build multilingual AI agents for inbound and outbound calls, chat, WhatsApp, and web. Test, deploy, and monitor agents in minutes.",apify:apify/website-content-crawler,meta-description,https://www.ringg.ai/,2026-08-12T13:30:52Z,,,customer communication;AI and automation,phrase-match:whatTheyDo,apify:apify/website-content-crawler,2026-08-12T13:32:27Z,,,Voice AI company building conversational calling agents that handle outbound and inbound phone conversations in multiple Indian languages.,AI voice agents for loan collections;Automated customer onboarding calls;Multilingual inbound support calling;Lead qualification for financial products,unsourced,low,scratch-2,"written by another worker with no provenance; the cited page supplies logos/names/tiers only and cannot be the origin of this prose, so it is treated as unverified",medium,0.6,normalised-from-numeric,0.6,"high>=0.80, medium>=0.50, else low","original float preserved in confidenceScore; value written by another worker, mapped not discarded",gff-cms-partner-listing,https://www.globalfintechfest.com/partners,https://www.globalfintechfest.com/partners,2026-08-12T00:00:00Z,2026-08-12T13:58:49Z,active,,2026,6a7c6c0fb652fb8e4842f39c
Route Mobile,,route-mobile,Cloud Communications Partner,Partners,infra,https://routemobile.com/,https://event-engine-prod-media.s3.ap-south-1.amazonaws.com/uploads/ec756485-2e56-4067-89cf-70bccdfe8912-route-mobile-website-logo.png,Cloud communications provider (CPaaS),curated-public-facts,,,earlier-in-this-session,,,transactional SMS/OTP;customer messaging,phrase-match:whatTheyDo,,,,,"Cloud communications provider offering SMS, WhatsApp, RCS, voice and authentication services to enterprises including banks.",OTP and two-factor authentication delivery;Transactional SMS and alerts for banks;WhatsApp business messaging for financial services;Silent network authentication for fraud prevention,unsourced,low,scratch-2,"written by another worker with no provenance; the cited page supplies logos/names/tiers only and cannot be the origin of this prose, so it is treated as unverified",high,0.75,normalised-from-numeric,0.75,"high>=0.80, medium>=0.50, else low","original float preserved in confidenceScore; value written by another worker, mapped not discarded",gff-cms-partner-listing,https://www.globalfintechfest.com/partners,https://www.globalfintechfest.com/partners,2026-08-12T00:00:00Z,2026-08-12T13:58:49Z,active,,2026,6a7c6c0fb652fb8e4842f39f
Safebox,,safebox,Exhibitor,Exhibitors,other,https://safebox.life/,https://event-engine-prod-media.s3.ap-south-1.amazonaws.com/uploads/53a15b3f-30ac-4d68-a2a5-685ab1a77657-safebox.png,"SEBI-regulated. Organise investments, insurance, and documents in one secure place. Give your family access so they are never left searching.",direct-meta-description,,https://safebox.life/,earlier-in-this-session,,our own fetch of the company's homepage <meta> tag,wealth management;insurance distribution,phrase-match:whatTheyDo,direct-meta-description,,,derived by literal phrase match against this record whatTheyDo text,,,,,,,medium,,,,,,,,https://www.globalfintechfest.com/partners,2026-08-12T12:50:34Z,2026-08-12T13:58:49Z,active,false,2026,6a7c769516afc6a8747c9d4a
Safegold,SafeGold,safegold,Hydration Partner,Partners,other,https://www.safegold.com/,https://event-engine-prod-media.s3.ap-south-1.amazonaws.com/uploads/d76980cc-14d9-4a36-836e-7110f4f6ea28-safegold.png,,unsourced,,,,scratch-2,"written by another worker with no provenance; the cited page supplies logos/names/tiers only and cannot be the origin of this prose, so it is treated as unverified",,unsourced,,,scratch-2,"written by another worker with no provenance; the cited page supplies logos/names/tiers only and cannot be the origin of this prose, so it is treated as unverified","Digital gold platform letting consumers buy, sell, store and redeem small quantities of physical gold through partner apps.",Digital gold savings in small denominations;Gold-backed loans and lending collateral;Embedded gold investing inside partner fintech apps;Physical gold redemption and delivery,unsourced,low,scratch-2,"written by another worker with no provenance; the cited page supplies logos/names/tiers only and cannot be the origin of this prose, so it is treated as unverified",low,,,,,,,,https://www.globalfintechfest.com/partners,2026-08-12T12:50:34Z,2026-08-12T13:58:49Z,active,false,2026,6a7c769516afc6a8747c9d4b
Salesforce,,salesforce,Exhibitor,Exhibitors,other,https://www.salesforce.com/in/?ir=1,https://event-engine-prod-media.s3.ap-south-1.amazonaws.com/uploads/7f2f702f-5a5d-4e5a-b867-af43d59cfc30-SalesForce.png,"Salesforce is the #1 AI CRM, helping companies become Agentic Enterprises where humans and agents drive success together through a unified AI, data, and Customer 360 platform.",direct-meta-description,,https://www.salesforce.com/in/?ir=1,earlier-in-this-session,,our own fetch of the company's homepage <meta> tag,AI and automation,phrase-match:whatTheyDo,direct-meta-description,,,derived by literal phrase match against this record whatTheyDo text,,,,,,,medium,,,,,,,,https://www.globalfintechfest.com/partners,2026-08-12T12:50:34Z,2026-08-12T13:58:49Z,active,false,2026,6a7c769516afc6a8747c9d4c
Sarvam.ai,,sarvam-ai,Exhibitor,Exhibitors,ai,https://www.sarvam.ai/,https://event-engine-prod-media.s3.ap-south-1.amazonaws.com/uploads/ba843033-834e-4f4f-ad95-deb7fe498ebb-Sarvam.ai.png,"Sarvam is India's full-stack sovereign AI platform, with speech-to-text, text-to-speech, translation, and conversational agents across 22 Indian languages. Start free.",apify:apify/website-content-crawler,meta-description,https://www.sarvam.ai/,2026-08-12T13:30:52Z,,,AI and automation,phrase-match:whatTheyDo,apify:apify/website-content-crawler,2026-08-12T13:32:27Z,,,,,,,,,medium,,,,,,,,https://www.globalfintechfest.com/partners,2026-08-12T12:50:34Z,2026-08-12T13:58:49Z,active,false,2026,6a7c769516afc6a8747c9d4d
Sarvdhan,,sarvdhan,Exhibitor,Exhibitors,other,https://sarvdhan.com/,https://event-engine-prod-media.s3.ap-south-1.amazonaws.com/uploads/cdb10212-2dc2-4ece-93b4-504327272172-sarvdhan-website-logo.png,Home Page Meta Description would be added here as per the need,direct-meta-description,,https://sarvdhan.com/,earlier-in-this-session,,our own fetch of the company's homepage <meta> tag,,,,,,,,,,,,,medium,,,,,,,,https://www.globalfintechfest.com/partners,2026-08-12T12:50:34Z,2026-08-12T13:58:49Z,active,false,2026,6a7c769516afc6a8747c9d4e
Scapia,,scapia,Sundowner,Partners,payments,https://www.scapia.cards/,https://event-engine-prod-media.s3.ap-south-1.amazonaws.com/uploads/60c8eb49-d2eb-4604-8cee-f601ba28c346-scapia-website-logo.png,"Issued in partnership with Federal bank, the most rewarding credit card for the traveller in you. Get 10% rewards, zero forex, unlimited domestic lounge access and more at zero fees.",direct-meta-description,,https://www.scapia.cards/,earlier-in-this-session,,our own fetch of the company's homepage <meta> tag,,unsourced,,,scratch-2,"written by another worker with no provenance; the cited page supplies logos/names/tiers only and cannot be the origin of this prose, so it is treated as unverified",Travel-focused fintech offering a co-branded credit card and app that converts spending into travel rewards with zero forex markup.,Travel rewards co-branded credit card;Zero forex markup international spending;In-app flight and hotel booking with rewards;Card-linked travel benefits,unsourced,low,scratch-2,"written by another worker with no provenance; the cited page supplies logos/names/tiers only and cannot be the origin of this prose, so it is treated as unverified",medium,0.7,normalised-from-numeric,0.7,"high>=0.80, medium>=0.50, else low","original float preserved in confidenceScore; value written by another worker, mapped not discarded",gff-cms-partner-listing,https://www.globalfintechfest.com/partners,https://www.globalfintechfest.com/partners,2026-08-12T00:00:00Z,2026-08-12T13:58:49Z,active,,2026,6a7c6c0fb652fb8e4842f3a3
Scienaptic,,scienaptic,Exhibitor,Exhibitors,other,https://www.scienaptic.ai/global,https://event-engine-prod-media.s3.ap-south-1.amazonaws.com/uploads/b50cf45e-d726-49d2-aed8-c2e26fbbe2a9-scienaptic-website-logo.png,"Make faster AI credit decisions with our Business Rule Engine. Automate credit underwriting, deploy decisioning software, and reduce risk using a powerful credit decision engine for lenders.",direct-meta-description,,https://www.scienaptic.ai/global,earlier-in-this-session,,our own fetch of the company's homepage <meta> tag,credit underwriting;AI and automation,phrase-match:whatTheyDo,direct-meta-description,,,derived by literal phrase match against this record whatTheyDo text,,,,,,,medium,,,,,,,,https://www.globalfintechfest.com/partners,2026-08-12T12:50:34Z,2026-08-12T13:58:49Z,active,false,2026,6a7c769516afc6a8747c9d4f
ScoreMe,ScoreMe Solutions,scoreme,Autonomous Lending Partner,Partners,other,https://scoreme.in,https://event-engine-prod-media.s3.ap-south-1.amazonaws.com/uploads/210cf9c7-f53f-447f-af8c-cd66ddc49357-ScoreMe.png,"Seamless credit decisions with ScoreMe’s AI tools for banks & NBFCs. Analyze bank statements, KYC, ITR & automate underwriting faster than ever.",apify:apify/website-content-crawler,meta-description,https://scoreme.in/,2026-08-12T13:30:52Z,,,credit underwriting;KYC and onboarding;AI and automation,phrase-match:whatTheyDo,apify:apify/website-content-crawler,2026-08-12T13:32:27Z,,,"Analytics company providing automated financial statement, bank statement and GST analysis to help lenders underwrite faster.",Automated bank statement analysis;GST and financial statement based underwriting;Fraud detection in submitted documents;Straight-through loan decisioning,unsourced,low,scratch-2,"written by another worker with no provenance; the cited page supplies logos/names/tiers only and cannot be the origin of this prose, so it is treated as unverified",medium,,,,,,,,https://www.globalfintechfest.com/partners,2026-08-12T12:50:34Z,2026-08-12T13:58:49Z,active,false,2026,6a7c769516afc6a8747c9d50
Scrut Automation,,scrut-automation,Exhibitor,Exhibitors,other,https://www.scrut.io/,https://event-engine-prod-media.s3.ap-south-1.amazonaws.com/uploads/70bce6a2-16c4-4bef-b035-9d454df79849-ScrutAutomation.png,"Automate compliance evidence collection, risk assessment, and vendor risk management with AI agents built for SOC 2, ISO 27001, and 60+ frameworks.",direct-meta-description,,https://www.scrut.io/,earlier-in-this-session,,our own fetch of the company's homepage <meta> tag,AML and compliance;risk management;AI and automation;collections and recovery,phrase-match:whatTheyDo,direct-meta-description,,,derived by literal phrase match against this record whatTheyDo text,,,,,,,medium,,,,,,,,https://www.globalfintechfest.com/partners,2026-08-12T12:50:34Z,2026-08-12T13:58:49Z,active,false,2026,6a7c769516afc6a8747c9d51
SEBI,,sebi,Exhibitor,Exhibitors,other,https://www.sebi.gov.in/,https://event-engine-prod-media.s3.ap-south-1.amazonaws.com/uploads/2a59424f-63b7-4ecc-ad92-790cb3b84c21-SEBI.png,Frequently Asked Questions FAQs on Cybersecurity and Cyber,apify:apify/website-content-crawler,homepage-body-text,https://www.sebi.gov.in/,2026-08-12T13:30:52Z,,,cybersecurity,phrase-match:whatTheyDo,apify:apify/website-content-crawler,2026-08-12T13:32:27Z,,,,,,,,,medium,,,,,,,,https://www.globalfintechfest.com/partners,2026-08-12T12:50:34Z,2026-08-12T13:58:49Z,active,false,2026,6a7c769516afc6a8747c9d52
Selkea,,selkea,Exhibitor,Exhibitors,other,https://www.selkea.ai/,https://event-engine-prod-media.s3.ap-south-1.amazonaws.com/uploads/3588a10c-61a8-4b06-8866-1a318fd1042b-selkea-website-logo.png,"Transform your regulatory compliance workflow with conversational AI. Get instant, verified answers from RBI regulations.",direct-meta-description,,https://www.selkea.ai/,earlier-in-this-session,,our own fetch of the company's homepage <meta> tag,AML and compliance;AI and automation,phrase-match:whatTheyDo,direct-meta-description,,,derived by literal phrase match against this record whatTheyDo text,,,,,,,medium,,,,,,,,https://www.globalfintechfest.com/partners,2026-08-12T12:50:34Z,2026-08-12T13:58:49Z,active,false,2026,6a7c769516afc6a8747c9d53
ShellKode,,shellkode,Bronze Partner,Partners,other,https://shellkode.com/,https://event-engine-prod-media.s3.ap-south-1.amazonaws.com/uploads/9d4c39d2-9683-48dd-a1c4-b018f5e665ff-Shellkode.png,We engineer what's complex-you operate with confidence.,direct-meta-description,,https://shellkode.com/,earlier-in-this-session,,our own fetch of the company's homepage <meta> tag,,,,,,,,,,,,,medium,,,,,,,,https://www.globalfintechfest.com/partners,2026-08-12T12:50:34Z,2026-08-12T13:58:49Z,active,false,2026,6a7c769516afc6a8747c9d54
Signzy,,signzy,Silver Partner,Partners,regtech,https://www.signzy.com/,https://event-engine-prod-media.s3.ap-south-1.amazonaws.com/uploads/333c2aa5-8b27-4125-b409-bd2e1e6d9394-Signzy.png,"Verify, onboard, and monitor users with Signzy’s KYC, KYB, and AML APIs. Trusted by 500+ global companies for secure and compliant user journeys.",direct-meta-description,,https://www.signzy.com/,earlier-in-this-session,,our own fetch of the company's homepage <meta> tag,KYC and onboarding;AML and compliance;cloud infrastructure,phrase-match:whatTheyDo,,,,,"Digital onboarding and identity verification company providing no-code KYC, AML and video KYC workflows for banks and fintechs.",Video KYC for account opening;AML and sanctions screening;Document forgery detection;No-code onboarding workflow automation,unsourced,low,scratch-2,"written by another worker with no provenance; the cited page supplies logos/names/tiers only and cannot be the origin of this prose, so it is treated as unverified",medium,0.7,normalised-from-numeric,0.7,"high>=0.80, medium>=0.50, else low","original float preserved in confidenceScore; value written by another worker, mapped not discarded",gff-cms-partner-listing,https://www.globalfintechfest.com/partners,https://www.globalfintechfest.com/partners,2026-08-12T00:00:00Z,2026-08-12T13:58:49Z,active,,2026,6a7c6c0fb652fb8e4842f393
Simple2Call,,simple2call,Exhibitor,Exhibitors,other,www.simple2call.com,https://event-engine-prod-media.s3.ap-south-1.amazonaws.com/uploads/e6b58ff5-7e31-4e8e-851b-721190354828-simple2call-website-logo.png,Simple2Call is a leading omnichannel contact centre and CX solution provider with Global calling. 40-Years proven track record and trusted by 200+ Enterprises in India.,direct-meta-description,,www.simple2call.com,earlier-in-this-session,,our own fetch of the company's homepage <meta> tag,customer communication,phrase-match:whatTheyDo,direct-meta-description,,,derived by literal phrase match against this record whatTheyDo text,,,,,,,medium,,,,,,,,https://www.globalfintechfest.com/partners,2026-08-12T12:50:34Z,2026-08-12T13:58:49Z,active,false,2026,6a7c769516afc6a8747c9d55
Simplifin AI,,simplifin-ai,Exhibitor,Exhibitors,ai,https://www.simplifin.ai/,https://event-engine-prod-media.s3.ap-south-1.amazonaws.com/uploads/d9a52983-ab71-4b69-8979-31789db4dedc-simplifin-ai-website-logo.png,AI-based financial goal planning with our SIP mutual fund calculator. Plan your investments and calculate potential with our advanced SIP investment calculator,direct-meta-description,,https://www.simplifin.ai/,earlier-in-this-session,,our own fetch of the company's homepage <meta> tag,wealth management;AI and automation,phrase-match:whatTheyDo,direct-meta-description,,,derived by literal phrase match against this record whatTheyDo text,,,,,,,medium,,,,,,,,https://www.globalfintechfest.com/partners,2026-08-12T12:50:34Z,2026-08-12T13:58:49Z,active,false,2026,6a7c769516afc6a8747c9d56
Sinch,,sinch,Gold Partner,Partners,infra,https://sinch.com/in/,https://event-engine-prod-media.s3.ap-south-1.amazonaws.com/uploads/1d782342-867c-449f-b1d8-f3681b4cd0a1-Sinch.png,Cloud communications provider (CPaaS),curated-public-facts,,,earlier-in-this-session,,,transactional messaging;OTP delivery,phrase-match:whatTheyDo,,,,,"Global customer communications cloud providing SMS, voice, email, WhatsApp and verification APIs used heavily in financial services.",OTP delivery and phone number verification;Transaction alerts at scale;Conversational messaging for banking support;Omnichannel marketing for financial products,unsourced,low,scratch-2,"written by another worker with no provenance; the cited page supplies logos/names/tiers only and cannot be the origin of this prose, so it is treated as unverified",high,0.75,normalised-from-numeric,0.75,"high>=0.80, medium>=0.50, else low","original float preserved in confidenceScore; value written by another worker, mapped not discarded",gff-cms-partner-listing,https://www.globalfintechfest.com/partners,https://www.globalfintechfest.com/partners,2026-08-12T00:00:00Z,2026-08-12T13:58:49Z,active,,2026,6a7c6b77b652fb8e4842f37b
SINE IIT Bombay Business Incubator,,sine-iit-bombay-business-incubator,Ecosystem,Ecosystem,other,,https://event-engine-prod-media.s3.ap-south-1.amazonaws.com/uploads/c715188d-20a9-4784-a3e3-1734de20d2a1-SINE-logo-v2.png,,,,,,,,,,,,,,,,,,,,low,,,,,,,,https://www.globalfintechfest.com/partners,2026-08-12T12:50:34Z,2026-08-12T13:58:49Z,active,false,2026,6a7c769516afc6a8747c9d57
Skan.ai,,skan-ai,Exhibitor,Exhibitors,ai,https://www.skan.ai/,https://event-engine-prod-media.s3.ap-south-1.amazonaws.com/uploads/c30938d2-160c-4122-a98d-0b48a86211d1-skan.ai-website-logo.png,"Observe how work gets done. Skan AI gives enterprise AI the context it needs to improve operations, accelerate automation and deploy AI with confidence.",direct-meta-description,,https://www.skan.ai/,earlier-in-this-session,,our own fetch of the company's homepage <meta> tag,AI and automation,phrase-match:whatTheyDo,direct-meta-description,,,derived by literal phrase match against this record whatTheyDo text,,,,,,,medium,,,,,,,,https://www.globalfintechfest.com/partners,2026-08-12T12:50:34Z,2026-08-12T13:58:49Z,active,false,2026,6a7c769516afc6a8747c9d58
Smallest.ai,,smallest-ai,Exhibitor,Exhibitors,ai,https://smallest.ai/,https://event-engine-prod-media.s3.ap-south-1.amazonaws.com/uploads/82e6b500-6a16-4dac-981a-135adbac56ec-Smallest.ai.png,Power enterprise voice with Smallest AI,direct-meta-description,,https://smallest.ai/,earlier-in-this-session,,our own fetch of the company's homepage <meta> tag,AI and automation,phrase-match:whatTheyDo,direct-meta-description,,,derived by literal phrase match against this record whatTheyDo text,,,,,,,medium,,,,,,,,https://www.globalfintechfest.com/partners,2026-08-12T12:50:34Z,2026-08-12T13:58:49Z,active,false,2026,6a7c769516afc6a8747c9d59
Smartping,,smartping,Exhibitor,Exhibitors,other,https://smartping.ai/,https://event-engine-prod-media.s3.ap-south-1.amazonaws.com/uploads/24637adc-0684-4391-b03b-24e706b2d3c4-SmartPing.png,Enhance your business efficiency with Smartping. Find out how this innovative technology can streamline your operations.,direct-meta-description,,https://smartping.ai/,earlier-in-this-session,,our own fetch of the company's homepage <meta> tag,,,,,,,,,,,,,medium,,,,,,,,https://www.globalfintechfest.com/partners,2026-08-12T12:50:34Z,2026-08-12T13:58:49Z,active,false,2026,6a7c769516afc6a8747c9d5a
Squareyards,,squareyards,Exhibitor,Exhibitors,other,https://www.squareyards.com/,https://event-engine-prod-media.s3.ap-south-1.amazonaws.com/uploads/bc24a61c-65b7-4238-8fcf-c75503641cd5-SquareYard.png,Square Yards is India's Growing Real Estate Website for BUY / SALE / RENT that help find your dream home backed with Trusted Real Estate Developers,direct-meta-description,,https://www.squareyards.com/,earlier-in-this-session,,our own fetch of the company's homepage <meta> tag,,,,,,,,,,,,,medium,,,,,,,,https://www.globalfintechfest.com/partners,2026-08-12T12:50:34Z,2026-08-12T13:58:49Z,active,false,2026,6a7c769516afc6a8747c9d5b
State Bank of India,,state-bank-of-india,Brought To You By,Partners,banking,https://onlinesbi.sbi.bank.in/,https://event-engine-prod-media.s3.ap-south-1.amazonaws.com/uploads/e1925eeb-4eeb-4ae2-83d2-c5e59a2d9993-SBI.png,India's largest public sector bank,curated-public-facts,,,earlier-in-this-session,,,retail banking;digital lending;payments,phrase-match:whatTheyDo,,,,,"India's largest public sector bank, serving retail, corporate and rural customers through the country's widest branch and ATM network.",Mass-market retail banking and deposits;Government scheme and DBT disbursement;Rural and financial inclusion banking;Corporate and trade finance,unsourced,low,scratch-2,"written by another worker with no provenance; the cited page supplies logos/names/tiers only and cannot be the origin of this prose, so it is treated as unverified",high,0.75,normalised-from-numeric,0.75,"high>=0.80, medium>=0.50, else low","original float preserved in confidenceScore; value written by another worker, mapped not discarded",gff-cms-partner-listing,https://www.globalfintechfest.com/partners,https://www.globalfintechfest.com/partners,2026-08-12T00:00:00Z,2026-08-12T13:58:49Z,active,,2026,6a7c6b77b652fb8e4842f357
Stripe,,stripe,Gold Partner,Partners,payments,https://stripe.com/,https://event-engine-prod-media.s3.ap-south-1.amazonaws.com/uploads/be3ffb3d-c02e-4881-8446-bf7645299ea2-Stripe.png,"Stripe is a financial services platform that helps all types of businesses accept payments, build flexible billing models and manage money movement.",direct-meta-description,,https://stripe.com/,earlier-in-this-session,,our own fetch of the company's homepage <meta> tag,,unsourced,,,scratch-2,"written by another worker with no provenance; the cited page supplies logos/names/tiers only and cannot be the origin of this prose, so it is treated as unverified","Global payments infrastructure company providing APIs for online payment acceptance, billing, marketplace payouts and embedded finance.",Developer-first online payment acceptance;Subscription and usage-based billing;Marketplace and platform payouts;Embedded financial products via Stripe Connect,unsourced,low,scratch-2,"written by another worker with no provenance; the cited page supplies logos/names/tiers only and cannot be the origin of this prose, so it is treated as unverified",medium,0.75,normalised-from-numeric,0.75,"high>=0.80, medium>=0.50, else low","original float preserved in confidenceScore; value written by another worker, mapped not discarded",gff-cms-partner-listing,https://www.globalfintechfest.com/partners,https://www.globalfintechfest.com/partners,2026-08-12T00:00:00Z,2026-08-12T13:58:49Z,active,,2026,6a7c6c0fb652fb8e4842f38a
Sugary,,sugary,Exhibitor,Exhibitors,other,,https://event-engine-prod-media.s3.ap-south-1.amazonaws.com/uploads/a94aa6f4-d226-40db-9cd8-5c203ff624e1-sugary-website-logo.png,,,,,,,,,,,,,,,,,,,,low,,,,,,,,https://www.globalfintechfest.com/partners,2026-08-12T12:50:34Z,2026-08-12T13:58:49Z,active,false,2026,6a7c769516afc6a8747c9d5c
Sumsub,,sumsub,Bronze Partner,Partners,regtech,https://sumsub.com/,https://event-engine-prod-media.s3.ap-south-1.amazonaws.com/uploads/0a381030-d885-4f24-bb5d-939360e849a3-Sumsub.png,"Sumsub - Identity verification platform to secure the whole user journey ✔️Verify users, businesses or transactions, all while managing cases and deterring fraud ✔️ Highest pass rates ✔️4000+ clients ✔️Book a free demo now!",direct-meta-description,,https://sumsub.com/,earlier-in-this-session,,our own fetch of the company's homepage <meta> tag,identity verification;fraud prevention,phrase-match:whatTheyDo,,,,,"Global verification platform offering KYC, KYB, AML screening, fraud prevention and transaction monitoring in a single toolkit.",Global KYC and identity verification;Business verification (KYB) for merchants;AML screening and transaction monitoring;Deepfake and document fraud detection,unsourced,low,scratch-2,"written by another worker with no provenance; the cited page supplies logos/names/tiers only and cannot be the origin of this prose, so it is treated as unverified",medium,0.75,normalised-from-numeric,0.75,"high>=0.80, medium>=0.50, else low","original float preserved in confidenceScore; value written by another worker, mapped not discarded",gff-cms-partner-listing,https://www.globalfintechfest.com/partners,https://www.globalfintechfest.com/partners,2026-08-12T00:00:00Z,2026-08-12T13:58:49Z,active,,2026,6a7c6c0fb652fb8e4842f3b2
Surepass Technologies,,surepass-technologies,Exhibitor,Exhibitors,infra,https://surepass.io/,https://event-engine-prod-media.s3.ap-south-1.amazonaws.com/uploads/f1f93126-df15-4e39-9bdf-46c22cb051c6-Surepass.png,End-to-End user OnBoarding & Digital Identity Verification solutions for Enterprises | Digital KYC | Background Verification | Banking,direct-meta-description,,https://surepass.io/,earlier-in-this-session,,our own fetch of the company's homepage <meta> tag,KYC and onboarding;identity verification,phrase-match:whatTheyDo,direct-meta-description,,,derived by literal phrase match against this record whatTheyDo text,,,,,,,medium,,,,,,,,https://www.globalfintechfest.com/partners,2026-08-12T12:50:34Z,2026-08-12T13:58:49Z,active,false,2026,6a7c769516afc6a8747c9d5d
Sutradhar,,sutradhar,Exhibitor,Exhibitors,other,https://adgrc.co.in/,https://event-engine-prod-media.s3.ap-south-1.amazonaws.com/uploads/df79637f-995e-4a67-a273-ca9846e96b18-sutradhar-website-logo.png,Our team of experienced professionals will help you stay ahead of the game with our top-of-the-line technology solutions.,direct-meta-description,,https://adgrc.co.in/,earlier-in-this-session,,our own fetch of the company's homepage <meta> tag,,,,,,,,,,,,,medium,,,,,,,,https://www.globalfintechfest.com/partners,2026-08-12T12:50:34Z,2026-08-12T13:58:49Z,active,false,2026,6a7c769516afc6a8747c9d5e
Suvidhaa Pe,,suvidhaa-pe,Exhibitor,Exhibitors,other,https://suvidhaape.com/,https://event-engine-prod-media.s3.ap-south-1.amazonaws.com/uploads/513e7af6-fa74-4e14-94e3-06dbaf15ddca-suvidhaa-pe-website-logo.png,"Simplify every payment with a fast, secure, and flexible digital system designed for your convenience. We offer smooth, reliable transactions anytime, anywhere, whether you're purchasing, sending money, or managing business payments. Our system adapts to your needs for a seamless experience.",apify:apify/website-content-crawler,homepage-body-text,https://suvidhaape.com/,2026-08-12T13:30:52Z,,,,,,,,,,,,,,,medium,,,,,,,,https://www.globalfintechfest.com/partners,2026-08-12T12:50:34Z,2026-08-12T13:58:49Z,active,false,2026,6a7c769516afc6a8747c9d5f
Tata Capital,,tata-capital,Bronze Partner,Partners,lending,https://www.tatacapital.com/,https://event-engine-prod-media.s3.ap-south-1.amazonaws.com/uploads/681205d4-0924-443b-a116-b3d0c8e83160-TataCapital.png,Indian non-banking financial company,curated-public-facts,,,earlier-in-this-session,,,retail lending;business loans,phrase-match:whatTheyDo,,,,,"Tata group's financial services arm providing retail, SME and corporate lending, wealth management and investment products.","Personal, home and business loans;SME and equipment financing;Wealth management and investment advisory;Digital loan origination and servicing",unsourced,low,scratch-2,"written by another worker with no provenance; the cited page supplies logos/names/tiers only and cannot be the origin of this prose, so it is treated as unverified",high,0.7,normalised-from-numeric,0.7,"high>=0.80, medium>=0.50, else low","original float preserved in confidenceScore; value written by another worker, mapped not discarded",gff-cms-partner-listing,https://www.globalfintechfest.com/partners,https://www.globalfintechfest.com/partners,2026-08-12T00:00:00Z,2026-08-12T13:58:49Z,active,,2026,6a7c6c0fb652fb8e4842f3b3
Tech Rajendra,,tech-rajendra,Exhibitor,Exhibitors,infra,https://www.techrajendra.com/,https://event-engine-prod-media.s3.ap-south-1.amazonaws.com/uploads/ab6cc571-cb10-4500-a0a5-20bb0f631ed5-tech-rajendra-website-logo.png,"Looking for top-notch IT solutions? Our skilled team provides the best IT services for busine­sses, big or small. Get started on your journey with us for effe­ctive results!",apify:apify/website-content-crawler,meta-description,https://www.techrajendra.com/,2026-08-12T13:30:52Z,,,,,,,,,,,,,,,medium,,,,,,,,https://www.globalfintechfest.com/partners,2026-08-12T12:50:34Z,2026-08-12T13:58:49Z,active,false,2026,6a7c769516afc6a8747c9d60
The Fintech Meetup,,the-fintech-meetup,Ecosystem,Ecosystem,infra,,https://event-engine-prod-media.s3.ap-south-1.amazonaws.com/uploads/1328f1a9-0293-48dc-8a64-52adbb7810d6-TFMLOGo.png,,,,,,,,,,,,,,,,,,,,medium,,,,,,,,https://www.globalfintechfest.com/partners,2026-08-12T12:50:34Z,2026-08-12T13:58:49Z,active,false,2026,6a7c769516afc6a8747c9d61
Timble Tech,,timble-tech,Exhibitor,Exhibitors,infra,https://timble.ai/,https://event-engine-prod-media.s3.ap-south-1.amazonaws.com/uploads/ae9c7e12-e08b-49cb-9485-af537e92ef0b-timble-tech-website-logo.png,"Timble AI - Products across KYC, DPDP compliance, OCR & fraud, BGV and conversational AI.",direct-meta-description,,https://timble.ai/,earlier-in-this-session,,our own fetch of the company's homepage <meta> tag,KYC and onboarding;fraud prevention;AML and compliance;AI and automation,phrase-match:whatTheyDo,direct-meta-description,,,derived by literal phrase match against this record whatTheyDo text,,,,,,,medium,,,,,,,,https://www.globalfintechfest.com/partners,2026-08-12T12:50:34Z,2026-08-12T13:58:49Z,active,false,2026,6a7c769516afc6a8747c9d62
Times Internet,,times-internet,Bronze Partner,Partners,other,https://timesinternet.in/,https://event-engine-prod-media.s3.ap-south-1.amazonaws.com/uploads/5b6db146-f432-4705-b508-d1bb9bc52b33-TimesInternet.png,"From Mastheads, MRECs, and Interstitials to premium IAB standard formats, Times Internet offers a wide range of display advertising solutions to meet your brand's needs.",apify:apify/website-content-crawler,homepage-body-text,https://timesinternet.in/,2026-08-12T13:30:52Z,,,,unsourced,,,scratch-2,"written by another worker with no provenance; the cited page supplies logos/names/tiers only and cannot be the origin of this prose, so it is treated as unverified","Indian digital products and media group operating consumer internet properties, some of which distribute financial products and content.",Digital distribution of financial products;Financial content and market news platforms;Audience targeting for fintech marketing;Consumer engagement for financial brands,unsourced,low,scratch-2,"written by another worker with no provenance; the cited page supplies logos/names/tiers only and cannot be the origin of this prose, so it is treated as unverified",medium,0.55,normalised-from-numeric,0.55,"high>=0.80, medium>=0.50, else low","original float preserved in confidenceScore; value written by another worker, mapped not discarded",gff-cms-partner-listing,https://www.globalfintechfest.com/partners,https://www.globalfintechfest.com/partners,2026-08-12T00:00:00Z,2026-08-12T13:58:49Z,active,,2026,6a7c6c0fb652fb8e4842f3b4
Trackwizz,TrackWizz,trackwizz,Bronze Partner,Partners,other,https://www.trackwizz.com,https://event-engine-prod-media.s3.ap-south-1.amazonaws.com/uploads/a444c332-788b-45ac-97e3-1b2744f0c5db-Trackwizz.png,,unsourced,,,,scratch-2,"written by another worker with no provenance; the cited page supplies logos/names/tiers only and cannot be the origin of this prose, so it is treated as unverified",,unsourced,,,scratch-2,"written by another worker with no provenance; the cited page supplies logos/names/tiers only and cannot be the origin of this prose, so it is treated as unverified","Regtech company providing AML, KYC and regulatory compliance software to banks, NBFCs, asset managers and capital market firms.",AML transaction monitoring and alerting;KYC and customer risk categorisation;FATCA and CRS regulatory reporting;Sanctions and PEP screening,unsourced,low,scratch-2,"written by another worker with no provenance; the cited page supplies logos/names/tiers only and cannot be the origin of this prose, so it is treated as unverified",low,,,,,,,,https://www.globalfintechfest.com/partners,2026-08-12T12:50:34Z,2026-08-12T13:58:49Z,active,false,2026,6a7c769516afc6a8747c9d63
TransBnk,,transbnk,Bronze Partner,Partners,infra,https://transbnk.co.in/,https://event-engine-prod-media.s3.ap-south-1.amazonaws.com/uploads/215a9626-ddb7-4d34-ac63-90a21d212716-transbnk-website-logo.png,"Corporate Banking Infrastructure for a Connected Financial Ecosystem. Enable payments, collections, treasury, and banking operations with TBX.",apify:apify/website-content-crawler,meta-description,https://transbnk.co.in/,2026-08-12T13:30:52Z,,,cloud infrastructure;treasury and cash management;collections and recovery,phrase-match:whatTheyDo,apify:apify/website-content-crawler,2026-08-12T13:32:27Z,,,"Transaction banking platform providing escrow, collections and structured banking workflows as APIs for lenders and enterprises.",Digital escrow account management;Automated collections and settlement;Co-lending fund flow orchestration;Transaction banking APIs for NBFCs,unsourced,low,scratch-2,"written by another worker with no provenance; the cited page supplies logos/names/tiers only and cannot be the origin of this prose, so it is treated as unverified",medium,0.6,normalised-from-numeric,0.6,"high>=0.80, medium>=0.50, else low","original float preserved in confidenceScore; value written by another worker, mapped not discarded",gff-cms-partner-listing,https://www.globalfintechfest.com/partners,https://www.globalfintechfest.com/partners,2026-08-12T00:00:00Z,2026-08-12T13:58:49Z,active,,2026,6a7c6c0fb652fb8e4842f3a6
Transunion CIBIL,TransUnion CIBIL,transunion-cibil,Credit Insights Partner,Partners,other,https://www.transunioncibil.com/,https://event-engine-prod-media.s3.ap-south-1.amazonaws.com/uploads/ffcdc14c-b79e-468b-993f-aa37b61b11b8-TransUnionCIBIL.png,Segmented Score for Unlocking Rural Credit Potential,apify:apify/website-content-crawler,homepage-body-text,https://www.transunioncibil.com/,2026-08-12T13:30:52Z,,,,unsourced,,,scratch-2,"written by another worker with no provenance; the cited page supplies logos/names/tiers only and cannot be the origin of this prose, so it is treated as unverified","India's leading credit information bureau, providing credit scores, credit reports and risk analytics to lenders and consumers.",Credit scoring for loan approval;Portfolio risk monitoring for lenders;Fraud detection via identity checks;Consumer credit report access and dispute resolution,unsourced,low,scratch-2,"written by another worker with no provenance; the cited page supplies logos/names/tiers only and cannot be the origin of this prose, so it is treated as unverified",medium,,,,,,,,https://www.globalfintechfest.com/partners,2026-08-12T12:50:34Z,2026-08-12T13:58:49Z,active,false,2026,6a7c769516afc6a8747c9d64
Treelife,,treelife,Exhibitor,Exhibitors,other,https://treelife.in/,https://event-engine-prod-media.s3.ap-south-1.amazonaws.com/uploads/6e474924-3dce-4b9d-987e-3777ad948bca-treelife-website-logo.png,"We simplify complex legal and financial challenges by offering a range of services, including Virtual CFO, Legal Support, Tax & Regulatory, and Global Expansion assistance.",direct-meta-description,,https://treelife.in/,earlier-in-this-session,,our own fetch of the company's homepage <meta> tag,AML and compliance,phrase-match:whatTheyDo,direct-meta-description,2026-08-12T13:32:27Z,,,,,,,,,medium,,,,,,,,https://www.globalfintechfest.com/partners,2026-08-12T12:50:34Z,2026-08-12T13:58:49Z,active,false,2026,6a7c769516afc6a8747c9d65
Tripgain,,tripgain,Exhibitor,Exhibitors,other,https://tripgain.com/,https://event-engine-prod-media.s3.ap-south-1.amazonaws.com/uploads/4c79442c-7fcc-4b6e-97eb-c5f1d1df8cb1-tripgain-website-logo.png,"TripGain’s AI Copilot handles booking, management, support, and expenses through natural conversation; saving time, cutting costs, and delighting employees. Works natively in Teams, WhatsApp, Slack.",direct-meta-description,,https://tripgain.com/,earlier-in-this-session,,our own fetch of the company's homepage <meta> tag,customer communication;AI and automation;expense management,phrase-match:whatTheyDo,direct-meta-description,,,derived by literal phrase match against this record whatTheyDo text,,,,,,,medium,,,,,,,,https://www.globalfintechfest.com/partners,2026-08-12T12:50:34Z,2026-08-12T13:58:49Z,active,false,2026,6a7c769516afc6a8747c9d66
True Balance,,true-balance,Silver Partner,Partners,lending,https://www.truebalance.io/,https://event-engine-prod-media.s3.ap-south-1.amazonaws.com/uploads/c7804d1d-e82c-4e51-8477-2aa885182dd9-TrueBalance.png,"Looking for an instant loan? True Balance offers instant personal loans from ₹5,000 to ₹2,00,000 with credit-assessed approval and easy EMIs. Apply online for funds in minutes.",apify:apify/website-content-crawler,meta-description,https://www.truebalance.io/,2026-08-12T13:30:52Z,,,digital lending,phrase-match:whatTheyDo,apify:apify/website-content-crawler,2026-08-12T13:32:27Z,,,Digital lending app serving India's underserved and first-time borrowers with small-ticket personal loans and financial services.,Small-ticket instant personal loans;Credit access for new-to-credit borrowers;Mobile recharge and bill payment;Alternative data underwriting for thin-file users,unsourced,low,scratch-2,"written by another worker with no provenance; the cited page supplies logos/names/tiers only and cannot be the origin of this prose, so it is treated as unverified",medium,0.65,normalised-from-numeric,0.65,"high>=0.80, medium>=0.50, else low","original float preserved in confidenceScore; value written by another worker, mapped not discarded",gff-cms-partner-listing,https://www.globalfintechfest.com/partners,https://www.globalfintechfest.com/partners,2026-08-12T00:00:00Z,2026-08-12T13:58:49Z,active,,2026,6a7c6c0fb652fb8e4842f39d
Truecaller,,truecaller,Registration Partner,Partners,other,https://business.truecaller.com/,https://event-engine-prod-media.s3.ap-south-1.amazonaws.com/uploads/85936596-a5cc-4511-8349-4257b7514c2c-Truecaller.png,Caller identification and spam-blocking platform,curated-public-facts,,,earlier-in-this-session,,,caller identity;fraud/spam detection,phrase-match:whatTheyDo,,,,,Caller identification and spam-blocking platform that also provides verified business calling and identity verification services.,Verified business caller identity for banks;Spam and scam call protection;Mobile-number based identity verification;Fraud reduction in collections calling,unsourced,low,scratch-2,"written by another worker with no provenance; the cited page supplies logos/names/tiers only and cannot be the origin of this prose, so it is treated as unverified",high,0.75,normalised-from-numeric,0.75,"high>=0.80, medium>=0.50, else low","original float preserved in confidenceScore; value written by another worker, mapped not discarded",gff-cms-partner-listing,https://www.globalfintechfest.com/partners,https://www.globalfintechfest.com/partners,2026-08-12T00:00:00Z,2026-08-12T13:58:49Z,active,,2026,6a7c6b77b652fb8e4842f363
Turtlefin,,turtlefin,Exhibitor,Exhibitors,other,https://www.turtlefin.com/,https://event-engine-prod-media.s3.ap-south-1.amazonaws.com/uploads/042f9373-442e-4083-ae9d-2b96b12feb19-Turtlefin.png,We are an insurance technology (insurtech) company. Our products and platforms help intermediaries digitize insurance sales and services making sure that the end consumer gets a modern experience.,apify:apify/website-content-crawler,meta-description,https://www.turtlefin.com/,2026-08-12T13:30:52Z,,,insurance distribution,phrase-match:whatTheyDo,apify:apify/website-content-crawler,2026-08-12T13:32:27Z,,,,,,,,,medium,,,,,,,,https://www.globalfintechfest.com/partners,2026-08-12T12:50:34Z,2026-08-12T13:58:49Z,active,false,2026,6a7c769516afc6a8747c9d67
UIDAI,,uidai,Supporter,Supporters,regtech,,https://event-engine-prod-media.s3.ap-south-1.amazonaws.com/uploads/2cc24abe-475d-48b6-a0da-9204be2db223-uidai-website-logo.png,"India's Unique Identification Authority, the statutory body that issues Aadhaar identity numbers and operates the associated authentication system.",curated-public-facts,,,2026-08-12T13:32:27Z,,"stable public fact about what the organisation is; no GFF-2026 claims, no time-sensitive detail",identity verification;KYC and onboarding,curated-public-facts,,2026-08-12T13:32:27Z,,,,,,,,,high,,,,,,,,https://www.globalfintechfest.com/partners,2026-08-12T12:50:34Z,2026-08-12T13:58:49Z,active,false,2026,6a7c769516afc6a8747c9d68
UK FCDO,,uk-fcdo,Exhibitor,Exhibitors,other,https://www.gov.uk/world/organisations/british-high-commission-new-delhi,https://event-engine-prod-media.s3.ap-south-1.amazonaws.com/uploads/89b33e06-482c-4db0-8477-169342cf7d8e-uk-fcdo-website-logo.png,The British High Commission in India maintains and develops relations between the UK and India and Bhutan.,apify:apify/website-content-crawler,homepage-body-text,https://www.gov.uk/world/organisations/british-high-commission-new-delhi,2026-08-12T13:30:52Z,,,,,,,,,,,,,,,medium,,,,,,,,https://www.globalfintechfest.com/partners,2026-08-12T12:50:34Z,2026-08-12T13:58:49Z,active,false,2026,6a7c769516afc6a8747c9d69
Unify Technologies,,unify-technologies,Exhibitor,Exhibitors,infra,https://www.unifytech.com/,https://event-engine-prod-media.s3.ap-south-1.amazonaws.com/uploads/18bd54bf-21d5-4e14-afbb-fb1c291019b2-Unify.png,Unify: Your partner for digital transformation. We engineer high-quality software solutions and help reinvent your business digitally. Start with us today.,direct-meta-description,,https://www.unifytech.com/,earlier-in-this-session,,our own fetch of the company's homepage <meta> tag,,,,,,,,,,,,,medium,,,,,,,,https://www.globalfintechfest.com/partners,2026-08-12T12:50:34Z,2026-08-12T13:58:49Z,active,false,2026,6a7c769516afc6a8747c9d6a
Union Bank of India,,union-bank-of-india,Gold Partner,Partners,banking,https://www.unionbankofindia.bank.in/,https://event-engine-prod-media.s3.ap-south-1.amazonaws.com/uploads/0df0666f-25a0-4fe7-a0a0-e294d73cdd38-UnionBankofIndia.png,"Union Bank of India offers Net Banking, Personal Accounts, Loans, Insurance, and other banking solutions to cater to all your diverse financial needs.",apify:apify/website-content-crawler,meta-description,https://www.unionbankofindia.bank.in/,2026-08-12T13:30:52Z,,,digital lending;insurance distribution,phrase-match:whatTheyDo,apify:apify/website-content-crawler,2026-08-12T13:32:27Z,,,"Large Indian public sector bank providing retail, corporate, MSME and international banking services.",Retail and corporate lending;MSME credit and working capital;Digital banking and UPI services;Trade finance and forex,unsourced,low,scratch-2,"written by another worker with no provenance; the cited page supplies logos/names/tiers only and cannot be the origin of this prose, so it is treated as unverified",medium,0.7,normalised-from-numeric,0.7,"high>=0.80, medium>=0.50, else low","original float preserved in confidenceScore; value written by another worker, mapped not discarded",gff-cms-partner-listing,https://www.globalfintechfest.com/partners,https://www.globalfintechfest.com/partners,2026-08-12T00:00:00Z,2026-08-12T13:58:49Z,active,,2026,6a7c6b77b652fb8e4842f382
Unlimit,,unlimit,Gold Partner,Partners,payments,https://www.in.unlimit.com/,https://event-engine-prod-media.s3.ap-south-1.amazonaws.com/uploads/bd45b497-63ab-4d2a-82f7-b48833838870-Unlimit.png,"Unlimit empowers businesses in India to accept a variety of digital payments, including credit cards, debit cards, net banking, QR, UPI, wallets, and more.",direct-meta-description,,https://www.in.unlimit.com/,earlier-in-this-session,,our own fetch of the company's homepage <meta> tag,UPI payments,phrase-match:whatTheyDo,,,,,"Global fintech providing payment processing, banking-as-a-service and card issuing across multiple regions.",Global online payment acceptance;Banking-as-a-service accounts and IBANs;Card issuing for fintech programmes;Cross-border merchant settlement,unsourced,low,scratch-2,"written by another worker with no provenance; the cited page supplies logos/names/tiers only and cannot be the origin of this prose, so it is treated as unverified",medium,0.65,normalised-from-numeric,0.65,"high>=0.80, medium>=0.50, else low","original float preserved in confidenceScore; value written by another worker, mapped not discarded",gff-cms-partner-listing,https://www.globalfintechfest.com/partners,https://www.globalfintechfest.com/partners,2026-08-12T00:00:00Z,2026-08-12T13:58:49Z,active,,2026,6a7c6b77b652fb8e4842f37c
Utimaco,,utimaco,Exhibitor,Exhibitors,other,https://utimaco.com/,https://event-engine-prod-media.s3.ap-south-1.amazonaws.com/uploads/78e6e5b8-d830-4fe5-982f-59e9d0b80939-utimaco-website-logo.png,The Better Choice for Trust in the Digital Society,apify:apify/website-content-crawler,meta-description,https://utimaco.com/,2026-08-12T13:30:52Z,,,,,,,,,,,,,,,medium,,,,,,,,https://www.globalfintechfest.com/partners,2026-08-12T12:50:34Z,2026-08-12T13:58:49Z,active,false,2026,6a7c769516afc6a8747c9d6b
Vakrangee,,vakrangee,Bronze Partner,Partners,other,https://vakrangee.in/,https://event-engine-prod-media.s3.ap-south-1.amazonaws.com/uploads/903d531c-bcf6-4c6d-863b-641597c053e8-Vakrangee.png,"Through our ‘one stop shop’ outlets, we are making BFSI, ATM, E-commerce and logistics, that is all basic necessities accessible to the Indian citizens at their doorstep.",apify:apify/website-content-crawler,homepage-body-text,https://vakrangee.in/,2026-08-12T13:30:52Z,,,,unsourced,,,scratch-2,"written by another worker with no provenance; the cited page supplies logos/names/tiers only and cannot be the origin of this prose, so it is treated as unverified","Operator of a nationwide franchise network of Vakrangee Kendra outlets delivering banking, insurance, e-governance and e-commerce services in rural India.",Assisted banking in rural and semi-urban areas;E-governance service delivery points;Insurance and ATM services through franchisees;Last-mile financial inclusion distribution,unsourced,low,scratch-2,"written by another worker with no provenance; the cited page supplies logos/names/tiers only and cannot be the origin of this prose, so it is treated as unverified",medium,0.65,normalised-from-numeric,0.65,"high>=0.80, medium>=0.50, else low","original float preserved in confidenceScore; value written by another worker, mapped not discarded",gff-cms-partner-listing,https://www.globalfintechfest.com/partners,https://www.globalfintechfest.com/partners,2026-08-12T00:00:00Z,2026-08-12T13:58:49Z,active,,2026,6a7c6c0fb652fb8e4842f3ac
Vampay,,vampay,Bronze Partner,Partners,payments,https://vampay.in/,https://event-engine-prod-media.s3.ap-south-1.amazonaws.com/uploads/e3232b8d-8e23-422a-8b25-6bd921b75376-vampay-website-logo.png,"Discover Vampay's all-in-one payment solution for seamless transactions,optimal efficiency, and tailored experiences. Secure direct payments, automated reconciliation.Download the app for multiple modes, instant settlements!",direct-meta-description,,https://vampay.in/,earlier-in-this-session,,our own fetch of the company's homepage <meta> tag,treasury and cash management,phrase-match:whatTheyDo,direct-meta-description,,,derived by literal phrase match against this record whatTheyDo text,,,,,,,medium,,,,,,,,https://www.globalfintechfest.com/partners,2026-08-12T12:50:34Z,2026-08-12T13:58:49Z,active,false,2026,6a7c769516afc6a8747c9d6c
Vayana,,vayana,Exhibitor,Exhibitors,lending,https://www.vayana.com/,https://event-engine-prod-media.s3.ap-south-1.amazonaws.com/uploads/e5f3899b-6a49-4a40-a59a-e85d4d532c91-Vayana.png,"Vayana is India’s largest trade finance platform, enabling businesses of all sizes to access affordable credit seamlessly. Explore our digital supply chain finance solutions and compliance mechanism.",direct-meta-description,,https://www.vayana.com/,earlier-in-this-session,,our own fetch of the company's homepage <meta> tag,AML and compliance,phrase-match:whatTheyDo,,,,,"Supply chain finance network connecting corporates, their trade partners and lenders to provide short-term trade credit.",Invoice and supply chain financing for SMEs;Dealer and vendor financing programmes;GST-data based trade credit underwriting;Embedded finance inside corporate supply chains,unsourced,low,scratch-2,"written by another worker with no provenance; the cited page supplies logos/names/tiers only and cannot be the origin of this prose, so it is treated as unverified",medium,0.7,normalised-from-numeric,0.7,"high>=0.80, medium>=0.50, else low","original float preserved in confidenceScore; value written by another worker, mapped not discarded",gff-cms-partner-listing,https://www.globalfintechfest.com/partners,https://www.globalfintechfest.com/partners,2026-08-12T00:00:00Z,2026-08-12T13:58:49Z,active,,2026,6a7c6c0fb652fb8e4842f39b
Vayana Finserv,,vayana-finserv,Silver Partner,Partners,other,https://www.vayana.com/,https://event-engine-prod-media.s3.ap-south-1.amazonaws.com/uploads/19c99684-d224-4e9b-bb40-94da6ed9211d-Vanaya.png,"Vayana is India’s largest trade finance platform, enabling businesses of all sizes to access affordable credit seamlessly. Explore our digital supply chain finance solutions and compliance mechanism.",apify:apify/website-content-crawler,meta-description,https://www.vayana.com/,2026-08-12T13:30:52Z,,,AML and compliance,phrase-match:whatTheyDo,apify:apify/website-content-crawler,2026-08-12T13:32:27Z,,,,,,,,,medium,,,,,,,,https://www.globalfintechfest.com/partners,2026-08-12T12:50:34Z,2026-08-12T13:58:49Z,active,false,2026,6a7c769516afc6a8747c9d6d
Verismart,,verismart,Exhibitor,Exhibitors,other,https://www.verismart.ai/,https://event-engine-prod-media.s3.ap-south-1.amazonaws.com/uploads/295e028f-070d-4d59-9bd2-7c19423a7222-verismart-website-logo.png,"VeriSmart is a privacy-first AI platform enabling secure data exchange, digital KYC, identity verification, blockchain-powered data interoperability, and conversational AI solutions for enterprises.",apify:apify/website-content-crawler,meta-description,https://www.verismart.ai/,2026-08-12T13:30:52Z,,,KYC and onboarding;identity verification;trading and brokerage;AI and automation;blockchain and tokenisation,phrase-match:whatTheyDo,apify:apify/website-content-crawler,2026-08-12T13:32:27Z,,,,,,,,,medium,,,,,,,,https://www.globalfintechfest.com/partners,2026-08-12T12:50:34Z,2026-08-12T13:58:49Z,active,false,2026,6a7c769516afc6a8747c9d6e
Vernost,,vernost,Loyalty & Marketplaces Partner,Partners,other,https://www.vernost.com/,https://event-engine-prod-media.s3.ap-south-1.amazonaws.com/uploads/f500b5c8-1b11-43a9-a527-483afc3a2f4d-Vernost.png,"Powering next-gen Loyalty, Payments and Travel Solutions. Serving over 50 clients, over 50 mn. end consumers in over 10 countries.",direct-meta-description,,https://www.vernost.com/,earlier-in-this-session,,our own fetch of the company's homepage <meta> tag,,unsourced,,,scratch-2,"written by another worker with no provenance; the cited page supplies logos/names/tiers only and cannot be the origin of this prose, so it is treated as unverified",Loyalty and rewards technology company running card-linked benefit programmes and reward marketplaces for banks and issuers.,Card-linked loyalty programmes for banks;Rewards redemption marketplaces;Travel and lifestyle benefit fulfilment;Customer engagement for card issuers,unsourced,low,scratch-2,"written by another worker with no provenance; the cited page supplies logos/names/tiers only and cannot be the origin of this prose, so it is treated as unverified",medium,0.55,normalised-from-numeric,0.55,"high>=0.80, medium>=0.50, else low","original float preserved in confidenceScore; value written by another worker, mapped not discarded",gff-cms-partner-listing,https://www.globalfintechfest.com/partners,https://www.globalfintechfest.com/partners,2026-08-12T00:00:00Z,2026-08-12T13:58:49Z,active,,2026,6a7c6c0fb652fb8e4842f3a1
Visa,,visa,Associate Partner,Partners,payments,https://www.visa.co.in/,https://event-engine-prod-media.s3.ap-south-1.amazonaws.com/uploads/c89cc88c-6fbb-4cc4-9a72-813c01acb663-VISA.png,Global card payment network,curated-public-facts,,,earlier-in-this-session,,,card issuing;card acceptance;cross-border payments,phrase-match:whatTheyDo,,,,,"Global payments network connecting issuers, acquirers and merchants for card and digital transactions across more than 200 markets.",Card issuing and acceptance rails;Cross-border card payments;Tokenisation and click-to-pay checkout;Fraud and risk scoring for card transactions,unsourced,low,scratch-2,"written by another worker with no provenance; the cited page supplies logos/names/tiers only and cannot be the origin of this prose, so it is treated as unverified",high,0.75,normalised-from-numeric,0.75,"high>=0.80, medium>=0.50, else low","original float preserved in confidenceScore; value written by another worker, mapped not discarded",gff-cms-partner-listing,https://www.globalfintechfest.com/partners,https://www.globalfintechfest.com/partners,2026-08-12T00:00:00Z,2026-08-12T13:58:49Z,active,,2026,6a7c6b77b652fb8e4842f35c
Vivifi,,vivifi,Exhibitor,Exhibitors,other,https://www.vivifin.com/,https://event-engine-prod-media.s3.ap-south-1.amazonaws.com/uploads/0a42faae-ed3f-4ede-8550-349b38e4f7fb-Vivifi.png,VIVIFI India Finance Private Limited is a non-banking finance company (NBFC) registered with the Reserve Bank of India (RBI)*. Vivifi offers an instant personal line of credit for salaried employees in India.,direct-meta-description,,https://www.vivifin.com/,earlier-in-this-session,,our own fetch of the company's homepage <meta> tag,,,,,,,,,,,,,medium,,,,,,,,https://www.globalfintechfest.com/partners,2026-08-12T12:50:34Z,2026-08-12T13:58:49Z,active,false,2026,6a7c769516afc6a8747c9d6f
Vodafone Idea Business,,vodafone-idea-business,Exhibitor,Exhibitors,other,https://www.myvi.in/,https://event-engine-prod-media.s3.ap-south-1.amazonaws.com/uploads/c654070e-e9a8-4eb3-9a16-f3d80f9cc455-vodafone-idea-business-website-logo.png,"Vodafone and Idea are now Vi. Vi brings you a wide range of postpaid and prepaid services. Explore our plans for postpaid, prepaid, and international roaming. Get connected with Vi today!",direct-meta-description,,https://www.myvi.in/,earlier-in-this-session,,our own fetch of the company's homepage <meta> tag,,,,,,,,,,,,,medium,,,,,,,,https://www.globalfintechfest.com/partners,2026-08-12T12:50:34Z,2026-08-12T13:58:49Z,active,false,2026,6a7c769516afc6a8747c9d70
Voice India,,voice-india,Exhibitor,Exhibitors,other,https://www.voiceindia.ai/,https://event-engine-prod-media.s3.ap-south-1.amazonaws.com/uploads/f6fb212a-543a-409f-80a2-a208f6477d22-WordworksAI.png,RBI. TRAI. IRDAI. Data sovereignty. Built for India,direct-meta-description,,https://www.voiceindia.ai/,earlier-in-this-session,,our own fetch of the company's homepage <meta> tag,,,,,,,,,,,,,medium,,,,,,,,https://www.globalfintechfest.com/partners,2026-08-12T12:50:34Z,2026-08-12T13:58:49Z,active,false,2026,6a7c769516afc6a8747c9d71
Vunet Systems,,vunet-systems,Exhibitor,Exhibitors,infra,https://vunetsystems.com/,https://event-engine-prod-media.s3.ap-south-1.amazonaws.com/uploads/bb651858-7451-4851-94e7-2671ce3c6ce7-VunetSystems.png,"Our full-stack AI/ML, and Big Data analytics platform monitors data at scale for better customer experience and unified business journey observability.",direct-meta-description,,https://vunetsystems.com/,earlier-in-this-session,,our own fetch of the company's homepage <meta> tag,analytics and reporting;AI and automation,phrase-match:whatTheyDo,direct-meta-description,,,derived by literal phrase match against this record whatTheyDo text,,,,,,,medium,,,,,,,,https://www.globalfintechfest.com/partners,2026-08-12T12:50:34Z,2026-08-12T13:58:49Z,active,false,2026,6a7c769516afc6a8747c9d72
Watchdata,,watchdata,Exhibitor,Exhibitors,ai,https://www.watchdata.com/,https://event-engine-prod-media.s3.ap-south-1.amazonaws.com/uploads/f31696de-3100-4f3c-b548-a25595b8a4ec-Watchdata.png,Watchdata continually strives for integration and innovation in the digital world,apify:apify/website-content-crawler,meta-description,https://www.watchdata.com/,2026-08-12T13:30:52Z,,,,,,,,,,,,,,,medium,,,,,,,,https://www.globalfintechfest.com/partners,2026-08-12T12:50:34Z,2026-08-12T13:58:49Z,active,false,2026,6a7c769516afc6a8747c9d73
WhatsApp,,whatsapp,Diamond Partner,Partners,other,,https://event-engine-prod-media.s3.ap-south-1.amazonaws.com/uploads/4e2b179d-5d02-4f99-91f7-182519be2574-META.png,"WhatsApp, a global messaging service owned by Meta, which also supports business messaging and in-app payments in some markets.",curated-public-facts,,,2026-08-12T13:32:27Z,,"stable public fact about what the organisation is; no GFF-2026 claims, no time-sensitive detail",customer communication,curated-public-facts,,2026-08-12T13:32:27Z,,,"Meta's messaging platform whose Business API is widely used by banks and fintechs for conversational commerce, support and WhatsApp Pay.",Conversational banking and account queries;Payment collection over chat;Customer onboarding journeys in chat;Transaction notifications and support,unsourced,low,scratch-2,"written by another worker with no provenance; the cited page supplies logos/names/tiers only and cannot be the origin of this prose, so it is treated as unverified",high,0.7,normalised-from-numeric,0.7,"high>=0.80, medium>=0.50, else low","original float preserved in confidenceScore; value written by another worker, mapped not discarded",gff-cms-partner-listing,https://www.globalfintechfest.com/partners,https://www.globalfintechfest.com/partners,2026-08-12T00:00:00Z,2026-08-12T13:58:49Z,active,,2026,6a7c6b77b652fb8e4842f368
WhyMinds Global,,whyminds-global,Exhibitor,Exhibitors,other,https://whyminds.ai,https://event-engine-prod-media.s3.ap-south-1.amazonaws.com/uploads/e7271a4d-b244-41a6-b89e-30c901b3c142-whyminds-global-website-logo.png,"WhyMinds AI is the accountable AI venture co-builder. We co-build sovereign, agentic AI as one accountable system — strategy, execution, compliance and scale — assured on all six S's. Rooted in why, inspired by why not.",apify:apify/website-content-crawler,meta-description,https://whyminds.ai/,2026-08-12T13:30:52Z,,,AML and compliance;AI and automation,phrase-match:whatTheyDo,apify:apify/website-content-crawler,2026-08-12T13:32:27Z,,,,,,,,,medium,,,,,,,,https://www.globalfintechfest.com/partners,2026-08-12T12:50:34Z,2026-08-12T13:58:49Z,active,false,2026,6a7c769516afc6a8747c9d74
Winjit Technologies,,winjit-technologies,Exhibitor,Exhibitors,infra,https://winjit.com/,https://event-engine-prod-media.s3.ap-south-1.amazonaws.com/uploads/8c19cc27-abde-4c84-94e9-5ac23754bace-Winjit.png,"Winjit Technologies empowers businesses through technology, with custom software development, AI/ML, IoT, and blockchain solutions.",apify:apify/website-content-crawler,meta-description,https://winjit.com/,2026-08-12T13:30:52Z,,,AI and automation;blockchain and tokenisation,phrase-match:whatTheyDo,apify:apify/website-content-crawler,2026-08-12T13:32:27Z,,,,,,,,,medium,,,,,,,,https://www.globalfintechfest.com/partners,2026-08-12T12:50:34Z,2026-08-12T13:58:49Z,active,false,2026,6a7c769516afc6a8747c9d75
Wise,,wise,Notepad partner,Partners,payments,https://www.wise.com/,https://event-engine-prod-media.s3.ap-south-1.amazonaws.com/uploads/0623f3b0-3b16-4f43-b78c-f7512dc4e9b2-wise-payment.png,Banks charge a lot for overseas transfers. We don't. Transfer money abroad easily and quickly with our low cost money transfers.,apify:apify/website-content-crawler,meta-description,https://www.wise.com/,2026-08-12T13:30:52Z,,,,unsourced,,,scratch-2,"written by another worker with no provenance; the cited page supplies logos/names/tiers only and cannot be the origin of this prose, so it is treated as unverified","International money transfer platform offering low-cost cross-border payments, multi-currency accounts and a payments infrastructure API.",Low-cost cross-border remittances;Multi-currency accounts for freelancers and SMEs;Embedded international payouts via Wise Platform;Transparent FX conversion,unsourced,low,scratch-2,"written by another worker with no provenance; the cited page supplies logos/names/tiers only and cannot be the origin of this prose, so it is treated as unverified",medium,0.75,normalised-from-numeric,0.75,"high>=0.80, medium>=0.50, else low","original float preserved in confidenceScore; value written by another worker, mapped not discarded",gff-cms-partner-listing,https://www.globalfintechfest.com/partners,https://www.globalfintechfest.com/partners,2026-08-12T00:00:00Z,2026-08-12T13:58:49Z,active,,2026,6a7c6b77b652fb8e4842f373
Wizzmoni FInancial Services,,wizzmoni-financial-services,Gold Partner,Partners,other,https://www.unimoni.in/,https://event-engine-prod-media.s3.ap-south-1.amazonaws.com/uploads/a7fa1908-c85b-4521-afd7-bdbafe200a94-unimoni-financial-services-website-logo.png,"Best foreign currency exchange, international money transfer, good air ticket rates & attractive tour packages. We Offer convenient, fast and efficient services.",direct-meta-description,,https://www.unimoni.in/,earlier-in-this-session,,our own fetch of the company's homepage <meta> tag,trading and brokerage,phrase-match:whatTheyDo,direct-meta-description,,,derived by literal phrase match against this record whatTheyDo text,,,,,,,medium,,,,,,,,https://www.globalfintechfest.com/partners,2026-08-12T12:50:34Z,2026-08-12T13:58:49Z,active,false,2026,6a7c769516afc6a8747c9d76
X Biz Techventures,,x-biz-techventures,Exhibitor,Exhibitors,infra,https://www.xbtventures.com/,https://event-engine-prod-media.s3.ap-south-1.amazonaws.com/uploads/1d1401ee-c857-443f-aa17-58fcfff3505d-x-biz-techventures-website-logo.png,"Enterprise AI security for global enterprises. Automated AI Red Teaming, AI-Assisted Penetration Testing, AI Security Assessment, AI Supply Chain Security, LLM & RAG Security, AI Governance — aligned to OWASP LLM Top 10, NIST AI RMF, MITRE ATLAS, ISO/IEC 42001. CERT-In empaneled.",direct-meta-description,,https://www.xbtventures.com/,earlier-in-this-session,,our own fetch of the company's homepage <meta> tag,AI and automation;cybersecurity,phrase-match:whatTheyDo,direct-meta-description,,,derived by literal phrase match against this record whatTheyDo text,,,,,,,medium,,,,,,,,https://www.globalfintechfest.com/partners,2026-08-12T12:50:34Z,2026-08-12T13:58:49Z,active,false,2026,6a7c769516afc6a8747c9d77
Yalamanchili,,yalamanchili,Exhibitor,Exhibitors,other,https://www.ysppayments.com/,https://event-engine-prod-media.s3.ap-south-1.amazonaws.com/uploads/1a9174ca-cfbd-45f7-9b4c-31cc198ace76-Yalamachii.png,"YSP (Yalamanchili Solutions for Payments) is a globally recognized payments technology provider, offering solutions across Issuance, Acquiring, Debit Card, Prepaid Card, Credit Card, Merchant Management and Channel Management.",direct-meta-description,,https://www.ysppayments.com/,earlier-in-this-session,,our own fetch of the company's homepage <meta> tag,,,,,,,,,,,,,medium,,,,,,,,https://www.globalfintechfest.com/partners,2026-08-12T12:50:34Z,2026-08-12T13:58:49Z,active,false,2026,6a7c769516afc6a8747c9d78
Yubi,,yubi,Gold Partner,Partners,lending,https://www.go-yubi.com/,https://event-engine-prod-media.s3.ap-south-1.amazonaws.com/uploads/355707bf-9bcb-4fb4-868c-d1472ad23a1d-Yubi.png,"Yubi - Built for Billions, Designed for Trust. AI-driven lending, credit evaluation, and collections platform.",apify:apify/website-content-crawler,meta-description,https://www.go-yubi.com/,2026-08-12T13:30:52Z,,,digital lending;AI and automation;collections and recovery,phrase-match:whatTheyDo,apify:apify/website-content-crawler,2026-08-12T13:32:27Z,,,"Debt marketplace and credit infrastructure platform connecting borrowers, lenders and investors across corporate and retail credit.",Corporate debt marketplace and syndication;Co-lending between banks and NBFCs;Securitisation and pool assignment;Supply chain and invoice financing,unsourced,low,scratch-2,"written by another worker with no provenance; the cited page supplies logos/names/tiers only and cannot be the origin of this prose, so it is treated as unverified",medium,0.7,normalised-from-numeric,0.7,"high>=0.80, medium>=0.50, else low","original float preserved in confidenceScore; value written by another worker, mapped not discarded",gff-cms-partner-listing,https://www.globalfintechfest.com/partners,https://www.globalfintechfest.com/partners,2026-08-12T00:00:00Z,2026-08-12T13:58:49Z,active,,2026,6a7c6b77b652fb8e4842f37e
YugabyteDB Inc.,,yugabytedb-inc,Exhibitor,Exhibitors,other,https://www.yugabyte.com/,https://event-engine-prod-media.s3.ap-south-1.amazonaws.com/uploads/641177ee-4d6e-4658-aebd-0bc5a6a9cd1b-yugabytedb-inc.-website-logo.png,"YugabyteDB is the AI-ready, multi-modal, distributed PostgreSQL database for cloud native applications. Resilient, scalable, and flexible.",apify:apify/website-content-crawler,meta-description,https://www.yugabyte.com/,2026-08-12T13:30:52Z,,,AI and automation;cloud infrastructure,phrase-match:whatTheyDo,apify:apify/website-content-crawler,2026-08-12T13:32:27Z,,,,,,,,,medium,,,,,,,,https://www.globalfintechfest.com/partners,2026-08-12T12:50:34Z,2026-08-12T13:58:49Z,active,false,2026,6a7c769516afc6a8747c9d79
Zaggle,,zaggle,Spend Management Partner,Partners,payments,https://www.zaggle.in/,https://event-engine-prod-media.s3.ap-south-1.amazonaws.com/uploads/2b50a151-f81e-4218-8a03-1f84390b5eb6-Zaggle.png,"Manage business payments, automate employee spends & gain better financial control with Zaggle’s spend management solutions.",direct-meta-description,,https://www.zaggle.in/,earlier-in-this-session,,our own fetch of the company's homepage <meta> tag,expense management,phrase-match:whatTheyDo,,,,,"Spend management and corporate payments company offering prepaid cards, expense management and employee rewards for businesses.",Corporate expense management and reimbursements;Prepaid cards for employee benefits;Channel partner and rewards programmes;Automated GST-compliant expense reporting,unsourced,low,scratch-2,"written by another worker with no provenance; the cited page supplies logos/names/tiers only and cannot be the origin of this prose, so it is treated as unverified",medium,0.7,normalised-from-numeric,0.7,"high>=0.80, medium>=0.50, else low","original float preserved in confidenceScore; value written by another worker, mapped not discarded",gff-cms-partner-listing,https://www.globalfintechfest.com/partners,https://www.globalfintechfest.com/partners,2026-08-12T00:00:00Z,2026-08-12T13:58:49Z,active,,2026,6a7c6c0fb652fb8e4842f390
Zeta,,zeta,Exhibitor,Exhibitors,other,https://www.zeta.tech/in/,https://event-engine-prod-media.s3.ap-south-1.amazonaws.com/uploads/f312685d-5b3e-429d-a7e1-a2d43f68b04e-zeta-website-logo.png,"Build modern banking and payment products and experiences with our one-stack modular, API-ready, cloud-native platform.",apify:apify/website-content-crawler,meta-description,https://www.zeta.tech/in/,2026-08-12T13:30:52Z,,,cloud infrastructure,phrase-match:whatTheyDo,apify:apify/website-content-crawler,2026-08-12T13:32:27Z,,,,,,,,,medium,,,,,,,,https://www.globalfintechfest.com/partners,2026-08-12T12:50:34Z,2026-08-12T13:58:49Z,active,false,2026,6a7c769516afc6a8747c9d7a
Zigram,,zigram,Exhibitor,Exhibitors,other,https://www.zigram.tech/in/,https://event-engine-prod-media.s3.ap-south-1.amazonaws.com/uploads/f5e0d439-680e-48cb-bae3-2b4455b3ba63-Zigram.png,"Anti Money Laundering India solution with AML compliance, transaction monitoring, and sanctions screening for banks and fintechs.",apify:apify/website-content-crawler,meta-description,https://www.zigram.tech/in/,2026-08-12T13:30:52Z,,,AML and compliance,phrase-match:whatTheyDo,apify:apify/website-content-crawler,2026-08-12T13:32:27Z,,,,,,,,,medium,,,,,,,,https://www.globalfintechfest.com/partners,2026-08-12T12:50:34Z,2026-08-12T13:58:49Z,active,false,2026,6a7c769516afc6a8747c9d7b
Zoho,,zoho,Platinum Partner,Partners,infra,https://www.zoho.com/,https://event-engine-prod-media.s3.ap-south-1.amazonaws.com/uploads/e52082b4-2990-4fa3-90c6-9ce3f0bb11ce-Zoho.png,"A unique and powerful software suite trusted by millions of businesses worldwide. Zoho covers your end-to-end business needs, from sales and marketing to finance, HR, and beyond.",apify:apify/website-content-crawler,meta-description,https://www.zoho.com/,2026-08-12T13:30:52Z,,,,unsourced,,,scratch-2,"written by another worker with no provenance; the cited page supplies logos/names/tiers only and cannot be the origin of this prose, so it is treated as unverified","Business software suite spanning CRM, finance, HR and analytics, widely used by financial services firms for operations and customer management.",CRM for loan and insurance sales teams;Accounting and GST-compliant invoicing;Customer support desk for fintech operations;Low-code internal tooling for financial workflows,unsourced,low,scratch-2,"written by another worker with no provenance; the cited page supplies logos/names/tiers only and cannot be the origin of this prose, so it is treated as unverified",medium,0.75,normalised-from-numeric,0.75,"high>=0.80, medium>=0.50, else low","original float preserved in confidenceScore; value written by another worker, mapped not discarded",gff-cms-partner-listing,https://www.globalfintechfest.com/partners,https://www.globalfintechfest.com/partners,2026-08-12T00:00:00Z,2026-08-12T13:58:49Z,active,,2026,6a7c6b77b652fb8e4842f36e
Zoven,,zoven,Exhibitor,Exhibitors,other,https://www.zoven.ai/,https://event-engine-prod-media.s3.ap-south-1.amazonaws.com/uploads/834900e4-cbb1-4dbc-91a0-d110a39cd803-zoven-website-logo.png,"Comprehensive risk management across merchant onboarding, transaction monitoring, and fraud detection powered by AI agents that work alongside your team.",direct-meta-description,,https://www.zoven.ai/,earlier-in-this-session,,our own fetch of the company's homepage <meta> tag,KYC and onboarding;fraud prevention;risk management;AI and automation,phrase-match:whatTheyDo,direct-meta-description,,,derived by literal phrase match against this record whatTheyDo text,,,,,,,medium,,,,,,,,https://www.globalfintechfest.com/partners,2026-08-12T12:50:34Z,2026-08-12T13:58:49Z,active,false,2026,6a7c769516afc6a8747c9d7c
Zrika,,zrika,Gold Partner,Partners,infra,https://zrika.com/,https://event-engine-prod-media.s3.ap-south-1.amazonaws.com/uploads/09a11363-8538-4dba-b61d-02c11efe69fc-Zrika.png,"Zrika is a leading fintech platform offering merchant solutions, fraud risk management, and payment innovations including UPI, IMPS, and digital banking technologies for seamless business transactions.",apify:apify/website-content-crawler,meta-description,https://zrika.com/,2026-08-12T13:30:52Z,,,UPI payments;fraud prevention;risk management,phrase-match:whatTheyDo,apify:apify/website-content-crawler,2026-08-12T13:32:27Z,,,Banking infrastructure company listed as a GFF partner; detailed product description was not published on the GFF partner page.,Banking infrastructure services,unsourced,low,scratch-2,"written by another worker with no provenance; the cited page supplies logos/names/tiers only and cannot be the origin of this prose, so it is treated as unverified",medium,0.3,normalised-from-numeric,0.3,"high>=0.80, medium>=0.50, else low","original float preserved in confidenceScore; value written by another worker, mapped not discarded",gff-cms-partner-listing,https://www.globalfintechfest.com/partners,https://www.globalfintechfest.com/partners,2026-08-12T00:00:00Z,2026-08-12T13:58:49Z,active,,2026,6a7c6c0fb652fb8e4842f3b8
Zykrr,,zykrr,Exhibitor,Exhibitors,other,https://www.zykrr.com/,https://event-engine-prod-media.s3.ap-south-1.amazonaws.com/uploads/720eb8ff-42c9-4e9e-a3d5-b108370ee5c0-Zykrr.png,"ZYKRR- the new AI-native CX engine, turns NPS into revenue with board-ready answers.Run NPS across journeys, automate root-cause insights and",apify:apify/website-content-crawler,meta-description,https://www.zykrr.com/,2026-08-12T13:30:52Z,,,analytics and reporting;AI and automation,phrase-match:whatTheyDo,apify:apify/website-content-crawler,2026-08-12T13:32:27Z,,,,,,,,,medium,,,,,,,,https://www.globalfintechfest.com/partners,2026-08-12T12:50:34Z,2026-08-12T13:58:49Z,active,false,2026,6a7c769516afc6a8747c9d7d
