name,canonicalName,slug,tier,sourceGroup,alsoListedIn,category,website,logoUrl,whatTheyDo_unsourced,useCases_unsourced,unsourced_confidence,isDataArtifact,year,sourceUrl,extractedAt
1 Silverbullet,1 Silverbullet,1-silverbullet,Exhibitor,Exhibitors,,other,http://www.1silverbullet.tech,https://2025.globalfintechfest.com/media/Partner_Exhibitor_7_3ba1210b13.png,,,,false,2025,https://2025.globalfintechfest.com/partners,2026-08-25T06:37:05Z
86400,86400,86400,Payment Processing Partner,Partners,Exhibitors,other,https://mobilewaretech.com/,https://2025.globalfintechfest.com/media/Partner_Exhibitor_2025_08_18_T122913_780_a65bb77668.png,,,,false,2025,https://2025.globalfintechfest.com/partners,2026-08-25T06:37:05Z
Aadhar,Aadhar,aadhar,Exhibitor,Exhibitors,,other,https://uidai.gov.in/en/,https://2025.globalfintechfest.com/media/Partner_Exhibitor_3_a79ed27d20.png,India's national digital identity system (UIDAI),identity verification;e-KYC;authentication,high,false,2025,https://2025.globalfintechfest.com/partners,2026-08-25T06:37:05Z
abcd,abcd,abcd,Silver Partners,Partners,Exhibitors,other,https://www.adityabirlacapital.com/abcd,https://2025.globalfintechfest.com/media/Partner_Exhibitor_59_9ea9c72b4e.png,,,,false,2025,https://2025.globalfintechfest.com/partners,2026-08-25T06:37:05Z
Adobe,Adobe,adobe,Customer Experience Partner,Partners,Exhibitors,other,,https://2025.globalfintechfest.com/media/Partner_Exhibitor_5e55c8897d.png,Digital experience and marketing software,customer experience management;digital marketing,high,false,2025,https://2025.globalfintechfest.com/partners,2026-08-25T06:37:05Z
AdvantageClub.ai,AdvantageClub.ai,advantageclub-ai,Exhibitor,Exhibitors,,ai,https://www.advantageclub.ai/,https://2025.globalfintechfest.com/media/162_472f19787d.png,,,,false,2025,https://2025.globalfintechfest.com/partners,2026-08-25T06:37:05Z
Affluense,Affluense,affluense,Exhibitor,Exhibitors,,other,https://www.affluense.ai/,https://2025.globalfintechfest.com/media/Partner_Exhibitor_2025_08_11_T165640_328_e606ed672b.png,,,,false,2025,https://2025.globalfintechfest.com/partners,2026-08-25T06:37:05Z
AFTA,AFTA,afta,Ecosystem,Ecosystem,,other,https://www.asianfintechacademy.com/index.php,https://2025.globalfintechfest.com/media/partner_afta_cd6297cf13.png,,,,false,2025,https://2025.globalfintechfest.com/partners,2026-08-25T06:37:05Z
Airtel Payments Bank,Airtel Payments Bank,airtel-payments-bank,Exhibitor,Exhibitors,,payments,https://www.airtel.in/bank/,https://2025.globalfintechfest.com/media/163_f6b9930136.png,,,,false,2025,https://2025.globalfintechfest.com/partners,2026-08-25T06:37:05Z
AiSensy,AiSensy,aisensy,Exhibitor,Exhibitors,,other,https://aisensy.com/,https://2025.globalfintechfest.com/media/164_e6c23de0f4.png,,,,false,2025,https://2025.globalfintechfest.com/partners,2026-08-25T06:37:05Z
alankit,alankit,alankit,Exhibitor,Exhibitors,,other,https://www.alankit.com/,https://2025.globalfintechfest.com/media/165_4096f1d9ca.png,,,,false,2025,https://2025.globalfintechfest.com/partners,2026-08-25T06:37:05Z
allCloud,allCloud,allcloud,Exhibitor,Exhibitors,,other,https://www.allcloud.in/,https://2025.globalfintechfest.com/media/166_52d32b0775.png,,,,false,2025,https://2025.globalfintechfest.com/partners,2026-08-25T06:37:05Z
Alliance DFA,Alliance DFA,alliance-dfa,Ecosystem,Ecosystem,,other,https://alliancedfa.org/,https://2025.globalfintechfest.com/media/Partner_Exhibitor_4_1aecb60f16.png,,,,false,2025,https://2025.globalfintechfest.com/partners,2026-08-25T06:37:05Z
alohaa,alohaa,alohaa,Exhibitor,Exhibitors,,other,https://www.alohaa.ai/,https://2025.globalfintechfest.com/media/167_b6f6ed86ca.png,,,,false,2025,https://2025.globalfintechfest.com/partners,2026-08-25T06:37:05Z
Alt Drx,Alt Drx,alt-drx,Exhibitor,Exhibitors,,other,http://www.altdrx.com,https://2025.globalfintechfest.com/media/168_0a7d61c761.png,,,,false,2025,https://2025.globalfintechfest.com/partners,2026-08-25T06:37:05Z
amazon pay,amazon pay,amazon-pay,Brought To You By,Partners,Exhibitors,payments,https://www.amazon.in/amazonpay/home,https://2025.globalfintechfest.com/media/Partner_Exhibitor_5_4428abd6d7.png,Digital payments arm of Amazon,online checkout;UPI payments,high,false,2025,https://2025.globalfintechfest.com/partners,2026-08-25T06:37:05Z
AMFI,AMFI,amfi,Exhibitor,Exhibitors,Ecosystem,other,http://www.amfiindia.com,https://2025.globalfintechfest.com/media/170_317d7a80a9.png,,,,false,2025,https://2025.globalfintechfest.com/partners,2026-08-25T06:37:05Z
ANTINO,ANTINO,antino,Exhibitor,Exhibitors,,other,http://www.antino.com/,https://2025.globalfintechfest.com/media/171_6d3d1df618.png,,,,false,2025,https://2025.globalfintechfest.com/partners,2026-08-25T06:37:05Z
Aptuz Technology Solution,Aptuz Technology Solution,aptuz-technology-solution,Exhibitor,Exhibitors,,infra,https://aptuz.com/,https://2025.globalfintechfest.com/media/172_6507cdd70f.png,,,,false,2025,https://2025.globalfintechfest.com/partners,2026-08-25T06:37:05Z
ArrowHead,ArrowHead,arrowhead,Exhibitor,Exhibitors,,other,https://www.arrowhead.team/,https://2025.globalfintechfest.com/media/Partner_Exhibitor_18_daf608efe2.png,,,,false,2025,https://2025.globalfintechfest.com/partners,2026-08-25T06:37:05Z
Astuto Technologies OneLens,Astuto Technologies OneLens,astuto-technologies-onelens,Exhibitor,Exhibitors,,infra,https://www.astuto.ai/,https://2025.globalfintechfest.com/media/173_d264e5da91.png,,,,false,2025,https://2025.globalfintechfest.com/partners,2026-08-25T06:37:05Z
AuthBridge,AuthBridge,authbridge,Notepad Partner,Partners,Exhibitors,other,https://authbridge.com/,https://2025.globalfintechfest.com/media/Partner_Exhibitor_26_aa7cdc7efd.png,Identity verification and background screening provider,KYC/onboarding verification;employee screening,high,false,2025,https://2025.globalfintechfest.com/partners,2026-08-25T06:37:05Z
AutomationEdge,AutomationEdge,automationedge,Exhibitor,Exhibitors,,other,https://automationedge.com/,https://2025.globalfintechfest.com/media/175_ba5e20fd80.png,"The Agentic AI and automation platform that unifies RPA, Document AI, workflow automation and orchestration in one platform to streamline operations and drive business growth.",AI and automation,medium,false,2025,https://2025.globalfintechfest.com/partners,2026-08-25T06:37:05Z
Bank of Baroda,Bank of Baroda,bank-of-baroda,Brought To You By,Partners,Exhibitors,banking,https://www.bankofbaroda.in/,https://2025.globalfintechfest.com/media/Partner_Exhibitor_2025_08_08_T093220_820_2379d2635e.png,Indian public sector bank,retail banking;digital lending;payments,high,false,2025,https://2025.globalfintechfest.com/partners,2026-08-25T06:37:05Z
Bank of India,Bank of India,bank-of-india,Gold Partners,Partners,Exhibitors,banking,http://www.bankofindia.co.in,https://2025.globalfintechfest.com/media/Partner_Exhibitor_44_4aa095ba28.png,,,,false,2025,https://2025.globalfintechfest.com/partners,2026-08-25T06:37:05Z
BASIC,BASIC,basic,Exhibitor,Exhibitors,,other,http://www.basichomeloan.com,https://2025.globalfintechfest.com/media/178_e95e0c8fbe.png,,,,false,2025,https://2025.globalfintechfest.com/partners,2026-08-25T06:37:05Z
BCG,BCG,bcg,Supporter,Supporters,,other,https://www.bcg.com/,https://2025.globalfintechfest.com/media/supporters_bcg_95b56819bb.png,,,,false,2025,https://2025.globalfintechfest.com/partners,2026-08-25T06:37:05Z
Beams Fund,Beams Fund,beams-fund,Silver Partners,Partners,,other,https://beams.vc/,https://2025.globalfintechfest.com/media/Partner_Exhibitor_56_d6070d129d.png,,,,false,2025,https://2025.globalfintechfest.com/partners,2026-08-25T06:37:05Z
BeFiSc,BeFiSc,befisc,Exhibitor,Exhibitors,,other,https://www.befisc.com/,https://2025.globalfintechfest.com/media/179_b50c94f154.png,,,,false,2025,https://2025.globalfintechfest.com/partners,2026-08-25T06:37:05Z
Benepik,Benepik,benepik,Exhibitor,Exhibitors,,other,http://www.benepik.com/,https://2025.globalfintechfest.com/media/180_68ad32acd4.png,,,,false,2025,https://2025.globalfintechfest.com/partners,2026-08-25T06:37:05Z
BharatPe,BharatPe,bharatpe,Merchant & Consumer Partner,Partners,Exhibitors,other,https://bharatpe.com/,https://2025.globalfintechfest.com/media/P_Bharat_Pe_cf69afcb3e.png,"Accept digital payments with BharatPe UPI QR Code. Know more about BharatPe QR, Card Swipe Machine and BharatPe Speaker.",UPI payments,medium,false,2025,https://2025.globalfintechfest.com/partners,2026-08-25T06:37:05Z
Big City Promotions,Big City Promotions,big-city-promotions,Exhibitor,Exhibitors,,other,,https://2025.globalfintechfest.com/media/Partner_Exhibitor_12_64008f5fef.png,,,,false,2025,https://2025.globalfintechfest.com/partners,2026-08-25T06:37:05Z
Biz2X,Biz2X,biz2x,Bronze Partners,Partners,Exhibitors,other,https://www.biz2x.com/india/,https://2025.globalfintechfest.com/media/Biz2_X_d48146efa2.png,,,,false,2025,https://2025.globalfintechfest.com/partners,2026-08-25T06:37:05Z
Blostem,Blostem,blostem,Exhibitor,Exhibitors,,other,https://blostem.com/,https://2025.globalfintechfest.com/media/183_3731e277fc.png,,,,false,2025,https://2025.globalfintechfest.com/partners,2026-08-25T06:37:05Z
Boharr,Boharr,boharr,Exhibitor,Exhibitors,,other,http://www.boharr.com,https://2025.globalfintechfest.com/media/184_3e1ccedf20.png,,,,false,2025,https://2025.globalfintechfest.com/partners,2026-08-25T06:37:05Z
BPC,BPC,bpc,Bronze Partners,Partners,Exhibitors,other,https://www.bpcbt.com/en/,https://2025.globalfintechfest.com/media/Partner_Exhibitor_68_7a29689eaf.png,,,,false,2025,https://2025.globalfintechfest.com/partners,2026-08-25T06:37:05Z
Branchx,Branchx,branchx,Bronze Partners,Partners,Exhibitors,other,https://www.branchx.in/,https://2025.globalfintechfest.com/media/Partner_Exhibitor_11_f2fa13f915.png,,,,false,2025,https://2025.globalfintechfest.com/partners,2026-08-25T06:37:05Z
Brandworks Technologies Pvt Ltd,Brandworks Technologies Pvt Ltd,brandworks-technologies-pvt-ltd,Exhibitor,Exhibitors,,infra,https://www.bwtech.in/,https://2025.globalfintechfest.com/media/Partner_Exhibitor_2025_08_05_T141617_241_77827e09e5.png,Brandworks Technologies Pvt Ltd the best Original Equipment Manufacturer in India. OEM Innovating and delivering quality industrial solutions,,medium,false,2025,https://2025.globalfintechfest.com/partners,2026-08-25T06:37:05Z
BRISKPE,BRISKPE,briskpe,Gold Partners,Partners,Exhibitors,regtech,https://www.briskpe.com/,https://2025.globalfintechfest.com/media/Partner_Exhibitor_19_05866dc9d4.png,,,,false,2025,https://2025.globalfintechfest.com/partners,2026-08-25T06:37:05Z
BSE,BSE,bse,Exhibitor,Exhibitors,,other,https://m.bseindia.com/,https://2025.globalfintechfest.com/media/188_776af37504.png,,,,false,2025,https://2025.globalfintechfest.com/partners,2026-08-25T06:37:05Z
Bureau,Bureau,bureau,Exhibitor,Exhibitors,,other,https://www.bureau.id/,https://2025.globalfintechfest.com/media/Partner_Exhibitor_8_ab38b3b5da.png,,,,false,2025,https://2025.globalfintechfest.com/partners,2026-08-25T06:37:05Z
Bureau ID,Bureau ID,bureau-id,Silver Partners,Partners,,other,https://www.bureau.id/,https://2025.globalfintechfest.com/media/Partner_Exhibitor_2025_08_11_T115600_044_df0736e404.png,,,,false,2025,https://2025.globalfintechfest.com/partners,2026-08-25T06:37:05Z
BUSINESS NEXT,BUSINESS NEXT,business-next,Exhibitor,Exhibitors,,other,https://www.businessnext.com/,https://2025.globalfintechfest.com/media/Partner_Exhibitor_2025_07_30_T131712_732_794215c054.png,,,,false,2025,https://2025.globalfintechfest.com/partners,2026-08-25T06:37:05Z
CAMS,CAMS,cams,Exhibitor,Exhibitors,,other,https://www.camsonline.com/,https://2025.globalfintechfest.com/media/Partner_Exhibitor_1_567e76c01b.png,,,,false,2025,https://2025.globalfintechfest.com/partners,2026-08-25T06:37:05Z
Canara Bank,Canara Bank,canara-bank,Exhibitor,Exhibitors,,banking,https://canarabank.com/,https://2025.globalfintechfest.com/media/190_f3d4121c5a.png,,,,false,2025,https://2025.globalfintechfest.com/partners,2026-08-25T06:37:05Z
CansoAI,CansoAI,cansoai,Exhibitor,Exhibitors,,other,http://canso.ai/,https://2025.globalfintechfest.com/media/partners_cansoai_789f34f759.png,,,,false,2025,https://2025.globalfintechfest.com/partners,2026-08-25T06:37:05Z
CARD91,CARD91,card91,Exhibitor,Exhibitors,,other,https://card91.io/,https://2025.globalfintechfest.com/media/Partner_Exhibitor_89_62dea444c8.png,,,,false,2025,https://2025.globalfintechfest.com/partners,2026-08-25T06:37:05Z
Cashfree Payments,Cashfree Payments,cashfree-payments,Gold Partners,Partners,Exhibitors,payments,https://www.cashfree.com/,https://2025.globalfintechfest.com/media/Partner_Exhibitor_18_5fbdf92fd8.png,,,,false,2025,https://2025.globalfintechfest.com/partners,2026-08-25T06:37:05Z
Castler,Castler,castler,Exhibitor,Exhibitors,,other,https://castler.com/,https://2025.globalfintechfest.com/media/Partner_Exhibitor_7_23511c902d.png,,,,false,2025,https://2025.globalfintechfest.com/partners,2026-08-25T06:37:05Z
CASTLER code,CASTLER code,castler-code,Exhibitor,Exhibitors,,other,https://castler.com/,https://2025.globalfintechfest.com/media/Partner_Exhibitor_6_75dcd94287.png,,,,false,2025,https://2025.globalfintechfest.com/partners,2026-08-25T06:37:05Z
CCIL,CCIL,ccil,Exhibitor,Exhibitors,,other,https://www.ccilindia.com/,https://2025.globalfintechfest.com/media/Partner_Exhibitor_4_52763adbc8.png,,,,false,2025,https://2025.globalfintechfest.com/partners,2026-08-25T06:37:05Z
CDSL,CDSL,cdsl,Exhibitor,Exhibitors,,other,https://www.cdslindia.com/,https://2025.globalfintechfest.com/media/Partner_Exhibitor_93_584c01f716.png,,,,false,2025,https://2025.globalfintechfest.com/partners,2026-08-25T06:37:05Z
Chalo,Chalo,chalo,Mobility Partner,Partners,,other,https://chalo.com/app/global-fintech-fest/mumbai,https://2025.globalfintechfest.com/media/Partner_Exhibitor_3_9acddd0946.png,Track you Bus live with Chalo App. Buy your bus tickets or bus pass on your mobile and just scan to travel. Download India,,medium,false,2025,https://2025.globalfintechfest.com/partners,2026-08-25T06:37:05Z
CHUBB,CHUBB,chubb,Exhibitor,Exhibitors,,other,www.chubb.com,https://2025.globalfintechfest.com/media/Partner_Exhibitor_94_9239be13ec.png,,,,false,2025,https://2025.globalfintechfest.com/partners,2026-08-25T06:37:05Z
citi,citi,citi,Banking Innovation Partner,Partners,Exhibitors,other,https://www.citigroup.com/global,https://2025.globalfintechfest.com/media/Partner_Exhibitor_2025_07_29_T161228_969_d1a9ff490a.png,Global bank,corporate banking;treasury services;cross-border payments,high,false,2025,https://2025.globalfintechfest.com/partners,2026-08-25T06:37:05Z
City Union Bank,City Union Bank,city-union-bank,Exhibitor,Exhibitors,,banking,,https://2025.globalfintechfest.com/media/Partner_Exhibitor_2025_08_18_T122600_113_5fdadf01d8.png,,,,false,2025,https://2025.globalfintechfest.com/partners,2026-08-25T06:37:05Z
Clear,Clear,clear,Bronze Partners,Partners,Exhibitors,other,https://www.clear.in/,https://2025.globalfintechfest.com/media/Partner_Exhibitor_2025_08_05_T162533_142_a321d6c361.png,,,,false,2025,https://2025.globalfintechfest.com/partners,2026-08-25T06:37:05Z
CLICKPOST,CLICKPOST,clickpost,Exhibitor,Exhibitors,,other,https://www.clickpost.ai/,https://2025.globalfintechfest.com/media/Partner_Exhibitor_96_6e63c9fc7b.png,,,,false,2025,https://2025.globalfintechfest.com/partners,2026-08-25T06:37:05Z
Cloudare,Cloudare,cloudare,Exhibitor,Exhibitors,,infra,https://www.cloudare.in/,https://2025.globalfintechfest.com/media/Partner_Exhibitor_97_54cf63d8e6.png,,,,false,2025,https://2025.globalfintechfest.com/partners,2026-08-25T06:37:05Z
CockroachDB,CockroachDB,cockroachdb,Bronze Partners,Partners,Exhibitors,other,https://www.cockroachlabs.com/,https://2025.globalfintechfest.com/media/Partner_Exhibitor_66_bee7cd0fe5.png,,,,false,2025,https://2025.globalfintechfest.com/partners,2026-08-25T06:37:05Z
CognitivTrust,CognitivTrust,cognitivtrust,Exhibitor,Exhibitors,,other,https://www.cognitivtrust.com/,https://2025.globalfintechfest.com/media/Partner_Exhibitor_13_e77278eb46.png,The navigation intelligence that enables autonomous software development — from prompt to production.,,medium,false,2025,https://2025.globalfintechfest.com/partners,2026-08-25T06:37:05Z
collexo,collexo,collexo,Exhibitor,Exhibitors,,other,https://www.collexo.com/,https://2025.globalfintechfest.com/media/Partner_Exhibitor_100_c19b511252.png,,,,false,2025,https://2025.globalfintechfest.com/partners,2026-08-25T06:37:05Z
Commscope,Commscope,commscope,Exhibitor,Exhibitors,,infra,http://www.commscope.com,https://2025.globalfintechfest.com/media/CS_logo_black_rgb_4_8107acd447.jpg,Advancing broadband enterprise and wireless networks to power progress and create lasting connections.,,medium,false,2025,https://2025.globalfintechfest.com/partners,2026-08-25T06:37:05Z
Comviva,Comviva,comviva,Silver Partners,Partners,Exhibitors,other,http://www.comviva.com/,https://2025.globalfintechfest.com/media/Partner_Exhibitor_2025_08_01_T170728_635_4ef2e66332.png,,,,false,2025,https://2025.globalfintechfest.com/partners,2026-08-25T06:37:05Z
concerto,concerto,concerto,Exhibitor,Exhibitors,,other,http://www.concertosoft.com/,https://2025.globalfintechfest.com/media/Partner_Exhibitor_2025_07_29_T111119_885_739cec266f.png,,,,false,2025,https://2025.globalfintechfest.com/partners,2026-08-25T06:37:05Z
Convin AI,Convin AI,convin-ai,Exhibitor,Exhibitors,,ai,https://convin.ai/home-b,https://2025.globalfintechfest.com/media/Partner_Exhibitor_2025_07_31_T174132_542_da2221b2c7.png,,,,false,2025,https://2025.globalfintechfest.com/partners,2026-08-25T06:37:05Z
Copenhagen Fintech,Copenhagen Fintech,copenhagen-fintech,Country Partners,Partners,,infra,http://www.denmark.dk/,https://2025.globalfintechfest.com/media/Partner_Exhibitor_8_7396991188.png,,,,false,2025,https://2025.globalfintechfest.com/partners,2026-08-25T06:37:05Z
Corbin,Corbin,corbin,Exhibitor,Exhibitors,,other,https://www.corbintech.co.in/,https://2025.globalfintechfest.com/media/Partner_Exhibitor_2025_07_29_T111300_192_dfd555f098.png,,,,false,2025,https://2025.globalfintechfest.com/partners,2026-08-25T06:37:05Z
cotodel,cotodel,cotodel,Exhibitor,Exhibitors,,other,http://www.cotodel.com/,https://2025.globalfintechfest.com/media/Partner_Exhibitor_2025_07_29_T111326_494_a01b81f5d4.png,,,,false,2025,https://2025.globalfintechfest.com/partners,2026-08-25T06:37:05Z
Craft Silicon,Craft Silicon,craft-silicon,Exhibitor,Exhibitors,,other,http://www.craftsilicon.com/,https://2025.globalfintechfest.com/media/Partner_Exhibitor_2025_07_29_T111421_150_97065ace4b.png,,,,false,2025,https://2025.globalfintechfest.com/partners,2026-08-25T06:37:05Z
CRED,CRED,cred,Beer Booth Partner,Partners,Exhibitors,other,https://cred.club/,https://2025.globalfintechfest.com/media/Partner_Exhibitor_25_3acb1a0929.png,,,,false,2025,https://2025.globalfintechfest.com/partners,2026-08-25T06:37:05Z
CredAcc,CredAcc,credacc,Exhibitor,Exhibitors,,other,https://www.credacc.com/,https://2025.globalfintechfest.com/media/205_e983f1eacd.png,,,,false,2025,https://2025.globalfintechfest.com/partners,2026-08-25T06:37:05Z
Credentek,Credentek,credentek,Exhibitor,Exhibitors,,other,http://www.credentek.com,https://2025.globalfintechfest.com/media/Partner_Exhibitor_29_668059e40c.png,,,,false,2025,https://2025.globalfintechfest.com/partners,2026-08-25T06:37:05Z
CREDILITY,CREDILITY,credility,Exhibitor,Exhibitors,,other,https://credility.in/,https://2025.globalfintechfest.com/media/206_8e4e60712e.png,,,,false,2025,https://2025.globalfintechfest.com/partners,2026-08-25T06:37:05Z
CREDIT SAISON INDIA,CREDIT SAISON INDIA,credit-saison-india,Exhibitor,Exhibitors,,lending,https://creditsaison.in/,https://2025.globalfintechfest.com/media/207_c599ca1626.png,,,,false,2025,https://2025.globalfintechfest.com/partners,2026-08-25T06:37:05Z
CRIF,CRIF,crif,Exhibitor,Exhibitors,,other,https://www.crifhighmark.com/,https://2025.globalfintechfest.com/media/E_CRIF_e53f7e40e4.png,,,,false,2025,https://2025.globalfintechfest.com/partners,2026-08-25T06:37:05Z
crunchfish,crunchfish,crunchfish,Exhibitor,Exhibitors,,other,https://www.crunchfish.com/,https://2025.globalfintechfest.com/media/Partner_Exhibitor_2025_07_29_T112049_887_8a82635485.png,"OFFLINE PAYMENTS AS CRITICAL INFRASTRUCTURE Offline payments that keep working when systems don’t Digital payments have become critical public infrastructure, yet most digital payments depend on network connectivity and central system availability to complete a transaction. When networks are congested, unavailable, or when the underlying payment system is disrupted, payments can fail or become imp",cloud infrastructure,medium,false,2025,https://2025.globalfintechfest.com/partners,2026-08-25T06:37:05Z
CryptoBind,CryptoBind,cryptobind,Exhibitor,Exhibitors,,crypto,https://www.jisasoftech.com/,https://2025.globalfintechfest.com/media/partner_cryptobind_149f39a382.png,,,,false,2025,https://2025.globalfintechfest.com/partners,2026-08-25T06:37:05Z
CyberSRCC,CyberSRCC,cybersrcc,Exhibitor,Exhibitors,,infra,http://www.cybersrcc.com/,https://2025.globalfintechfest.com/media/Partner_Exhibitor_4_294f2a9deb.png,,,,false,2025,https://2025.globalfintechfest.com/partners,2026-08-25T06:37:05Z
CYGNET ONE,CYGNET ONE,cygnet-one,Exhibitor,Exhibitors,,other,https://www.cygnet.one/,https://2025.globalfintechfest.com/media/partner_cygnet_4f9ce63080.png,"Explore Cygnet.One’s IT services, cloud transformation, and product engineering solutions. Simplify complexity and drive digital success for your businesses.",cloud infrastructure,medium,false,2025,https://2025.globalfintechfest.com/partners,2026-08-25T06:37:05Z
Data Science Wizards Pvt Ltd,Data Science Wizards Pvt Ltd,data-science-wizards-pvt-ltd,Exhibitor,Exhibitors,,ai,https://www.datasciencewizards.ai/,https://2025.globalfintechfest.com/media/Partner_Exhibitor_42_f5b3e76fb2.png,,,,false,2025,https://2025.globalfintechfest.com/partners,2026-08-25T06:37:05Z
Data Sutram,Data Sutram,data-sutram,Gold Partners,Partners,Exhibitors,ai,https://datasutram.com/,https://2025.globalfintechfest.com/media/Partner_Exhibitor_35_a4a2d2730b.png,,,,false,2025,https://2025.globalfintechfest.com/partners,2026-08-25T06:37:05Z
DBS Bank,DBS Bank,dbs-bank,Exhibitor,Exhibitors,,banking,https://www.dbs.com/in,https://2025.globalfintechfest.com/media/Partner_Exhibitor_45_71f58bce6d.png,,,,false,2025,https://2025.globalfintechfest.com/partners,2026-08-25T06:37:05Z
DCB Bank,DCB Bank,dcb-bank,Gold Partners,Partners,Exhibitors,banking,http://www.dcbbank.com,https://2025.globalfintechfest.com/media/e_DCB_bank_4c5ba6dad6.png,,,,false,2025,https://2025.globalfintechfest.com/partners,2026-08-25T06:37:05Z
Dcirrus Cloud Computing Services,Dcirrus Cloud Computing Services,dcirrus-cloud-computing-services,Exhibitor,Exhibitors,,infra,,https://2025.globalfintechfest.com/media/Partner_Exhibitor_8_1f242d43f7.png,,,,false,2025,https://2025.globalfintechfest.com/partners,2026-08-25T06:37:05Z
DECENTRO,DECENTRO,decentro,Exhibitor,Exhibitors,,other,https://decentro.tech/,https://2025.globalfintechfest.com/media/Partner_Exhibitor_2025_07_29_T112129_878_5882dedde2.png,,,,false,2025,https://2025.globalfintechfest.com/partners,2026-08-25T06:37:05Z
DECIMAL,DECIMAL,decimal,Exhibitor,Exhibitors,,other,https://decimaltech.com/,https://2025.globalfintechfest.com/media/partner_decimal_ff110d87ee.png,"Accelerate digital transformation with Decimal Technologies, a leading NoCode platform offering AI-powered solutions for banks & financial services.",AI and automation,medium,false,2025,https://2025.globalfintechfest.com/partners,2026-08-25T06:37:05Z
Decisimo,Decisimo,decisimo,Exhibitor,Exhibitors,,other,https://www.decisimo.com,https://2025.globalfintechfest.com/media/Partner_Exhibitor_2025_07_29_T112230_693_a5eea133ed.png,Decisimo - decision intelligence services and decisioning system. An engine for deployment of rule based and machine learning driven decisioning,AI and automation,medium,false,2025,https://2025.globalfintechfest.com/partners,2026-08-25T06:37:05Z
Deepvue,Deepvue,deepvue,Exhibitor,Exhibitors,,other,https://deepvue.tech,https://2025.globalfintechfest.com/media/Partner_Exhibitor_2025_07_29_T112251_206_e813236d72.png,,,,false,2025,https://2025.globalfintechfest.com/partners,2026-08-25T06:37:05Z
DevRev,Devrev,devrev,Gold Partners,Partners,Exhibitors,other,https://devrev.ai/,https://2025.globalfintechfest.com/media/P_Devrev_b9a70852f3.png,,,,false,2025,https://2025.globalfintechfest.com/partners,2026-08-25T06:37:05Z
dhan,dhan,dhan,Bronze Partners,Partners,Exhibitors,other,https://dhan.co/,https://2025.globalfintechfest.com/media/Partner_Exhibitor_63_8a38e8e831.png,,,,false,2025,https://2025.globalfintechfest.com/partners,2026-08-25T06:37:05Z
DianApps,DianApps,dianapps,Exhibitor,Exhibitors,,other,https://dianapps.com/,https://2025.globalfintechfest.com/media/Partner_Exhibitor_27_3191f4b594.png,"DianApps: Your Global Partner for Web & App Development, UI/UX design, and Software Services. We also offer AI-driven solutions for smarter business growth.",AI and automation,medium,false,2025,https://2025.globalfintechfest.com/partners,2026-08-25T06:37:05Z
DigiKhata,DigiKhata,digikhata,Bronze Partners,Partners,Exhibitors,other,https://digikhata.in/,https://2025.globalfintechfest.com/media/Partner_Exhibitor_2025_08_08_T172427_357_93072902ad.png,,,,false,2025,https://2025.globalfintechfest.com/partners,2026-08-25T06:37:05Z
digio,digio,digio,Exhibitor,Exhibitors,,other,https://www.digio.in/,https://2025.globalfintechfest.com/media/212_a5074bad12.png,,,,false,2025,https://2025.globalfintechfest.com/partners,2026-08-25T06:37:05Z
Digitap,Digitap,digitap,Exhibitor,Exhibitors,,other,https://www.digitap.ai/,https://2025.globalfintechfest.com/media/213_dc3487763e.png,AI driven solutions for analysing financial data of customers to enable credit underwriting and powering digital customer onboarding journeys for enterprises in the Banking sector.,credit underwriting;KYC and onboarding;AI and automation,medium,false,2025,https://2025.globalfintechfest.com/partners,2026-08-25T06:37:05Z
Digitathya,Digitathya,digitathya,Integrity Partner,Partners,Exhibitors,other,https://www.digitathya.com/,https://2025.globalfintechfest.com/media/Partner_Exhibitor_2025_08_11_T153855_403_aab1445747.png,,,,false,2025,https://2025.globalfintechfest.com/partners,2026-08-25T06:37:05Z
DIIP,DIIP,diip,Supporter,Supporters,,other,https://www.startupindia.gov.in/,https://2025.globalfintechfest.com/media/Partner_Exhibitor_16_5273af8d30.png,,,,false,2025,https://2025.globalfintechfest.com/partners,2026-08-25T06:37:05Z
Discover,Discover,discover,Global Payments Partner,Partners,Exhibitors,other,https://www.discover.com/,https://2025.globalfintechfest.com/media/Partner_Exhibitor_17_063375f696.png,Global card payment network and issuer,card acceptance;card issuing,high,false,2025,https://2025.globalfintechfest.com/partners,2026-08-25T06:37:05Z
Doqfy,Doqfy,doqfy,Exhibitor,Exhibitors,,other,https://doqfy.in/,https://2025.globalfintechfest.com/media/214_369414a608.png,,,,false,2025,https://2025.globalfintechfest.com/partners,2026-08-25T06:37:05Z
DreamFolks,DreamFolks,dreamfolks,Exhibitor,Exhibitors,,other,http://www.dreamfolks.com,https://2025.globalfintechfest.com/media/215_f6ed9053fc.png,,,,false,2025,https://2025.globalfintechfest.com/partners,2026-08-25T06:37:05Z
Ease My deal,Ease My deal,ease-my-deal,Bronze Partners,Partners,Exhibitors,other,http://www.easemydeal.com,https://2025.globalfintechfest.com/media/P_Ease_my_deal_164a43534f.png,,,,false,2025,https://2025.globalfintechfest.com/partners,2026-08-25T06:37:05Z
Easebuzz,Easebuzz,easebuzz,Exhibitor,Exhibitors,,other,https://easebuzz.in/,https://2025.globalfintechfest.com/media/Partner_Exhibitor_2_cadcb03c19.png,,,,false,2025,https://2025.globalfintechfest.com/partners,2026-08-25T06:37:05Z
ensuredit,ensuredit,ensuredit,Exhibitor,Exhibitors,,other,https://www.ensuredit.com/,https://2025.globalfintechfest.com/media/partners_ensuredit_587320a5d5.png,,,,false,2025,https://2025.globalfintechfest.com/partners,2026-08-25T06:37:05Z
EPA,EPA,epa,Ecosystem,Ecosystem,,other,https://emergingpaymentsasia.org/,https://2025.globalfintechfest.com/media/eco_epa_357d1f57b1.png,,,,false,2025,https://2025.globalfintechfest.com/partners,2026-08-25T06:37:05Z
eps,eps,eps,Exhibitor,Exhibitors,,other,http://www.electronicpay.in/,https://2025.globalfintechfest.com/media/214_e12ce82df5.png,,,,false,2025,https://2025.globalfintechfest.com/partners,2026-08-25T06:37:05Z
equal,equal,equal,Gold Partners,Partners,Exhibitors,other,https://www.equal.in/,https://2025.globalfintechfest.com/media/Partner_Exhibitor_34_3c0d0d44ec.png,,,,false,2025,https://2025.globalfintechfest.com/partners,2026-08-25T06:37:05Z
equence,equence,equence,Exhibitor,Exhibitors,,other,https://www.equence.com/,https://2025.globalfintechfest.com/media/216_ebb06d43dc.png,,,,false,2025,https://2025.globalfintechfest.com/partners,2026-08-25T06:37:05Z
equifax,equifax,equifax,Silver Partners,Partners,Exhibitors,other,https://www.equifax.co.in/,https://2025.globalfintechfest.com/media/Partner_Exhibitor_55_f610237a97.png,,,,false,2025,https://2025.globalfintechfest.com/partners,2026-08-25T06:37:05Z
Ericsson Mobile Financial Services,Ericsson Mobile Financial Services,ericsson-mobile-financial-services,Gold Partners,Partners,Exhibitors,other,https://www.ericsson.com/en/mobile-financial-services,https://2025.globalfintechfest.com/media/Partner_Exhibitor_2025_08_12_T155301_589_1c2dc7389e.png,,,,false,2025,https://2025.globalfintechfest.com/partners,2026-08-25T06:37:05Z
Europ Assistance India Pvt. Ltd,Europ Assistance India Pvt. Ltd,europ-assistance-india-pvt-ltd,Exhibitor,Exhibitors,,other,https://www.europ-assistance.in/,https://2025.globalfintechfest.com/media/Partner_Exhibitor_14_622fabf541.png,,,,false,2025,https://2025.globalfintechfest.com/partners,2026-08-25T06:37:05Z
European Digital Finance Association,European Digital Finance Association,european-digital-finance-association,Ecosystem,Ecosystem,,lending,https://www.europeandigitalfinance.eu/,https://2025.globalfintechfest.com/media/EDFA_c76b9ad245.png,,,,false,2025,https://2025.globalfintechfest.com/partners,2026-08-25T06:37:05Z
evolute,evolute,evolute,Exhibitor,Exhibitors,,other,https://www.evolute.in/,https://2025.globalfintechfest.com/media/218_422aad6ad0.png,,,,false,2025,https://2025.globalfintechfest.com/partners,2026-08-25T06:37:05Z
Experian,Experian,experian,Credit Innovation Partner,Partners,Exhibitors,other,https://www.experian.in/,https://2025.globalfintechfest.com/media/partners_xperian_97cd62a907.png,,,,false,2025,https://2025.globalfintechfest.com/partners,2026-08-25T06:37:05Z
EY,EY,ey,Supporter,Supporters,,other,https://www.ey.com/en_in,https://2025.globalfintechfest.com/media/partner_ey_0d54b2850b.png,"EY provides consulting, assurance, tax and transaction services that help solve our client’s toughest challenges and build a better working world for all.",,medium,false,2025,https://2025.globalfintechfest.com/partners,2026-08-25T06:37:05Z
Facctum,Facctum,facctum,Exhibitor,Exhibitors,,other,https://www.facctum.com/,https://2025.globalfintechfest.com/media/partners_facctum_74b6e062d0.png,,,,false,2025,https://2025.globalfintechfest.com/partners,2026-08-25T06:37:05Z
FASL,FASL,fasl,Ecosystem,Ecosystem,,other,https://srilankafintech.org/,https://2025.globalfintechfest.com/media/eco_fasl_2b110ec03e.png,"FinTech Association of Sri Lanka (FASL) is an independent, not-for-profit, and cross-industry organisation representing Sri Lankan and global FinTech community to support the development, innovation and investment in the FinTech sector",wealth management,medium,false,2025,https://2025.globalfintechfest.com/partners,2026-08-25T06:37:05Z
FCC,FCC,fcc,Exhibitor,Exhibitors,Organisers,other,,https://2025.globalfintechfest.com/media/Partner_Exhibitor_2025_07_29_T113441_423_34e02c227e.png,,,,false,2025,https://2025.globalfintechfest.com/partners,2026-08-25T06:37:05Z
Fiatpe,Fiatpe,fiatpe,Floor Plan Partner,Partners,Exhibitors,other,https://fiatpe.com/,https://2025.globalfintechfest.com/media/Partner_Exhibitor_57_98d7c97b04.png,,,,false,2025,https://2025.globalfintechfest.com/partners,2026-08-25T06:37:05Z
fibe,fibe,fibe,Bronze Partners,Partners,Exhibitors,other,https://www.fibe.in/,https://2025.globalfintechfest.com/media/Partner_Exhibitor_67_f69377119c.png,,,,false,2025,https://2025.globalfintechfest.com/partners,2026-08-25T06:37:05Z
FICO,FICO,fico,Session Partner,Partners,,other,https://www.fico.com/en,https://2025.globalfintechfest.com/media/Partner_Exhibitor_7_bfb829f5d9.png,,,,false,2025,https://2025.globalfintechfest.com/partners,2026-08-25T06:37:05Z
Finacus,Finacus,finacus,Exhibitor,Exhibitors,,other,https://www.finacus.co.in/,https://2025.globalfintechfest.com/media/Partner_Exhibitor_2025_07_29_T114129_547_912d1f5f68.png,,,,false,2025,https://2025.globalfintechfest.com/partners,2026-08-25T06:37:05Z
Financial Club,Financial Club,financial-club,Supporter,Supporters,,other,http://financialclub.co/,https://2025.globalfintechfest.com/media/partner_financial_club_01ed6283d3.png,,,,false,2025,https://2025.globalfintechfest.com/partners,2026-08-25T06:37:05Z
Finarkein,Finarkein,finarkein,Account Aggregator and AI Partner,Partners,Exhibitors,other,https://finarkein.com/,https://2025.globalfintechfest.com/media/Partner_Exhibitor_2025_08_07_T153136_385_f5e2509805.png,,,,false,2025,https://2025.globalfintechfest.com/partners,2026-08-25T06:37:05Z
FiNDI,FiNDI,findi,Gold Partners,Partners,Exhibitors,other,https://findi.co/,https://2025.globalfintechfest.com/media/Partner_Exhibitor_31_8ab3881feb.png,,,,false,2025,https://2025.globalfintechfest.com/partners,2026-08-25T06:37:05Z
Finnulate,Finnulate,finnulate,Exhibitor,Exhibitors,,other,https://finnulate.ai/,https://2025.globalfintechfest.com/media/Partner_Exhibitor_2025_07_29_T120824_886_b67498bab3.png,,,,false,2025,https://2025.globalfintechfest.com/partners,2026-08-25T06:37:05Z
Fino,Fino,fino,Exhibitor,Exhibitors,,other,https://www.finobank.com/,https://2025.globalfintechfest.com/media/Partner_Exhibitor_2025_07_29_T114307_938_8b84861ff3.png,,,,false,2025,https://2025.globalfintechfest.com/partners,2026-08-25T06:37:05Z
Finsire,Finsire,finsire,Exhibitor,Exhibitors,,other,https://www.finsire.com/,https://2025.globalfintechfest.com/media/225_ec9bfb3221.png,,,,false,2025,https://2025.globalfintechfest.com/partners,2026-08-25T06:37:05Z
FINSTEP,FINSTEP,finstep,Ecosystem,Ecosystem,,other,https://www.finstep.asia/,https://2025.globalfintechfest.com/media/eco_finstep_66c5fdc254.png,,,,false,2025,https://2025.globalfintechfest.com/partners,2026-08-25T06:37:05Z
FinTech Armenia,FinTech Armenia,fintech-armenia,Ecosystem,Ecosystem,,infra,https://fintecharmenia.com/,https://2025.globalfintechfest.com/media/eco_fintech_armenia_1a534dbc3a.png,,,,false,2025,https://2025.globalfintechfest.com/partners,2026-08-25T06:37:05Z
Fintech Aviv,Fintech Aviv,fintech-aviv,Ecosystem,Ecosystem,,infra,http://www.fintech-aviv.com/,https://2025.globalfintechfest.com/media/partner_fintech_9492511412.png,,,,false,2025,https://2025.globalfintechfest.com/partners,2026-08-25T06:37:05Z
Fintech Nation,Fintech Nation,fintech-nation,Ecosystem,Ecosystem,,infra,,https://2025.globalfintechfest.com/media/partner_fintech_nation_058099f3b2.png,,,,false,2025,https://2025.globalfintechfest.com/partners,2026-08-25T06:37:05Z
FinTech Poland,FinTech Poland,fintech-poland,Ecosystem,Ecosystem,,infra,https://fintechpoland.com/en/home/,https://2025.globalfintechfest.com/media/Fin_Tech_Poland_4d0f3be1f5.png,,,,false,2025,https://2025.globalfintechfest.com/partners,2026-08-25T06:37:05Z
FINTECHNA,FINTECHNA,fintechna,Ecosystem,Ecosystem,,infra,,https://2025.globalfintechfest.com/media/partner_fintech_e30632a632.png,,,,false,2025,https://2025.globalfintechfest.com/partners,2026-08-25T06:37:05Z
Finvu,Finvu,finvu,Exhibitor,Exhibitors,,other,https://finvu.in/,https://2025.globalfintechfest.com/media/Partner_Exhibitor_e16679beda.png,Account Aggregator enabling consented financial data sharing,account aggregation;consented data sharing;underwriting data,high,false,2025,https://2025.globalfintechfest.com/partners,2026-08-25T06:37:05Z
Finvu - Cookiejar Technologies,Finvu - Cookiejar Technologies,finvu-cookiejar-technologies,Gold Partners,Partners,,infra,https://finvu.in/,https://2025.globalfintechfest.com/media/Partner_Exhibitor_05a1aa26bd.png,Account Aggregator enabling consented financial data sharing,account aggregation;consented data sharing;underwriting data,high,false,2025,https://2025.globalfintechfest.com/partners,2026-08-25T06:37:05Z
FlexM,FlexM,flexm,Exhibitor,Exhibitors,,other,https://www.flexm.com/,https://2025.globalfintechfest.com/media/226_ed89960213.png,"FlexM is a fintech conglomerate delivering a cloud-based platform for compliance, remittance platform operations, and secure payments solution infrastructure.",cross-border payments;AML and compliance;cloud infrastructure,medium,false,2025,https://2025.globalfintechfest.com/partners,2026-08-25T06:37:05Z
Fortune4,Fortune4,fortune4,Exhibitor,Exhibitors,,other,https://www.fortune4.in/,https://2025.globalfintechfest.com/media/227_713dfcc48d.png,,,,false,2025,https://2025.globalfintechfest.com/partners,2026-08-25T06:37:05Z
Fracto,Fracto,fracto,Exhibitor,Exhibitors,,other,http://www.fracto.tech/,https://2025.globalfintechfest.com/media/partner_fracto_16d9385232.png,,,,false,2025,https://2025.globalfintechfest.com/partners,2026-08-25T06:37:05Z
Frappe Technologies,Frappe Technologies,frappe-technologies,Exhibitor,Exhibitors,,infra,https://frappe.io/,https://2025.globalfintechfest.com/media/Partner_Exhibitor_8_31288c97b1.png,,,,false,2025,https://2025.globalfintechfest.com/partners,2026-08-25T06:37:05Z
Fyno,Fyno,fyno,Exhibitor,Exhibitors,,other,https://fyno.io/,https://2025.globalfintechfest.com/media/partners_fyno_1ae5ccef0b.png,,,,false,2025,https://2025.globalfintechfest.com/partners,2026-08-25T06:37:05Z
"G2P,IIITB","G2P,IIITB",g2p-iiitb,Exhibitor,Exhibitors,,other,,https://2025.globalfintechfest.com/media/Partner_Exhibitor_11_b5c5c5d212.png,,,,false,2025,https://2025.globalfintechfest.com/partners,2026-08-25T06:37:05Z
GeekyAnts,GeekyAnts,geekyants,Exhibitor,Exhibitors,,other,https://geekyants.com/,https://2025.globalfintechfest.com/media/Partner_Exhibitor_8_d879f7ff24.png,"GeekyAnts is an AI-powered digital product engineering and consulting company helping businesses build, modernize, and scale production-grade products, platforms, and intelligent systems.",AI and automation,medium,false,2025,https://2025.globalfintechfest.com/partners,2026-08-25T06:37:05Z
Gem Cards,Gem Cards,gem-cards,Exhibitor,Exhibitors,,payments,https://gemcards.com,https://2025.globalfintechfest.com/media/E_Gem_Cards_1eb704bbef.png,,,,false,2025,https://2025.globalfintechfest.com/partners,2026-08-25T06:37:05Z
Get ePay,Get ePay,get-epay,Exhibitor,Exhibitors,,payments,https://getepay.in/,https://2025.globalfintechfest.com/media/Partner_Exhibitor_2025_07_29_T121025_908_345789e94b.png,,,,false,2025,https://2025.globalfintechfest.com/partners,2026-08-25T06:37:05Z
GIFT,GIFT,gift,Supporter,Supporters,,other,https://www.giftgujarat.in/,https://2025.globalfintechfest.com/media/partner_gift_22b74ea0d4.png,"Discover GIFT City - India’s first International Financial Services Centre (IFSC), a global finance hub, and a platinum-rated Greenfield Smart City.",,medium,false,2025,https://2025.globalfintechfest.com/partners,2026-08-25T06:37:05Z
GLEIF,GLEIF,gleif,Ecosystem,Ecosystem,,other,https://www.gleif.org/,https://2025.globalfintechfest.com/media/eco_gleif_1c0b781bf2.png,,,,false,2025,https://2025.globalfintechfest.com/partners,2026-08-25T06:37:05Z
gnani.ai,gnani.ai,gnani-ai,Exhibitor,Exhibitors,,ai,https://www.gnani.ai/,https://2025.globalfintechfest.com/media/Partner_Exhibitor_2025_07_29_T121107_920_7528ded1f1.png,,,,false,2025,https://2025.globalfintechfest.com/partners,2026-08-25T06:37:05Z
Google Pay,Google Pay,google-pay,Co-Powered By,Partners,Exhibitors,payments,https://pay.google.com/about/,https://2025.globalfintechfest.com/media/P_Googlepay_1eda1f4337.png,Digital payments app,UPI payments;peer-to-peer transfers,high,false,2025,https://2025.globalfintechfest.com/partners,2026-08-25T06:37:05Z
Gridlines,Gridlines,gridlines,Exhibitor,Exhibitors,,other,https://gridlines.io/,https://2025.globalfintechfest.com/media/Partner_Exhibitor_2025_07_29_T121153_868_2c78ae0799.png,,,,false,2025,https://2025.globalfintechfest.com/partners,2026-08-25T06:37:05Z
Groww,Groww,groww,Invest Tech Partner,Partners,Exhibitors,other,http://www.groww.in,https://2025.globalfintechfest.com/media/Partner_Exhibitor_65_6b47f8019f.png,,,,false,2025,https://2025.globalfintechfest.com/partners,2026-08-25T06:37:05Z
HDFC Bank,HDFC,hdfc-bank,Brought To You By,Partners,Exhibitors,banking,https://www.hdfcbank.com/,https://2025.globalfintechfest.com/media/Partner_Exhibitor_3_a13b4f6e26.png,Indian private sector bank,retail banking;payments;lending,high,false,2025,https://2025.globalfintechfest.com/partners,2026-08-25T06:37:05Z
helo.ai,helo.ai,helo-ai,Exhibitor,Exhibitors,,ai,http://helo.ai/,https://2025.globalfintechfest.com/media/Partner_Exhibitor_2025_07_29_T121353_921_4c6f077979.png,,,,false,2025,https://2025.globalfintechfest.com/partners,2026-08-25T06:37:05Z
Helsinki Fintech Farm,Helsinki Fintech Farm,helsinki-fintech-farm,Ecosystem,Ecosystem,,infra,https://www.helsinkifintech.fi/,https://2025.globalfintechfest.com/media/E_Helsinki_Fintech_Farm_b5868ce4ab.png,,,,false,2025,https://2025.globalfintechfest.com/partners,2026-08-25T06:37:05Z
Heph,Heph,heph,Exhibitor,Exhibitors,,other,https://heph.in/,https://2025.globalfintechfest.com/media/partners_heph_ee80c5a9b2.png,,,,false,2025,https://2025.globalfintechfest.com/partners,2026-08-25T06:37:05Z
hitachi,Hitachi Payments,hitachi,Bronze Partners,Partners,Exhibitors,other,https://www.hitachi-payments.com/,https://2025.globalfintechfest.com/media/Partner_Exhibitor_64_316b5390a4.png,,,,false,2025,https://2025.globalfintechfest.com/partners,2026-08-25T06:37:05Z
HSBC,HSBC,hsbc,Innovation Leadership Partner,Partners,Exhibitors,other,https://www.hsbc.co.in/,https://2025.globalfintechfest.com/media/Partner_Exhibitor_3_2f266f4033.png,Global bank,corporate banking;cross-border payments;trade finance,high,false,2025,https://2025.globalfintechfest.com/partners,2026-08-25T06:37:05Z
Hyperverse,Hyperverse,hyperverse,Exhibitor,Exhibitors,,other,https://hyperverge.co/in/,https://2025.globalfintechfest.com/media/Partner_Exhibitor_2025_07_29_T121544_889_2a8c9b4194.png,,,,false,2025,https://2025.globalfintechfest.com/partners,2026-08-25T06:37:05Z
IDA Ireland,IDA Ireland,ida-ireland,Country Partners,Partners,,other,http://www.idaireland.com/,https://2025.globalfintechfest.com/media/partners_ida_ireland_74751e459b.png,,,,false,2025,https://2025.globalfintechfest.com/partners,2026-08-25T06:37:05Z
IDEMIA Group,IDEMIA Group,idemia-group,Exhibitor,Exhibitors,,other,https://idemia.com/,https://2025.globalfintechfest.com/media/Partner_Exhibitor_2_f9bbddc014.png,,,,false,2025,https://2025.globalfintechfest.com/partners,2026-08-25T06:37:05Z
IDfy,IDfy,idfy,Exhibitor,Exhibitors,,other,https://www.idfy.com/,https://2025.globalfintechfest.com/media/Partner_Exhibitor_2025_07_29_T121737_899_d507e9f99d.png,"Secure Customer Onboarding | Smarter Fraud Detection | DPDP Compliance & Privacy Governance made Easy for Banks, E-Commerce, and Logistics.",KYC and onboarding;fraud prevention;AML and compliance,medium,false,2025,https://2025.globalfintechfest.com/partners,2026-08-25T06:37:05Z
idigicloud,idigicloud,idigicloud,Silver Partners,Partners,Exhibitors,other,https://idigicloudtech.com/,https://2025.globalfintechfest.com/media/P_idigi_cloud_1ab1005fd5.png,,,,false,2025,https://2025.globalfintechfest.com/partners,2026-08-25T06:37:05Z
IFC,IFC,ifc,Supporter,Supporters,,other,https://www.ifc.org/en/home,https://2025.globalfintechfest.com/media/supporters_ifc_bf454e749e.png,,,,false,2025,https://2025.globalfintechfest.com/partners,2026-08-25T06:37:05Z
Ignosis,Ignosis,ignosis,AA Intelligence Partner,Partners,Exhibitors,other,https://ignosis.ai/,https://2025.globalfintechfest.com/media/P_Ignosis_5a20b4b63f.png,,,,false,2025,https://2025.globalfintechfest.com/partners,2026-08-25T06:37:05Z
IIT Bombay Research Park Foundation,IIT Bombay Research Park Foundation,iit-bombay-research-park-foundation,Exhibitor,Exhibitors,,other,,https://2025.globalfintechfest.com/media/Partner_Exhibitor_11_6f33357094.png,,,,false,2025,https://2025.globalfintechfest.com/partners,2026-08-25T06:37:05Z
Imarticus Learning,Imarticus Learning,imarticus-learning,Exhibitor,Exhibitors,,other,,https://2025.globalfintechfest.com/media/Partner_Exhibitor_16_c8f711e453.png,,,,false,2025,https://2025.globalfintechfest.com/partners,2026-08-25T06:37:05Z
India Bonds,India Bonds,india-bonds,Bronze Partners,Partners,Exhibitors,other,https://www.indiabonds.com/,https://2025.globalfintechfest.com/media/Partner_Exhibitor_72_a4337fd29e.png,,,,false,2025,https://2025.globalfintechfest.com/partners,2026-08-25T06:37:05Z
Indian Bank,Indian Bank,indian-bank,Exhibitor,Exhibitors,,banking,,https://2025.globalfintechfest.com/media/Partner_Exhibitor_3_2ceb4f399d.png,,,,false,2025,https://2025.globalfintechfest.com/partners,2026-08-25T06:37:05Z
INDIASPORA,INDIASPORA,indiaspora,Ecosystem,Ecosystem,,other,https://www.indiaspora.org/,https://2025.globalfintechfest.com/media/partner_spora_093bd07a21.png,,,,false,2025,https://2025.globalfintechfest.com/partners,2026-08-25T06:37:05Z
Indifly Ventures,Indifly Ventures,indifly-ventures,Exhibitor,Exhibitors,,other,https://www.indiflyventures.com/,https://2025.globalfintechfest.com/media/Partner_Exhibitor_2025_08_05_T125702_571_7a4ae5794e.png,"Indifly Ventures partners with founders to build successful startups in fintech, e-commerce, and ed-tech across India.",,medium,false,2025,https://2025.globalfintechfest.com/partners,2026-08-25T06:37:05Z
Infibeam Avenues,Infibeam Avenues,infibeam-avenues,Exhibitor,Exhibitors,,other,https://www.ia.ooo/,https://2025.globalfintechfest.com/media/Partner_Exhibitor_2025_07_29_T122022_137_bcf58598d6.png,,,,false,2025,https://2025.globalfintechfest.com/partners,2026-08-25T06:37:05Z
Infineon Technologies,Infineon Technologies,infineon-technologies,Exhibitor,Exhibitors,,infra,https://www.infineon.com/,https://2025.globalfintechfest.com/media/Partner_Exhibitor_5_d45ebf1563.png,"Infineon Semiconductor & System Solutions - MCUs, sensors, automotive & power management ICs, memories, USB, Bluetooth, WiFi, LED drivers, radiation h",,medium,false,2025,https://2025.globalfintechfest.com/partners,2026-08-25T06:37:05Z
instantpay,instantpay,instantpay,Exhibitor,Exhibitors,,payments,https://www.instantpay.in/,https://2025.globalfintechfest.com/media/Partner_Exhibitor_2025_07_29_T122039_886_79d8c4d1a4.png,"Instantpay is a provider of payment solutions for businesses. Send payouts, manage accounts, verify identities, and automate transactions securely on one platform.",payouts,medium,false,2025,https://2025.globalfintechfest.com/partners,2026-08-25T06:37:05Z
insureMO,insureMO,insuremo,Exhibitor,Exhibitors,,insurtech,https://insuremo.com/,https://2025.globalfintechfest.com/media/Partner_Exhibitor_2025_07_29_T122235_534_7456381e0e.png,,,,false,2025,https://2025.globalfintechfest.com/partners,2026-08-25T06:37:05Z
Integra,Integra,integra,Exhibitor,Exhibitors,,other,http://www.integramicro.com,https://2025.globalfintechfest.com/media/Partner_Exhibitor_2025_07_29_T122449_881_2f80056c40.png,,,,false,2025,https://2025.globalfintechfest.com/partners,2026-08-25T06:37:05Z
Intellect Design Arena Ltd,Intellect Design Arena Ltd,intellect-design-arena-ltd,Exhibitor,Exhibitors,,other,https://www.intellectdesign.com/,https://2025.globalfintechfest.com/media/Partner_Exhibitor_2025_08_05_T141053_737_038017f024.png,,,,false,2025,https://2025.globalfintechfest.com/partners,2026-08-25T06:37:05Z
IntelleWings,IntelleWings,intellewings,Exhibitor,Exhibitors,,other,https://intellewings.com/,https://2025.globalfintechfest.com/media/Partner_Exhibitor_2025_07_29_T122558_882_4bfb2d330b.png,,,,false,2025,https://2025.globalfintechfest.com/partners,2026-08-25T06:37:05Z
Invincible,Invincible,invincible,Exhibitor,Exhibitors,,other,https://invincibleocean.com/,https://2025.globalfintechfest.com/media/Partner_Exhibitor_2025_07_29_T123748_893_981fed91ee.png,,,,false,2025,https://2025.globalfintechfest.com/partners,2026-08-25T06:37:05Z
iPiD,iPiD,ipid,Exhibitor,Exhibitors,,other,https://ipid.tech/,https://2025.globalfintechfest.com/media/Partner_Exhibitor_2025_07_29_T123802_254_5a30fac963.png,"iPiD provides a single global API for real-time payee validation, reducing fraud and ensuring seamless payments across borders. Discover our KYP solutions today.",cross-border payments;fraud prevention;cloud infrastructure,medium,false,2025,https://2025.globalfintechfest.com/partners,2026-08-25T06:37:05Z
IserveU,IserveU,iserveu,Silver Partners,Partners,Exhibitors,other,http://www.iserveu.in,https://2025.globalfintechfest.com/media/Partner_Exhibitor_6_cb503efb22.png,,,,false,2025,https://2025.globalfintechfest.com/partners,2026-08-25T06:37:05Z
ISG - In-solutions Global,ISG - In-solutions Global,isg-in-solutions-global,Gold Partners,Partners,Exhibitors,infra,https://www.insolutionsglobal.com/,https://2025.globalfintechfest.com/media/P_ISG_4731adc86a.png,,,,false,2025,https://2025.globalfintechfest.com/partners,2026-08-25T06:37:05Z
Israel Advanced Technology Industries Association (IATIA),Israel Advanced Technology Industries Association (IATIA),israel-advanced-technology-industries-association-iatia,Ecosystem,Ecosystem,,infra,,https://2025.globalfintechfest.com/media/ISRAEL_1_ca877edb07.PNG,,,,false,2025,https://2025.globalfintechfest.com/partners,2026-08-25T06:37:05Z
istreet Network,istreet Network,istreet-network,Silver Partners,Partners,Exhibitors,infra,http://www.istreetnetwork.com/,https://2025.globalfintechfest.com/media/Partner_Exhibitor_7_f10ece0692.png,,,,false,2025,https://2025.globalfintechfest.com/partners,2026-08-25T06:37:05Z
J.P.Morgan,J.P.Morgan,j-p-morgan,Gold Partners,Partners,,other,https://www.jpmorgan.com/global,https://2025.globalfintechfest.com/media/Partner_Exhibitor_47_0e5d740215.png,,,,false,2025,https://2025.globalfintechfest.com/partners,2026-08-25T06:37:05Z
Jar,Jar,jar,Bronze Partners,Partners,Exhibitors,other,https://www.myjar.app/,https://2025.globalfintechfest.com/media/Partner_Exhibitor_74_16378fe708.png,,,,false,2025,https://2025.globalfintechfest.com/partners,2026-08-25T06:37:05Z
JCB Card International South Asia,JCB Card International South Asia,jcb-card-international-south-asia,Bronze Partners,Partners,Exhibitors,payments,https://www.global.jcb/en/,https://2025.globalfintechfest.com/media/P_JCB_856e97d4e6.png,,,,false,2025,https://2025.globalfintechfest.com/partners,2026-08-25T06:37:05Z
Jio Financial Services Limited,Jio Financial Services Limited,jio-financial-services-limited,Gold Partners,Partners,Exhibitors,other,https://www.jfs.in/,https://2025.globalfintechfest.com/media/Partner_Exhibitor_6_ecc56c203c.png,,,,false,2025,https://2025.globalfintechfest.com/partners,2026-08-25T06:37:05Z
JM Financial Services,JM Financial Services,jm-financial-services,Bronze Partners,Partners,Exhibitors,other,,https://2025.globalfintechfest.com/media/Partner_Exhibitor_2025_08_08_T154240_528_d957ba680d.png,,,,false,2025,https://2025.globalfintechfest.com/partners,2026-08-25T06:37:05Z
Jocata,Jocata,jocata,Exhibitor,Exhibitors,,other,https://www.jocata.com/,https://2025.globalfintechfest.com/media/Partner_Exhibitor_2025_07_29_T135246_141_2d041c22e6.png,,,,false,2025,https://2025.globalfintechfest.com/partners,2026-08-25T06:37:05Z
Juicyscore,Juicyscore,juicyscore,Exhibitor,Exhibitors,,other,https://juicyscore.ai/,https://2025.globalfintechfest.com/media/Partner_Exhibitor_2025_07_29_T135158_140_cca4eb305c.png,,,,false,2025,https://2025.globalfintechfest.com/partners,2026-08-25T06:37:05Z
Juspay Technologies Pvt Ltd,Juspay Technologies Pvt Ltd,juspay-technologies-pvt-ltd,Exhibitor,Exhibitors,,infra,https://juspay.io/in,https://2025.globalfintechfest.com/media/E_Juspay_7ab1bc6e94.png,,,,false,2025,https://2025.globalfintechfest.com/partners,2026-08-25T06:37:05Z
Karix,Karix,karix,Exhibitor,Exhibitors,,other,http://www.karix.com,https://2025.globalfintechfest.com/media/Partner_Exhibitor_2025_07_29_T124133_890_2fb3a6ab42.png,,,,false,2025,https://2025.globalfintechfest.com/partners,2026-08-25T06:37:05Z
Kathmandu Fintech,Kathmandu Fintech,kathmandu-fintech,Ecosystem,Ecosystem,,infra,,https://2025.globalfintechfest.com/media/partner_kathmandu_fintech_55eca13716.png,,,,false,2025,https://2025.globalfintechfest.com/partners,2026-08-25T06:37:05Z
Kfintech,Kfintech,kfintech,Exhibitor,Exhibitors,,infra,https://www.kfintech.com/,https://2025.globalfintechfest.com/media/partners_kfintech_b4fd6819b1.png,,,,false,2025,https://2025.globalfintechfest.com/partners,2026-08-25T06:37:05Z
Kiotel Automation,Kiotel Automation,kiotel-automation,Exhibitor,Exhibitors,,other,,https://2025.globalfintechfest.com/media/Partner_Exhibitor_2025_08_11_T155003_772_2b60bf2818.png,,,,false,2025,https://2025.globalfintechfest.com/partners,2026-08-25T06:37:05Z
Kissht - Ring India,Kissht - Ring India,kissht-ring-india,Silver Partners,Partners,,other,https://www.kissht.com/,https://2025.globalfintechfest.com/media/Partner_Exhibitor_58_34a1cf95cb.png,,,,false,2025,https://2025.globalfintechfest.com/partners,2026-08-25T06:37:05Z
Kiya.ai,Kiya.ai,kiya-ai,Exhibitor,Exhibitors,,ai,https://www.kiya.ai/,https://2025.globalfintechfest.com/media/Partner_Exhibitor_2025_07_29_T124145_888_eeb5962e31.png,,,,false,2025,https://2025.globalfintechfest.com/partners,2026-08-25T06:37:05Z
Knight Fintech,Knight Fintech,knight-fintech,Exhibitor,Exhibitors,,infra,https://www.knightfintech.com/,https://2025.globalfintechfest.com/media/Partner_Exhibitor_2025_07_29_T124228_438_c57b026785.png,,,,false,2025,https://2025.globalfintechfest.com/partners,2026-08-25T06:37:05Z
Kong,Kong,kong,Exhibitor,Exhibitors,,other,http://konghq.com,https://2025.globalfintechfest.com/media/Partner_Exhibitor_2025_07_29_T124552_020_a3a6d0051d.png,,,,false,2025,https://2025.globalfintechfest.com/partners,2026-08-25T06:37:05Z
KPMG,KPMG,kpmg,Supporter,Supporters,,other,https://kpmg.com/in/en.html,https://2025.globalfintechfest.com/media/Partner_Exhibitor_1_383ccb9b79.png,"KPMG in India is one of the leading providers of risk, financial services and business advisory, internal audit, corporate governance",,medium,false,2025,https://2025.globalfintechfest.com/partners,2026-08-25T06:37:05Z
KrishiFin,KrishiFin,krishifin,Exhibitor,Exhibitors,,other,,https://2025.globalfintechfest.com/media/Partner_Exhibitor_2025_08_11_T131123_604_b6c32a37d0.png,,,,false,2025,https://2025.globalfintechfest.com/partners,2026-08-25T06:37:05Z
Kuster Engineering,Kuster Engineering,kuster-engineering,Exhibitor,Exhibitors,,other,https://www.imuindia.com/,https://2025.globalfintechfest.com/media/Partner_Exhibitor_2025_08_05_T145638_776_8779d6a775.png,,,,false,2025,https://2025.globalfintechfest.com/partners,2026-08-25T06:37:05Z
leadsquared,leadsquared,leadsquared,Exhibitor,Exhibitors,,other,https://www.leadsquared.com/,https://2025.globalfintechfest.com/media/Partner_Exhibitor_2025_07_29_T141307_948_9f3fcbdfee.png,,,,false,2025,https://2025.globalfintechfest.com/partners,2026-08-25T06:37:05Z
Leegality,Leegality,leegality,Exhibitor,Exhibitors,,other,https://www.leegality.com/,https://2025.globalfintechfest.com/media/Partner_Exhibitor_2025_07_29_T125307_199_32b1ac3203.png,,,,false,2025,https://2025.globalfintechfest.com/partners,2026-08-25T06:37:05Z
Leeway Softech,Leeway Softech,leeway-softech,Exhibitor,Exhibitors,,infra,,https://2025.globalfintechfest.com/media/Partner_Exhibitor_11_9a7d295f3b.png,,,,false,2025,https://2025.globalfintechfest.com/partners,2026-08-25T06:37:05Z
Lenden Club,Lenden Club,lenden-club,Caffeine Partner,Partners,Exhibitors,lending,https://www.lendenclub.com/,https://2025.globalfintechfest.com/media/Partner_Exhibitor_13_bdcd34006d.png,,,,false,2025,https://2025.globalfintechfest.com/partners,2026-08-25T06:37:05Z
LexisNexis,LexisNexis,lexisnexis,Exhibitor,Exhibitors,,other,https://risk.lexisnexis.com/global/en/,https://2025.globalfintechfest.com/media/Partner_Exhibitor_2025_07_29_T125604_871_83305322eb.png,,,,false,2025,https://2025.globalfintechfest.com/partners,2026-08-25T06:37:05Z
Lightspeed Ventures,Lightspeed Ventures,lightspeed-ventures,Gold Partners,Partners,,other,https://lsvp.com/,https://2025.globalfintechfest.com/media/Partner_Exhibitor_2_ff365ff576.png,,,,false,2025,https://2025.globalfintechfest.com/partners,2026-08-25T06:37:05Z
Luckpay,Luckpay,luckpay,Silver Partners,Partners,Exhibitors,payments,http://www.luckpay.in/,https://2025.globalfintechfest.com/media/P_Luckpay_46c1452e4c.png,,,,false,2025,https://2025.globalfintechfest.com/partners,2026-08-25T06:37:05Z
Lxme,Lxme,lxme,Exhibitor,Exhibitors,,other,https://lxme.in/,https://2025.globalfintechfest.com/media/Partner_Exhibitor_2025_07_29_T125710_132_109a8497a2.png,,,,false,2025,https://2025.globalfintechfest.com/partners,2026-08-25T06:37:05Z
ly,ly,ly,Exhibitor,Exhibitors,,other,https://lemonyellow.design/,https://2025.globalfintechfest.com/media/Partner_Exhibitor_2025_07_29_T125748_889_fe162b70c0.png,"Lemon Yellow is a UI UX design agency creating human-first, AI-enhanced digital experiences. Transform your product design. Contact our team today.",AI and automation,medium,false,2025,https://2025.globalfintechfest.com/partners,2026-08-25T06:37:05Z
Lyra,Lyra,lyra,Payment Enabler,Partners,Exhibitors,other,https://www.lyra.com/in/,https://2025.globalfintechfest.com/media/Partner_Exhibitor_10_fa7651c32a.png,Payment gateway and secure transaction provider,online payment gateway;payment security,high,false,2025,https://2025.globalfintechfest.com/partners,2026-08-25T06:37:05Z
LYZR.AI,LYZR.AI,lyzr-ai,Exhibitor,Exhibitors,,ai,http://lyzr.ai,https://2025.globalfintechfest.com/media/Partner_Exhibitor_13_8880962b1e.png,,,,false,2025,https://2025.globalfintechfest.com/partners,2026-08-25T06:37:05Z
M-tech,M-tech,m-tech,Bronze Partners,Partners,Exhibitors,infra,https://www.m-techindia.com/,https://2025.globalfintechfest.com/media/Partner_Exhibitor_71_d04fa3c308.png,,,,false,2025,https://2025.globalfintechfest.com/partners,2026-08-25T06:37:05Z
"m,Stock","m,Stock",m-stock,Exhibitor,Exhibitors,,other,https://www.mstock.com/,https://2025.globalfintechfest.com/media/Partner_Exhibitor_2025_07_29_T135633_081_5da8d62c8b.png,,,,false,2025,https://2025.globalfintechfest.com/partners,2026-08-25T06:37:05Z
M2P,M2P,m2p,Registration Partner,Partners,Exhibitors,other,https://m2pfintech.com/,https://2025.globalfintechfest.com/media/Partner_Exhibitor_14_6b043ecdea.png,,,,false,2025,https://2025.globalfintechfest.com/partners,2026-08-25T06:37:05Z
MahaMoney,MahaMoney,mahamoney,Exhibitor,Exhibitors,,other,http://www.mahamoney.com,https://2025.globalfintechfest.com/media/Partner_Exhibitor_1_6129b11619.png,,,,false,2025,https://2025.globalfintechfest.com/partners,2026-08-25T06:37:05Z
Manipal,Manipal,manipal,Exhibitor,Exhibitors,,other,https://mpimanipal.com/,https://2025.globalfintechfest.com/media/Partner_Exhibitor_2025_07_29_T140027_068_b4390242c9.png,,,,false,2025,https://2025.globalfintechfest.com/partners,2026-08-25T06:37:05Z
mantra,mantra,mantra,Bronze Partners,Partners,Exhibitors,other,https://www.mantratec.com,https://2025.globalfintechfest.com/media/Partner_Exhibitor_73_e62f4a3ca1.png,Mantra Softech India Pvt Ltd - India,,medium,false,2025,https://2025.globalfintechfest.com/partners,2026-08-25T06:37:05Z
Mappls,Mappls,mappls,Exhibitor,Exhibitors,,other,https://www.mapmyindia.com/,https://2025.globalfintechfest.com/media/Partner_Exhibitor_2025_07_29_T140703_921_5ac7487c74.png,,,,false,2025,https://2025.globalfintechfest.com/partners,2026-08-25T06:37:05Z
Mastercard,Mastercard,mastercard,Gold Partners,Partners,Exhibitors,other,https://www.mastercard.co.in/en-in.html,https://2025.globalfintechfest.com/media/Partner_Exhibitor_29_8eeab473ec.png,Global card payment network,card issuing;card acceptance;cross-border payments,high,false,2025,https://2025.globalfintechfest.com/partners,2026-08-25T06:37:05Z
MCX,MCX,mcx,Exhibitor,Exhibitors,,other,https://www.mcxindia.com/,https://2025.globalfintechfest.com/media/Partner_Exhibitor_2025_08_13_T135339_387_76a5f8b07c.png,,,,false,2025,https://2025.globalfintechfest.com/partners,2026-08-25T06:37:05Z
MeitY,MeitY,meity,Exhibitor,Exhibitors,,other,https://www.meity.gov.in/,https://2025.globalfintechfest.com/media/Partner_Exhibitor_259dc01e19.png,,,,false,2025,https://2025.globalfintechfest.com/partners,2026-08-25T06:37:05Z
META,META,meta,Diamond Partners,Partners,Exhibitors,other,,https://2025.globalfintechfest.com/media/Partner_Exhibitor_2025_08_13_T130623_572_6cfc4cf3c4.png,,,,false,2025,https://2025.globalfintechfest.com/partners,2026-08-25T06:37:05Z
Metropolitan Stock Exchange,Metropolitan Stock Exchange,metropolitan-stock-exchange,Gold Partners,Partners,Exhibitors,other,https://www.msei.in/,https://2025.globalfintechfest.com/media/P_MSE_3e8bea1fb5.png,,,,false,2025,https://2025.globalfintechfest.com/partners,2026-08-25T06:37:05Z
mFilterIt,mFilterIt,mfilterit,Exhibitor,Exhibitors,,other,https://www.mfilterit.com/,https://2025.globalfintechfest.com/media/Partner_Exhibitor_2025_07_29_T140730_201_3b376d5858.png,,,,false,2025,https://2025.globalfintechfest.com/partners,2026-08-25T06:37:05Z
mindgate,Mindgate,mindgate,Exhibitor,Exhibitors,,other,https://www.mindgate.solutions/,https://2025.globalfintechfest.com/media/Partner_Exhibitor_2025_07_29_T140751_914_ad010c0129.png,,,,false,2025,https://2025.globalfintechfest.com/partners,2026-08-25T06:37:05Z
minio,minio,minio,Silver Partners,Partners,Exhibitors,other,http://www.min.io/,https://2025.globalfintechfest.com/media/partners_minio_35a3ddc8f4.png,,,,false,2025,https://2025.globalfintechfest.com/partners,2026-08-25T06:37:05Z
Mirae Asset Sharekhan,Mirae Asset Sharekhan,mirae-asset-sharekhan,Exhibitor,Exhibitors,,other,https://www.sharekhan.com/,https://2025.globalfintechfest.com/media/Partner_Exhibitor_7_8412757156.png,,,,false,2025,https://2025.globalfintechfest.com/partners,2026-08-25T06:37:05Z
MobiKwik,MobiKwik,mobikwik,Exhibitor,Exhibitors,,other,https://www.mobikwik.com/,https://2025.globalfintechfest.com/media/Partner_Exhibitor_20_c77de15c33.png,,,,false,2025,https://2025.globalfintechfest.com/partners,2026-08-25T06:37:05Z
Modus AI,Modus AI,modus-ai,Exhibitor,Exhibitors,,ai,https://www.modussecure.com/?utm_source=gff&utm_medium=exhibitor_website&utm_campaign=gff_2025_exhibitor&utm_id=GFF25-EXH-WEB&utm_content=logo_grid,https://2025.globalfintechfest.com/media/Partner_Exhibitor_92d72336f4.png,,,,false,2025,https://2025.globalfintechfest.com/partners,2026-08-25T06:37:05Z
MongoDb,MongoDb,mongodb,Exhibitor,Exhibitors,,other,https://www.mongodb.com/,https://2025.globalfintechfest.com/media/Partner_Exhibitor_2025_07_29_T140912_031_03791e9bbe.png,,,,false,2025,https://2025.globalfintechfest.com/partners,2026-08-25T06:37:05Z
Montran,Montran Corporation India,montran,Gold Partners,Partners,Exhibitors,other,https://www.montran.com/,https://2025.globalfintechfest.com/media/Partner_Exhibitor_45_3c5c92cc9e.png,,,,false,2025,https://2025.globalfintechfest.com/partners,2026-08-25T06:37:05Z
Morningstar,Morningstar,morningstar,Exhibitor,Exhibitors,,other,https://www.morningstar.in/default.aspx,https://2025.globalfintechfest.com/media/Partner_Exhibitor_2025_07_29_T140932_319_76aa9d4915.png,,,,false,2025,https://2025.globalfintechfest.com/partners,2026-08-25T06:37:05Z
Mospi,Mospi,mospi,Exhibitor,Exhibitors,,other,https://www.mospi.gov.in/?ref=cybrhome,https://2025.globalfintechfest.com/media/Partner_Exhibitor_17_943170ceae.png,,,,false,2025,https://2025.globalfintechfest.com/partners,2026-08-25T06:37:05Z
mufin,mufin,mufin,Exhibitor,Exhibitors,,other,http://www.mufinpay.com,https://2025.globalfintechfest.com/media/Partner_Exhibitor_2025_07_29_T143817_154_ea053aa950.png,,,,false,2025,https://2025.globalfintechfest.com/partners,2026-08-25T06:37:05Z
MultiFy,MultiFy,multify,Exhibitor,Exhibitors,,other,https://multifysolutions.com/,https://2025.globalfintechfest.com/media/Partner_Exhibitor_2025_07_29_T141900_747_ce606e30c3.png,,,,false,2025,https://2025.globalfintechfest.com/partners,2026-08-25T06:37:05Z
Muthoot,Muthoot,muthoot,Exhibitor,Exhibitors,,other,https://www.muthootfincorp.com/,https://2025.globalfintechfest.com/media/Partner_Exhibitor_2025_07_29_T142001_285_53da4202aa.png,,,,false,2025,https://2025.globalfintechfest.com/partners,2026-08-25T06:37:05Z
Muthoot Fincorp,Muthoot Fincorp,muthoot-fincorp,Financial Inclusion Partner,Partners,,other,https://www.muthootfincorp.com/,https://2025.globalfintechfest.com/media/Partner_Exhibitor_28_e2426e0e29.png,,,,false,2025,https://2025.globalfintechfest.com/partners,2026-08-25T06:37:05Z
MYFinT: Malaysian Youth FinTech Association,MYFinT: Malaysian Youth FinTech Association,myfint-malaysian-youth-fintech-association,Ecosystem,Ecosystem,,infra,https://www.myfint.org/,https://2025.globalfintechfest.com/media/Partner_Exhibitor_3_17ce21275f.png,,,,false,2025,https://2025.globalfintechfest.com/partners,2026-08-25T06:37:05Z
Mylapay,Mylapay,mylapay,Exhibitor,Exhibitors,,payments,http://www.mylapay.com,https://2025.globalfintechfest.com/media/Partner_Exhibitor_2025_07_30_T133041_255_6741e1b7bb.png,,,,false,2025,https://2025.globalfintechfest.com/partners,2026-08-25T06:37:05Z
Nabard,Nabard,nabard,Diamond Partners,Partners,Exhibitors,other,https://www.nabard.org/,https://2025.globalfintechfest.com/media/Partner_Exhibitor_19_6f060ddbd9.png,,,,false,2025,https://2025.globalfintechfest.com/partners,2026-08-25T06:37:05Z
National Securities Depository Limited,National Securities Depository Limited,national-securities-depository-limited,Exhibitor,Exhibitors,,wealthtech,https://nsdl.co.in/,https://2025.globalfintechfest.com/media/Partner_Exhibitor_32_2000eb3b82.png,,,,false,2025,https://2025.globalfintechfest.com/partners,2026-08-25T06:37:05Z
Navi,Navi Technologies Limited,navi,VIP Lounge Partner,Partners,Exhibitors,other,https://navi.com/,https://2025.globalfintechfest.com/media/partners_navi_green_086894729d.png,,,,false,2025,https://2025.globalfintechfest.com/partners,2026-08-25T06:37:05Z
Neo Growth,Neo Growth,neo-growth,Exhibitor,Exhibitors,,other,https://www.neogrowth.in/,https://2025.globalfintechfest.com/media/Partner_Exhibitor_2025_07_29_T142601_046_305b4fead9.png,Best loan offer for your small business. Apply for Collateral Free Business Loan online & get instant loan disbursal. For more details call us at 18004195565.,digital lending,medium,false,2025,https://2025.globalfintechfest.com/partners,2026-08-25T06:37:05Z
Neokred,Neokred,neokred,Consent Partner,Partners,Exhibitors,other,https://www.neokred.tech/,https://2025.globalfintechfest.com/media/Partner_Exhibitor_9_94fb74d809.png,Embedded finance and banking infrastructure provider,embedded finance;card programmes,high,false,2025,https://2025.globalfintechfest.com/partners,2026-08-25T06:37:05Z
NeoSoft,NeoSoft,neosoft,Exhibitor,Exhibitors,,other,https://www.neosofttech.com/,https://2025.globalfintechfest.com/media/E_Neo_Soft_ed16c8fe20.png,,,,false,2025,https://2025.globalfintechfest.com/partners,2026-08-25T06:37:05Z
nerve,nerve,nerve,Exhibitor,Exhibitors,,other,https://www.nerve.solutions/,https://2025.globalfintechfest.com/media/Partner_Exhibitor_2025_07_29_T142648_128_4a85f6d3fd.png,,,,false,2025,https://2025.globalfintechfest.com/partners,2026-08-25T06:37:05Z
netwin,netwin,netwin,Exhibitor,Exhibitors,,other,https://netwin.in/,https://2025.globalfintechfest.com/media/partners_netwin_9d9fcb3d0b.png,,,,false,2025,https://2025.globalfintechfest.com/partners,2026-08-25T06:37:05Z
nexensus,nexensus,nexensus,Exhibitor,Exhibitors,,other,http://www.nexensus.com/,https://2025.globalfintechfest.com/media/Partner_Exhibitor_2025_07_29_T142733_029_4e084e045f.png,,,,false,2025,https://2025.globalfintechfest.com/partners,2026-08-25T06:37:05Z
Novel,Novel,novel,Exhibitor,Exhibitors,,other,http://www.novelpatterns.com,https://2025.globalfintechfest.com/media/Partner_Exhibitor_2025_07_29_T142758_998_d304f27365.png,,,,false,2025,https://2025.globalfintechfest.com/partners,2026-08-25T06:37:05Z
NPCI,NPCI,npci,Exhibitor,Exhibitors,Organisers,other,https://www.npci.org.in/,https://2025.globalfintechfest.com/media/Partner_Exhibitor_2025_07_29_T142837_884_3de38b2106.png,,,,false,2025,https://2025.globalfintechfest.com/partners,2026-08-25T06:37:05Z
NPST,NPST,npst,Exhibitor,Exhibitors,,other,https://www.npstx.com/,https://2025.globalfintechfest.com/media/Partner_Exhibitor_2025_07_29_T142934_284_ffd297f1f3.png,,,,false,2025,https://2025.globalfintechfest.com/partners,2026-08-25T06:37:05Z
NSE,NSE,nse,Exhibitor,Exhibitors,,other,https://www.nseindia.com/,https://2025.globalfintechfest.com/media/E_NSE_7200038143.png,,,,false,2025,https://2025.globalfintechfest.com/partners,2026-08-25T06:37:05Z
NTT Data,NTT Data (ADAPTIS),ntt-data,Exhibitor,Exhibitors,,ai,http://in.nttdatapay.com/,https://2025.globalfintechfest.com/media/Partner_Exhibitor_2025_07_30_T130748_236_46b6a90d0a.png,,,,false,2025,https://2025.globalfintechfest.com/partners,2026-08-25T06:37:05Z
NTT DATA Payment Services,NTT Data (ADAPTIS),ntt-data-payment-services,Silver Partners,Partners,,payments,http://in.nttdatapay.com/,https://2025.globalfintechfest.com/media/Partner_Exhibitor_d6c400b678.png,,,,false,2025,https://2025.globalfintechfest.com/partners,2026-08-25T06:37:05Z
Nucleus,Nucleus,nucleus,Exhibitor,Exhibitors,,other,https://www.nucleussoftware.com,https://2025.globalfintechfest.com/media/Partner_Exhibitor_4_9f6fe236cc.png,,,,false,2025,https://2025.globalfintechfest.com/partners,2026-08-25T06:37:05Z
Nucleus Software,Nucleus Software,nucleus-software,Gold Partners,Partners,,infra,https://www.nucleussoftware.com,https://2025.globalfintechfest.com/media/Partner_Exhibitor_4_0c8b9650af.png,,,,false,2025,https://2025.globalfintechfest.com/partners,2026-08-25T06:37:05Z
ONDC,ONDC,ondc,Supporter,Supporters,,other,https://www.ondc.org/,https://2025.globalfintechfest.com/media/partners_ondc_3a6666b305.png,,,,false,2025,https://2025.globalfintechfest.com/partners,2026-08-25T06:37:05Z
One Card,One Card,one-card,Speaker Lounge Partner,Partners,Exhibitors,payments,https://www.getonecard.app/,https://2025.globalfintechfest.com/media/Partner_Exhibitor_12_43e0985979.png,,,,false,2025,https://2025.globalfintechfest.com/partners,2026-08-25T06:37:05Z
OnFinance,OnFinance,onfinance,Exhibitor,Exhibitors,,lending,,https://2025.globalfintechfest.com/media/Partner_Exhibitor_4_9c81a574df.png,,,,false,2025,https://2025.globalfintechfest.com/partners,2026-08-25T06:37:05Z
Onsurity,Onsurity,onsurity,Exhibitor,Exhibitors,,other,https://www.onsurity.com/,https://2025.globalfintechfest.com/media/Partner_Exhibitor_2025_07_29_T143208_416_7c3b5dd3e8.png,,,,false,2025,https://2025.globalfintechfest.com/partners,2026-08-25T06:37:05Z
oxy money,oxy money,oxy-money,Bronze Partners,Partners,Exhibitors,other,https://oxymoney.com/,https://2025.globalfintechfest.com/media/Partner_Exhibitor_70_8eecc0f03b.png,,,,false,2025,https://2025.globalfintechfest.com/partners,2026-08-25T06:37:05Z
Parasoft,Parasoft,parasoft,Exhibitor,Exhibitors,,other,https://www.parasoft.com/,https://2025.globalfintechfest.com/media/Partner_Exhibitor_2025_07_29_T143459_873_f2e41b7e37.png,,,,false,2025,https://2025.globalfintechfest.com/partners,2026-08-25T06:37:05Z
Pay Nearby,Pay Nearby,pay-nearby,Exhibitor,Exhibitors,,payments,https://paynearby.in/,https://2025.globalfintechfest.com/media/Partner_Exhibitor_2025_07_29_T143639_188_0b473b249d.png,,,,false,2025,https://2025.globalfintechfest.com/partners,2026-08-25T06:37:05Z
Pay10,Pay10,pay10,Gourmet Partner,Partners,Exhibitors,other,https://www.pay10.in/,https://2025.globalfintechfest.com/media/Partner_Exhibitor_9_dbfca4d9fc.png,,,,false,2025,https://2025.globalfintechfest.com/partners,2026-08-25T06:37:05Z
PayFi,PayFi,payfi,Bronze Partners,Partners,Exhibitors,other,https://payfi.co.in/,https://2025.globalfintechfest.com/media/Partner_Exhibitor_2025_08_06_T101013_341_8e50f9800e.png,,,,false,2025,https://2025.globalfintechfest.com/partners,2026-08-25T06:37:05Z
payglocal,payglocal,payglocal,Silver Partners,Partners,Exhibitors,other,https://payglocal.in/,https://2025.globalfintechfest.com/media/Partner_Exhibitor_53_03eda24558.png,,,,false,2025,https://2025.globalfintechfest.com/partners,2026-08-25T06:37:05Z
payhuddle,payhuddle,payhuddle,Exhibitor,Exhibitors,,other,https://www.payhuddle.com/,https://2025.globalfintechfest.com/media/Partner_Exhibitor_2025_07_29_T144433_653_8431ad1131.png,,,,false,2025,https://2025.globalfintechfest.com/partners,2026-08-25T06:37:05Z
Payments Bank,Payments Bank,payments-bank,Gold Partners,Partners,,payments,https://www.airtel.in/bank/,https://2025.globalfintechfest.com/media/Partner_Exhibitor_50_363d279536.png,,,,false,2025,https://2025.globalfintechfest.com/partners,2026-08-25T06:37:05Z
Paypal,Paypal,paypal,Future of Global Payments Partner,Partners,,other,,https://2025.globalfintechfest.com/media/Partner_Exhibitor_19_2afaa3a6fe.png,,,,false,2025,https://2025.globalfintechfest.com/partners,2026-08-25T06:37:05Z
Paysecure,Paysecure,paysecure,Gold Partners,Partners,Exhibitors,other,https://paysecure.net/,https://2025.globalfintechfest.com/media/Partner_Exhibitor_6_8671b4c0bb.png,,,,false,2025,https://2025.globalfintechfest.com/partners,2026-08-25T06:37:05Z
Paysprint,Paysprint,paysprint,Escrow Partner,Partners,Exhibitors,other,https://www.paysprint.in/,https://2025.globalfintechfest.com/media/Partner_Exhibitor_61_c1ecf7364b.png,,,,false,2025,https://2025.globalfintechfest.com/partners,2026-08-25T06:37:05Z
paytm,paytm,paytm,Associate Partners,Partners,Exhibitors,other,https://paytm.com/,https://2025.globalfintechfest.com/media/131_a2126c3d25.png,Indian digital payments and financial services platform,UPI payments;merchant acquiring;bill payments,high,false,2025,https://2025.globalfintechfest.com/partners,2026-08-25T06:37:05Z
PayU,PayU,payu,Diamond Partners,Partners,Exhibitors,other,https://payu.in/,https://2025.globalfintechfest.com/media/Partner_Exhibitor_20_33adc46465.png,,,,false,2025,https://2025.globalfintechfest.com/partners,2026-08-25T06:37:05Z
PCI,PCI,pci,Exhibitor,Exhibitors,Organisers,other,,https://2025.globalfintechfest.com/media/Partner_Exhibitor_2025_07_29_T144243_102_95406d9fcd.png,,,,false,2025,https://2025.globalfintechfest.com/partners,2026-08-25T06:37:05Z
Pe2Way,Pe2Way,pe2way,Transaction Solutions Partner,Partners,,other,https://pe2way.com/,https://2025.globalfintechfest.com/media/Partner_Exhibitor_12_14483e303a.png,,,,false,2025,https://2025.globalfintechfest.com/partners,2026-08-25T06:37:05Z
Pension box,Pension box,pension-box,Exhibitor,Exhibitors,,other,http://www.pensionbox.in,https://2025.globalfintechfest.com/media/Partner_Exhibitor_1_ba955a6472.png,,,,false,2025,https://2025.globalfintechfest.com/partners,2026-08-25T06:37:05Z
Perfios,Perfios,perfios,Technology Partner,Partners,Exhibitors,other,https://www.perfios.com/index.php,https://2025.globalfintechfest.com/media/Partner_Exhibitor_11_5764fba450.png,Financial data analytics and underwriting platform,bank statement analysis;credit underwriting;income verification,high,false,2025,https://2025.globalfintechfest.com/partners,2026-08-25T06:37:05Z
Perto,Perto,perto,Exhibitor,Exhibitors,,other,http://www.perto.in/,https://2025.globalfintechfest.com/media/Partner_Exhibitor_2025_08_07_T134023_841_3b25e4ae63.png,,,,false,2025,https://2025.globalfintechfest.com/partners,2026-08-25T06:37:05Z
pharnyx,pharnyx,pharnyx,Exhibitor,Exhibitors,,other,https://www.pharynx.ai/,https://2025.globalfintechfest.com/media/Partner_Exhibitor_2025_07_29_T145405_615_b86adf26a9.png,,,,false,2025,https://2025.globalfintechfest.com/partners,2026-08-25T06:37:05Z
Phi Commerce,Phi Commerce,phi-commerce,Exhibitor,Exhibitors,,infra,https://phicommerce.com/,https://2025.globalfintechfest.com/media/Partner_Exhibitor_2025_07_29_T145428_868_5ab6d541e2.png,,,,false,2025,https://2025.globalfintechfest.com/partners,2026-08-25T06:37:05Z
PhonePe,PhonePe,phonepe,Co-Powered By,Partners,Exhibitors,other,https://www.phonepe.com/,https://2025.globalfintechfest.com/media/Partner_Exhibitor_1_b95e675f32.png,Indian UPI payments and financial services app,UPI payments;merchant payments;bill payments,high,false,2025,https://2025.globalfintechfest.com/partners,2026-08-25T06:37:05Z
pine labs,pine labs,pine-labs,Agenda Partner,Partners,Exhibitors,other,https://www.pinelabs.com/,https://2025.globalfintechfest.com/media/Partner_Exhibitor_33_77febdeb25.png,Merchant point-of-sale and payments platform,in-store card acceptance;EMI at checkout;gift cards,high,false,2025,https://2025.globalfintechfest.com/partners,2026-08-25T06:37:05Z
Pinnacle,Pinnacle,pinnacle,Exhibitor,Exhibitors,,other,https://www.pinnacle.in/,https://2025.globalfintechfest.com/media/Partner_Exhibitor_2025_07_29_T145943_938_bbc5ccea8f.png,,,,false,2025,https://2025.globalfintechfest.com/partners,2026-08-25T06:37:05Z
Pismo,Pismo,pismo,Banking Transformation Partner,Partners,,other,https://www.pismo.io/,https://2025.globalfintechfest.com/media/Partner_Exhibitor_17_dcb15a4476.png,Cloud-native core banking and card processing platform,card issuer processing;core banking,high,false,2025,https://2025.globalfintechfest.com/partners,2026-08-25T06:37:05Z
Pixelo Digital,Pixelo Digital,pixelo-digital,Exhibitor,Exhibitors,,other,,https://2025.globalfintechfest.com/media/Partner_Exhibitor_2025_08_06_T100632_118_81fbeb7277.png,,,,false,2025,https://2025.globalfintechfest.com/partners,2026-08-25T06:37:05Z
Plotline,Plotline,plotline,Exhibitor,Exhibitors,,other,http://www.plotline.so,https://2025.globalfintechfest.com/media/Partner_Exhibitor_2025_07_29_T150010_189_f6e6b9f876.png,"Plotline is an AI-native omnichannel marketing platform that lets product and growth teams launch product experiences, outbound campaigns, and AI-powered journeys without engineering. Trusted by 150+ consumer products.",customer communication;AI and automation,medium,false,2025,https://2025.globalfintechfest.com/partners,2026-08-25T06:37:05Z
plutos ONE,plutos ONE,plutos-one,Exhibitor,Exhibitors,,other,https://www.plutos.one/team,https://2025.globalfintechfest.com/media/Partner_Exhibitor_2025_07_29_T150030_068_bcb88d3fc1.png,,,,false,2025,https://2025.globalfintechfest.com/partners,2026-08-25T06:37:05Z
PNB,PNB,pnb,Brought To You By,Partners,Exhibitors,other,https://www.pnbindia.in/,https://2025.globalfintechfest.com/media/Partner_Exhibitor_5_de3c2a6786.png,,,,false,2025,https://2025.globalfintechfest.com/partners,2026-08-25T06:37:05Z
Posidex,Posidex,posidex,Exhibitor,Exhibitors,,other,https://www.posidex.com/,https://2025.globalfintechfest.com/media/E_Posidex_5ea4f8f5d8.png,,,,false,2025,https://2025.globalfintechfest.com/partners,2026-08-25T06:37:05Z
Precize,Precize,precize,Exhibitor,Exhibitors,,other,https://www.precize.in/,https://2025.globalfintechfest.com/media/Partner_Exhibitor_10_2b1cb212f5.png,"Buy and sell unlisted shares in India with Precize, your online platform for pre-IPO shares. Diversify with pre-IPO and unlisted shares investment opportunities!",wealth management,medium,false,2025,https://2025.globalfintechfest.com/partners,2026-08-25T06:37:05Z
Presolv360,Presolv360,presolv360,Exhibitor,Exhibitors,,other,https://presolv360.com/,https://2025.globalfintechfest.com/media/Partner_Exhibitor_2025_07_29_T150703_479_ac8d35a6ae.png,,,,false,2025,https://2025.globalfintechfest.com/partners,2026-08-25T06:37:05Z
Prodevans,Prodevans,prodevans,Exhibitor,Exhibitors,,other,https://www.prodevans.com/,https://2025.globalfintechfest.com/media/Partner_Exhibitor_2025_07_29_T150759_029_8755db6e4a.png,,,,false,2025,https://2025.globalfintechfest.com/partners,2026-08-25T06:37:05Z
protean,protean,protean,Exhibitor,Exhibitors,,other,https://www.proteantech.in/,https://2025.globalfintechfest.com/media/Partner_Exhibitor_15_8b319a5a7d.png,,,,false,2025,https://2025.globalfintechfest.com/partners,2026-08-25T06:37:05Z
Protectt.ai,Protectt.ai,protectt-ai,Mobile App Security Partner,Partners,Exhibitors,ai,https://www.protectt.ai/,https://2025.globalfintechfest.com/media/P_Protectt_7be20c69a3.png,,,,false,2025,https://2025.globalfintechfest.com/partners,2026-08-25T06:37:05Z
PWC,PWC,pwc,Supporter,Supporters,,other,https://www.pwc.in/,https://2025.globalfintechfest.com/media/P_PWC_2dbaeb88e3.png,,,,false,2025,https://2025.globalfintechfest.com/partners,2026-08-25T06:37:05Z
Quadrant,Quadrant,quadrant,Exhibitor,Exhibitors,,other,,https://2025.globalfintechfest.com/media/Partner_Exhibitor_7_95695b3acd.png,,,,false,2025,https://2025.globalfintechfest.com/partners,2026-08-25T06:37:05Z
Qualitrix,Qualitrix,qualitrix,Exhibitor,Exhibitors,,other,,https://2025.globalfintechfest.com/media/Partner_Exhibitor_3_f0185d936c.png,,,,false,2025,https://2025.globalfintechfest.com/partners,2026-08-25T06:37:05Z
qualtech,qualtech,qualtech,Exhibitor,Exhibitors,,infra,https://qualtechedge.com/,https://2025.globalfintechfest.com/media/Partner_Exhibitor_2_e19b24d6dd.png,,,,false,2025,https://2025.globalfintechfest.com/partners,2026-08-25T06:37:05Z
Quantam,Quantam,quantam,Exhibitor,Exhibitors,,other,https://qde.ai/,https://2025.globalfintechfest.com/media/Partner_Exhibitor_2025_07_29_T152352_940_b18c1aa9be.png,"Quantum Data Engines builds algorithms of trust for banks, insurers, fintechs, and exchanges across nineteen countries and jurisdictions.",insurance distribution,medium,false,2025,https://2025.globalfintechfest.com/partners,2026-08-25T06:37:05Z
Razorpay,Razorpay,razorpay,Associate Partners,Partners,Exhibitors,payments,https://razorpay.com/,https://2025.globalfintechfest.com/media/130_c018bce4b3.png,Indian payment gateway and business banking platform,online payment gateway;payouts;subscription billing,high,false,2025,https://2025.globalfintechfest.com/partners,2026-08-25T06:37:05Z
RBI,RBI,rbi,Exhibitor,Exhibitors,,other,,https://2025.globalfintechfest.com/media/Partner_Exhibitor_1_bc1e68545e.png,,,,false,2025,https://2025.globalfintechfest.com/partners,2026-08-25T06:37:05Z
RBIH,RBIH,rbih,Supporter,Supporters,,other,https://rbihub.in/,https://2025.globalfintechfest.com/media/partner_rbih_cabba70cd6.png,,,,false,2025,https://2025.globalfintechfest.com/partners,2026-08-25T06:37:05Z
Reliance General Insurance,Reliance General Insurance,reliance-general-insurance,Insurance Innovation Partner,Partners,Exhibitors,insurtech,https://www.reliancegeneral.co.in/,https://2025.globalfintechfest.com/media/Partner_Exhibitor_3_7d1e41b288.png,,,,false,2025,https://2025.globalfintechfest.com/partners,2026-08-25T06:37:05Z
Revolut,Revolut,revolut,Rewarding Payments Partner,Partners,,other,https://www.revolut.com/en-IN/,https://2025.globalfintechfest.com/media/Partner_Exhibitor_22_bd08f38b3b.png,,,,false,2025,https://2025.globalfintechfest.com/partners,2026-08-25T06:37:05Z
RevRag,RevRag,revrag,Silver Partners,Partners,Exhibitors,other,https://www.revrag.ai/,https://2025.globalfintechfest.com/media/Partner_Exhibitor_5_e7f9b60937.png,,,,false,2025,https://2025.globalfintechfest.com/partners,2026-08-25T06:37:05Z
Rezolv,Rezolv,rezolv,Exhibitor,Exhibitors,,other,,https://2025.globalfintechfest.com/media/Partner_Exhibitor_9_4d2b8d0553.png,,,,false,2025,https://2025.globalfintechfest.com/partners,2026-08-25T06:37:05Z
Route Mobile,Route Mobile,route-mobile,Cloud Communications Partner,Partners,Exhibitors,other,https://routemobile.com/,https://2025.globalfintechfest.com/media/Partner_Exhibitor_18_a62db523d1.png,Cloud communications provider (CPaaS),transactional SMS/OTP;customer messaging,high,false,2025,https://2025.globalfintechfest.com/partners,2026-08-25T06:37:05Z
RS software,RS software,rs-software,Silver Partners,Partners,Exhibitors,infra,http://www.rssoftware.com,https://2025.globalfintechfest.com/media/Partner_Exhibitor_9_2af8b121d2.png,,,,false,2025,https://2025.globalfintechfest.com/partners,2026-08-25T06:37:05Z
RSquareSoft Technologies India Private Limited,RSquareSoft Technologies India Private Limited,rsquaresoft-technologies-india-private-limited,Exhibitor,Exhibitors,,infra,https://rsquaresoft.com,https://2025.globalfintechfest.com/media/Partner_Exhibitor_1_38b4eeaa5e.png,,,,false,2025,https://2025.globalfintechfest.com/partners,2026-08-25T06:37:05Z
RUGR,RUGR,rugr,Last Mile Fintech Partner,Partners,Exhibitors,other,https://rugr.com/,https://2025.globalfintechfest.com/media/Partner_Exhibitor_14_15ea7babc4.png,"Explore fintech solutions for Bharat: mobile banking, loan tools, and financial services to empower communities with advanced technology.",digital lending,medium,false,2025,https://2025.globalfintechfest.com/partners,2026-08-25T06:37:05Z
saafe,saafe,saafe,Exhibitor,Exhibitors,,other,http://www.saafe.in/,https://2025.globalfintechfest.com/media/Partner_Exhibitor_2025_07_29_T152802_872_257a37d324.png,"Secure, consent-based sharing of financial information. Saafe is an RBI licensed NBFC Account Aggregator empowering individuals and businesses across India.",account aggregation,medium,false,2025,https://2025.globalfintechfest.com/partners,2026-08-25T06:37:05Z
Safegold,Safegold,safegold,Gold Partners,Partners,,other,,https://2025.globalfintechfest.com/media/Partner_Exhibitor_2025_08_06_T115808_102_42cadbd071.png,,,,false,2025,https://2025.globalfintechfest.com/partners,2026-08-25T06:37:05Z
salesforce,salesforce,salesforce,Exhibitor,Exhibitors,,other,https://www.salesforce.com/in/,https://2025.globalfintechfest.com/media/Partner_Exhibitor_2025_07_29_T152904_032_8a0b8f8194.png,,,,false,2025,https://2025.globalfintechfest.com/partners,2026-08-25T06:37:05Z
Samay Infosolutions Private Limited.,Samay Infosolutions Private Limited.,samay-infosolutions-private-limited,Exhibitor,Exhibitors,,infra,https://www.samayinfo.net/,https://2025.globalfintechfest.com/media/Partner_Exhibitor_2025_08_13_T135041_143_5689222a20.png,,,,false,2025,https://2025.globalfintechfest.com/partners,2026-08-25T06:37:05Z
Sarvam.ai,Sarvam.ai,sarvam-ai,Exhibitor,Exhibitors,,ai,http://sarvam.ai,https://2025.globalfintechfest.com/media/Partner_Exhibitor_056c482c41.png,,,,false,2025,https://2025.globalfintechfest.com/partners,2026-08-25T06:37:05Z
savein,savein,savein,Exhibitor,Exhibitors,,other,https://www.savein.money/,https://2025.globalfintechfest.com/media/Partner_Exhibitor_2025_07_29_T153014_914_a3edd4c0b1.png,,,,false,2025,https://2025.globalfintechfest.com/partners,2026-08-25T06:37:05Z
SBI bank,SBI bank,sbi-bank,Brought To You By,Partners,,banking,https://www.onlinesbi.sbi/,https://2025.globalfintechfest.com/media/partner_sbi_8fb0906308.png,,,,false,2025,https://2025.globalfintechfest.com/partners,2026-08-25T06:37:05Z
Scapia,Scapia,scapia,Platinum Partners,Partners,,infra,,https://2025.globalfintechfest.com/media/Partner_Exhibitor_9_4d605d7824.png,,,,false,2025,https://2025.globalfintechfest.com/partners,2026-08-25T06:37:05Z
scienaptic,scienaptic,scienaptic,Exhibitor,Exhibitors,,other,http://www.scienaptic.ai/,https://2025.globalfintechfest.com/media/Partner_Exhibitor_2025_07_29_T153125_069_87ebed8fed.png,,,,false,2025,https://2025.globalfintechfest.com/partners,2026-08-25T06:37:05Z
Scrut Automation,Scrut Automation,scrut-automation,Bronze Partners,Partners,Exhibitors,other,https://www.scrut.io/,https://2025.globalfintechfest.com/media/Partner_Exhibitor_23_b6652d4087.png,,,,false,2025,https://2025.globalfintechfest.com/partners,2026-08-25T06:37:05Z
SEBI,SEBI,sebi,Exhibitor,Exhibitors,,other,https://www.sebi.gov.in/,https://2025.globalfintechfest.com/media/Partner_Exhibitor_2_f169f68058.png,,,,false,2025,https://2025.globalfintechfest.com/partners,2026-08-25T06:37:05Z
Secure Blink,Secure Blink,secure-blink,Exhibitor,Exhibitors,,other,,https://2025.globalfintechfest.com/media/Partner_Exhibitor_6_34c680d8f3.png,,,,false,2025,https://2025.globalfintechfest.com/partners,2026-08-25T06:37:05Z
SELP,SELP,selp,Exhibitor,Exhibitors,,other,https://www.selp.fr/en/home/,https://2025.globalfintechfest.com/media/Partner_Exhibitor_2025_07_29_T153208_095_f8e8b49b08.png,,,,false,2025,https://2025.globalfintechfest.com/partners,2026-08-25T06:37:05Z
Servosys Solutions,Servosys Solutions,servosys-solutions,Exhibitor,Exhibitors,,infra,,https://2025.globalfintechfest.com/media/Partner_Exhibitor_ad0cf4af36.png,,,,false,2025,https://2025.globalfintechfest.com/partners,2026-08-25T06:37:05Z
SFA,SFA,sfa,Ecosystem,Ecosystem,,other,,https://2025.globalfintechfest.com/media/eco_sfa_3fd6887afc.png,,,,false,2025,https://2025.globalfintechfest.com/partners,2026-08-25T06:37:05Z
shecancode,shecancode,shecancode,Ecosystem,Ecosystem,,other,https://shecancode.io/,https://2025.globalfintechfest.com/media/eco_shecancode_41f6e76a1c.png,"Join SheCanCode, a community of women in tech, and discover female empowerment through mentorship, job opportunities, and expert guidance.",,medium,false,2025,https://2025.globalfintechfest.com/partners,2026-08-25T06:37:05Z
ShellKode,ShellKode,shellkode,Bronze Partners,Partners,Exhibitors,other,http://www.shellkode.com,https://2025.globalfintechfest.com/media/Partner_Exhibitor_4_a1736b46c7.png,,,,false,2025,https://2025.globalfintechfest.com/partners,2026-08-25T06:37:05Z
Shriram Finance,Shriram Finance,shriram-finance,Gold Partners,Partners,,lending,https://www.shriramfinance.in/,https://2025.globalfintechfest.com/media/Partner_Exhibitor_20_a0c5a7583c.png,,,,false,2025,https://2025.globalfintechfest.com/partners,2026-08-25T06:37:05Z
SignDesk,SignDesk,signdesk,Bronze Partners,Partners,Exhibitors,other,https://signdesk.com/,https://2025.globalfintechfest.com/media/Partner_Exhibitor_6_585aaf828e.png,,,,false,2025,https://2025.globalfintechfest.com/partners,2026-08-25T06:37:05Z
Signzy,Signzy,signzy,Diamond Partners,Partners,Exhibitors,other,https://www.signzy.com/,https://2025.globalfintechfest.com/media/Partner_Exhibitor_22_a5c792ee61.png,,,,false,2025,https://2025.globalfintechfest.com/partners,2026-08-25T06:37:05Z
Sinch,Sinch,sinch,Gold Partners,Partners,Exhibitors,other,https://sinch.com/,https://2025.globalfintechfest.com/media/Partner_Exhibitor_2025_08_06_T110758_770_eed00a3e1a.png,,,,false,2025,https://2025.globalfintechfest.com/partners,2026-08-25T06:37:05Z
Smallest.ai,Smallest.ai,smallest-ai,Exhibitor,Exhibitors,,ai,http://smallest.ai,https://2025.globalfintechfest.com/media/Partner_Exhibitor_6_4c5ac31e4f.png,,,,false,2025,https://2025.globalfintechfest.com/partners,2026-08-25T06:37:05Z
Smart Ping,Smart Ping,smart-ping,Bronze Partners,Partners,Exhibitors,other,https://smartping.ai/,https://2025.globalfintechfest.com/media/P_Smartping_bbede3940d.png,,,,false,2025,https://2025.globalfintechfest.com/partners,2026-08-25T06:37:05Z
Softech,Softech,softech,Exhibitor,Exhibitors,,infra,https://tmsoftech.in/,https://2025.globalfintechfest.com/media/Partner_Exhibitor_2025_07_29_T153423_180_469beedc8f.png,,,,false,2025,https://2025.globalfintechfest.com/partners,2026-08-25T06:37:05Z
Sphereverity,Sphereverity,sphereverity,Gold Partners,Partners,Exhibitors,other,https://www.sphereverity.ai/,https://2025.globalfintechfest.com/media/Partner_Exhibitor_2025_08_18_T123223_359_4902157805.png,,,,false,2025,https://2025.globalfintechfest.com/partners,2026-08-25T06:37:05Z
Sprinto,Sprinto,sprinto,Exhibitor,Exhibitors,,other,,https://2025.globalfintechfest.com/media/Partner_Exhibitor_4a1cd72132.png,,,,false,2025,https://2025.globalfintechfest.com/partners,2026-08-25T06:37:05Z
Squadstack,Squadstack,squadstack,Silver Partners,Partners,Exhibitors,other,https://www.squadstack.ai/,https://2025.globalfintechfest.com/media/Partner_Exhibitor_12_2d1bbc7fd7.png,,,,false,2025,https://2025.globalfintechfest.com/partners,2026-08-25T06:37:05Z
square yards,square yards,square-yards,Exhibitor,Exhibitors,,other,https://www.squareyards.com/,https://2025.globalfintechfest.com/media/Partner_Exhibitor_2025_07_29_T153629_487_e53aee6d2a.png,Square Yards is India's Growing Real Estate Website for BUY / SALE / RENT that help find your dream home backed with Trusted Real Estate Developers,,medium,false,2025,https://2025.globalfintechfest.com/partners,2026-08-25T06:37:05Z
"Startup india, DPIIT","Startup india, DPIIT",startup-india-dpiit,Exhibitor,Exhibitors,,other,,https://2025.globalfintechfest.com/media/Partner_Exhibitor_15_8070dc73b2.png,,,,false,2025,https://2025.globalfintechfest.com/partners,2026-08-25T06:37:05Z
Startupbootcamp,Startupbootcamp,startupbootcamp,Ecosystem,Ecosystem,,other,http://www.startupbootcamp.org,https://2025.globalfintechfest.com/media/Partner_Exhibitor_2_70f5cae4bf.png,,,,false,2025,https://2025.globalfintechfest.com/partners,2026-08-25T06:37:05Z
State Bank of India,State Bank of India,state-bank-of-india,Exhibitor,Exhibitors,,banking,https://www.onlinesbi.sbi/,https://2025.globalfintechfest.com/media/partner_sbi_8fb0906308.png,India's largest public sector bank,retail banking;digital lending;payments,high,false,2025,https://2025.globalfintechfest.com/partners,2026-08-25T06:37:05Z
Stripe,Stripe,stripe,Gold Partners,Partners,,other,http://www.stripe.com/,https://2025.globalfintechfest.com/media/Partner_Exhibitor_2025_08_07_T134209_212_da894ec8ad.png,,,,false,2025,https://2025.globalfintechfest.com/partners,2026-08-25T06:37:05Z
Sumsub,Sumsub,sumsub,Bronze Partners,Partners,Exhibitors,other,,https://2025.globalfintechfest.com/media/Partner_Exhibitor_10_2b11cb905b.png,,,,false,2025,https://2025.globalfintechfest.com/partners,2026-08-25T06:37:05Z
sunmi,sunmi,sunmi,Exhibitor,Exhibitors,,other,https://www.sunmi.com/en/,https://2025.globalfintechfest.com/media/E_Sunmi_5fe585bb3e.png,"SUNMI is a global BIoT pioneer, offering smart IoT hardware and integrated solutions—including kiosk, PDA, Android POS, desktop POS, and CPad—for retail, F&B, healthcare, and more—powering Business 4.0 worldwide.",card acceptance,medium,false,2025,https://2025.globalfintechfest.com/partners,2026-08-25T06:37:05Z
surepass,surepass,surepass,Exhibitor,Exhibitors,,other,https://surepass.io/,https://2025.globalfintechfest.com/media/partners_surepass_2fa6419b9b.png,End-to-End user OnBoarding & Digital Identity Verification solutions for Enterprises | Digital KYC | Background Verification | Banking,KYC and onboarding;identity verification,medium,false,2025,https://2025.globalfintechfest.com/partners,2026-08-25T06:37:05Z
Swisscham Singapore,Swisscham Singapore,swisscham-singapore,Ecosystem,Ecosystem,,other,https://swisscham.sg/,https://2025.globalfintechfest.com/media/eco_Swisscham_Singapore_675d7360cc.png,,,,false,2025,https://2025.globalfintechfest.com/partners,2026-08-25T06:37:05Z
symbo,symbo,symbo,Exhibitor,Exhibitors,,other,https://www.symbo.co/,https://2025.globalfintechfest.com/media/E_Symbo_3f6f01d536.png,"Symbo is an embedded insurance platform enabling brands to launch, manage & scale insurance via APIs, SDKs & white-label journeys across industries.",insurance distribution;cloud infrastructure,medium,false,2025,https://2025.globalfintechfest.com/partners,2026-08-25T06:37:05Z
TartanHQ,TartanHQ,tartanhq,Exhibitor,Exhibitors,,other,https://tartanhq.com/,https://2025.globalfintechfest.com/media/Partner_Exhibitor_1_b8a8fccaf6.png,,,,false,2025,https://2025.globalfintechfest.com/partners,2026-08-25T06:37:05Z
Tata Capital,Tata Capital,tata-capital,Bronze Partners,Partners,,lending,https://www.tatacapital.com/,https://2025.globalfintechfest.com/media/Partner_Exhibitor_2025_08_06_T101335_806_19c184429c.png,Indian non-banking financial company,retail lending;business loans,high,false,2025,https://2025.globalfintechfest.com/partners,2026-08-25T06:37:05Z
Tata Communications,Tata Communications,tata-communications,Bronze Partners,Partners,Exhibitors,infra,,https://2025.globalfintechfest.com/media/Partner_Exhibitor_12_67d5877e7f.png,,,,false,2025,https://2025.globalfintechfest.com/partners,2026-08-25T06:37:05Z
TFA,TFA,tfa,Ecosystem,Ecosystem,,other,https://thaifintech.org/,https://2025.globalfintechfest.com/media/eco_tfa_09582642f0.png,,,,false,2025,https://2025.globalfintechfest.com/partners,2026-08-25T06:37:05Z
The Fintect Meetup,The Fintect Meetup,the-fintect-meetup,Ecosystem,Ecosystem,,other,https://thefintechmeetup.com/,https://2025.globalfintechfest.com/media/partner_meetup_fbedc9c897.png,,,,false,2025,https://2025.globalfintechfest.com/partners,2026-08-25T06:37:05Z
The Fixed Income - TECHWEALTH,The Fixed Income - TECHWEALTH,the-fixed-income-techwealth,Silver Partners,Partners,Exhibitors,infra,https://www.thefixedincome.com/,https://2025.globalfintechfest.com/media/Partner_Exhibitor_54_ccd31f311b.png,,,,false,2025,https://2025.globalfintechfest.com/partners,2026-08-25T06:37:05Z
Timble Glance,Timble Glance,timble-glance,Exhibitor,Exhibitors,,other,https://www.timbleglance.com/,https://2025.globalfintechfest.com/media/Partner_Exhibitor_2025_07_29_T154638_934_18d1d31fc6.png,,,,false,2025,https://2025.globalfintechfest.com/partners,2026-08-25T06:37:05Z
trackwizz,Trackwizz,trackwizz,Exhibitor,Exhibitors,,other,https://www.trackwizz.com/,https://2025.globalfintechfest.com/media/Partner_Exhibitor_2025_07_29_T154121_900_2f69aec9af.png,,,,false,2025,https://2025.globalfintechfest.com/partners,2026-08-25T06:37:05Z
trade360.ai,trade360.ai,trade360-ai,Exhibitor,Exhibitors,,ai,http://www.trade360.ai/,https://2025.globalfintechfest.com/media/Partner_Exhibitor_2025_08_05_T145222_753_22be43ecb2.png,,,,false,2025,https://2025.globalfintechfest.com/partners,2026-08-25T06:37:05Z
TransBnk Solution Pvt Ltd,TransBnk Solution Pvt Ltd,transbnk-solution-pvt-ltd,Exhibitor,Exhibitors,,other,https://transbnk.co.in/,https://2025.globalfintechfest.com/media/Partner_Exhibitor_2025_07_29_T154204_877_c11e683795.png,,,,false,2025,https://2025.globalfintechfest.com/partners,2026-08-25T06:37:05Z
TransUnion,TransUnion,transunion,Credit Insights Partner,Partners,Exhibitors,other,https://www.transunioncibil.com/,https://2025.globalfintechfest.com/media/99_35b8eda94e.png,,,,false,2025,https://2025.globalfintechfest.com/partners,2026-08-25T06:37:05Z
Treelife,Treelife,treelife,Exhibitor,Exhibitors,,other,https://treelife.in/,https://2025.globalfintechfest.com/media/Partner_Exhibitor_2_b395f9c8d5.png,,,,false,2025,https://2025.globalfintechfest.com/partners,2026-08-25T06:37:05Z
True Balance,True Balance,true-balance,Silver Partners,Partners,,other,https://www.truebalance.io/,https://2025.globalfintechfest.com/media/Partner_Exhibitor_2025_08_01_T155233_715_7310c1b0d2.png,,,,false,2025,https://2025.globalfintechfest.com/partners,2026-08-25T06:37:05Z
Truecaller,Truecaller,truecaller,Platinum Partners,Partners,Exhibitors,other,https://www.truecaller.com/,https://2025.globalfintechfest.com/media/P_Truecaller_ad15dc964e.png,Caller identification and spam-blocking platform,caller identity;fraud/spam detection,high,false,2025,https://2025.globalfintechfest.com/partners,2026-08-25T06:37:05Z
TSYS,TSYS,tsys,Exhibitor,Exhibitors,,other,https://www.tsys.com/,https://2025.globalfintechfest.com/media/Partner_Exhibitor_2025_07_31_T121649_313_1a651cc42a.png,,,,false,2025,https://2025.globalfintechfest.com/partners,2026-08-25T06:37:05Z
turt,turt,turt,Exhibitor,Exhibitors,,other,http://www.turtlefin.com/,https://2025.globalfintechfest.com/media/Partner_Exhibitor_2025_07_29_T155622_410_4eca20775a.png,,,,false,2025,https://2025.globalfintechfest.com/partners,2026-08-25T06:37:05Z
UIDAI,UIDAI,uidai,Supporter,Supporters,,other,https://uidai.gov.in/en/,https://2025.globalfintechfest.com/media/Sup_UIDAI_01e6311ca3.png,,,,false,2025,https://2025.globalfintechfest.com/partners,2026-08-25T06:37:05Z
UK FCDO,UK FCDO,uk-fcdo,Country Partners,Partners,Exhibitors,other,https://www.gov.uk/government/organisations/department-for-international-trade,https://2025.globalfintechfest.com/media/Partner_Exhibitor_16_a44bd9d76b.png,,,,false,2025,https://2025.globalfintechfest.com/partners,2026-08-25T06:37:05Z
UNDP BTCA,UNDP BTCA,undp-btca,Supporter,Supporters,,other,https://www.undp.org/,https://2025.globalfintechfest.com/media/Supporter_UNDP_61e9a71579.png,,,,false,2025,https://2025.globalfintechfest.com/partners,2026-08-25T06:37:05Z
Unimoni Financial Services,Unimoni Financial Services,unimoni-financial-services,Exhibitor,Exhibitors,,other,https://www.unimoni.in/,https://2025.globalfintechfest.com/media/Partner_Exhibitor_22_1_6820a5f0c5.png,,,,false,2025,https://2025.globalfintechfest.com/partners,2026-08-25T06:37:05Z
Unimoni Financial Services Limited,Unimoni Financial Services Limited,unimoni-financial-services-limited,Gold Partners,Partners,,other,https://www.unimoni.in/,https://2025.globalfintechfest.com/media/Partner_Exhibitor_43_daa64d5917.png,,,,false,2025,https://2025.globalfintechfest.com/partners,2026-08-25T06:37:05Z
Union Bank,Union Bank,union-bank,Gold Partners,Partners,Exhibitors,banking,http://www.unionbankofindia.co.in,https://2025.globalfintechfest.com/media/Union_Bank_of_India_c1c8a116cd.png,,,,false,2025,https://2025.globalfintechfest.com/partners,2026-08-25T06:37:05Z
unlimit,unlimit,unlimit,Gold Partners,Partners,Exhibitors,other,https://www.in.unlimit.com/,https://2025.globalfintechfest.com/media/P_unlimit_52cd3cb43c.png,,,,false,2025,https://2025.globalfintechfest.com/partners,2026-08-25T06:37:05Z
UTI Mutual Fund,UTI Mutual Fund,uti-mutual-fund,Report Insights Partner,Partners,Exhibitors,wealthtech,https://www.utimf.com/,https://2025.globalfintechfest.com/media/Partner_Exhibitor_9_30a84a5c20.png,,,,false,2025,https://2025.globalfintechfest.com/partners,2026-08-25T06:37:05Z
Utimaco,Utimaco,utimaco,Exhibitor,Exhibitors,,other,,https://2025.globalfintechfest.com/media/Partner_Exhibitor_4_5eb90e4b20.png,,,,false,2025,https://2025.globalfintechfest.com/partners,2026-08-25T06:37:05Z
Vakrangee,Vakrangee,vakrangee,Silver Partners,Partners,Exhibitors,other,https://vakrangee.in/index.html,https://2025.globalfintechfest.com/media/P_Vakrangee_4507b688ee.png,,,,false,2025,https://2025.globalfintechfest.com/partners,2026-08-25T06:37:05Z
Vampay,Vampay,vampay,Bronze Partners,Partners,Exhibitors,payments,https://vampay.in/,https://2025.globalfintechfest.com/media/Partner_Exhibitor_5_0d82227f7c.png,,,,false,2025,https://2025.globalfintechfest.com/partners,2026-08-25T06:37:05Z
vayana,vayana,vayana,Silver Partners,Partners,Exhibitors,other,https://vayana.com/,https://2025.globalfintechfest.com/media/Partner_Exhibitor_52_ee8be199ee.png,,,,false,2025,https://2025.globalfintechfest.com/partners,2026-08-25T06:37:05Z
vcommission,vcommission,vcommission,Exhibitor,Exhibitors,,infra,https://www.vcommission.com/,https://2025.globalfintechfest.com/media/Partner_Exhibitor_2025_07_29_T162024_973_b2413915e3.png,,,,false,2025,https://2025.globalfintechfest.com/partners,2026-08-25T06:37:05Z
veefin,veefin,veefin,Bronze Partners,Partners,Exhibitors,other,http://www.veefin.com,https://2025.globalfintechfest.com/media/Partner_Exhibitor_62_b84a719f27.png,,,,false,2025,https://2025.globalfintechfest.com/partners,2026-08-25T06:37:05Z
Verismart,Verismart,verismart,Exhibitor,Exhibitors,,other,,https://2025.globalfintechfest.com/media/Partner_Exhibitor_17_f7b072f0c4.png,,,,false,2025,https://2025.globalfintechfest.com/partners,2026-08-25T06:37:05Z
vernost,vernost,vernost,Exhibitor,Exhibitors,,other,https://www.vernost.com/,https://2025.globalfintechfest.com/media/Partner_Exhibitor_2025_07_29_T162412_036_6aab4008be.png,,,,false,2025,https://2025.globalfintechfest.com/partners,2026-08-25T06:37:05Z
videosdk,videosdk,videosdk,Exhibitor,Exhibitors,,other,https://www.videosdk.live/,https://2025.globalfintechfest.com/media/Partner_Exhibitor_2025_07_29_T162454_963_f1ed6c40f0.png,,,,false,2025,https://2025.globalfintechfest.com/partners,2026-08-25T06:37:05Z
visa,visa,visa,Associate Partners,Partners,Exhibitors,other,https://www.visa.co.in/,https://2025.globalfintechfest.com/media/partners_visa_33bca118df.png,Global card payment network,card issuing;card acceptance;cross-border payments,high,false,2025,https://2025.globalfintechfest.com/partners,2026-08-25T06:37:05Z
vivifi,vivifi,vivifi,Exhibitor,Exhibitors,,other,https://www.vivifin.com/,https://2025.globalfintechfest.com/media/partners_vivifi_553215fa5d.png,,,,false,2025,https://2025.globalfintechfest.com/partners,2026-08-25T06:37:05Z
Vrddi,Vrddi,vrddi,Exhibitor,Exhibitors,,other,,https://2025.globalfintechfest.com/media/Partner_Exhibitor_8_ec373dbf75.png,,,,false,2025,https://2025.globalfintechfest.com/partners,2026-08-25T06:37:05Z
vunet,vunet,vunet,Exhibitor,Exhibitors,,other,https://vunetsystems.com/,https://2025.globalfintechfest.com/media/Partner_Exhibitor_2025_07_29_T163209_970_232912b8db.png,,,,false,2025,https://2025.globalfintechfest.com/partners,2026-08-25T06:37:05Z
Watchdata,Watchdata,watchdata,Exhibitor,Exhibitors,,ai,https://www.watchdata.com/,https://2025.globalfintechfest.com/media/partners_watchdata_fadd792f22.png,,,,false,2025,https://2025.globalfintechfest.com/partners,2026-08-25T06:37:05Z
Wegofin,Wegofin,wegofin,Gold Partners,Partners,Exhibitors,other,https://www.wegofin.com/,https://2025.globalfintechfest.com/media/Partner_Exhibitor_13_1a2c8d2af2.png,,,,false,2025,https://2025.globalfintechfest.com/partners,2026-08-25T06:37:05Z
Winjit,Winjit,winjit,Exhibitor,Exhibitors,,other,https://winjit.com/,https://2025.globalfintechfest.com/media/partners_winjit_c6f8054b73.png,,,,false,2025,https://2025.globalfintechfest.com/partners,2026-08-25T06:37:05Z
World Bank Group,World Bank Group,world-bank-group,Supporter,Supporters,,banking,https://www.worldbank.org/ext/en/home,https://2025.globalfintechfest.com/media/S_World_Bank_Group_4_ce88c3e0d4.png,"With 189 member countries, the World Bank Group is a unique global partnership fighting poverty worldwide through sustainable solutions.",,medium,false,2025,https://2025.globalfintechfest.com/partners,2026-08-25T06:37:05Z
World Line,World Line,world-line,Exhibitor,Exhibitors,,other,https://worldline.com/,https://2025.globalfintechfest.com/media/Partner_Exhibitor_2025_07_29_T163402_315_b935d4351d.png,"Put the power of payment innovation to work with Worldline, Europe’s leading payment service provider.",,medium,false,2025,https://2025.globalfintechfest.com/partners,2026-08-25T06:37:05Z
Xflow,Xflow,xflow,Exhibitor,Exhibitors,,other,https://www.xflowpay.com/,https://2025.globalfintechfest.com/media/E_Xflow_48ca4ff50a.png,,,,false,2025,https://2025.globalfintechfest.com/partners,2026-08-25T06:37:05Z
Yubi,Yubi,yubi,Gold Partners,Partners,Exhibitors,other,https://go-yubi.com/,https://2025.globalfintechfest.com/media/partner_yubi_e1600fd1a1.png,,,,false,2025,https://2025.globalfintechfest.com/partners,2026-08-25T06:37:05Z
Z47,Z47,z47,Bronze Partners,Partners,,other,,https://2025.globalfintechfest.com/media/Partner_Exhibitor_16_4ce6cc1b78.png,,,,false,2025,https://2025.globalfintechfest.com/partners,2026-08-25T06:37:05Z
Zaggle,Zaggle,zaggle,Spend Management Partner,Partners,Exhibitors,other,https://www.zaggle.in/,https://2025.globalfintechfest.com/media/Partner_Exhibitor_49_f83545fa46.png,,,,false,2025,https://2025.globalfintechfest.com/partners,2026-08-25T06:37:05Z
zigram,zigram,zigram,Silver Partners,Partners,Exhibitors,other,https://www.zigram.tech/,https://2025.globalfintechfest.com/media/Partner_Exhibitor_51_78884dcd06.png,,,,false,2025,https://2025.globalfintechfest.com/partners,2026-08-25T06:37:05Z
ZOHO,ZOHO,zoho,Platinum Partners,Partners,Exhibitors,other,https://www.zoho.com/in/payments/,https://2025.globalfintechfest.com/media/Partner_Exhibitor_13_c789cfd74c.png,,,,false,2025,https://2025.globalfintechfest.com/partners,2026-08-25T06:37:05Z
ZRiKA,ZRiKA,zrika,Banking Infrastructure Partner,Partners,Exhibitors,other,https://www.zrika.com/,https://2025.globalfintechfest.com/media/Partner_Exhibitor_24_831ad402bc.png,,,,false,2025,https://2025.globalfintechfest.com/partners,2026-08-25T06:37:05Z
Zykrr,Zykrr,zykrr,Exhibitor,Exhibitors,,other,https://www.zykrr.com/,https://2025.globalfintechfest.com/media/Partner_Exhibitor_4_7603561fcb.png,,,,false,2025,https://2025.globalfintechfest.com/partners,2026-08-25T06:37:05Z
zyro,zyro,zyro,Exhibitor,Exhibitors,,other,https://zyro.in/,https://2025.globalfintechfest.com/media/Partner_Exhibitor_2025_07_29_T164029_725_c56eb77960.png,,,,false,2025,https://2025.globalfintechfest.com/partners,2026-08-25T06:37:05Z
