agendaCode,title,day,startTime,endTime,hall,subHall,level,format,track,topics,description,speakerNames,speakersWithTitles,hostNames,hostsWithTitles,documentId,year,sourceUrl,extractedAt
20250186,Omnichannel Diagnostics: Architecting the Next-Gen Communications Hub,2025-10-07,1:00 PM,3:15 PM,Hall 102,,Level 1,Closed Room Session,Invite Only,Invite Only,"Legacy phone trees, siloed chat apps and email loops are undercutting banks’ ability to deliver seamless, secure conversations at scale. In this roundtable, Sinch will guide a deep dive into the diagnostics every bank needs to perform before upgrading to a unified communications platform. Together we’ll explore how a true all-in-one hub combining voice, video, messaging, chatbots, AI-driven routing and analytics can replace decade-old point solutions, eliminate friction and future-proof your customer experiences.",,,,,e8p0h1efh90hfhn2mvykwtk6,2025,https://2025.globalfintechfest.com/agenda,2026-08-25T06:37:05Z
61,RevRag AI Product Showcase at JA6 | Revrag AI Technology Pvt Ltd,2025-10-07,1:00 PM,1:30 PM,Jasmine,JA6,Level 3,Product Showcase,,,"We will be showcasing our AI Agents live, We have Embedded ""In-app"" and ""Off-app"" AI Agents for digital Onboarding in BFSI",Ashutosh Prakash Singh,"Ashutosh Prakash Singh, Co Founder & CEO, Revrag AI",,,g05gii17c5z8pyjnzu5eq0pu,2025,https://2025.globalfintechfest.com/agenda,2026-08-25T06:37:05Z
20250417,AI-Powered Finance: Efficiency in Financial Operations,2025-10-07,1:10 PM,1:50 PM,The Studio,,Level 1,Panel Discussion,"Operational Resilience, AI",Operational Resilience;AI,"Artificial intelligence is redefining the efficiency and resilience of financial operations. From streamlining processes and reducing costs to enhancing decision-making and risk management, AI is enabling institutions to build smarter, faster, and more adaptive operating models. This panel will bring together leaders from banking and fintech to discuss practical applications of AI in operations, the role of deep tech in driving resilience, and the strategic opportunities that come with embedding intelligence at the core of finance.",Ms. Salila Pande;Mr. Guhan Muthusamy;Prof. Umesh Bellur;Mr. Rakesh Jha,"Ms. Salila Pande, Managing Director & CEO, SBI Card;Mr. Guhan Muthusamy, Co-founder, Mindgate Solutions;Prof. Umesh Bellur, Professor of Data Science, University of California San Diego;Mr. Rakesh Jha, ED, ICICI",Mr. Krishna Chaitanya,"Mr. Krishna Chaitanya, CPO, Perfios",v34ommuyctvfjv22wyd3jpg8,2025,https://2025.globalfintechfest.com/agenda,2026-08-25T06:37:05Z
20250446,Onboarding the Next 300 Mn Users on Digital Payments - Where How and When?,2025-10-07,1:10 PM,1:55 PM,Lotus 2,,Level 3,Panel Discussion,"Customer Behaviour Evolution, Inclusion, Payments",Customer Behaviour Evolution;Inclusion;Payments,"Expanding digital payments to the next 300 million users will define the future of financial inclusion in India. This panel will explore the pathways to scale - covering infrastructure, regulation, merchant acceptance, and consumer readiness. Leaders from banking, payments, and regulatory institutions will share insights on overcoming barriers to adoption, building trust, and ensuring secure, seamless access for new users entering the digital ecosystem.",Ms. Lalitha Nataraj;Mr. Ravindra Rai;Mr. Ripunjai Gaur;Mr. A S Lakshminarayanan,"Ms. Lalitha Nataraj, Managing Director & CEO, BHIM;Mr. Ravindra Rai, MD CEO, BOB Card;Mr. Ripunjai Gaur, COO - Offline Payments, Paytm;Mr. A S Lakshminarayanan, Managing Director & CEO, Tata Communications",Ms. Latha Venkatesh,"Ms. Latha Venkatesh, Executive Editor, CNBC TV18",pwe8u4dbapp9nwc39dduqb4y,2025,https://2025.globalfintechfest.com/agenda,2026-08-25T06:37:05Z
20250571,The Next Bretton Moment: Can Public Infrastructure Rewrite the Rules of Global Finance?,2025-10-07,1:10 PM,1:50 PM,Jasmine 3,,Level 3,Panel Discussion,"Innovation, DPI",Innovation;DPI,"As the global financial system strains under fragmentation and inefficiencies, public infrastructure is emerging as a credible force for rebalancing. This discussion will explore whether modern digital public goods - like identity rails, payment stacks, and regulatory frameworks - can re-architect global finance with trust, inclusion, and scale at the core. Can the next ""Bretton Moment"" be driven by public infrastructure rather than private consensus?",Dr. Friederike Lange;Mr. Alexandre Stervinou;Mr. David Finch;Mr. David Sabow,"Dr. Friederike Lange, Head of Digital Finance, AI, Payment Services and Cybersecurity, German Federal Ministry of Finance;Mr. Alexandre Stervinou, Director, Cash & Retail Payments Policy and Oversight Directorate, Banque de France;Mr. David Finch, Global Managing Director - FinTech, TransUnion International;Mr. David Sabow, Global Head of Innovation Banking, HSBC",Mr. Navin Surya,"Mr. Navin Surya, Co-founder & Strategic Partner, Beams VC",tv97r8u8s197frmctf7zq16f,2025,https://2025.globalfintechfest.com/agenda,2026-08-25T06:37:05Z
20250577,Product Built for Scale: The Modern Architecture of Fintech Platforms,2025-10-07,1:10 PM,1:50 PM,Hall 104 A&B,,Level 1,Panel Discussion,"Innovation, Infrastructure",Innovation;Infrastructure,"Global technology leaders and fintech innovators unpack the principles behind building scalable, resilient, and future-ready platforms. The discussion will cover cloud-native infrastructure, microservices, API-first design, and data-driven personalization - highlighting how these elements enable rapid innovation, operational efficiency, and the agility needed to support millions of users across diverse markets.",Mr. Mannoj Varma;Mr. Varun Dudeja;Mr. Sumit Misra;Mr. Nirav Kamdar,"Mr. Mannoj Varma, Director, Lyra Network;Mr. Varun Dudeja, Head - Business Development APAC, Pismo;Mr. Sumit Misra, Senior Vice President, RS Software;Mr. Nirav Kamdar, VP, Payments Tech for Emerging Markets, Amazon",Mr. Kannan Murali,"Mr. Kannan Murali, Founding Member & Head of Products, M2P Fintech",y9gs4osts92ng8a8wfsc3z5c,2025,https://2025.globalfintechfest.com/agenda,2026-08-25T06:37:05Z
20250708,The Future Dividend: How Digital Finance Can Drive Shared Prosperity,2025-10-07,1:10 PM,1:40 PM,Grand Theater,,Ground Level,Fireside Chat,"Digital Transformation, Inclusion, Policy",Digital Transformation;Inclusion;Policy,"Digital finance holds the power to create a future dividend of shared prosperity - expanding inclusion, driving growth, and empowering communities. This fireside chat will explore how policy vision, digital infrastructure, and innovation can align to ensure that the benefits of digital finance are broadly distributed. The conversation will highlight strategies for leveraging technology to build an equitable, sustainable, and future-ready financial ecosystem for all.",Mr. B V R Subrahmanyam,"Mr. B V R Subrahmanyam, Chief Executive Officer, NITI Aayog",Mr. Kunal Shah,"Mr. Kunal Shah, Founder, CRED",izp1xnyaetyrtmdlp2vo5xfx,2025,https://2025.globalfintechfest.com/agenda,2026-08-25T06:37:05Z
20250402,Audit and Compliance in the Era of Emerging Fintech,2025-10-07,1:20 PM,2:00 PM,Lotus 3,,Level 3,Panel Discussion,"Compliance, Regulation",Compliance;Regulation,"As fintech innovation accelerates, the audit and compliance landscape must adapt to new risks, technologies, and regulatory expectations. This panel will examine how financial institutions, regulators, and cybersecurity leaders are addressing the challenges of oversight in a rapidly evolving digital ecosystem with specific reference to audit and compliance.",Mr. Krishna Sastry Pendyala;Mr. SS Sarma;Mr. Vinayak Godse,"Mr. Krishna Sastry Pendyala, Partner, Cyber Security, Ernst & Young (E&Y) LLP;Mr. SS Sarma, Director, CERT-In;Mr. Vinayak Godse, Chief Executive Officer, Data Security Council of India (DSCI)",Mr. Jeevan Sonparote,"Mr. Jeevan Sonparote, Executive Director, Securities and Exchange Board of India",wubd3r3kgbs5cxkwikvf9mht,2025,https://2025.globalfintechfest.com/agenda,2026-08-25T06:37:05Z
20250471,From Checkout to Credit: Redefining Aggregator Value Beyond Payments,2025-10-07,1:20 PM,2:00 PM,Lotus 1,,Level 3,Panel Discussion,"Payments Aggregator, Credit, Customer Engagement",Payments Aggregator;Credit;Customer Engagement,"Payment aggregators are evolving from checkout enablers to strategic partners driving credit access, customer engagement, and ecosystem growth. This panel will explore how aggregators are expanding their value proposition beyond payments - leveraging data, partnerships, and embedded finance to deliver credit, loyalty, and personalized services. Leaders will discuss the opportunities and challenges of this transformation, and what it means for merchants, consumers, and the broader fintech ecosystem.",Mr. Vasanth Jeyapaul;Mr. Manish Kumar Gupta;Mr. Vinod Kumar;Mr. Ajit Menon,"Mr. Vasanth Jeyapaul, CEO, CamsPay;Mr. Manish Kumar Gupta, Chief Executive of Urban Unsecured Assets, Payments, and Digital Partnerships, L&T Finance;Mr. Vinod Kumar, Chief Digital Officer, Shriram Finance;Mr. Ajit Menon, Group Chief Operating Officer, Vivriti Capital",Mr. Prashanth Ramdas,"Mr. Prashanth Ramdas, Partner, Fintech & Financial Regulatory, Khaitan & Co",gburz5ibkg26u37c3zc9bqai,2025,https://2025.globalfintechfest.com/agenda,2026-08-25T06:37:05Z
20250364,"The Future of Money Movement: Real-Time, AI-Powered, and Borderless",2025-10-07,1:25 PM,2:05 PM,Hall 204 A&B,,Level 2,Panel Discussion and Report Launch,"Innovation, Emerging Technology, Payments",Innovation;Emerging Technology;Payments,"Digital payments are no longer just a convenience - they are the foundation of global commerce, inclusion, and innovation. This session explores how the convergence of real-time payment infrastructure, AI-driven fraud detection, and tokenized platforms is reshaping how money moves across borders, ecosystems, and experiences. With a global vantage point, the session will highlight how fintech is building the next generation of trusted, intelligent payment systems - expanding access, boosting resilience, and enabling seamless financial interactions in an increasingly digital and dynamic world.Release of Report: ""Unlocking Efficiency Through Ring-fencing""",Mr. Krishnan R;Ms. Irene Skrynova;Mr. Anand Balaji;Mr. Rajesh Pai Fondekar,"Mr. Krishnan R, Director & CEO, Unimoni Financial Services;Ms. Irene Skrynova, Chief Customer Officer, Unlimit;Mr. Anand Balaji, Co-founder, Xflow;Mr. Rajesh Pai Fondekar, Group Vice President & Head of Product Management, Digital Financial Solutions, Comviva Technologies",Mr. Amit Jain,"Mr. Amit Jain, Partner, PwC",e1lfob29aeqwo2upssvmcrik,2025,https://2025.globalfintechfest.com/agenda,2026-08-25T06:37:05Z
17,mAadhaar Verification: The UPI Moment Where Identity Meets Payments | Pine Labs,2025-10-07,1:30 PM,1:45 PM,Pavilion,E2,Ground Level,Product Launch,,,"Pine Labs, in partnership with UIDAI, is launching mAadhaar Verification — the most seamless way to verify your identity using Aadhar. For the first time, identity and payments converge on the same device — making onboarding as easy as paying with UPI. With just a tap or scan, users can share Aadhaar KYC instantly and securely, while businesses can get one-click verification built right into their online customer journeys.Think:Hotel check-ins & event entries - verify Aadhaar and pay in seconds.Gig worker onboarding - instant, consent-based ID verification built into apps.No paperwork. No toggling. No drop-offs.Seamless, compliant, and built for scale.","""Kaushal Mohan Principal Product Manager","""Kaushal Mohan Principal Product Manager, Setu By Pine Labs Vijeth Pandit CPO - Pine Labs"", ""Kaushal Mohan Principal Product Manager, Setu By Pine Labs Vijeth Pandit CPO - Pine Labs"", Pine Labs",,,bobo1lha33ar3ua0gsnu9s7j,2025,https://2025.globalfintechfest.com/agenda,2026-08-25T06:37:05Z
20250552,"The Convergence of Payments, Credit, and Social Commerce",2025-10-07,1:30 PM,2:10 PM,Hall 206 A&B,,Level 2,Panel Discussion,"Digital Transformation, Business, Customer Behaviour Evolution",Digital Transformation;Business;Customer Behaviour Evolution,"Payments, credit, and social commerce are converging to create new ecosystems of engagement and growth. This panel will explore how fintechs, platforms, and innovators are blending financial services with social experiences to drive adoption, unlock credit access, and reshape customer journeys. Leaders will share insights on emerging business models, evolving consumer behavior, and the opportunities and challenges of this next wave of digital transformation.",Mr. Sandeep Ghule;Mr. Sandeep Indurkar;Mr. Aditya Soni;Mr. Abhishek Arun,"Mr. Sandeep Ghule, Co-founder, Credilio;Mr. Sandeep Indurkar, CEO, Resilient Payments, BharatPe;Mr. Aditya Soni, CEO & Founder, CheQ;Mr. Abhishek Arun, President - Platform Strategy & Commercialization, M2P Fintech",Ms. Aditi Mathur,"Ms. Aditi Mathur, Lead, Business Messaging, Payments, Meta",qdlh5nzgcibihgofpbdi7294,2025,https://2025.globalfintechfest.com/agenda,2026-08-25T06:37:05Z
20250770,"Voice, Trust, and Inclusion: How AI is Powering the Next Wave of FinTech in India",2025-10-07,1:30 PM,2:15 PM,Cube,,Level 1,Masterclass,"FinTech Innovation, Inclusion, AI",FinTech Innovation;Inclusion;AI,"Voice-enabled AI is emerging as a powerful tool to make financial services more inclusive and accessible. This masterclass will explore how voice technology, combined with AI, is reshaping trust and user experience in fintech - particularly for first-time and underserved customers. Insights will highlight real-world use cases, design choices, and opportunities for innovators to build intuitive, human-centered financial solutions that can scale across India.",Mr. Gautam Rege,"Mr. Gautam Rege, Director & Co-Founder, Josh Software",,,pr2ja5ltbbo4luv3jt1k413y,2025,https://2025.globalfintechfest.com/agenda,2026-08-25T06:37:05Z
77,UPI Acquiring Switch by Cashfree Payments | Cashfree Payments,2025-10-07,1:30 PM,2:00 PM,Pavilion,B2,Ground Level,Product Launch,,,"Experience next-generation acquiring switch with Cashfree Payments’ ""UPI Acquiring Switch"" an NPCI-certified, high-performance platform built for scale, speed, and reliability. Delivering 90%+ success rates and 12,000+ TPS capacity, it ensures lightning-fast routing and the lowest technical declines. With a self-healing cloud setup, 99.99% uptime, and proactive monitoring, the switch powers seamless, always-on merchant payments.",Arun Tikoo,"Arun Tikoo, Chief Business Officer, Cashfree Payments",,,glcr4x1nk1yr8slekjf8idee,2025,https://2025.globalfintechfest.com/agenda,2026-08-25T06:37:05Z
20250431,Cyber Defense and Resiliency in Modern AI Era,2025-10-07,1:40 PM,2:20 PM,Hall 205 A&B,,Level 2,Panel Discussion,"Cyber Security, Modern Threats, AI",Cyber Security;Modern Threats;AI,"In the era of AI-driven finance, cyber defense and resiliency have become mission-critical for banks and fintechs. This discussion will explore how financial institutions are strengthening security frameworks to counter advanced threats while ensuring compliance and operational continuity. Experts will share perspectives on leveraging generative AI for real-time threat detection, the evolving role of CISOs, and regulatory priorities in building a secure and trusted digital ecosystem.",Mr. Sameer Ratolikar;Dr. Deepak Kumar;Mr. Vinay Tiwari;Prof. G Siva Kumar,"Mr. Sameer Ratolikar, CISO, HDFC Bank;Dr. Deepak Kumar, Director, Institute for Development and Research in Banking Technology, IDRBT;Mr. Vinay Tiwari, CISO, Axis Bank;Prof. G Siva Kumar, Professor, Computer Science and Engineering Department, Indian Institute of Technology, Bombay",Mr. Benjamin Ambrose,"Mr. Benjamin Ambrose, Chief Information Security Officer, National Payments Corporation of India",ur16ldw8fz2wcfb7h4fr6wru,2025,https://2025.globalfintechfest.com/agenda,2026-08-25T06:37:05Z
20250709,"The BRISKPE XPI Playbook - Smarter, Faster Cross-Border Payments Driven by APIs",2025-10-07,1:45 PM,2:30 PM,Hall 202,,Level 2,Masterclass,"Technology, Payments, Cross Border",Technology;Payments;Cross Border,"Cross-border payments are often slow, costly, and fragmented - but APIs are changing the game. This masterclass will present the BRISKPE XPI Playbook, showcasing how API-driven solutions can deliver smarter, faster, and more transparent international payments. Through practical demonstrations, the session will highlight how fintech innovation can simplify global trade flows, reduce friction for businesses, and set new standards for efficiency in cross-border finance.",Mr. Indunath Chaudhary;Mr. Nilesh Pathak,"Mr. Indunath Chaudhary, Co-founder and COO, BRISKPE;Mr. Nilesh Pathak, Co-Founder & CPTO, BRISKPE",,,bjvn0lz8v6dt6ze1irjh1a1i,2025,https://2025.globalfintechfest.com/agenda,2026-08-25T06:37:05Z
20250810,"The Next Horizon: Building a Global-Ready, Inclusive Bank for the Future",2025-10-07,1:45 PM,2:15 PM,Grand Theater,,Ground Level,Fireside Chat,"Banking, Innovation, Inclusion",Banking;Innovation;Inclusion,"As banking enters a new era, global readiness and inclusivity are becoming essential pillars of long-term strategy. This conversation will explore how large institutions are reinventing themselves to balance scale with agility, embrace digital innovation, and extend services to underserved communities. The dialogue will offer insights into how banks can position themselves for global competitiveness while keeping inclusion at the heart of their mission.",Dr. Debadatta Chand,"Dr. Debadatta Chand, Managing Director & CEO, Bank of Baroda",Ms. Ritu Singh,"Ms. Ritu Singh, Deputy Editor, CNBC-TV18",n81r79b4nw07ke5hte6a5nt0,2025,https://2025.globalfintechfest.com/agenda,2026-08-25T06:37:05Z
20250430,Customer Obsession at Scale: Balancing Empathy and Economics,2025-10-07,1:55 PM,2:25 PM,Jasmine 3,,Level 3,Fireside Chat,"Customer Engagement, Digital Transformation, Business Strategy",Customer Engagement;Digital Transformation;Business Strategy,"Customer obsession is easy to promise but difficult to deliver at scale. This fireside chat will explore how leading institutions balance empathy with economics - building products that serve customer needs while sustaining profitable growth. The discussion will highlight strategies for embedding customer-first thinking into digital journeys, designing with empathy, and leveraging technology to deliver trust and convenience across millions of interactions.",Mr. Amitabh Chaudhry,"Mr. Amitabh Chaudhry, Managing Director & CEO, Axis Bank",Ms. Noopur Chaturvedi,"Ms. Noopur Chaturvedi, Managing Director & CEO, NPCI Bharat BillPay Limited",ss0i3da93x2f7s4kb1mljszs,2025,https://2025.globalfintechfest.com/agenda,2026-08-25T06:37:05Z
20250593,Asset Tokenisation – The Next Innovation in Finance,2025-10-07,10:00 AM,10:40 AM,Lotus 1,,Level 3,Panel Discussion,"Digital Transformation, Emerging Technology, Tokenization",Digital Transformation;Emerging Technology;Tokenization,"Tokenisation is entering its next phase, redefining how digital identity and payments can be made more secure, trusted, and inclusive. This panel will bring together global and national leaders to explore Tokenisation 2.0 - how advanced frameworks can safeguard data, enable interoperability, and expand access to digital financial services. The discussion will highlight policy priorities, technological standards, and international collaboration needed to build resilient identity and payment ecosystems for the future.",Mr. Suvendu Pati;Ms. Maha El Dimachki;Mr. Alan Lim,"Mr. Suvendu Pati, Chief General Manager, FinTech Department, Reserve Bank of India;Ms. Maha El Dimachki, Centre Head - Singapore Centre, BIS Innovation Hub - Singapore Centre;Mr. Alan Lim, Director & Head, Financial Infrastructure and Artificial Intelligence Office, Monetary Authority of Singapore",Mr. Sharath Bulusu,"Mr. Sharath Bulusu, Senior Director, Product Management, Google Pay India",kwmof3j1pfg3lgmbt0d1zg39,2025,https://2025.globalfintechfest.com/agenda,2026-08-25T06:37:05Z
20250879,AI’s Promise and Peril: Building Responsible Intelligence for Inclusive Finance,2025-10-07,10:00 AM,10:25 AM,Jasmine 3,,Level 3,Address,,,,Mr. Ajay Kumar Choudhary,"Mr. Ajay Kumar Choudhary, Non-Executive Chairman & Independent Director, National Payments Corporation of India",,,lgcgwuwj79ums63878pd9izz,2025,https://2025.globalfintechfest.com/agenda,2026-08-25T06:37:05Z
20250235,Data is the New Alpha: Foundation Models Trained on Financial Data,2025-10-07,10:05 AM,10:45 AM,Hall 205 A&B,,Level 2,Panel Discussion,"Data, Emerging Technology, AI",Data;Emerging Technology;AI,"Domain-specific foundation models are emerging as the next frontier in AI for finance. Unlike general-purpose models, large language models (LLMs) trained on financial data deliver higher accuracy, compliance, and business relevance - creating what the industry calls domain alpha. This panel will explore why finance-tuned LLMs matter, how they are built, and the use cases transforming fintech and enterprise AI. Leaders will share insights on balancing innovation with governance to unlock the full potential of financial data in the age of foundation models.",Mr. Sumit Nigam;Mr. Ganesh Gopalan;Mr. Bhavnish Lathia;Mr. Bhavesh Adhia,"Mr. Sumit Nigam, CTO, Perfios;Mr. Ganesh Gopalan, Founder & CEO, Gnani.ai;Mr. Bhavnish Lathia, CTO, Kotak Mahindra Bank;Mr. Bhavesh Adhia, Chief AI Officer & Chief Strategy Officer, Yotta",Mr. Sachin Singhal,"Mr. Sachin Singhal, CTO, NBSL",wkob7j8eajdw2hrijmhg1cz5,2025,https://2025.globalfintechfest.com/agenda,2026-08-25T06:37:05Z
20250303,"Leveraging AI: Use Cases, Benefits and Challenges",2025-10-07,10:05 AM,10:55 AM,Lotus 3,,Level 3,Panel Discussion,"Digital Transformation, Emerging Technology, AI",Digital Transformation;Emerging Technology;AI,"Artificial Intelligence is rapidly reshaping the financial services landscape - covering various aspects of investments in securities market – viz. from investment to regulation and supervision. This session brings together leading voices from across the ecosystem to unpack the real-world applications of AI in finance, the measurable gains in efficiency and personalization, and the risks around bias, governance, and explainability. The conversation will also explore the critical enablers - data quality, compute infrastructure, and regulation.",Mr. Sundararaman Ramamurthy;Ms. Praveena Rai;Ms. Latika S Kundu;Mr. Piyush Chourasia;Mr. Amit Das,"Mr. Sundararaman Ramamurthy, MD and CEO, Bombay Stock Exchange (BSE);Ms. Praveena Rai, MD & CEO, The Multi Commodity Exchange of India;Ms. Latika S Kundu, Managing Director & CEO, Metropolitan Stock Exchange of India;Mr. Piyush Chourasia, Chief Regulatory Officer, National Stock Exchange of India;Mr. Amit Das, CoFounder and CEO, Think360 / ConsenPro",Mr. Manoj Kumar,"Mr. Manoj Kumar, Executive Director, Securities and Exchange Board of India",yhp2460oj8tdz3h0ras62oln,2025,https://2025.globalfintechfest.com/agenda,2026-08-25T06:37:05Z
20250253,How are Alternate Payment Methods Gaining Relevance Among Merchants Globally?,2025-10-07,10:15 AM,10:55 AM,Hall 204 A&B,,Level 2,Panel Discussion,"Payments, Customer Engagement, Emerging Technology",Payments;Customer Engagement;Emerging Technology,"The payments ecosystem is expanding rapidly with alternate payment methods becoming central to how merchants and consumers transact worldwide. This panel will explore the rise of real-time, account-to-account, and digital wallet-based payments, and how global networks are working with merchants to enhance customer experience, build trust, and encourage adoption. Leaders will share perspectives on the strategic role of interoperability, security, and innovation in shaping the next phase of global commerce.",Mr. Vardan Khachatryan;Mr. Jeremy Tan;Mr. Sunil Kamath;Mr. Arpit Chug,"Mr. Vardan Khachatryan, Chief Executive Officer at Armenian Card CJSC, Armenian Card CJSC;Mr. Jeremy Tan, CEO, Liquid Group;Mr. Sunil Kamath, Executive Vice President - CMS, Commerical Cards and International Banking, Axis Bank;Mr. Arpit Chug, Chief Financial Officer, Razorpay",Mr. Tarun Singh,"Mr. Tarun Singh, COO, SBI Payments",t0yqs0f5z8o3jxihwzz2lxfl,2025,https://2025.globalfintechfest.com/agenda,2026-08-25T06:37:05Z
20250406,"Fintech Futures – Sandboxes, Innovation Hubs, and Policy Labs",2025-10-07,10:15 AM,10:55 AM,Lotus 2,,Level 3,Panel Discussion,"Innovation, Policy, Ecosystem",Innovation;Policy;Ecosystem,"Innovation sandboxes, policy labs, and innovation hubs are becoming vital tools for shaping the future of fintech across the globe. This panel will bring together international regulators, policymakers, and industry leaders to showcase how these platforms accelerate responsible innovation, enable collaboration, and bridge the gap between policy and practice. The discussion will highlight global experiences in AI, payments, and digital finance, offering insights and models that India’s fintech ecosystem can learn from and adapt as it strengthens its own innovation frameworks.Release of Report: ""How Urban India Pays""",Dr. Julian Langer;Mr. Alvinder Singh;Mr. Manoj Gyawali;Mr. Sathya Ram,"Dr. Julian Langer, Policy Officer Specialising in AI and Data in Finance, German Federal Ministry of Finance;Mr. Alvinder Singh, Head, Monetary Authority of Singapore;Mr. Manoj Gyawali, CEO, Nabil Bank;Mr. Sathya Ram, Head of Core Payments, HSBC",Mr. Pablo Londono,"Mr. Pablo Londono, Director - Payments Middle East, Africa, Turkey, Amazon",uy3l79y3hupo5o37cnt4dv8x,2025,https://2025.globalfintechfest.com/agenda,2026-08-25T06:37:05Z
20250655,Using Big Data & AI to Personalize and Enhance Lending Decisions,2025-10-07,10:15 AM,10:55 AM,Hall 206 A&B,,Level 2,Panel Discussion,"Big Data, Lending, AI",Big Data;Lending;AI,"Big Data and AI are transforming the lending landscape by enabling sharper credit assessments, real-time risk monitoring, and hyper-personalized borrower experiences. This panel will examine how financial institutions are harnessing advanced analytics to improve decision-making, enhance inclusion, and build smarter lending models that balance innovation with responsibility.",Mr. Akshay Mehrotra;Mr. Prashant Pitti;Mr. Hemant Gala,"Mr. Akshay Mehrotra, Group CEO, Fibe;Mr. Prashant Pitti, Co-founder, Optimo Capital;Mr. Hemant Gala, CEO, PhonePe Lending Services",Mr. Nikhil Kurhe,"Mr. Nikhil Kurhe, Co-founder & CEO, Finarkein",aq6ymwow1fpn2djbn4be90ws,2025,https://2025.globalfintechfest.com/agenda,2026-08-25T06:37:05Z
20250601,PayPal World Exclusive Preview,2025-10-07,10:30 AM,10:40 AM,Jasmine 3,,Level 3,Product Launch,,,,,,,,cwfd82ivp9m4v330re7vir2z,2025,https://2025.globalfintechfest.com/agenda,2026-08-25T06:37:05Z
20250788,"Bridging Fintech Frontiers: How Augmented Intelligence and UK-India Collaboration Can Shape Inclusive, Responsible Finance",2025-10-07,10:30 AM,10:45 AM,Grand Theater,,Ground Level,Address,"Economy, Partnerships, Global Trade",Economy;Partnerships;Global Trade,"As fintech ecosystems evolve, collaboration between global innovation hubs is critical to shaping responsible and inclusive finance. This address will spotlight how UK–India partnerships, combined with the power of augmented intelligence, can unlock new frontiers in fintech. The focus will be on building frameworks that encourage trust, innovation, and equitable growth across markets.",Mr. Howard Dawber,"Mr. Howard Dawber, Deputy Mayor of London for Business and Growth, and Chair, London and Partners",,,is6upnvkkfjyge5w2jdpqqo1,2025,https://2025.globalfintechfest.com/agenda,2026-08-25T06:37:05Z
20250740,"The Future of Payments: PayPal, India, and Global Opportunities",2025-10-07,10:40 AM,11:10 AM,Jasmine 3,,Level 3,Fireside Chat,"Payments, FinTech Innovation",Payments;FinTech Innovation,"Payments are at the heart of digital transformation, connecting businesses and consumers across borders. This fireside chat will explore PayPal’s vision for the future of payments, with a focus on India’s dynamic ecosystem and the global opportunities ahead. The conversation will highlight how innovation, trust, and partnerships are shaping the next era of seamless, inclusive financial experiences.",Mr. Alex Chriss,"Mr. Alex Chriss, President & CEO, PayPal",Ms. Shereen Bhan,"Ms. Shereen Bhan, Managing Editor, CNBC TV18",z98wl7surzwhbuso3r2mzhuy,2025,https://2025.globalfintechfest.com/agenda,2026-08-25T06:37:05Z
20250761,"Signals, Smart and Sentiment: AI in Capital Markets",2025-10-07,10:40 AM,11:25 AM,Hall 202,,Level 2,Masterclass,"Risk, Compliance & Data, Capital Markets, AI","Risk, Compliance & Data;Capital Markets;AI","AI is transforming capital markets by weaving together signals, smarts, and sentiment. Signals draw on high-frequency trading data and alternative sources like satellites and IoT, unlocking predictive power. Smarts bring adaptive intelligence to trading, risk modeling, fraud detection, and robo-advisory, while raising tough questions about explainability and fairness. Sentiment captures the human side, as AI parses news, social media, and behavioral cues to anticipate market mood - creating both alpha opportunities and risks of misinformation. Through real-world case studies, this talk shows how AI is already reshaping trading floors, hedge funds, and compliance desks. The future lies in convergence, where signals, smarts, and sentiment combine - and where human judgment and AI symbiosis drive more resilient, efficient, and trusted markets.",Prof. Umesh Bellur,"Prof. Umesh Bellur, Professor of Data Science, University of California San Diego",,,kars72l0dsflesopi49n1afo,2025,https://2025.globalfintechfest.com/agenda,2026-08-25T06:37:05Z
20250767,TruIQ - Analytics Studio,2025-10-07,10:45 AM,10:55 AM,Lotus 1,,Level 3,Product Launch,"Credit Risk, Data, Innovation",Credit Risk;Data;Innovation,"CIBIL unveils TruIQ – Analytics Studio, a next-generation platform designed to deliver powerful insights for smarter credit and risk decisions. Built to empower lenders and businesses with advanced analytics, TruIQ offers intuitive tools that transform data into actionable intelligence, driving more accurate underwriting, portfolio management, and customer engagement.",Mr. Anish Parulekar,"Mr. Anish Parulekar, Chief Data & Analytics Officer, TransUnion CIBIL",,,j4snr97fty5n0f84ydsedzk8,2025,https://2025.globalfintechfest.com/agenda,2026-08-25T06:37:05Z
20250337,"Navigating the Future of Digital Banking - RUGR is Redefining the Way Bharat Pays, Banks, and Grows",2025-10-07,10:50 AM,11:45 AM,Grand Theater,,Ground Level,Product Showcase,"Customer Behaviour Evolution, Business, WealthTech",Customer Behaviour Evolution;Business;WealthTech,"Explore how RUGR is redefining digital payments through innovation, inclusion and impact, empowering banks, merchants, customers and communities of Bharat.",Mr. Hrithik Roshan;Mr. K V Arangasamy;Mr. Gopal Majumder;Mr. Devdatta Chandgadkar;Ms. Vibha Gawde;Mr. Sudheer Muvva,"Mr. Hrithik Roshan, Indian Actor;Mr. K V Arangasamy, Founder & CEO, RUGR Fintech;Mr. Gopal Majumder, Chief Business Officer, RUGR Fintech;Mr. Devdatta Chandgadkar, CEO, RUGR SIL;Ms. Vibha Gawde, Chief - Risk & Governance, RUGR Fintech;Mr. Sudheer Muvva, Chief Technology Officer, RUGR Fintech",,,f7p3mo3rs050dnlagj4gypgw,2025,https://2025.globalfintechfest.com/agenda,2026-08-25T06:37:05Z
20250680,New Age and Geo Political Threats to Digital Payment Ecosystem and Strategy to Protect,2025-10-07,10:50 AM,11:20 AM,Hall 205 A&B,,Level 2,Fireside Chat,"Operational Resilience, Cyber Security, Payments",Operational Resilience;Cyber Security;Payments,"As digital payments expand globally, new-age cyber risks and geopolitical threats pose serious challenges to security and trust. This fireside chat will explore strategies to safeguard the digital payment ecosystem, strengthen resilience against evolving threats, and ensure secure, uninterrupted financial transactions for billions of users.",Dr. Sanjay Bahl,"Dr. Sanjay Bahl, Director General, CERT-In",Mr. Pravin Kumar,"Mr. Pravin Kumar, Chief Market Information Security Officer, National Payments Corporation of India",fvcvej225uqk4wcf5e8nqe30,2025,https://2025.globalfintechfest.com/agenda,2026-08-25T06:37:05Z
20250252,"Global Commerce, Local Ease: Fintechs Redefining Merchant Payments",2025-10-07,11:00 AM,11:40 AM,Hall 204 A&B,,Level 2,Panel Discussion,"Innovation, Business, Payments",Innovation;Business;Payments,"Merchant payments are being reshaped by fintech innovations and the rise of alternate payment methods competing for share at the counter. This panel will explore how global commerce can be made locally seamless - through faster, safer, and more inclusive payment options that serve both merchants and consumers. Leaders will share perspectives on the evolving merchant payments landscape, the role of partnerships, and the innovations redefining how commerce is conducted in the digital era.",Mr. Christophe Mariette;Mr. Kevin Lee Zi Xian;Ms. Lisa Nyman;Mr. Jayant Kulkarni,"Mr. Christophe Mariette, Co-Founder & Chairman - Lyra India, Lyra Network;Mr. Kevin Lee Zi Xian, CEO & Country Head, Razorpay Curlec;Ms. Lisa Nyman, Chief Revenue Officer, Pay10;Mr. Jayant Kulkarni, Global Head of Merchant Services, HSBC",Ms. Arti Singh,"Ms. Arti Singh, Founder and Editor, The Head and Tale",jmz9v70jml0i1x81kfq4p38l,2025,https://2025.globalfintechfest.com/agenda,2026-08-25T06:37:05Z
20250359,Charting the Course to Autonomous Banking,2025-10-07,11:00 AM,12:30 PM,Hall 102,,Level 1,Round Table,Invite Only,Invite Only,"This curated, by-invitation-only discussion will bring together CXOs and senior leaders from the fintech and BFSI ecosystem to explore how Predictive, Generative, and Agentic AI will redefine the future of financial services—creating banking that is not just automated, but predictive, intuitive, and seamlessly integrated into customers’ lives.",,,,,n0n535ehi5ip0qd4uf8oqfq8,2025,https://2025.globalfintechfest.com/agenda,2026-08-25T06:37:05Z
20250465,Fragmented or Fortified? – The Rise of a Layered Fintech Landscape,2025-10-07,11:00 AM,11:40 AM,Lotus 1,,Level 3,Panel Discussion and Report Launch,,,,Mr. Anand Rathi;Mr. Madhusudan Ekambaram;Mr. Bhavik Hathi;Mr. Shashvat Nakrani,"Mr. Anand Rathi, Founder & Chairman, Anand Rathi Group;Mr. Madhusudan Ekambaram, Cofounder & CEO, KreditBee;Mr. Bhavik Hathi, Managing Director and Co-head, Global Transaction Advisory Group, Alvarez & Marsal, Alvarez and Marsal;Mr. Shashvat Nakrani, Founder & COO, BharatPe",Mr. Sagar Agarvwal,"Mr. Sagar Agarvwal, Founder and Managing Partner, Beams Fintech Fund",vb8nwr2xtwlfhl8bymbyzjcq,2025,https://2025.globalfintechfest.com/agenda,2026-08-25T06:37:05Z
20250562,Trust Without Borders: Securing Cross-Border Data in Real-Time Finance,2025-10-07,11:00 AM,11:40 AM,Hall 206 A&B,,Level 2,Panel Discussion,"Security, Trust, Data",Security;Trust;Data,"As digital finance goes global, the need to manage and secure data across jurisdictions has never been more critical. This session brings together global leaders in technology, regulation, and finance to explore how institutions can safeguard data while ensuring seamless cross-border financial operations. Panelists will discuss frameworks for trust, innovations in data governance, and strategies to enable real-time finance without compromising on security or compliance.",Ms. Jessica Renier;Mr. Ravindra N;Mr. Pramod Rao;Mr. Sanjib Parida,"Ms. Jessica Renier, Managing Director, Digital Finance, Institute of International Finance (IIF);Mr. Ravindra N, CRO, Bank of Baroda;Mr. Pramod Rao, Group Chief Risk Officer, PayU;Mr. Sanjib Parida, Chief Technology Officer, iServeU Technology",Mr. Sanjib Subba,"Mr. Sanjib Subba, Founder, Kathmandu Fintek",xw0oy42bn88bwgq2tsgc1f07,2025,https://2025.globalfintechfest.com/agenda,2026-08-25T06:37:05Z
20250584,Technology Resilience,2025-10-07,11:00 AM,11:40 AM,Lotus 3,,Level 3,Panel Discussion,"Capital Markets, Regulation",Capital Markets;Regulation,Logging and Monitoring Mechanism (LAMA) - System to Monitor and Analyze the Activities of Stockbroker's Critical Applications and Infrastructure. Investor Risk Reduction Access (IRRA) - Platform Available to Investors in case of Technical Glitches in Member's Trading PlatformsSoftware as a Service (SaaS) - Two way Portability Function between Clearing Corporations to Ensure Business Continuity in the Face of Any Kind of a Disaster,Ms. Renu Bhandari;Mr. Viral Davda;Ms. Vaisshali Babu,"Ms. Renu Bhandari, Senior Vice President, National Stock Exchange of India;Mr. Viral Davda, Deputy CIO, BSE;Ms. Vaisshali Babu, Managing Director & CEO, Indian Clearing Corporation (ICCL)",Mr. Sunil Kadam,"Mr. Sunil Kadam, Executive Director, Securities and Exchange Board of India",el69k90p6fwy5m6z55iucsgt,2025,https://2025.globalfintechfest.com/agenda,2026-08-25T06:37:05Z
20250710,Digitising Rural Credit: Building Scalable and Sustainable Agri and Micro Finance Models,2025-10-07,11:00 AM,11:35 AM,Lotus 2,,Level 3,Panel Discussion,"Rural Finance & Economic Empowerment, Agritech, Digital Transformation",Rural Finance & Economic Empowerment;Agritech;Digital Transformation,"Rural credit is vital for economic growth, yet access remains limited and fragmented. This panel will explore how digital innovation can unlock scalable and sustainable finance models for agriculture, rural enterprises, and community-based institutions by combining technology, policy, and institutional support. The discussion will highlight how digitisation can reduce inefficiencies, expand financial inclusion, and build resilient credit frameworks that empower rural economies.",Shri Goverdhan Singh Rawat;Mr. Rajneesh Karnatak;Mr. Thomas Muthoot John,"Shri Goverdhan Singh Rawat, Deputy Managing Director, NABARD;Mr. Rajneesh Karnatak, Managing Director & CEO, Bank of India;Mr. Thomas Muthoot John, Executive Director, Muthoot Microfin",Mr. Harshvardhan Lunia,"Mr. Harshvardhan Lunia, Former - Chair of Fintech Convergence Council, and Former Co-Founder, Lendingkart",rt8kmv3uxyb7uqy1uhs1ryto,2025,https://2025.globalfintechfest.com/agenda,2026-08-25T06:37:05Z
20250849,NPCI Technology Landscape,2025-10-07,11:00 AM,11:45 AM,Cube,,Level 1,Masterclass,,,,Mr. Sateesh Palagiri,"Mr. Sateesh Palagiri, Chief Mobility Solutions, National Payments Corporation of India",,,xtv6rxxne3j6m76de3gj1lka,2025,https://2025.globalfintechfest.com/agenda,2026-08-25T06:37:05Z
65,GFF special interest rate for Home Loan (includes Home Loan Balance Transfer) | Jio Financial Services Limited,2025-10-07,11:00 AM,12:00 PM,Pavilion,A2,Ground Level,Offer on Product,,,Get a Home Loan now. Exclusive rate of 7.99% p.a.* for GFF attendees. Interest rate applicable for Balance Transfers too!,Debarshi Das,"Debarshi Das, Product Manager - Home Loans, Jio Credit Limited",,,xz9pmrauzpu77erde7chxef9,2025,https://2025.globalfintechfest.com/agenda,2026-08-25T06:37:05Z
20250888,From Paris to Mumbai: Connecting Continents Through Finance and Technology,2025-10-07,11:10 AM,11:25 AM,Jasmine 3,,Level 3,Keynote,,,,Mr. Francois Villeroy de Galhau,"Mr. Francois Villeroy de Galhau, Governor, Banque de France",,,ejpvdpvp8uhlblsl7p6fya58,2025,https://2025.globalfintechfest.com/agenda,2026-08-25T06:37:05Z
20250016,Empowering Finance for a Better World - Powered by AI,2025-10-07,11:30 AM,12:40 PM,Jasmine 3,,Level 3,Inaugural Session,"Ecosystem, Policy, AI",Ecosystem;Policy;AI,"The inaugural session sets the tone for GFF2025, bringing together national and global leaders to reflect on the transformative power of AI in reshaping finance for inclusion, innovation, and global growth. With a focus on India’s pioneering role in building trusted, scalable digital financial infrastructure, the discussion will highlight the intersection of public policy, emerging technologies, and fintech innovation. Key priorities include strengthening global collaboration, advancing ethical AI adoption, and positioning finance as a tool to drive sustainable and equitable progress worldwide.Launch of Foreign Currency Settlement System (FCSS) of GIFT IFSC Release of Report: Convergence: Human + AI For The Next Era Of Finance",Mr. Vishwas Patel;Mr. Kris Gopalakrishnan;Smt. Nirmala Sitharaman;Ms. Sohini Rajola,"Mr. Vishwas Patel, Joint Managing Director, Infibeam Avenues & Chairman, PCI;Mr. Kris Gopalakrishnan, Chair, GFF2025, Founder - Infosys and Chairman, Axilor Ventures;Smt. Nirmala Sitharaman, Hon'ble Minister of Finance & Corporate Affairs, Government of India;Ms. Sohini Rajola, Executive Director - Growth, National Payments Corporation of India",,,p5ldudp2zljwiwwlcvgqk7r3,2025,https://2025.globalfintechfest.com/agenda,2026-08-25T06:37:05Z
20250554,"Beyond APIs : Can India's Fintech Infra Power the Next Billion in Asia, Africa & Beyond",2025-10-07,11:30 AM,12:10 PM,The Studio,,Level 1,Panel Discussion,"Innovation, DPI, Inclusion",Innovation;DPI;Inclusion,"India's fintech architecture, built on open APIs and interoperable public infrastructure, has reshaped domestic digital finance. But can this model be replicated in global contexts? This discussion explores the feasibility and nuances of exporting India's fintech framework to developing economies across Asia and Africa - addressing challenges in interoperability, trust, data governance, and localized innovation.",Mr. Pranay Jhaveri;Mr. Pramod Sharma;Mr. Satyajit Kanekar;Mr. Amit Kapoor,"Mr. Pranay Jhaveri, Managing Director, India & South Asia, Euronet Worldwide;Mr. Pramod Sharma, Founder & CEO, IntelleWings;Mr. Satyajit Kanekar, Co-Founder, 86400;Mr. Amit Kapoor, Founder & CEO, OneStack",Mr. Sanjiv Purushotham,"Mr. Sanjiv Purushotham, Founder & CEO, Bridge Solutions",aww39o1qiz88b2ftny4nyk38,2025,https://2025.globalfintechfest.com/agenda,2026-08-25T06:37:05Z
20250560,From Grams to Apps: Unlocking Wealth with Digital Gold,2025-10-07,11:30 AM,12:10 PM,Hall 104 A&B,,Level 1,Panel Discussion,"Innovation, Ecosystem, Digital Gold",Innovation;Ecosystem;Digital Gold,"Digital gold is transforming age-old savings traditions into mobile-first, secure, and accessible experiences for the masses. This panel explores how fintechs and platforms are leveraging technology to democratize gold investing, create liquidity, and integrate precious metals into the broader digital wealth ecosystem. The discussion will examine innovations, regulations, consumer adoption trends, and what lies ahead for gold as an everyday digital asset.",Mr. Gaurav Mathur;Ms. Niharika Saigal;Ms. Surbhe Sharma,"Mr. Gaurav Mathur, Founder and CEO, Digital Gold India (SafeGold);Ms. Niharika Saigal, Head - In App Categories, PhonePe;Ms. Surbhe Sharma, CEO, Jio Finance Platform and Service",Ms. Hena Mehta,"Ms. Hena Mehta, Co-founder, Basis Foundation",t8ek4mz54q2pv9lqymt0r1yo,2025,https://2025.globalfintechfest.com/agenda,2026-08-25T06:37:05Z
30,Smart Scrutiny: Redefining Risk and Compliance in Financial Services | M2P Fintech,2025-10-07,11:30 AM,12:00 PM,Pavilion,O1,Ground Level,Workshop,,,"B2B Talks is a platform for businesses and thought leaders to share insights, showcase innovations, and explore ideas that drive collaboration and growth",Swarna Rethas and Niranjan Mujumdar,"Swarna Rethas and Niranjan Mujumdar, Vice President, M2P Fintech",,,haoicbdp4dwde6rj6g1vgsi4,2025,https://2025.globalfintechfest.com/agenda,2026-08-25T06:37:05Z
20250292,"Unlocking India’s Credit Network: Standardized, Inclusive, and Built on ONDC",2025-10-07,11:50 AM,12:30 PM,Hall 206 A&B,,Level 2,Panel Discussion,"Infrastructure, Ecosystem, Credit",Infrastructure;Ecosystem;Credit,"India’s credit landscape is being redefined through open, standardized, and interoperable frameworks enabled by ONDC. This panel will explore how a unified credit network can expand access, foster inclusion, and streamline lending for consumers and small businesses alike. Leaders from banking, fintech, and digital platforms will discuss how collaboration, data-driven innovation, and interoperability can unlock new opportunities and build a more transparent, resilient credit ecosystem.",Mr. PV Sreekanth;Mr. Pradeep Sharma;Mr. Abhijit Singh;Mr. Arvind Vohra;Mr. Abhishek Deshmukh;Mr. Ashish Panchal,"Mr. PV Sreekanth, Chief- Bajaj Finserv Digital Platforms, Bajaj Finance;Mr. Pradeep Sharma, Director - Lending, Tata Digital;Mr. Abhijit Singh, Group Head (BaaS, Digital Ecosystems and International Banking), HDFC Bank;Mr. Arvind Vohra, Country Head / Group Head - Retail Assets, Rural Banking and Microfinance, HDFC Bank;Mr. Abhishek Deshmukh, Senior Executive Vice President & Country Head, Unsecured Loans Business, HDFC Bank;Mr. Ashish Panchal, MD & CEO, Bajaj Finserv Direct",Mr. Hrushikesh Mehta,"Mr. Hrushikesh Mehta, SVP, Financial Services, Open Network For Digital Commerce (ONDC)",t6uh1ik61eaccgk30er7sg69,2025,https://2025.globalfintechfest.com/agenda,2026-08-25T06:37:05Z
1,Technical Ransomware Simulation | Samay Infosolutions,2025-10-07,12:00 PM,12:30 PM,Jasmine,JD 10 & 11,Level 3,Product Showcase & Demo,,,"A technical Ransomware Simulation that can safely test detection, response, and resilience of your environment without introducing real malware.",Samay Team,"Samay Team, Threat Analyst, Samay Infosolutions Private Limite",,,vt2ob3dvsmgcowyysh6n08l1,2025,https://2025.globalfintechfest.com/agenda,2026-08-25T06:37:05Z
27,Omni Stack Launch | Razorpay,2025-10-07,12:00 PM,12:15 PM,Pavilion,V1,Ground Level,Product Launch,,,Showcasing new Single stack solution powering both online and offline payment needs for bank’s merchants.,Pravir Sanker,"Pravir Sanker , Senior Director, Product Management, Razorpay",,,bcaqdauw6ivavf0pess6boya,2025,https://2025.globalfintechfest.com/agenda,2026-08-25T06:37:05Z
29,Perfios' Journey Builder: Launching the Future of Frictionless Customer Journeys | Perfios,2025-10-07,12:00 PM,12:20 PM,Pavilion,I7,Ground Level,Product Launch,,,"Join us for the official launch of Perfios' Journey Builder, the revolutionary platform for creating frictionless customer experiences. This isn't just a new tool; it's a new way of working. We'll unveil how you can go from blueprint to live, pixel-perfect UI in an instant, finally giving business teams the power to control and optimize their customer journeys without relying on development cycles.",Alok Agarwal,"Alok Agarwal, Senior Director Engineering - Technical Delivery, Perfios Software Solutions",,,wpogw9cj6e6si0yf12e0a2qw,2025,https://2025.globalfintechfest.com/agenda,2026-08-25T06:37:05Z
54,IDFC – Industry First Digi Escrow | TransBnk,2025-10-07,12:00 PM,12:30 PM,Pavilion,"S12, S13, S14, S15",Ground Level,Product Launch,,,"Together with IDFC First Bank, TransBnk is launching the first of its kind digital escrow hub for corporate banking. Designed with real-time dashboards, multi-entity workflows, bulk payment capabilities, and advanced security, this solution transforms how businesses manage complex escrow arrangements—across co-lending, TRA, LRD, and buyer-seller transactions.",Sanjiv Shenoy & Vaibhav Tambe,"Sanjiv Shenoy & Vaibhav Tambe, Product Head - CMS & Escrow (Transaction Banking), IDFC First & TransBnk",,,brwtof5h36le6q4pqevnqvgv,2025,https://2025.globalfintechfest.com/agenda,2026-08-25T06:37:05Z
20250421,Balancing Security & Convenience with Biometric Based Payments,2025-10-07,12:20 PM,1:00 PM,The Studio,,Level 1,Panel Discussion,"Customer Engagement, Security, Payments",Customer Engagement;Security;Payments,"Biometric-based payments are redefining how consumers authenticate and transact by combining speed with security. This panel will explore how fingerprints, facial recognition, and other biometric technologies are being integrated into payment systems to enhance trust and convenience. Leaders from fintech, banking, and digital identity will discuss the challenges of adoption, privacy safeguards, and the balance between innovation and regulation in shaping the future of secure, user-friendly payments.",Mr. Sumnesh Joshi;Mr. Abhishek Kumar Singh;Mr. Ajay Kanwal;Mr. Kaushik Srinivasan,"Mr. Sumnesh Joshi, Deputy Director General, Ministry of Communications Government of India;Mr. Abhishek Kumar Singh, Deputy Director General, Unique Identification Authority of India;Mr. Ajay Kanwal, Managing Director & CEO, Jana SFB;Mr. Kaushik Srinivasan, Co-Founder, eMudhra",Mr. Deval Sheth,"Mr. Deval Sheth, Managing Director - Asia Pacific, Utimaco",a6z254sja9a0tnlav6nx5knt,2025,https://2025.globalfintechfest.com/agenda,2026-08-25T06:37:05Z
20250565,Breaking Silos: The Full-Stack Fintech Infrastructure Play,2025-10-07,12:20 PM,1:00 PM,Hall 104 A&B,,Level 1,Panel Discussion,"Digital Transformation, Infrastructure",Digital Transformation;Infrastructure,"Leaders from across banking, lending, and fintech platforms come together to explore how a truly integrated, full-stack infrastructure can unlock the next phase of financial innovation. The discussion will focus on bridging gaps between legacy systems and new-age platforms, enabling interoperability, and delivering seamless, customer-first solutions at scale. Expect actionable insights on partnerships, product architectures, and operational strategies that can redefine efficiency and agility in financial services.",Mr. Raja Debnath;Mr. Vishal Dalal;Mr. Khalifa Naddari;Ms. Bhargavi Sridharan,"Mr. Raja Debnath, Chairperson & CEO, Veefin Solutions;Mr. Vishal Dalal, Global CEO, Pismo;Mr. Khalifa Naddari, Head of Sales, Ericsson Mobile Financial Services;Ms. Bhargavi Sridharan, Head - ABCD and ABC One, Aditya Birla Capital Digital",Mr. Madhur Singhal,"Mr. Madhur Singhal, Managing Partner & CEO, Praxis Global Alliance",sxax5amo9d5m4h4k14l2pv4h,2025,https://2025.globalfintechfest.com/agenda,2026-08-25T06:37:05Z
20250323,"The Global Insurance Reset: AI, Consumer Trust & Experience, Policy, and Business Impact",2025-10-07,12:25 PM,1:05 PM,Lotus 2,,Level 3,Panel Discussion,"Digital Transformation, Insurance, AI",Digital Transformation;Insurance;AI,"Insurance is undergoing a profound reset driven by the convergence of artificial intelligence, evolving consumer expectations, and new policy frameworks. This discussion will examine how AI is reshaping underwriting, claims, and risk assessment while raising critical questions of trust, transparency, and fairness. Industry leaders will also reflect on the role of policy and regulation in building consumer confidence and guiding responsible innovation, ensuring that the insurance sector remains resilient and inclusive in the digital era.",Mr. Sami Mahmal;Mr. Steven Chan;Mr. Dheepak Rajoo;Mr. Kiran Belsekar,"Mr. Sami Mahmal, Head of Data & AI, Asia-Pacific, Zurich Insurance Group;Mr. Steven Chan, Group Chief Government Relations and Policy Officer, Prudential PLC;Mr. Dheepak Rajoo, Chief Information Officer, Royal Sundaram;Mr. Kiran Belsekar, Executive Vice President, Bandhan Life",Mr. Kulin Shah,"Mr. Kulin Shah, Co-founder & COO, Onsurity",fyw4tgj814qyg8x2h9nltgaa,2025,https://2025.globalfintechfest.com/agenda,2026-08-25T06:37:05Z
19,Pine Labs Switchboard: One Integration to Supercharge Onboarding Conversions | Pine Labs,2025-10-07,12:30 PM,12:45 PM,Pavilion,E2,Ground Level,Product Showcase,,,"Optimizing for user conversions if important on every step of your onboarding. However, onboarding journeys often break with single-vendor reliance. Adding more vendors usually means messy integrations, rising costs, and endless operational overhead. Setu Switchboard fixes this with one simple integration — connecting you to multiple partners for every step of onboarding:VerifySwitch for identity verification, AASwitch for financial data verification via Account Aggregator, SignSwitch for seamless digital signing.With smart routing and built-in failover, Switchboard boosts conversions by up to 15% while cutting vendor management to zero. The easiest way to scale compliant, seamless onboarding.","""Kaushal Mohan Principal Product Manager","""Kaushal Mohan Principal Product Manager, Setu By Pine Labs Ambika Pande Product Manager, Setu By Pine Labs"", ""Kaushal Mohan Principal Product Manager, Setu By Pine Labs Ambika Pande Product Manager, Setu By Pine Labs"", Pine Labs",,,j3c89xr467oc3ejk0pp7mtc5,2025,https://2025.globalfintechfest.com/agenda,2026-08-25T06:37:05Z
20250306,"Building a Real-Time, Retail Centric Bond Market: Challenges and Tech Solutions",2025-10-07,12:30 PM,1:10 PM,Lotus 3,,Level 3,Panel Discussion,"Investments, Regulation, Capital Markets",Investments;Regulation;Capital Markets,"Unlocking retail participation in India’s bond market requires a fundamental shift in how debt instruments are issued, accessed, and traded. This panel brings together regulatory leaders and market experts to explore the technology and policy innovations needed to create a real-time, inclusive bond market. From digitized on-boarding and transparent pricing to secondary market liquidity and investor education, the discussion will focus on bridging infrastructure gaps, enabling access at scale, and ensuring regulatory safeguards that protect and empower the retail investor.",Mr. Prashant Vagal;Mr. Ajay Manglunia;Ms. Aditi Mittal;Mr. Tirth Shah,"Mr. Prashant Vagal, Chief Operating Officer, National Securities Depository (NSDL);Mr. Ajay Manglunia, Former MD & CEO, JM Financial and Executive Director, Capri Global Capital;Ms. Aditi Mittal, Co-Founder, IndiaBonds;Mr. Tirth Shah, Founder, The Fixed Income",Ms. Maninder Cheema,"Ms. Maninder Cheema, Executive Director, Securities and Exchange Board of India",lej9z654wqm0h1ry3u5nsdw3,2025,https://2025.globalfintechfest.com/agenda,2026-08-25T06:37:05Z
20250696,Essential Innovation: Focused Language Models and the Architecture of Future Financial Infrastructure,2025-10-07,12:30 PM,1:00 PM,Grand Theater,,Ground Level,Address,"Innovation, Financial Services, AI",Innovation;Financial Services;AI,"The future of financial infrastructure will be built on intelligent systems tailored for the sector’s unique needs. This address will explore how focused language models can deliver secure, explainable, and high-performance AI capabilities for finance. By aligning innovation with trust and regulatory expectations, these models can become the foundation of next-generation financial infrastructure - driving resilience, efficiency, and customer confidence.",Dr. Scott Zoldi,"Dr. Scott Zoldi, Chief Analytics Officer, FICO",,,w9q6y1pn8g5lu2bjm0gl9oey,2025,https://2025.globalfintechfest.com/agenda,2026-08-25T06:37:05Z
4,Product Demo | BRISKPE,2025-10-07,12:30 PM,12:45 PM,Pavilion,Z78,Ground Level,Demo,,,Product Demo on Bulk Payments,Rohan Dani,"Rohan Dani, Regional Partnerhip Head, BRISKPE",,,vyy3jp4bcu6uvubbo6g1dx4e,2025,https://2025.globalfintechfest.com/agenda,2026-08-25T06:37:05Z
74,Cashfree Payments - AI Powered Multi-Lingual Video KYC | Cashfree Payments,2025-10-07,12:30 PM,1:00 PM,Pavilion,B2,Ground Level,Product Launch,,,"Introducing AI-Powered Multi-Lingual Video KYC by Secure ID, Cashfree Payments. Built on advanced AI, it reimagines digital verification with real-time forgery detection, deepfake defense, and seamless native-language support across 20+ languages. Designed for low-bandwidth environments at just 75 Kbps, the solution boosts call completions by 80%, reduces drop-offs by 50%, and delivers verified journeys in under three minutes ,combining innovation, compliance, and inclusivity to power the next era of digital onboarding.",Reeju Datta,"Reeju Datta, Co-Founder, Cashfree Payments",,,hfxd4ri5fcl9xumh9s7zyx3b,2025,https://2025.globalfintechfest.com/agenda,2026-08-25T06:37:05Z
20250459,"Beyond Borders, Beyond Capital: Building a Global Fintech Investment Playbook",2025-10-07,12:35 PM,1:15 PM,Lotus 1,,Level 3,Panel Discussion,"Capital Markets, Ecosystem, Investments",Capital Markets;Ecosystem;Investments,"Global capital flows and cross-border partnerships are reshaping the fintech investment landscape. This panel will bring together leading investors to chart a playbook for building resilient, scalable, and globally competitive fintech ventures. Discussions will cover evolving investor priorities, opportunities across emerging markets, and strategies for navigating regulatory and market complexities - highlighting how India’s ecosystem can attract and deploy capital beyond borders.",Mr. Gopal Srinivasan;Mr. Nobutake Suzuki;Mr. Vikram Vaidyanathan;Mr. Ajay Rajan,"Mr. Gopal Srinivasan, Chairman & Managing Director, TVS Capital Funds;Mr. Nobutake Suzuki, President & CEO, MUFG Innovation Partners;Mr. Vikram Vaidyanathan, Managing Director, Z47;Mr. Ajay Rajan, Country Head – Transaction Banking, Yes Bank",Mr. Bhavani Rana,"Mr. Bhavani Rana, Technology Investment Advisor, Susquehanna Asia VC",pbg6u6jz75nrgkohxdvym356,2025,https://2025.globalfintechfest.com/agenda,2026-08-25T06:37:05Z
20250411,Accelerated Compute Infrastructure for Next-Gen Financial Workloads,2025-10-07,12:40 PM,1:25 PM,Cube,,Level 1,Masterclass,"Digital Transformation, Emerging Technology",Digital Transformation;Emerging Technology,"Next-generation financial services require infrastructure capable of handling massive data, complex models, and real-time processing at scale. This masterclass will explore how accelerated compute platforms are enabling breakthroughs in payments, digital services, and advanced financial analytics. Participants will gain insights into how high-performance architectures can deliver secure, efficient, and resilient financial workloads, powering innovation across the evolving fintech ecosystem.",Mr. Yogesh Sawant,"Mr. Yogesh Sawant, Sr. Solution Architect, NVIDIA",,,rkokcjflhfkemndhujdivxfi,2025,https://2025.globalfintechfest.com/agenda,2026-08-25T06:37:05Z
20250434,Disruption in Credit for Last Mile Inclusion,2025-10-07,12:40 PM,1:20 PM,Hall 204 A&B,,Level 2,Panel Discussion,"Credit, Inclusion, Digital Transformation",Credit;Inclusion;Digital Transformation,"Credit access is undergoing a disruption as new models emerge to reach underserved and last-mile communities. This panel will explore how traditional lenders and new-age institutions are leveraging digital transformation, data-driven insights, and ecosystem partnerships to expand credit inclusion. Leaders will discuss innovations in product design, risk assessment, and distribution that can bridge gaps in affordability and availability, unlocking growth for individuals and small enterprises alike.",Mr. Ratan Kumar Kesh;Mr. Alok Mittal;Mr. Chandan Khaitan;Mr. Nishchay Ag,"Mr. Ratan Kumar Kesh, ED, Bandhan Bank;Mr. Alok Mittal, Co-founder and CEO, Indifi;Mr. Chandan Khaitan, CEO, Muthoot FinCorp ONE;Mr. Nishchay Ag, Co-Founder & CEO, Jar",Mr. Tamal Bandyopadhyay,"Mr. Tamal Bandyopadhyay, Consulting Editor, Business Standard",prpi6d7f4zwmx7dobrrylysq,2025,https://2025.globalfintechfest.com/agenda,2026-08-25T06:37:05Z
20250456,Cross-Border Digital Finance – Regional Strategies and South-South Collaboration,2025-10-07,12:40 PM,1:20 PM,Hall 206 A&B,,Level 2,Panel Discussion,"Inclusion, Collaborations, Cross Border",Inclusion;Collaborations;Cross Border,"Cross-border digital finance is unlocking new opportunities for growth, resilience, and inclusion across emerging markets. This panel will explore regional strategies and South-South collaborations that can accelerate innovation, interoperability, and financial access. Leaders from diverse ecosystems will discuss how shared learnings, partnerships, and policy alignment can build a more connected digital finance landscape, enabling developing economies to thrive in the global marketplace.",Mr. Takeshi Kito;Mr. Syed Musheer Ahmed;Mr. Pradyuman Pokharel;Mr. Bo Tolstrup Christensen,"Mr. Takeshi Kito, Co-founder & CEO, Global Finance & Technology Network Japan;Mr. Syed Musheer Ahmed, Founder, Finstep Asia;Mr. Pradyuman Pokharel, Chief Executive Officer, Muktinath Bikas Bank;Mr. Bo Tolstrup Christensen, Principal Financial Solutions & Strategy Manager, Agreena",Ms. Vanessa Ho,"Ms. Vanessa Ho, Co-Founder, Fintech Nation",vkqz8w8prbxmjc10n815u64k,2025,https://2025.globalfintechfest.com/agenda,2026-08-25T06:37:05Z
20250190,Fintech Diplomacy: Building Bridges for Inclusive Global Growth,2025-10-07,12:45 PM,1:05 PM,Jasmine 3,,Level 3,Address,"Cross Border, Collaborations, Inclusion",Cross Border;Collaborations;Inclusion,,Mr. Mahaveer Singhvi,"Mr. Mahaveer Singhvi, Joint Secretary (New Emerging and Strategic Technologies Division), Ministry of External Affairs, Government of India",,,lpqhq3tj54qc8zpp602eco2v,2025,https://2025.globalfintechfest.com/agenda,2026-08-25T06:37:05Z
20250702,The Next Growth Engine: IoT-Enabled Payments for New India,2025-10-07,12:55 PM,1:40 PM,Hall 202,,Level 2,Masterclass,"IoT, Payments, Innovation",IoT;Payments;Innovation,"As India accelerates its digital journey, IoT-enabled payments are emerging as the next growth engine - transforming mobility, retail, and everyday commerce. This masterclass will explore how connected devices are powering frictionless transactions, creating new business models, and enabling secure, seamless customer experiences. Participants will gain insights into the opportunities, challenges, and regulatory considerations that will shape IoT-driven payments for New India.",Mr. Amit Lakhotia;Mr. Abhishek Saxena,"Mr. Amit Lakhotia, Founder, ParkPlus;Mr. Abhishek Saxena, Founder, OmniCard",,,nucsgleqfvjhg15k9b9fj8h5,2025,https://2025.globalfintechfest.com/agenda,2026-08-25T06:37:05Z
20250405,Digitally Included: Building a Financial Ecosystem for All,2025-10-07,2:00 PM,2:40 PM,Lotus 2,,Level 3,Discussion,"Financial Services, Inclusion, Identity",Financial Services;Inclusion;Identity,"Digital inclusion is no longer just about access - it is about building a financial ecosystem where every individual can participate securely, seamlessly, and with trust. This trialogue brings together global financial leaders and policy shapers to explore how digital identity, inclusive infrastructure, and cross-border collaboration can unlock new opportunities for underserved communities. The conversation will highlight the roles of the public and private sectors in enabling digital infrastructure and financial innovation to create inclusive, resilient, and trusted ecosystems.",Shri Neelkanth Mishra;Mr. Turky Kabarah;Mr. Arnaud Bacha,"Shri Neelkanth Mishra, Chairperson (Part-time), Unique Identification Authority of India (UIDAI), and Chief Economist, Axis Bank;Mr. Turky Kabarah, Fintech Enablement Director, Saudi Central Bank (SAMA);Mr. Arnaud Bacha, Director - Digital Innovation and Payments Systems, Bank of Mauritius",Mr. Ravi Aurora,"Mr. Ravi Aurora, Senior Vice President, Global Public Policy & Government Affairs, Mastercard",k7xwca38lndqrs75m9cxdk2d,2025,https://2025.globalfintechfest.com/agenda,2026-08-25T06:37:05Z
20250564,"AI-Powered Risk Engines: Building Trust in Real-Time, Always-On Payments",2025-10-07,2:00 PM,2:40 PM,Hall 104 A&B,,Level 1,Panel Discussion and Report Launch,"Payments, Trust, AI",Payments;Trust;AI,"With digital payments accelerating, the demand for intelligent, adaptive risk management is surging. This discussion explores how AI-powered risk engines are enhancing trust, detecting fraud in milliseconds, and enabling secure, seamless transaction flows at scale - across geographies and platforms.Release of Report - 'Reimagining Global Financial Services and Payments through Emerging Tech'",Mr. Manish Mimani;Mr. Rishi Sarin;Mr. Nishant Shekhar;Mr. Pravin Tambe,"Mr. Manish Mimani, Founder & CEO, Protectt.ai Labs;Mr. Rishi Sarin, Head of Pre-sales APAC, BPC Banking Technologies;Mr. Nishant Shekhar, Chief Product Officer, Wegofin Digital Solutions;Mr. Pravin Tambe, Senior Vice President, Winjit Technologies",Mr. Rajesh Dhuddu,"Mr. Rajesh Dhuddu, Partner & Leader - Emerging Tech, PwC",rc5dktoe7a0es5lcb64i8fmw,2025,https://2025.globalfintechfest.com/agenda,2026-08-25T06:37:05Z
20250730,"FATF, Fintech & India’s AML Regime: Are We Ready for Global Standards?",2025-10-07,2:00 PM,2:40 PM,The Studio,,Level 1,Trialogue,"FinCrime, Regulation, Compliance",FinCrime;Regulation;Compliance,"As India deepens its fintech footprint, aligning with global Anti-Money Laundering (AML) standards set by the FATF has never been more critical. This trialogue will explore the readiness of India’s AML framework in the context of rapid digital innovation. Leaders from government, fintech, and regtech will discuss how compliance, technology, and trust can converge to safeguard the ecosystem while enabling sustainable growth and global confidence in India’s financial systems.",Mr. Ilancheliyan V;Mr. Juspal Manic,"Mr. Ilancheliyan V, Joint Director, Financial Intelligence Unit (FIU-IND), Ministry of Finance, Government of India;Mr. Juspal Manic, Chief Revenue Officer, Featurespace",Mr. Anuj Bhansali,"Mr. Anuj Bhansali, Head of Trust & Safety, PhonePe",pf52rtvjo5jofkupgsyazjq5,2025,https://2025.globalfintechfest.com/agenda,2026-08-25T06:37:05Z
20250798,Tokenization and the Role of Agentic AI Workflows in Enabling Tokenized Economies,2025-10-07,2:05 PM,2:35 PM,Lotus 1,,Level 3,Trialogue,"Tokenization, Banking, AI",Tokenization;Banking;AI,"As the financial world moves toward tokenized assets and programmable money, the role of intelligent, agentic AI workflows becomes critical. This trialogue brings together global leaders to explore how tokenization can transform payments, settlements, and asset management, while AI-driven workflows ensure security, scalability, and efficiency. The discussion will highlight the opportunities and challenges in building trusted tokenized economies that redefine the future of banking and global finance.",Mr. Manish Kohli;Dr. Pramod Varma;Mr. Shridhar Garge,"Mr. Manish Kohli, Global Head - Global Payments Solutions, HSBC;Dr. Pramod Varma, Co-Founder & Chief Architect, Finternet Labs;Mr. Shridhar Garge, Director Partnerships & Programs, NVIDIA India",,,y1qwatcqno62tcg2rmm0nnxm,2025,https://2025.globalfintechfest.com/agenda,2026-08-25T06:37:05Z
20250317,Future of Cyber Security for the Financial Sector,2025-10-07,2:10 PM,2:50 PM,Lotus 3,,Level 3,Panel Discussion,"Financial Services, Risk, Cyber Security",Financial Services;Risk;Cyber Security,"As financial services increasingly becoming digital, the threat landscape also continues to evolve - demanding proactive, coordinated, and intelligence-led responses. This high-level panel brings together national cybersecurity leaders and regulatory experts to explore the future of cyber defense in the financial sector. The discussion will cover resilience strategies, collaborations, infrastructure, and the role of AI in detecting and neutralizing emerging threats. Emphasis will also be placed on readiness planning for critical financial infrastructure in an era of real-time and borderless finance.",Dr. Gulshan Rai;Dr. Lt. Gen. Rajesh Pant;Lt. Gen. M Unnikrishnan Nair,"Dr. Gulshan Rai, Former National Cyber Security Coordinator, Government of India;Dr. Lt. Gen. Rajesh Pant, Chairman, Cyber Security Association of India;Lt. Gen. M Unnikrishnan Nair, Former National Cyber Security Coordinator - National Security Council Secretariat, Government of India",Mr. Avneesh Pandey,"Mr. Avneesh Pandey, Executive Director, Securities and Exchange Board of India",me5axun7644xh0oomtzf09qi,2025,https://2025.globalfintechfest.com/agenda,2026-08-25T06:37:05Z
20250542,"Digital Lending, What Next?",2025-10-07,2:10 PM,2:50 PM,Hall 204 A&B,,Level 2,Panel Discussion,"Innovation, DPI, Credit",Innovation;DPI;Credit,"As India’s digital lending ecosystem matures, the conversation shifts from rapid growth to sustainable innovation, governance, and consumer trust. This discussion brings together key legal, product, and platform leaders to evaluate how regulatory frameworks, embedded credit models, and advanced underwriting technologies are shaping the future. Panelists will also explore the road ahead for responsible lending, risk mitigation, and scaling access across new customer segments.",Mr. Deepak Mendiratta;Mr. Atish Kumar Rout;Mr. Sadaf Sayeed;Ms. Pallavi Shrivastava,"Mr. Deepak Mendiratta, Chief Executive Officer, PayU Finance India;Mr. Atish Kumar Rout, General Manager, Punjab National Bank;Mr. Sadaf Sayeed, CEO, Muthoot Microfin;Ms. Pallavi Shrivastava, Co-founder, Progcap",Mr. Bhavin Patel,"Mr. Bhavin Patel, CEO & Co-Founder, LenDenClub",xwb9g6b3cutfrkm8wqm5j5lz,2025,https://2025.globalfintechfest.com/agenda,2026-08-25T06:37:05Z
57,Validation Enrichment Services | Citibank,2025-10-07,2:15 PM,2:30 AM,Pavilion,A8-A11,Ground Level,Product Launch,,,Introduction of Citi’s future ready validation platform that allows our clients to perform multiple validation to seamlessly onboard their customers digitally 24xx365 in real time and digitize their end to end journey.,Ms. Anoushka Dua,"Ms. Anoushka Dua, Head, Asia South & JANA, Payments, Citi, Citibank",,,meu01pg0xnvtkxv0bdrxjsxe,2025,https://2025.globalfintechfest.com/agenda,2026-08-25T06:37:05Z
20250662,Redefining Consumer Credit: The Next Chapter for Digital Lenders in India,2025-10-07,2:20 PM,3:00 PM,Hall 206 A&B,,Level 2,Panel Discussion,"Consumer Credit, Lending",Consumer Credit;Lending,"India’s digital lending ecosystem is entering a new phase, driven by shifting consumer expectations, evolving regulations, and the rise of AI-enabled credit assessment models. This discussion will highlight how leading innovators are reshaping consumer credit - balancing access, affordability, and responsible lending practices. The panel will explore what lies ahead for digital lenders as they expand reach, enhance transparency, and build sustainable business models in a competitive market.",Mr. Anil Pinapala;Mr. Ranvir Singh;Mr. Nilesh Patel;Mr. Gaurav Chopra,"Mr. Anil Pinapala, Founder & CEO, Vivifi;Mr. Ranvir Singh, Founder & CEO, Kissht;Mr. Nilesh Patel, Founder & CEO, LeadSquared;Mr. Gaurav Chopra, Founder, Indialends",Mr. Saurabh Chandra,"Mr. Saurabh Chandra, National Leader & Partner, FS Consulting (Domestic), EY",f4ibzhackq3akr78v74a0bol,2025,https://2025.globalfintechfest.com/agenda,2026-08-25T06:37:05Z
20250700,Unmasking Financial Crime: Money Mule Detection with AI,2025-10-07,2:20 PM,3:05 PM,Cube,,Level 1,Masterclass,"FinCrime, Payments, AI",FinCrime;Payments;AI,"Financial crime is becoming more sophisticated, with money mules posing a growing threat to trust and security. This masterclass will demonstrate how AI can detect hidden patterns, identify suspicious networks, and prevent mule activity in real time. Participants will gain practical insights into how data-driven intelligence can strengthen fraud prevention strategies and safeguard the integrity of the digital payments ecosystem.",Mr. Saurav Singla,"Mr. Saurav Singla, Head of Data Science, National Payments Corporation of India",,,bez1dgnhko54b7qg4utavryz,2025,https://2025.globalfintechfest.com/agenda,2026-08-25T06:37:05Z
15,Tap & Pay with Google Wallet – Seamless Redemption of Gift Cards | Pine Labs,2025-10-07,2:30 PM,2:45 PM,Pavilion,E2,Ground Level,Product Showcase,,,"Discover how Pine Labs and Google Wallet are transforming everyday payments by enabling gift cards to be redeemed through Tap & Pay at the PoS. From purchasing and storing a digital gift card in Google Wallet to redeeming it in seconds with a simple tap, experience the future of fast, secure, and delightful checkouts.",Anand Kuppuswamy,"Anand Kuppuswamy , Chief Product and Strategy Officer, Pine Labs",,,qixqdowax9h8bkv1f1nica93,2025,https://2025.globalfintechfest.com/agenda,2026-08-25T06:37:05Z
20250491,Responsible AI for Finance: Balancing Innovation with Financial Stability,2025-10-07,2:30 PM,3:20 PM,Jasmine 3,,Level 3,Address,"Responsible AI, Central Banking, Financial Services",Responsible AI;Central Banking;Financial Services,"As AI reshapes financial services, striking the right balance between innovation and stability becomes essential. This address will highlight how responsible AI can strengthen trust, safeguard financial stability, and unlock new opportunities for inclusive growth in finance.",Mr. T Rabi Sankar,"Mr. T Rabi Sankar, Deputy Governor, Reserve Bank of India",,,qieg757k548nscydrzpvnjr7,2025,https://2025.globalfintechfest.com/agenda,2026-08-25T06:37:05Z
20250659,Super‑Apps and Financial Ecosystems: Who Will Own the Customer?,2025-10-07,2:30 PM,3:10 PM,Hall 205 A&B,,Level 2,Panel Discussion,"Digital Transformation, Customer Engagement, Ecosystem",Digital Transformation;Customer Engagement;Ecosystem,"Super-apps are redefining customer journeys by integrating payments, credit, commerce, and lifestyle services into a single platform. This panel will explore how financial institutions and tech players are competing and collaborating to become the primary customer interface. The discussion will address questions of trust, data ownership, and long-term loyalty as financial ecosystems converge within super-apps.",Mr. Sandeep Batra;Mr. Virat Diwanji;Mr. Karan Sapra;Mr. Anuvrat Jain,"Mr. Sandeep Batra, MD, HSBC;Mr. Virat Diwanji, National Head - Consumer Bank, Federal Bank;Mr. Karan Sapra, India Payments Head, Google Pay;Mr. Anuvrat Jain, Principal, Growth and Private Equity, Lightspeed",Mr. Vishwanath Nair,"Mr. Vishwanath Nair, Banking Editor & Bureau Chief, NDTV Profit",tvriksvrje3gi9fpifm8z6se,2025,https://2025.globalfintechfest.com/agenda,2026-08-25T06:37:05Z
70,DreamFolks Club Membership Launch: A New Era of Privilege | Dreamfolks Services Ltd.,2025-10-07,2:30 PM,3:30 PM,Pavilion,J2,Ground Level,Product Launch,,,"Building on its legacy of democratizing lounge access in India, DreamFolks now expands its horizon—bringing together travel, leisure, wellness, and lifestyle in one powerful membership. A first-of-its-kind ecosystem of privileges designed for the modern, discerning consumer.Chief Guest: Mr. Ravindra Pandey, Independent Director, Dreamfolks Services Ltd.Co-Speaker: Mr. Sandeep Sonawane, CBO, Dreamfolks Services Ltd.",Ms. Liberatha Kallat,"Ms. Liberatha Kallat, Chairperson & Managing Director , Dreamfolks Services Ltd.",,,rvfe4iizx69dmzwubn3dcw25,2025,https://2025.globalfintechfest.com/agenda,2026-08-25T06:37:05Z
20250824,Bharat Connect for Business: Enabling Growth and Transformation for Businesses through Collaboration,2025-10-07,2:35 PM,3:20 PM,Hall 202,,Level 2,Session,,,"Discover how institutions, finance, and technology are coming together to empower Businesses in India. Join us for an exclusive session with industry leaders from ICAI, Tally, Zoho, Deloitte & HSBC sharing insights, launching innovative products and interesting fireside chat.",Mr. Sivaramakrishnan Iswaran;Mr. Nabendu Das;Mr. Suhail Shaikh;Mr. Pramod Bagri,"Mr. Sivaramakrishnan Iswaran, CEO, Zoho Payment Technologies & Global Head Finance and Operations BU, Zoho;Mr. Nabendu Das, Chief of Chief of Engineering & Head of Products, Tally Solutions;Mr. Suhail Shaikh, Head of Ecosystem & Partnerships, HSBC;Mr. Pramod Bagri, Partner, Business Process Solutions, Deloitte",CA Gyan Chandra Misra,"CA Gyan Chandra Misra, Chairman of the Committee on MSME & Start-up, ICAI",ami9mei273zcmlfdirzhz7x2,2025,https://2025.globalfintechfest.com/agenda,2026-08-25T06:37:05Z
20250579,"Global, Instant, Trusted: What the Next Billion Users Will Expect from Finance",2025-10-07,2:40 PM,3:20 PM,Lotus 1,,Level 3,Panel Discussion,"Digital Transformation, Customer Behaviour Evolution, Inclusion",Digital Transformation;Customer Behaviour Evolution;Inclusion,"The next billion users will demand financial services that are global, instant, and trusted. This panel will explore how technology, customer experience, and regulatory frameworks must evolve to meet rising expectations of speed, transparency, and security. Leaders from banking, fintech, and technology will share perspectives on building platforms that not only scale but also inspire confidence, ensuring inclusive growth in the digital financial ecosystem.",Mr. Akhil Devmurari;Ms. Sonia Dasgupta;Mr. Fredrik Kjell;Mr. Joachim Samuelsson,"Mr. Akhil Devmurari, Fintech Sector Head, J.P. Morgan Payments;Ms. Sonia Dasgupta, MD & CEO - Investment Banking, JM Financial;Mr. Fredrik Kjell, COO, Truecaller;Mr. Joachim Samuelsson, CEO, Crunchfish Digital Cash",Mr. Ankit Ratan,"Mr. Ankit Ratan, Co-founder, Signzy",gbrhh0ocqx44vqhck2utwpzi,2025,https://2025.globalfintechfest.com/agenda,2026-08-25T06:37:05Z
20250595,"Who Owns the Merchant? Reimagining Acquiring, Credit, and Loyalty in a Digital-First Era",2025-10-07,2:45 PM,3:25 PM,Hall 104 A&B,,Level 1,Panel Discussion,"Credit, Merchant Solutions, Customer Engagement",Credit;Merchant Solutions;Customer Engagement,"In a rapidly digitizing payments landscape, the traditional POS model is giving way to new frameworks of merchant engagement. This panel will explore who truly “owns” the merchant relationship in an era where acquiring, credit, and loyalty are converging. Leaders will discuss how banks, fintechs, and technology providers are competing and collaborating to deliver value, deepen trust, and create sustainable merchant ecosystems in the post-POS world.",Mr. Yuvraj Singh Shekhawat;Mr. Rajesh Londhe;Mr. Manish Agrawal;Mr. Mani Mamallan,"Mr. Yuvraj Singh Shekhawat, CBO - Merchant Payments, PhonePe;Mr. Rajesh Londhe, Director, Phi Commerce Private Limited;Mr. Manish Agrawal, General Manager, Punjab National Bank;Mr. Mani Mamallan, Chairman & Managing Director, Electronic Payment and Services (EPS)",Mr. Bindesh Pandey,"Mr. Bindesh Pandey, Group Vice President - Business Development, Digital Financial Solutions, Comviva Technologies",tq8wjfqt1glp21yrug46l7dd,2025,https://2025.globalfintechfest.com/agenda,2026-08-25T06:37:05Z
48,Razorpay ACS - Powering banks with next-gen authentication for maximum conversions. | Razorpay,2025-10-07,2:45 PM,3:00 PM,Pavilion,V1,Ground Level,Product Launch,,,"A next-gen authentication platform designed to maximize revenue for banks by enabling smarter, faster, and more secure transaction flows.It reduces drop-offs, improves success rates, and enhances user experience with intelligent routing, real-time risk assessment, and adaptive authentication.Now live with Yes Bank, powering seamless and high-conversion payment journeys.",Anand Laxmanan,"Anand Laxmanan, Vice President, Product Management, Razorpay",,,khefrth27sarkx0fp8zykjgd,2025,https://2025.globalfintechfest.com/agenda,2026-08-25T06:37:05Z
20250224,Can AI Payments be the Future of Global E-Commerce?,2025-10-07,2:50 PM,3:30 PM,The Studio,,Level 1,Panel Discussion,"E-Commerce Solutions, Emerging Technology, AI",E-Commerce Solutions;Emerging Technology;AI,"As global e-commerce expands, AI-driven payments are emerging as a powerful enabler of speed, security, and personalization. This panel will explore how artificial intelligence, combined with innovations like UPI for international commerce, can redefine cross-border shopping experiences. Leaders from payments, banking, and policy will share insights into potential use cases, regulatory considerations, and the technologies shaping the future of AI-powered payments in global e-commerce.",Mr. Jonathan G Garzon;Mr. Deepak H Saluja;Mr. Ling Wu;Mr. Peng Yang,"Mr. Jonathan G Garzon, Chief Product Officer, Cecoban;Mr. Deepak H Saluja, Founder & CEO, Kee Platforms;Mr. Ling Wu, CEO & Founder, TBCASoft;Mr. Peng Yang, CEO, Ant International",Ms. Veena Venugopal,"Ms. Veena Venugopal, India Newsletter Editor, Financial Times",fba2g2nev8vehzgfu25725qd,2025,https://2025.globalfintechfest.com/agenda,2026-08-25T06:37:05Z
20250711,Blended Finance for Bharat: Unlocking Private Capital for Rural Development,2025-10-07,2:50 PM,3:30 PM,Lotus 2,,Level 3,Panel Discussion,"Rural Finance & Economic Empowerment, Sustainable Finance, Investments",Rural Finance & Economic Empowerment;Sustainable Finance;Investments,"Mobilizing private capital alongside public resources is critical to unlocking rural development at scale. This panel will explore how blended finance can de-risk investments, attract private participation, and accelerate sustainable growth in Bharat’s rural economy. The discussion will highlight innovative financing models, the role of development institutions, and opportunities for building resilient partnerships that empower rural communities.",Dr. Ajay Kumar Sood;Mr. Shyam Srinivasan;Mr. Saravanan Nattanmai,"Dr. Ajay Kumar Sood, Deputy Managing Director, NABARD;Mr. Shyam Srinivasan, Former MD, Federal Bank; Operating Partner & Board Member, TVS Capital Funds;Mr. Saravanan Nattanmai, Partner, Premji Invest",Mr. Abhay Pareek,"Mr. Abhay Pareek, Lead, Fourth Industrial Revolution for Agriculture, World Economic Forum",f2ikzfhqx2n0bufbqok764ik,2025,https://2025.globalfintechfest.com/agenda,2026-08-25T06:37:05Z
20250272,"Driving Real-Time, Frictionless Cross-Border Trade",2025-10-07,2:55 PM,3:35 PM,Hall 204 A&B,,Level 2,Panel Discussion,"Digital Transformation, Cross Border, AI",Digital Transformation;Cross Border;AI,"Seamless cross-border trade demands payments that are instant, reliable, and inclusive. This discussion will examine how artificial intelligence and advanced technologies are eliminating friction in global value flows while ensuring trust, security, and compliance. Leaders from banking, fintech, and policy will share perspectives on building interoperable systems that support real-time settlements, strengthen financial inclusion, and unlock new opportunities for businesses and consumers worldwide.",Ms. Maha El Dimachki;Mr. Graham Davies;Ms. Nikita Tambday;Mr. Carl Kingston,"Ms. Maha El Dimachki, Centre Head - Singapore Centre, BIS Innovation Hub - Singapore Centre;Mr. Graham Davies, Joint CEO & Founder, SendSpend;Ms. Nikita Tambday, Head of Treasury Services Product, J.P. Morgan;Mr. Carl Kingston, Country Head, ANZ Banking Group Ltd",Mr. Tirtha Chatterjee,"Mr. Tirtha Chatterjee, Partner, BCG",ly59v0stevdtekrtmkr2uquw,2025,https://2025.globalfintechfest.com/agenda,2026-08-25T06:37:05Z
13,Showcasing AI Product | BASIC Home Loan,2025-10-07,3:00 PM,3:30 PM,Jasmine,JB-11,Level 3,"Product Launch, Product Showcase, Demo",,,"At BASIC Home Loan, we’re reshaping how Bharat buys homes—making the loan process simple, transparent, and stress-free. With 100+ lending partners and a wide agent-builder network, we’re powering faster approvals across 650+ districts and helping more families achieve home ownership. Now comes our next big step: HOM-i, India’s first AI-powered home loan assistant. Whether it’s instant credit checks, property evaluations, or smart lender matches in 30+ languages, HOM-i is here to make home loans faster, smarter, and easier for everyone.",Atul Monga,"Atul Monga, Founder & CEO, BASIC Home Loan",,,ts1e7z1ih8unq68pvvwwsadb,2025,https://2025.globalfintechfest.com/agenda,2026-08-25T06:37:05Z
20250399,Democratizing Wealth Creation: Leveraging Technology to Enhance Capital Access and Inclusion,2025-10-07,3:00 PM,3:40 PM,Lotus 3,,Level 3,Panel Discussion,"Customer Behaviour Evolution, Investments, Regulation",Customer Behaviour Evolution;Investments;Regulation,"Retail participation in the securities markets is at record highs. Rise of digital platforms has enhanced accessibility. There is however significant scope to bring more investors to the public markets, while encouraging new avenues for investments.This panel will explore how technology can reshape the landscape of wealth creation by expanding access to capital and investment opportunities. Discussions will cover how digital platforms can broaden participation in markets and open new funding avenues for startups. The role of technology in the disintermediation of traditional IPO markets, will be explored. The panel will also delve into the use of technology in strengthening suitability checks, encouraging responsible investing and enhancing last mile accessibility.",Mr. Sid Swaminathan;Mr. Vijay Shekhar Sharma;Mr. Gaurav Kumar,"Mr. Sid Swaminathan, MD & CEO, JioBlackRock AMC;Mr. Vijay Shekhar Sharma, Founder & CEO, Paytm;Mr. Gaurav Kumar, Founder & CEO, Yubi",Mr. Amarjeet Singh,"Mr. Amarjeet Singh, Whole Time Member (WTM), Securities and Exchange Board of India",hwey92gzumkd8g3mv9yi5kyt,2025,https://2025.globalfintechfest.com/agenda,2026-08-25T06:37:05Z
20250786,"Fintech Kal, Aaj aur Kal: Imperitives for Future Growth",2025-10-07,3:00 PM,3:30 PM,Grand Theater,,Ground Level,Discussion,"Fintech, Business Strategy, Policy",Fintech;Business Strategy;Policy,"India’s fintech journey has been marked by bold innovation, rapid scale, and global recognition. This discussion will bring together pioneering leaders to reflect on the sector’s evolution, the challenges shaping its present, and the imperatives that will define its future growth. From regulatory clarity to customer trust, technology adoption to sustainable business models, the dialogue will chart the roadmap for fintech’s Kal, Aaj aur Kal.",Mr. Amrish Rau;Mr. Sahil Kini,"Mr. Amrish Rau, Chief Executive Officer, Pine Labs;Mr. Sahil Kini, Chief Executive Officer, Reserve Bank Innovation Hub (RBIH)",,,tlt8n3w31roikdap6o2pa6f1,2025,https://2025.globalfintechfest.com/agenda,2026-08-25T06:37:05Z
24,Flow AI: Onboarding Agent for the Co-Intelligence Era | HyperVerge,2025-10-07,3:00 PM,3:30 PM,Pavilion,K8,Ground Level,Product Launch,,,"In an era where seamless digital experiences define customer trust, HyperVerge introduces Flow AI - an intelligent onboarding agent built to transform how financial journeys begin. Discover how it reimagines customer experiences for the digital era.",Mr. Gaurav Jain,"Mr. Gaurav Jain, Global Head of Business, HyperVerge",,,wwq58m8w67ice3vqtj993xdp,2025,https://2025.globalfintechfest.com/agenda,2026-08-25T06:37:05Z
31,Credit card ecosystem from M2P | M2P Fintech,2025-10-07,3:00 PM,3:30 PM,Pavilion,O1,Ground Level,Workshop,,,"B2B Talks is a platform for businesses and thought leaders to share insights, showcase innovations, and explore ideas that drive collaboration and growth",Hemachandar Ejamanam Chakravarthy,"Hemachandar Ejamanam Chakravarthy, Director, M2P Fintech",,,p5f0vz2bhi1t2dbh39gc122z,2025,https://2025.globalfintechfest.com/agenda,2026-08-25T06:37:05Z
37,Demonstration of KScan AI | Perfios,2025-10-07,3:00 PM,3:20 PM,Pavilion,I1,Ground Level,Demo,,,"Demonstration of KScan AI, a lightning-fast digital due diligence platform aggregating intelligence from 900+ sources to profile businesses and individuals, detect fraud patterns, and power confident financial decisions in seconds.",Abhishek Kumar Srivastava,"Abhishek Kumar Srivastava, Associate Vice President Products, Perfios",,,ohg2pzfhg063fgx9uii5ci3m,2025,https://2025.globalfintechfest.com/agenda,2026-08-25T06:37:05Z
44,DCB OneCard Secured Credit Card | DCB Bank,2025-10-07,3:00 PM,3:15 PM,Pavilion,W2,Ground Level,Product Launch,,,The DCB OneCard Secured Credit Card will Debit at GFF 2025 with a central Launch video showcasing a modern secured credit solution designed to deliver flexibility and rewarding benefits,Mr. Shridhar S (Executive Director,"Mr. Shridhar S (Executive Director, DCB Bank) & , Mr. Anurag Sinha (FPL Technologies, OneCard) and Mr. Vibhav Hathi (FPL Technologies, OneCard), Mentioned Above, DCB Bank LTD",,,qh96stgq2a96qxblljsbpibr,2025,https://2025.globalfintechfest.com/agenda,2026-08-25T06:37:05Z
63,Launch of Bio auth and Face auth | Mindgate,2025-10-07,3:00 PM,3:30 PM,Pavilion,D2-D7,Ground Level,Product Launch,,,Introduction of Face auth and BioAuth in UPI,Sony A,"Sony A, Senior General Manager & CIO, SIB",,,g0eqd60v0ea2cthopwv7ynef,2025,https://2025.globalfintechfest.com/agenda,2026-08-25T06:37:05Z
66,GFF special interest rate and processing fee waiver on Loan Against Securities | Jio Financial Services Limited,2025-10-07,3:00 PM,4:00 PM,Pavilion,A2,Ground Level,Special offer on Loans,,,Take a Loan against Securities at GFF exclusive rate of 9.75% p.a.* and also avail a 50% off on processing fee.,Richa Pandey,"Richa Pandey, Product Manager - Loan Against Securities, Jio Credit Limited",,,krvwkqjsagepu1ud1a4cjtru,2025,https://2025.globalfintechfest.com/agenda,2026-08-25T06:37:05Z
20250670,AI-Powered CX: Transforming Digital Banking,2025-10-07,3:10 PM,3:50 PM,Hall 206 A&B,,Level 2,Panel Discussion,"Banking, AI, Digital Transformation",Banking;AI;Digital Transformation,"Join industry leaders as they explore how AI is revolutionizing customer experience in banking. Learn how data-driven insights, personalization, and intelligent automation are enabling banks to deliver seamless, engaging, and future-ready digital experiences — while building and developing trust in a rapidly evolving digital world.",Mr. Vyshak Venugopalan;Mr. K Kesavan;Mr. Hitesh Sachdev;Mr. Tarun Khanna,"Mr. Vyshak Venugopalan, Head of Solution Consulting & Customer Engineering – Adobe India & JAPAC Growth, Adobe;Mr. K Kesavan, General Manager (Yono Business & TF Revamp), State Bank of India;Mr. Hitesh Sachdev, Head- Start-up Engagement, Innovation & Investments, ICICI Bank;Mr. Tarun Khanna, President & Head - Digital, Marketing & Strategy, Reliance General Insurance",Mr. Sumit Gwalani,"Mr. Sumit Gwalani, Co-Founder, Fi Money",bihtck5b3se3op23nuvorwnt,2025,https://2025.globalfintechfest.com/agenda,2026-08-25T06:37:05Z
20250720,"Use Case Showcase Workshop: “AA in Action""",2025-10-07,3:10 PM,3:55 PM,Cube,,Level 1,Workshop,"Digital Identity, Lending, WealthTech",Digital Identity;Lending;WealthTech,"This workshop will share key findings from Sahamati’s policy research and showcase real-world AA journeys across lending, wealth, insurance, and capital markets, illustrated step-by-step through live case studies from early adopters",Ms. Ruchi Pai;Mr. Abhishek Varshney;Mr. Rutvik Paikine,"Ms. Ruchi Pai, Sr Practice Lead, Sahamati;Mr. Abhishek Varshney, Sr. Lead Partnership, Sahamati;Mr. Rutvik Paikine, Policy & Communications Analyst, Sahamati",,,pvbclljbxsbi1i199v1bhlhp,2025,https://2025.globalfintechfest.com/agenda,2026-08-25T06:37:05Z
64,Razorpay Import Stack – Enabling the World to Do Business in India | Razorpay,2025-10-07,3:15 PM,3:30 PM,Pavilion,V1,Ground Level,Product Launch,,,"A plug-and-play payment infrastructure that allows global businesses to scale in India - with no local entity, no compliance friction, and full regulatory alignment.Accept UPI, RuPay, Netbanking, and more - with over 90% success rates and T+2 global settlements. This isn’t just a payment solution, it’s a scaling infrastructure for global businesses entering India. This product is already powering global platforms like Airbnb, Shopify, and Hostinger, unlocking access to 850M+ Indian consumers.Razorpay Import Stack is not just a product - it’s a gateway to India’s consumption economy, aligning global businesses with India’s regulatory frameworks and digital ambitions.",Akshith Rao Yethapu,"Akshith Rao Yethapu, Director, Crossborder Business, Razorpay",,,s9nmch5j6qh85xtrqvvqa7xw,2025,https://2025.globalfintechfest.com/agenda,2026-08-25T06:37:05Z
20250546,"Unlocking Access, Trust, and Mobility in the Financial Ecosystem",2025-10-07,3:20 PM,4:00 PM,Hall 205 A&B,,Level 2,Panel Discussion,"Open Banking, Central Banking, Inclusion",Open Banking;Central Banking;Inclusion,"This panel brings together top financial policy leaders to explore how regulatory innovation, open banking, and cross-border collaboration are enhancing access, trust, and consumer mobility in the financial ecosystem. The discussion will delve into how nations across Asia and Africa are rethinking interoperability, digital identity, and financial infrastructure to build resilient and inclusive systems for the digital age.",Mr. Janaka Karunaratne;Mr. William F. Matambo;Mr. Sachin Castelino,"Mr. Janaka Karunaratne, Deputy Governor, Central Bank of Srilanka;Mr. William F. Matambo, Deputy Governor, Reserve Bank of Malawi;Mr. Sachin Castelino, Chief Strategy & Transformation Officer, In-Solutions Global",Ms. Smita Jha,"Ms. Smita Jha, Partner, Banking and Finance, Financial Services and FinTech, Khaitan & Co",ayg8m3jthaql5nq66sz0nbnj,2025,https://2025.globalfintechfest.com/agenda,2026-08-25T06:37:05Z
20250095,"Reimagining India’s Financial Ecosystem: AI, Access, and Accountability",2025-10-07,3:25 PM,4:15 PM,Jasmine 3,,Level 3,Keynote,"Policy, Inclusion, Policy",Policy;Inclusion;Policy,"India’s financial ecosystem is at a pivotal moment, where artificial intelligence, inclusive access, and strong accountability must converge to drive the next phase of growth. This keynote will outline how policy and innovation are working together to expand financial access, safeguard consumer trust, and build resilient systems. The address will also highlight India’s role in shaping a responsible, AI-powered financial future that is inclusive, transparent, and globally relevant.",Shri M Nagaraju,"Shri M Nagaraju, Secretary, Department of Financial Services, Ministry of Finance, Government of India",,,gs52n4rxuucgz2t1rfgbro2z,2025,https://2025.globalfintechfest.com/agenda,2026-08-25T06:37:05Z
20250422,Beyond the Browser: Reimagining Net Banking for the Connected Consumer,2025-10-07,3:25 PM,4:10 PM,Hall 202,,Level 2,Masterclass,"Innovation, Banking, Customer Engagement",Innovation;Banking;Customer Engagement,"As consumer expectations shift toward seamless, always-connected experiences, traditional net banking is being reimagined beyond the browser. This discussion will explore how financial institutions are modernizing interfaces, embedding services across digital touchpoints, and integrating with new-age platforms to enhance convenience and trust. Panelists will share insights into the opportunities and challenges of delivering secure, personalized, and frictionless banking for the connected consumer.",Mr. Anand Lakshmanan,"Mr. Anand Lakshmanan, VP of Product, Razorpay",,,s3qrckfrm2q3gmf059glb32c,2025,https://2025.globalfintechfest.com/agenda,2026-08-25T06:37:05Z
20250428,Building Moats to Sustain Fintech Growth,2025-10-07,3:25 PM,4:05 PM,Lotus 1,,Level 3,Panel Discussion,"Customer Behaviour Evolution, Policy, Innovation",Customer Behaviour Evolution;Policy;Innovation,"As competition intensifies in digital finance, building sustainable moats has become critical for fintechs seeking long-term growth. This panel will explore the strategies companies are adopting to differentiate - whether through customer experience, technology innovation, regulatory alignment, or ecosystem partnerships. Leaders will share perspectives on navigating policy challenges, evolving consumer behavior, and creating defensible value propositions that ensure resilience and scale in a crowded marketplace.",Ms. Upasana Taku;Mr. Adhil Shetty;Mr. Gaurav Hazrati;Mr. Jitendra Gupta,"Ms. Upasana Taku, Cofounder, Mobikwik;Mr. Adhil Shetty, CEO, BankBazaar.com;Mr. Gaurav Hazrati, President-Financial Services, Tata Digital;Mr. Jitendra Gupta, Founder & CEO, Jupiter",Ms. Chandra Srikanth,"Ms. Chandra Srikanth, Editor, Moneycontrol",l6ppr37l56hlm2zmolpx4tm0,2025,https://2025.globalfintechfest.com/agenda,2026-08-25T06:37:05Z
20250567,"The New Consent Economy: Privacy, Trust, and Digital Infrastructure",2025-10-07,3:30 PM,4:10 PM,Hall 104 A&B,,Level 1,Panel Discussion,"Trust, DPI",Trust;DPI,"As data becomes the foundation of digital finance, consent is emerging as the new currency of trust. This panel will explore how the consent economy is shaping privacy-first digital infrastructure, empowering users while enabling innovation. Leaders from fintech and policy will discuss frameworks that balance transparency, accountability, and user control, and how trust-driven ecosystems can unlock new opportunities in India and beyond.",Mr. Tarun Nazare;Mr. Nageen Kommu;Mr. V Easwaran;Mr. Saurabh Gupta;Mr. Ashok Hariharan,"Mr. Tarun Nazare, Co-Founder, Neokred;Mr. Nageen Kommu, Founder & CEO, Digitap.AI Enterprise Solutions;Mr. V Easwaran, Chief Operating Officer, Protean;Mr. Saurabh Gupta, Co-founder & CEO, VeriSmart Ai;Mr. Ashok Hariharan, Founder & CEO, IDfy",Mr. Vaibhav Tambe,"Mr. Vaibhav Tambe, CoFounder & CEO, TransBnk Solutions",tatl6z63bl9k4jdx4xv9tmd7,2025,https://2025.globalfintechfest.com/agenda,2026-08-25T06:37:05Z
20250507,"Global Ambitions, Local Rules: Can Indian PAs Scale Cross-Border Without Friction?",2025-10-07,3:40 PM,4:20 PM,Hall 204 A&B,,Level 2,Panel Discussion,"Regulation, Innovation, Cross Border",Regulation;Innovation;Cross Border,"Expanding globally while navigating diverse local regulations is one of the biggest challenges for fintech innovation. This discussion will focus on how Indian players can balance compliance with innovation, reduce friction in cross-border growth, and build trust in international markets. Leaders will share insights on creating seamless global experiences while contributing to a more interconnected digital economy.",Mr. Movin Jain;Ms. Prachi Dharani;Mr. Mahavir Jindal;Mr. Akash Sinha,"Mr. Movin Jain, Founder and CTO, Skydo;Ms. Prachi Dharani, Co-founder & CEO, PayGlocal Technologies;Mr. Mahavir Jindal, Chief Operating Officer, Amazon Pay India;Mr. Akash Sinha, CEO & Cofounder, Cashfree Payments",Mr. Gautam Ganjawala,"Mr. Gautam Ganjawala, Senior Partner, AZB & Partners",tc94ncv6y3d6vmw67n5wafio,2025,https://2025.globalfintechfest.com/agenda,2026-08-25T06:37:05Z
20250566,"Global from the Ground Up: Reimagining Fintech for a Multi-Currency, Multi-Regulator Future",2025-10-07,3:40 PM,4:20 PM,Lotus 2,,Level 3,Panel Discussion,"Digital Transformation, DPI, Cross Border",Digital Transformation;DPI;Cross Border,"As fintech ventures navigate a world of diverse currencies, fragmented regulations, and cross-border complexities, designing global-first, locally-compliant infrastructure is no longer optional - it's mission-critical. This session delves into how leading firms are building resilient platforms, adapting to regulatory heterogeneity, and crafting unified customer experiences across regions.",Mr. Alex von Schirmeister;Mr. Guhaprasath Rajagopal;Ms. Sarita Singh,"Mr. Alex von Schirmeister, Managing Director, Emerging Markets and New Ventures, Xero;Mr. Guhaprasath Rajagopal, Managing Director, J.P. Morgan;Ms. Sarita Singh, Managing Director - Southeast Asia, India, Greater China and South Korea, Stripe",Mr. Rahul Kothari,"Mr. Rahul Kothari, Chief Operating Officer, Razorpay",mgbgccm5ubxftcsgdtcbr4ba,2025,https://2025.globalfintechfest.com/agenda,2026-08-25T06:37:05Z
20250643,Building a Future India Together,2025-10-07,3:40 PM,4:20 PM,Grand Theater,,Ground Level,Panel Discussion,,,,Mr. Ajay Prakash Sawhney;Mr. Prathit Bhobe;Mr. Krishna Prasad;Mr. Rajeev Ahuja;Mr. Rajeev Ranjan,"Mr. Ajay Prakash Sawhney, Former - Secretary, Ministry of Electronics and Information Technology, Government of India;Mr. Prathit Bhobe, CEO & Managing Director, TATA AMC;Mr. Krishna Prasad, Founder & CEO, One Money;Mr. Rajeev Ahuja, Executive Director, RBL Bank;Mr. Rajeev Ranjan, Co-Founder, Equal",Mr. Keshav Reddy,"Mr. Keshav Reddy, Founder, Equal AI",esj4o8mma9au8l6wjh94iq2z,2025,https://2025.globalfintechfest.com/agenda,2026-08-25T06:37:05Z
20250748,Can an Open Agriculture Network Unlock Opportunities for Farmers and Startups?,2025-10-07,3:40 PM,4:20 PM,The Studio,,Level 1,Panel Discussion,"Agritech, Ecosystem, Inclusion",Agritech;Ecosystem;Inclusion,"Agriculture is being reshaped by digital platforms and data-driven solutions, but fragmentation continues to limit scale and impact. This panel will explore whether an Open Agriculture Network can unlock opportunities for farmers and agri-startups by improving access to markets, finance, and technology. Leaders from global institutions, agritech, and farmer-focused enterprises will discuss collaborative models that can drive innovation, inclusivity, and resilience in the agri ecosystem.",Mr. Hemendra Mathur;Mr. Anilkumar SG;Mr. Aneesh Jain,"Mr. Hemendra Mathur, Venture Partner, Bharat Innovation Fund;Mr. Anilkumar SG, Founder and CEO, Samunnati;Mr. Aneesh Jain, Founder & CEO, Gram Unnati",Mr. Vijayasekar Kalavakonda,"Mr. Vijayasekar Kalavakonda, Senior Operations Officer, International Finance Corporation",koh5wv6ytlxg71hvwcopsrv0,2025,https://2025.globalfintechfest.com/agenda,2026-08-25T06:37:05Z
5,Product Demo | BRISKPE,2025-10-07,3:45 PM,4:00 PM,Pavilion,Z78,Ground Level,Demo,,,Product Demo - Imports,Mr. Indunath Chaudhary,"Mr. Indunath Chaudhary, Co-Founder & COO, BRISKPE",,,g1g7yxnklu0qf5j9934e9bmp,2025,https://2025.globalfintechfest.com/agenda,2026-08-25T06:37:05Z
20250311,"Market Infrastructure 2.0: Reinventing Clearing, Settlement & Surveillance in the Age of Instant Finance",2025-10-07,3:50 PM,4:30 PM,Lotus 3,,Level 3,Panel Discussion,"Digital Transformation, Emerging Technology, Infrastructure",Digital Transformation;Emerging Technology;Infrastructure,"With financial markets moving toward real-time execution and 24x7 settlement, traditional infrastructure systems are required to evolve at the same pace. This panel will explore how technology, policy, and design innovation are converging to redefine the future of clearing, settlement, and surveillance. The session brings together infrastructure leaders and regulators to chart the roadmap for Market Infrastructure 2.0 in India and globally",Mr. Nehal Vora;Ms. Vaisshali Babu;Mr. Vijay Chandok;Mr. Vikram Kothari,"Mr. Nehal Vora, Managing Director & CEO, CDSL;Ms. Vaisshali Babu, Managing Director & CEO, Indian Clearing Corporation (ICCL);Mr. Vijay Chandok, MD & CEO, NSDL;Mr. Vikram Kothari, MD & CEO, NSE Clearing",Ms. Richa G. Agarwal,"Ms. Richa G. Agarwal, Chief General Manager, Securities and Exchange Board of India",pe9f2ei1yztek0q28zfroneo,2025,https://2025.globalfintechfest.com/agenda,2026-08-25T06:37:05Z
20250074,Powering the New Marketing Mindset with Agentic AI,2025-10-07,4:00 PM,6:00 PM,Hall 102,,Level 1,Closed Room Session,Invite Only,Invite Only,"Join ReBid for an exclusive roundtable on how Agentic AI is transforming marketing - from creative to conversion. As media grows more complex and teams face mounting pressure, Agentic AI is becoming the operational ally marketers need. Discover how brands use Agentic AI to:Accelerate creative production and reduce fatigueConnect ad impressions to transactions for full-funnel visibilityAutomate campaign execution and real-time optimisationActivate predictive AI for smarter media planningExplore the world of Agentic AI to unlock faster execution, better outcomes, and always-on intelligence across paid media and personalization.",,,,,hjxf1ngl6blb2r6xcxdyxyy1,2025,https://2025.globalfintechfest.com/agenda,2026-08-25T06:37:05Z
20250438,"Interoperable Digital Identity: The Missing Layer for a Trusted, Tokenized Economy and AI",2025-10-07,4:00 PM,4:40 PM,Hall 206 A&B,,Level 2,Panel Discussion,"Tokenization, Identity, AI",Tokenization;Identity;AI,"Interoperable digital identity is fast emerging as the foundation for a trusted and tokenized economy. This panel will explore how secure, portable, and verifiable identity systems can unlock the full potential of AI-driven services and tokenized assets. Leaders will discuss global approaches, technological standards, and policy priorities needed to build identity frameworks that ensure trust, protect privacy, and enable seamless interoperability across ecosystems.",Mr. Kalyan Kulkarni;Mr. Satish Mohan;Mr. Gaurav Agarwal;Mr. Karan Kapoor,"Mr. Kalyan Kulkarni, CEO & Co-Founder, Ayanworks;Mr. Satish Mohan, CEO, Dhiway;Mr. Gaurav Agarwal, Senior Vice President, AuthBridge;Mr. Karan Kapoor, Co-founder, Surepass.io",Dr. Jay Prakash,"Dr. Jay Prakash, CEO and Co-Founder, Silence Laboratories",uycrq8snhcfbjwuoyuzfumtv,2025,https://2025.globalfintechfest.com/agenda,2026-08-25T06:37:05Z
20250726,Build Rich FinServ Experiences on WhatsApp,2025-10-07,4:00 PM,4:45 PM,Cube,,Level 1,Masterclass,"Customer Engagement, Financial Services, Digital Transformation",Customer Engagement;Financial Services;Digital Transformation,"Discover how financial institutions can transform customer engagement by building rich, secure, and seamless financial services experiences on WhatsApp. This masterclass will showcase best practices, real-world use cases, and step-by-step guidance on leveraging WhatsApp to enable everything from customer onboarding and KYC to transaction alerts, service support, and personalized advisory - delivering trust, convenience, and growth at scale.",Mr. Gaurav Agrawal,"Mr. Gaurav Agrawal, Lead, Business Messaging Specialist - India, Meta",,,aj1oylztgavvb1ckajcr64k0,2025,https://2025.globalfintechfest.com/agenda,2026-08-25T06:37:05Z
43,DCB Niyo Secured Credit Card Launch | DCB Bank,2025-10-07,4:00 PM,4:15 PM,Pavilion,W2,Ground Level,Product Launch,,,"The DCB Niyo Secured Credit Card will be unveiled at GFF 2025 with a central launch video on the main screen, followed by an exclusive moment featuring Praveen Kutty from DCB Bank and Vinay Bagri from Niyo marking the official launch of this innovative secured credit solution.",Mr. Praveen Kutty (MD & CEO,"Mr. Praveen Kutty (MD & CEO, DCB Bank) & Mr. Vinay Bagri (Founder, Niyo), Mentioned Above, DCB Bank LTD",,,dhhmjm7qrsozil1wtkylv6mk,2025,https://2025.globalfintechfest.com/agenda,2026-08-25T06:37:05Z
73,Digitizing the FD Journey: Enabling Customers through assisted journeys in a Paperless World | Blostem,2025-10-07,4:00 PM,4:30 PM,Pavilion,C18,Ground Level,Fireside Chat,,,"Join our Fireside Discussion on the digital evolution of Fixed Deposit (FD) processes. We'll explore challenges in transitioning from paper to digital, the evolving role of human assistance, and building HNI trust in paperless journeys. Discover collaborative opportunities between banks and fintechs, and what tech investments are needed to fully mature the paperless FD ecosystem.",Kenric D'souza,"Kenric D'souza, Head: Strategy, Partnerships and Digital Ecosystems, Aditya Birla Capital Digital",,,e16cgwt79usz9fmxf2xh318w,2025,https://2025.globalfintechfest.com/agenda,2026-08-25T06:37:05Z
20250320,"Collections 2.0: Compliance-First Collections + Gamification, UPI-Pull, and Conversational AI",2025-10-07,4:10 PM,4:50 PM,Hall 205 A&B,,Level 2,Panel Discussion,"Collection, Compliance, AI",Collection;Compliance;AI,"Collections are being reimagined with a new focus on compliance, technology, and customer experience. This panel will explore how gamification, UPI pull-based models, and conversational AI are making collections more efficient, transparent, and user-friendly. Industry leaders will share insights on building systems that improve recovery rates while protecting consumer trust, ensuring that collections evolve into a strategic enabler of sustainable credit growth.",Mr. Abhisar Sharma;Ms. Presha Paragash;Mr. Deepak Jain;Mr. Brendan Le Grange,"Mr. Abhisar Sharma, Managing Director & CEO, NADL (NESL Asset Data Limited);Ms. Presha Paragash, Wholetime Director & CEO, Credit Saison India;Mr. Deepak Jain, CEO & Co-founder, FlexiLoans;Mr. Brendan Le Grange, Chief Credit Strategist, ConfirmU",Mr. Abhishek Arun,"Mr. Abhishek Arun, President - Platform Strategy & Commercialization, M2P Fintech",lapq6s4wylrwtr52370sxiya,2025,https://2025.globalfintechfest.com/agenda,2026-08-25T06:37:05Z
20250443,Serving Cash-Dependent Populations in a Digital World,2025-10-07,4:10 PM,4:50 PM,Lotus 1,,Level 3,Panel Discussion,"DPI, Inclusion",DPI;Inclusion,"As cash-dependent populations transition into the digital economy, India’s Digital Public Infrastructure - UPI, RuPay, AePS, and Bharat Connect - offers a proven model for financial inclusion at scale. This discussion will highlight how the India Stack is enabling universal access, trust, and efficiency, while also offering practical guidance on which DPI components can be adapted for other developing economies. Leaders from central banks and fintech will explore investment priorities, sovereign tech frameworks, and South-South collaborations, aiming to shape a country-readiness toolkit that accelerates DPI adoption worldwide.",Mr. Jean Clement;Mr. Fraser Mdwazika;Mr. Kenneth Gay;Mr. Shergeran Naidoo,"Mr. Jean Clement, Advisor – Payment Systems, European Central Bank;Mr. Fraser Mdwazika, Director Payments, Reserve Bank of Malawi;Mr. Kenneth Gay, Chief Fintech Officer, Monetary Authority of Singapore;Mr. Shergeran Naidoo, Head of Stakeholder Engagements, PayInc",Ms. Ira Dugal,"Ms. Ira Dugal, Editor, Reuters",ecrgkfbvqcthdw4dfk1bm3bv,2025,https://2025.globalfintechfest.com/agenda,2026-08-25T06:37:05Z
58,Dynamic Discounting with Cummins | Citibank,2025-10-07,4:10 PM,4:30 PM,Pavilion,A8-A11,Ground Level,Partnership Launch,,,"Introducing Citi’s, proprietary dynamic discounting platform with a live client use case. Cummins treasury representative will be in attendance to share a testimonial on the solution as well as the treasury priorities that DD solves for them.",Mr. Nikhil Patankar,"Mr. Nikhil Patankar, Head of Corporate, Commercial and Public Sector Sales, TTS, Citi, Citibank",,,o1o4z36yae1lr6ebfwm6ix0a,2025,https://2025.globalfintechfest.com/agenda,2026-08-25T06:37:05Z
20250769,UPI Plugin: Simplifying In-App Payment Experiences,2025-10-07,4:15 PM,4:55 PM,Hall 104 A&B,,Level 1,Panel Discussion,"Payments, Product Design, Customer Experience",Payments;Product Design;Customer Experience,"UPI continues to evolve as the backbone of India’s digital payments revolution. This panel will explore the new UPI Plugin and how it simplifies in-app payment journeys for consumers and businesses alike. Leaders from banking, fintech, and consumer platforms will discuss the opportunities this innovation creates for frictionless user experiences, secure transactions, and deeper merchant integration, unlocking the next phase of UPI-led growth.",Mr. Anshoo Sharma;Mr. Arnab Kumar;Mr. Vinay Vasudev;Mr. Yashwant Nath Singh,"Mr. Anshoo Sharma, CEO & Founder, Magicpin;Mr. Arnab Kumar, Director of Business Development, Uber;Mr. Vinay Vasudev, Senior Vice President - Digital Payments, Axis Bank;Mr. Yashwant Nath Singh, Principal General Manager, BSNL",Mr. Rahul Handa,"Mr. Rahul Handa, Chief Business Officer, NPCI BHIM Services Limited (NBSL)",xic8jgh2gbuqti1sj4m3d4qc,2025,https://2025.globalfintechfest.com/agenda,2026-08-25T06:37:05Z
20250661,"The Next Payments Frontier: Building Trusted, Inclusive, and Resilient Digital Rails for India",2025-10-07,4:20 PM,4:50 PM,Jasmine 3,,Level 3,Keynote & Fireside Chat,"Payments, Inclusion, Operational Resilience",Payments;Inclusion;Operational Resilience,"India’s digital payment rails are already a global benchmark, but the next frontier lies in strengthening trust, inclusion, and resilience. This keynote and fireside chat will bring together perspectives from policy and industry on how to future-proof payment infrastructure, enhance security, and expand access to every segment of society. The dialogue will spotlight India’s leadership in shaping the future of inclusive and reliable digital finance.",Mr. Vivek Deep,"Mr. Vivek Deep, Executive Director, Reserve Bank of India",Mr. Ravi Aurora,"Mr. Ravi Aurora, Senior Vice President, Global Public Policy & Government Affairs, Mastercard",nnp2axh6yp9yky70n38vmlmc,2025,https://2025.globalfintechfest.com/agenda,2026-08-25T06:37:05Z
20250168,Powering the Future of Banking Innovation - Public Sector Banks (PSB) Hackathon Series,2025-10-07,4:25 PM,7:25 PM,Hall 202,,Level 2,Investment Pitches,"Financial Services, Cyber Security, Innovation",Financial Services;Cyber Security;Innovation,"Step into the future of secure, inclusive, and innovation-driven public banking. The PSBs Hackathon Series 2025, an initiative of DFS, IBA, and India’s Public Sector Banks, brings together top innovators to tackle real-world challenges in cybersecurity, fraud detection, behavioral authentication, and digital inclusion. Live demos will showcase cutting-edge fintech and security solutions designed to scale, strengthen resilience, and drive impact across the banking ecosystem. Engage with the talent shaping tomorrow’s public banking innovation.",,,,,aepv6oevuty7n9k4s47nsz7k,2025,https://2025.globalfintechfest.com/agenda,2026-08-25T06:37:05Z
20250556,Guidelines to Guardrails: Evolving Cyber Regulations in a High-Risk World,2025-10-07,4:25 PM,5:05 PM,Hall 204 A&B,,Level 2,Panel Discussion,"Risk, Ecosystem, Privacy",Risk;Ecosystem;Privacy,"As digital threats grow in sophistication, regulators are moving from reactive frameworks to proactive, predictive cyber governance. This panel brings together national cyber defense leadership, financial regulators, and academia to decode the evolving regulatory posture and its impact on digital infrastructure and institutional resilience.",Mr. Brijesh Singh;Mr. Narendra Nath Gangavarapu;Mr. Avneesh Pandey;Mr. Ramesh Ghurram,"Mr. Brijesh Singh, IPS, ADGP, Maharashtra, Government Of Maharashtra;Mr. Narendra Nath Gangavarapu, Joint Secretary, National Security Council Secretariat, Government of India;Mr. Avneesh Pandey, Executive Director, Securities and Exchange Board of India;Mr. Ramesh Ghurram, CISO, Bombay Stock Exchange (BSE)",Mr. Viswanath Krishnamurthy,"Mr. Viswanath Krishnamurthy, Chief Risk Officer, National Payments Corporation of India",ya5jqouqvvzy3qlevxhrz5de,2025,https://2025.globalfintechfest.com/agenda,2026-08-25T06:37:05Z
20250056,Multiplying Avenues With The Right Pitch,2025-10-07,4:30 PM,6:00 PM,The Studio,,Level 1,Investment Pitches,,,,Ms. Shanti Mohan;Mr. Manav Narang;Mr. Kunal Bajaj;Mr. Nao Murakami,"Ms. Shanti Mohan, Founder & CEO, LVX;Mr. Manav Narang, Head of India, Plug & Play;Mr. Kunal Bajaj, Investor, DSP Investments;Mr. Nao Murakami, Founder & General Partner, Incubate Fund Asia",Ms. Sagrika Shah,"Ms. Sagrika Shah, Principal, YAN Fund",efzxnz9hxoxvu7vrjjyipjtt,2025,https://2025.globalfintechfest.com/agenda,2026-08-25T06:37:05Z
20250090,From Regulation to Reinvention: Transforming India’s Financial Architecture with IFSCA,2025-10-07,4:30 PM,4:55 PM,Grand Theater,,Ground Level,Fireside Chat,"Policy, Regulation, Ecosystem",Policy;Regulation;Ecosystem,"In this forward-looking fireside chat, Shri Kalyanaraman Rajaraman, Chairperson of IFSCA, will share his vision for how India is reimagining its regulatory approach to drive a world-class international financial ecosystem. The discussion will delve into the strategic role of GIFT City, innovation-friendly regulatory frameworks, and IFSCA’s ambition to position India as a global hub for cross-border finance, digital assets, and sustainable investments. From enabling fintech sandboxes to streamlining global market access, this session explores the reinvention of regulation as a catalyst for innovation and capital flow.",Shri Kalyanaraman Rajaraman,"Shri Kalyanaraman Rajaraman, Chairperson, International Financial Services Centres Authority",Mr. Jay Kothari,"Mr. Jay Kothari, Senior Vice President - Equities, DSP Mutual Fund",c45unavgyupalep7rs3zh11m,2025,https://2025.globalfintechfest.com/agenda,2026-08-25T06:37:05Z
20250549,"Breaking Silos for Businesses: Creating a Connected Experience Across Payments, Lending and Compliance",2025-10-07,4:30 PM,5:10 PM,Lotus 2,,Level 3,Panel Discussion,"Embedded Finance, Customer Engagement",Embedded Finance;Customer Engagement,"The convergence of payments, lending, and compliance is transforming how businesses operate in a digital-first economy. This discussion explores strategies for building an integrated financial ecosystem that enhances operational efficiency, ensures regulatory adherence, and delivers seamless customer experiences. Experts will share insights on overcoming infrastructure fragmentation, leveraging technology for cross-functional workflows, and creating scalable models for the future of connected finance.",Mr. Sivaramakrishnan Iswaran;Ms. Christine Tan;Ms. Manasi Pandey;Mr. Tejas Goenka,"Mr. Sivaramakrishnan Iswaran, CEO, Zoho Payment Technologies & Global Head Finance and Operations BU, Zoho;Ms. Christine Tan, Head of FIG Sales, J.P. Morgan;Ms. Manasi Pandey, MD & Country Head of GPS India, HSBC;Mr. Tejas Goenka, Managing Director, Tally Solutions",Mr. Shailendra Thakur,"Mr. Shailendra Thakur, Chief Transform Technology, NPCI Bharat BillPay Limited",bjz8mprgfn3d784kmif908kq,2025,https://2025.globalfintechfest.com/agenda,2026-08-25T06:37:05Z
20250843,Launch of payments 360 by PhonePe,2025-10-07,4:35 PM,4:45 PM,Lotus 3,,Level 3,Product Launch,,,"Presenting a unified, end-to-end payment solution that simplifies the merchant and customer experience, bridging online and offline transactions",Mr. Sameer Nigam;Mr. Rahul Chari,"Mr. Sameer Nigam, Founder & CEO, PhonePe;Mr. Rahul Chari, Founder & CTO, PhonePe",,,l99xi8jq3pkvk30rtk1suttu,2025,https://2025.globalfintechfest.com/agenda,2026-08-25T06:37:05Z
41,Razorpay Import Stack – Enabling the World to Do Business in India | Razorpay,2025-10-07,4:35 PM,4:50 PM,Pavilion,V1,Ground Level,Product Launch,,,"A plug-and-play payment infrastructure that allows global businesses to scale in India - with no local entity, no compliance friction, and full regulatory alignment.Accept UPI, RuPay, Netbanking, and more - with over 90% success rates and T+2 global settlements. This isn’t just a payment solution, it’s a scaling infrastructure for global businesses entering India. This product is already powering global platforms like Airbnb, Shopify, and Hostinger, unlocking access to 850M+ Indian consumers.Razorpay Import Stack is not just a product - it’s a gateway to India’s consumption economy, aligning global businesses with India’s regulatory frameworks and digital ambitions.",Akshith Rao Yethapu,"Akshith Rao Yethapu, Director, Cross Border Business, Razorpay",,,udjfcuitzxqem9jt9u8hi014,2025,https://2025.globalfintechfest.com/agenda,2026-08-25T06:37:05Z
20250308,"AI in Advisory: Balancing Innovation, Bias, Product Suitability and Investor Protection",2025-10-07,4:50 PM,5:30 PM,Lotus 3,,Level 3,Panel Discussion,"Regulation, Risk, AI",Regulation;Risk;AI,"As AI becomes embedded in financial advisory platforms - from robo-advisors to portfolio analytics - it brings both opportunity and risk. This panel will explore how AI-driven advisory tools can enhance access, personalization, and decision-making, while also raising important concerns around algorithmic bias, product suitability, and investor protection. The discussion will highlight SEBI’s perspective on ensuring transparency, accountability, and trust in AI-powered advisory ecosystems, and outline best practices for building responsible, investor-centric digital advice frameworks.",Mr. Vetri Subramaniam;Mr. Swarup Mohanty;Mr. Subramanya S V;Mr. Vishal Dhawan;Mr. Santosh Navlani,"Mr. Vetri Subramaniam, MD & CEO Designate, UTI Asset Management Company;Mr. Swarup Mohanty, Vice Chairman & CEO, Mirae Asset Investment Managers (India);Mr. Subramanya S V, CEO, Groww Wealth;Mr. Vishal Dhawan, Founder & CEO, Plan Ahead Wealth Advisors;Mr. Santosh Navlani, Chief Operating Officer, ET Money",Mr. Bithin Mahanta,"Mr. Bithin Mahanta, Chief General Manager, MIRSD, Securities and Exchange Board of India",wfp0myjg66vogzwv9ubqdejg,2025,https://2025.globalfintechfest.com/agenda,2026-08-25T06:37:05Z
20250701,Breaking the 18-Month Barrier: Rethinking Payments Testing in the Age of AI,2025-10-07,4:50 PM,5:35 PM,Cube,,Level 1,Masterclass,"Payments, Innovation, AI",Payments;Innovation;AI,"In an industry where innovation moves faster than certification cycles, payments testing often becomes a bottleneck. This masterclass will explore how AI and next-generation tools can break the traditional 18-month barrier in payments testing. Participants will learn how to accelerate go-to-market timelines, improve accuracy, and future-proof digital payment solutions in a rapidly evolving ecosystem.",Mr. James Daniels,"Mr. James Daniels, SVP APAC, Fime",,,uo7k82709y3z0bp9ikm0sx0v,2025,https://2025.globalfintechfest.com/agenda,2026-08-25T06:37:05Z
20250319,Digital Credit Infrastructure: Are We Ready for the Next 100 Million Borrowers?,2025-10-07,4:55 PM,5:35 PM,Jasmine 3,,Level 3,Panel Discussion,"Digital Transformation, Credit",Digital Transformation;Credit,"The next 100 million borrowers will test the capacity and inclusiveness of India’s digital credit infrastructure. This panel will explore how regulators, banks, and NBFCs are preparing to meet this demand with scalable, secure, and customer-centric frameworks. Leaders will discuss innovations in underwriting, digital public infrastructure, and risk management, while examining the policy and institutional readiness needed to expand credit access responsibly and sustainably.",Mr. P Vasudevan;Mr. Y S Chakravarti;Ms. Vishakha Mulye;Mr. Sashank Rishyasringa,"Mr. P Vasudevan, Executive Director, Reserve Bank of India;Mr. Y S Chakravarti, Managing Director and CEO, Shriram Finance;Ms. Vishakha Mulye, CEO, Aditya Birla Capital;Mr. Sashank Rishyasringa, Co-founder, Axio",Mr. Akhilesh Tuteja,"Mr. Akhilesh Tuteja, Partner and Head- Clients & Markets, KPMG",h1kanejrfqd75l2a6uy21r5m,2025,https://2025.globalfintechfest.com/agenda,2026-08-25T06:37:05Z
20250342,GIFT IFSC: Where Wealth Meets Wealth,2025-10-07,4:55 PM,5:10 PM,Grand Theater,,Ground Level,Presentation,Ecosystem,Ecosystem,"GIFT IFSC is rapidly emerging as a global hub where financial innovation, capital, and opportunities converge. This presentation will highlight how the International Financial Services Centre is positioning India as a competitive destination for wealth management, cross-border investments, and international financial services. It will showcase the unique advantages of GIFT City in creating an enabling ecosystem that attracts global investors and strengthens India’s role in the world of finance.",Dr. Dipesh Shah,"Dr. Dipesh Shah, Executive Director, International Financial Services Centres Authority",,,lkcpxbiad2akd48v2vjwvacm,2025,https://2025.globalfintechfest.com/agenda,2026-08-25T06:37:05Z
20250752,The Future of Intelligent Commerce: How AI is Rewiring the Way the World Transacts,2025-10-07,4:55 PM,5:35 PM,Lotus 1,,Level 3,Panel Discussion,"Payments, Ecommerce, AI",Payments;Ecommerce;AI,,Mr. Jalpesh Chitalia;Mr. Nitendra Rajput;Mr. Ravi Garg;Mr. Sujit Mishra,"Mr. Jalpesh Chitalia, Vice President - Growth Products, Visa Inc;Mr. Nitendra Rajput, SVP & Head - AI Garage, Mastercard;Mr. Ravi Garg, Director & Head, Business Messaging & Payments - India, Meta;Mr. Sujit Mishra, Director, Payments - APAC Stores & WW Digital Business, Amazon",Mr. Amit Goel,"Mr. Amit Goel, Founder & Managing Partner, gAI Ventures",zxe51vmwgq8lnl1jh0w2t65u,2025,https://2025.globalfintechfest.com/agenda,2026-08-25T06:37:05Z
20250059,India Fintech Connect – Linking India’s Fintech with the World,2025-10-07,5:00 PM,7:30 PM,Hall 105 A&B,,Level 1,Product Showcase,"Ecosystem, Collaborations, Invite Only",Ecosystem;Collaborations;Invite Only,"India Fintech Connect – Linking India’s Fintech with the World, hosted by the Ministry of External Affairs, will convene embassies, Indian missions, and global stakeholders to engage with India’s most export-ready fintech innovations across payments, identity, credit, and RegTech. The showcase will also feature select startups from RBI’s Harbinger initiative, spotlighting solutions that strengthen inclusion, trust, and cross-border collaboration.",Mr. Mahaveer Singhvi;Mr. Brijesh Baisakhiyar,"Mr. Mahaveer Singhvi, Joint Secretary (New Emerging and Strategic Technologies Division), Ministry of External Affairs, Government of India;Mr. Brijesh Baisakhiyar, DGM - Fintech Department, Reserve Bank of India",,,x8r03m7f3utl6xy1q0m7oyeg,2025,https://2025.globalfintechfest.com/agenda,2026-08-25T06:37:05Z
20250658,"Designing Contextual Finance: Where Credit, Commerce and Choice Intersect",2025-10-07,5:00 PM,5:40 PM,Hall 205 A&B,,Level 2,Panel Discussion,"Credit Access, Embedded Finance, Customer Engagement",Credit Access;Embedded Finance;Customer Engagement,"The future of finance lies in context - where credit, commerce, and customer choice seamlessly converge. This panel will explore how contextual finance is reshaping consumer journeys by embedding credit and payments within everyday experiences. From personalized offerings to frictionless commerce, the discussion will highlight how financial institutions and fintechs can co-create solutions that balance convenience, trust, and innovation to unlock the next wave of customer engagement.",Mr. Mohit Bedi;Mr. Sujith Narayanan;Mr. Anurag Sinha;Mr. Pankaj Gadgil,"Mr. Mohit Bedi, CBO, Co-Founder, Kiwi;Mr. Sujith Narayanan, Founder & CEO, Fi Money;Mr. Anurag Sinha, Co-founder & CEO, OneCard;Mr. Pankaj Gadgil, MD & CEO, Aditya Birla Housing Finance, and Head Digital Platforms & Payment Strategy, Aditya Birla Capital",Ms. Ipsita Sur,"Ms. Ipsita Sur, Head-Financial Services, National Payments Corporation of India",s10mrnefhl6xs0bwc3we1tj5,2025,https://2025.globalfintechfest.com/agenda,2026-08-25T06:37:05Z
20250578,From Trust Gaps to Credit Gains: Rethinking Onboarding in the AI Era,2025-10-07,5:10 PM,5:50 PM,Hall 204 A&B,,Level 2,Panel Discussion,"Trust, Credit, AI",Trust;Credit;AI,"Onboarding is no longer just the first step in a customer journey - it is the foundation of trust that determines access to credit and long-term engagement. This panel will explore how AI is transforming digital onboarding, enabling smarter verification, personalized journeys, and risk-aware credit decisions. Leaders will share insights on closing trust gaps, balancing compliance with convenience, and rethinking onboarding as a driver of credit inclusion and growth.Release of Report: ""The Fintech Pulse: Charting India's Small Ticket Lending Trends""",Mr. Rajit Bhattacharya;Mr. Shaleen Srivastava;Mr. Girish Budhiraja;Mr. Jitin Bhasin,"Mr. Rajit Bhattacharya, Founder & CEO, Data Sutram;Mr. Shaleen Srivastava, General Manager – Head of Strategy, DA and Partnerships, Experian India, Experian India;Mr. Girish Budhiraja, Chief Sales & Marketing Officer, SBI Card;Mr. Jitin Bhasin, Founder & CEO, SaveIN",Mr. Amit Mahendra Sharma,"Mr. Amit Mahendra Sharma, Chief Risk Officer, FINDI",oiosq836krt5bpny45hro1rs,2025,https://2025.globalfintechfest.com/agenda,2026-08-25T06:37:05Z
20250261,Money on their Terms: Redesigning Finance for GenZ Mindset,2025-10-07,5:20 PM,6:00 PM,Lotus 2,,Level 3,Panel Discussion,"Digital Transformation, Customer Behaviour Evolution, Financial Services",Digital Transformation;Customer Behaviour Evolution;Financial Services,"GenZ is redefining the future of finance with expectations of personalization, transparency, and digital-first experiences. From investing and saving to payments and credit, this generation seeks solutions that align with their values, lifestyle, and demand for instant access. This panel will explore how financial institutions and fintechs are reimagining products, engagement models, and trust-building strategies to meet the evolving mindset of digital natives and unlock long-term loyalty.",Mr. Jeremy Banks;Mr. Madhur Deora;Mr. Rajiv Naresh;Mr. Teet Puusepp,"Mr. Jeremy Banks, Board Member, The Reserve Bank of New Zealand;Mr. Madhur Deora, CFO, Paytm;Mr. Rajiv Naresh, Chief Executive Officer, Navi Technologies;Mr. Teet Puusepp, Head of Payments Policy Division, Eesti Pank",Mr. Ashish Kashyap,"Mr. Ashish Kashyap, Founder & CEO, INDmoney",tkn6b5txylyj23u4v29n7xj4,2025,https://2025.globalfintechfest.com/agenda,2026-08-25T06:37:05Z
20250751,Always-On India: Keeping the World’s Largest Payments System Running at Scale,2025-10-07,5:20 PM,5:50 PM,Grand Theater,,Ground Level,Discussion,"Payments, Operational Resilience, Customer Experience",Payments;Operational Resilience;Customer Experience,"India operates the world’s largest real-time payments system - always on, always trusted. This discussion will explore what it takes to run payments at such scale, from infrastructure resilience to real-time risk management and customer experience. Leaders from payments networks and fintechs will share insights into ensuring reliability, innovation, and continuous availability, while building the backbone for a truly digital economy.",Mr. Nitin Mishra;Mr. Sameer Nigam;Mr. Shashank Kumar,"Mr. Nitin Mishra, Executive Director - Operate, National Payments Corporation of India;Mr. Sameer Nigam, Founder & CEO, PhonePe;Mr. Shashank Kumar, MD & Co-Founder, Razorpay",,,bqul28jnbcizc28vlvkyeocd,2025,https://2025.globalfintechfest.com/agenda,2026-08-25T06:37:05Z
20250766,BCFI Annual Member Meet,2025-10-07,5:30 PM,7:30 PM,Hall 104 A&B,,Level 1,National Meet,Invite Only,Invite Only,,,,,,hbol2nnpvkb50ox7twmxysix,2025,https://2025.globalfintechfest.com/agenda,2026-08-25T06:37:05Z
20250313,Reforming Foreign Portfolio Investment Access for the Next Decade,2025-10-07,5:40 PM,6:20 PM,Lotus 3,,Level 3,Panel Discussion,"Investments, Regulation, Capital Markets",Investments;Regulation;Capital Markets,"As India deepens its integration with global capital markets, the next decade presents a challenge as well as an opportunity to enhance Foreign Portfolio Investor (FPI) access. This panel will examine proposed reforms and regulatory pathways related to entry of FPIs in Indian Markets, improving transparency, and boosting confidence among global investors. The discussion will explore how technology, data-driven compliance, and investor-friendly processes can help India attract sustained FPI inflows while maintaining robust oversight.",Mr. Simon Williams;Mr. Janak Dalal;Ms. Kaku Nakhate,"Mr. Simon Williams, Managing Director, APAC ex Japan Head of Government Affairs & Public Policy, BlackRock;Mr. Janak Dalal, Head of Securities Services, Deutsche Bank;Ms. Kaku Nakhate, Chief Executive Officer, India, Bank of America",Ms. Aparna Thyagarajan,"Ms. Aparna Thyagarajan, Chief General Manager, Securities and Exchange Board of India",y1w5q4mf1chit57jsqkcc9ry,2025,https://2025.globalfintechfest.com/agenda,2026-08-25T06:37:05Z
20250692,Responsible and Ethical Data Sourcing for AI Deployment,2025-10-07,5:40 PM,6:20 PM,Lotus 1,,Level 3,Panel Discussion,"Data, Responsible AI, Regulation",Data;Responsible AI;Regulation,"High-quality data is the backbone of effective AI, but sourcing it responsibly is critical for trust and fairness. This panel will explore ethical data practices for AI in finance, focusing on transparency, consent, privacy, and minimizing bias. The discussion will highlight how responsible data sourcing can enable reliable AI models while ensuring regulatory compliance and protecting consumer rights.",Mr. Nitin Chugh;Mr. Vinayak Godse;Mr. Rahul Dayal,"Mr. Nitin Chugh, Deputy Managing Director & Head (Digital Banking & Transformation), State Bank of India;Mr. Vinayak Godse, Chief Executive Officer, Data Security Council of India (DSCI);Mr. Rahul Dayal, Executive Director & CTO, White Oak Capital Asset Management",Mr. Nitin Saxena,"Mr. Nitin Saxena, Partner - FS Digital, KPMG",dqhg2joi3gvidqgb0m7ckiwp,2025,https://2025.globalfintechfest.com/agenda,2026-08-25T06:37:05Z
20250801,NBBL Showcases,2025-10-07,5:50 PM,6:30 PM,Hall 205 A&B,,Level 2,Product Launch,,,,,,,,ww644xdr3lb6qnqc1y4so7s0,2025,https://2025.globalfintechfest.com/agenda,2026-08-25T06:37:05Z
20250727,Baazigars of Bharat: Lessons from Great Comebacks,2025-10-07,6:00 PM,6:30 PM,Grand Theater,,Ground Level,Fireside Chat,"Financial Services, Business Strategy, Innovation",Financial Services;Business Strategy;Innovation,"Resilience defines leadership in times of disruption. This conversation will spotlight how India’s financial and fintech leaders navigated challenges, reinvented strategies, and scripted remarkable comebacks. From rebuilding trust to driving innovation, the dialogue will share hard-earned lessons on perseverance, adaptability, and the mindset required to thrive in Bharat’s dynamic financial ecosystem.",Mr. Prashant Kumar;Mr. Vijay Shekhar Sharma,"Mr. Prashant Kumar, Managing Director & CEO, Yes Bank;Mr. Vijay Shekhar Sharma, Founder & CEO, Paytm",,,n8s53dr8d5zj6izlu7hzohgu,2025,https://2025.globalfintechfest.com/agenda,2026-08-25T06:37:05Z
20250722,Pine Labs Invite-Only Networking Event: Industry Report Unveil with McKinsey & Co.,2025-10-07,6:30 PM,9:30 PM,Hall 103,,Level 1,Networking,Invite Only,Invite Only,"Join Pine Labs for an exclusive networking evening featuring the unveiling of our industry report, Unlocking credit-linked payments at checkout. Connect over insights, conversations, dinner and cocktails",,,,,fh4y5ascypf1gpghg10ui3i2,2025,https://2025.globalfintechfest.com/agenda,2026-08-25T06:37:05Z
20250099,"Intelligent Finance: Unlocking Insights, Driving Growth",2025-10-07,7:00 PM,10:00 PM,Lotus 2,,Level 3,Dinner,"Collaborations, Networking, Business Strategy, Invite Only",Collaborations;Networking;Business Strategy;Invite Only,"Join Citibank for an exclusive session on the future of payments in India, and its global impact. Explore AI- and data-driven insights, and automation strategies. Network with industry leaders and discover actionable growth opportunities.",,,,,tu0vietl7o25qcn02nx5a0hv,2025,https://2025.globalfintechfest.com/agenda,2026-08-25T06:37:05Z
20250181,From Start-Up to Scale-Up: Embedding Security into Digital DNA,2025-10-07,7:00 PM,10:00 PM,Hall 206 A&B,,Level 2,Round Table,Invite Only,Invite Only,"This curated, by-invitation-only discussion, will bring together senior technology and security leaders from the fintech and BFSI ecosystem to explore how organizations can embed security deep into their digital infrastructure - without compromising on speed, scalability, or user experience.",,,,,c1uzyxfklbb6clgc9nb8ezvc,2025,https://2025.globalfintechfest.com/agenda,2026-08-25T06:37:05Z
20250355,From Pilots to Scale: Integrating Conversational AI Agents into Finance Workflows,2025-10-07,7:00 PM,10:00 PM,Hall 204 A&B,,Level 2,Closed Room Session,Invite Only,Invite Only,"AI agents are transforming finance, from enhancing customer support to driving revenue. This roundtable, hosted by ElevenLabs, will bring together industry leaders to explore how AI voice agents are being deployed across customer touchpoints. Join us for a focused discussion on real-world use cases, challenges, and the roadmap to scaling voice AI effectively across banking and fintech.",,,,,oitxs8bdduu0sqiql02r889o,2025,https://2025.globalfintechfest.com/agenda,2026-08-25T06:37:05Z
20250774,Re(AI)magining™ Banking and Financial Services,2025-10-07,7:00 PM,10:00 PM,Hall 203,,Level 2,Networking,"Digital Transformation, Banking, AI, Invite Only",Digital Transformation;Banking;AI;Invite Only,"Join us for an exclusive dinner evening hosted by Persistent Systems, bringing together influential voices from fintech, BFSI, mutual funds, and allied sectors. This by-invitation-only gathering is designed to spark candid conversations, foster powerful connections, and inspire fresh perspectives on the future of financial services. Discover how Persistent is Re(AI)magining™ the industry through GenAI-powered solutions, intelligent automation, and deep domain expertise. Connect with fellow leaders, exchange ideas, and explore how technology-led innovation can unlock scale, agility, and performance in a rapidly evolving digital-first economy. An evening of insight, innovation, and inspiration awaits.",,,,,ox3k3v2eaj76lyolc8s5v3z7,2025,https://2025.globalfintechfest.com/agenda,2026-08-25T06:37:05Z
20250037,CEOs Dinner by Discover,2025-10-07,7:20 PM,10:20 PM,Jasmine 3,,Level 3,Networking,Invite Only,Invite Only,,,,,,biek1aah9610u182wrmajlp1,2025,https://2025.globalfintechfest.com/agenda,2026-08-25T06:37:05Z
20250189,Insight Fusion: Building the Future of Fintech with Survey & Industry Data,2025-10-07,9:00 AM,9:45 AM,Hall 202,,Level 2,Panel Discussion,"Data, Policy, Ecosystem",Data;Policy;Ecosystem,"The Ministry of Statistics and Programme Implementation (MoSPI) will host an interactive workshop showcasing how data, digital tools, and advanced statistical frameworks are being leveraged to strengthen India’s financial and economic ecosystem. Participants will gain practical insights into the role of data-driven policymaking, new innovations in statistical systems, and opportunities for collaboration with fintech and industry stakeholders.",Mr. Soumya Chakraborty;Mr. K. Balachandran;Mr. Rakesh Dosi;Ms. Beni Chugh,"Mr. Soumya Chakraborty, Deputy Director General, Ministry of Statistics and Programme Implementation, Government of India;Mr. K. Balachandran, CEO, and Co-founder, IRIS;Mr. Rakesh Dosi, Chief Business Officer, Protean e-Gov;Ms. Beni Chugh, Practice Head, Future of Finance Initiative, Dvara Research",Mr. M S Subramanya Rao,"Mr. M S Subramanya Rao, DDG, CQCD, NSO, Ministry of Statistics and Programme Implementation, Government of India",n47qrqs2u32jpvnzpg0l3d5x,2025,https://2025.globalfintechfest.com/agenda,2026-08-25T06:37:05Z
20250855,Startup Showcase - CarePay,2025-10-07,9:00 AM,9:10 AM,Lotus 3,,Level 3,Startup Showcase,,,,Ms. Nupur Khandelwal,"Ms. Nupur Khandelwal, Co-founder, CarePay",,,snaojynsoa3g5k496wsudyu7,2025,https://2025.globalfintechfest.com/agenda,2026-08-25T06:37:05Z
20250864,Startup Showcase - iServeU,2025-10-07,9:00 AM,9:10 AM,Hall 204 A&B,,Level 2,Startup Showcase,,,,Mr. Soumya Ranjan Routray,"Mr. Soumya Ranjan Routray, Product- VP, iServeU Technology",,,tgypjpcrsj0m6m0shhpj9p9m,2025,https://2025.globalfintechfest.com/agenda,2026-08-25T06:37:05Z
20250867,Startup Showcase - PensionBox,2025-10-07,9:00 AM,9:10 AM,Hall 206 A&B,,Level 2,Startup Showcase,,,,Mr. Kuldeep Parashar,"Mr. Kuldeep Parashar, Founder & CEO, PensionBox",,,iv9xbe2hkeoddyqahgwmutj3,2025,https://2025.globalfintechfest.com/agenda,2026-08-25T06:37:05Z
20250887,Opening Session by the GFF Advisory Council,2025-10-07,9:00 AM,9:50 AM,Jasmine 3,,Level 3,Opening Session,,,,,,,,bmoylrmayd1bgngazq49bmrt,2025,https://2025.globalfintechfest.com/agenda,2026-08-25T06:37:05Z
20250856,Startup Showcase - Finnulate,2025-10-07,9:10 AM,9:20 AM,Lotus 3,,Level 3,Startup Showcase,,,,Mr. Dinesh Arora,"Mr. Dinesh Arora, Founder & CEO, Finnulate",,,am7jw12sm31ignqcx1k2w6n9,2025,https://2025.globalfintechfest.com/agenda,2026-08-25T06:37:05Z
20250859,Startup Showcase - Alt DRX,2025-10-07,9:10 AM,9:20 AM,Lotus 1,,Level 3,Startup Showcase,,,,Mr. Anand Narayanan,"Mr. Anand Narayanan, Co-founder, Alt DRX",,,z475aenjbia4gxajrloo1f1z,2025,https://2025.globalfintechfest.com/agenda,2026-08-25T06:37:05Z
20250868,Startup Showcase - Surepass,2025-10-07,9:10 AM,9:20 AM,Hall 206 A&B,,Level 2,Startup Showcase,,,,Mr. Yashvardhan,"Mr. Yashvardhan, Product Manager, Surepass Technolgies",,,cq2xuvdieiwfcam0js6y84ka,2025,https://2025.globalfintechfest.com/agenda,2026-08-25T06:37:05Z
20250656,The Convergence of Payments and FX: India's Next Fintech Opportunity,2025-10-07,9:20 AM,10:00 AM,Hall 205 A&B,,Level 2,Panel Discussion,"Payments, Cross Border",Payments;Cross Border,"As global trade and cross-border flows expand, the convergence of payments and foreign exchange is emerging as India’s next major fintech opportunity. This panel will explore how innovations in digital payments, real-time settlement, and forex infrastructure can simplify transactions, reduce costs, and unlock new efficiencies. The discussion will also highlight how India can leverage its digital public infrastructure to strengthen global competitiveness in payments and FX.",Mr. Hare Krishna Jena;Mr. Neeraj Gambhir;Ms. Santosh Dujari;Mr. Amit Talwar,"Mr. Hare Krishna Jena, Managing Director, Clearing Corporation of India;Mr. Neeraj Gambhir, Group Executive – Treasury, Markets & Wholesale Banking Products, Axis Bank;Ms. Santosh Dujari, Managing Director, Citi;Mr. Amit Talwar, Chief Executive Officer, Niyo Forex",Ms. Shweta Dasgupta,"Ms. Shweta Dasgupta, Head of Product - BBPS, NPCI Bharat BillPay Limited",xf6qf0ndy4fgquk3sj8j7mam,2025,https://2025.globalfintechfest.com/agenda,2026-08-25T06:37:05Z
20250858,Startup Showcase - GIROPie,2025-10-07,9:20 AM,9:30 AM,Lotus 3,,Level 3,Startup Showcase,,,,Mr. Manjunatha NS,"Mr. Manjunatha NS, Director, PepperTree.AI",,,jdkpf3evgbhlhqgcrscnl2jj,2025,https://2025.globalfintechfest.com/agenda,2026-08-25T06:37:05Z
20250866,Startup Showcase - EaseMyDeal,2025-10-07,9:20 AM,9:30 AM,Hall 204 A&B,,Level 2,Startup Showcase,,,,Ms. Ojaswee Singh,"Ms. Ojaswee Singh, Manager: Strategic Alliances and Partnerships, EaseMyDeal (Inditab Esolutions)",,,grdysn3qogow4smkqyq9ur5c,2025,https://2025.globalfintechfest.com/agenda,2026-08-25T06:37:05Z
20250869,Startup Showcase - Castler,2025-10-07,9:20 AM,9:30 AM,Hall 206 A&B,,Level 2,Startup Showcase,,,,Mr. Ritesh Tiwari,"Mr. Ritesh Tiwari, CPTO & Co-Founder, Castler",,,lm39l9e3mx4jv2l2705ip3ye,2025,https://2025.globalfintechfest.com/agenda,2026-08-25T06:37:05Z
20250433,Deconstruct a Real-World Generative AI Use Case in Fintech,2025-10-07,9:25 AM,9:55 AM,Lotus 1,,Level 3,Fireside Chat,"Emerging Technology, AI",Emerging Technology;AI,"Generative AI is moving from experimentation to real-world deployment in financial services. This fireside chat will break down a live fintech use case, illustrating how generative AI can transform risk management, compliance, and customer engagement while navigating regulatory and ethical considerations. The discussion will highlight the opportunities and challenges of applying advanced AI models to big data in mission-critical financial environments",Mr. Vishal Dhupar,"Mr. Vishal Dhupar, Managing Director, NVIDIA",Mr. Vishal Anand Kanvaty,"Mr. Vishal Anand Kanvaty, Chief Technology Officer, National Payments Corporation of India",zsa1bs5cij7bn4yo9pcmqi5v,2025,https://2025.globalfintechfest.com/agenda,2026-08-25T06:37:05Z
20250775,Sensestack- Impact to Causation Observability Stack Built on OpenTelemetry,2025-10-07,9:50 AM,10:35 AM,Hall 202,,Level 2,Masterclass,"Technology, Operational Resilience, AI",Technology;Operational Resilience;AI,"As financial ecosystems grow more complex, observability becomes critical for reliability and performance. This masterclass will introduce Sensestack - an advanced causation observability stack built on OpenTelemetry. Participants will gain insights into how this framework enables real-time monitoring, root cause analysis, and system-wide transparency, helping institutions strengthen resilience, optimize AI-driven platforms, and deliver seamless digital financial services at scale.",Mr. Shiva RV,"Mr. Shiva RV, Deputy Chief - AI Platforms - Build, National Payments Corporation of India",,,kfmtkq4hrt96387x224rxvl8,2025,https://2025.globalfintechfest.com/agenda,2026-08-25T06:37:05Z
20,Exclusive Report Unveiling: The DPI Advantage — Powering Credit Access for the Next 450 Mn | Pine Labs,2025-10-08,1:00 PM,1:30 PM,Pavilion,E2,Ground Level,Product Showcase,,,"Be the first to explore D91 Labs’ latest report — The DPI Advantage. This study shows how Aadhaar eKYC, UPI, Account Aggregators, and ULI are unlocking new pathways to credit for 450 million underserved consumers. It highlights how interoperable, population-scale rails are lowering costs, breaking barriers, and enabling inclusive, responsible lending at scale — while mapping the next wave of DPI innovations set to transform financial access for Bharat.","""Monami","""Monami, Head - Research, D91 Labs by Setu Sugandh Saxena, CEO, FACE, ""Monami, Head - Research, D91 Labs by Setu Sugandh Saxena, CEO, FACE"", Pine Labs",,,hcolsqk72ueizr93i037nnf6,2025,https://2025.globalfintechfest.com/agenda,2026-08-25T06:37:05Z
20250636,From Core to Cloud: How Global Banks Are Rewriting the Rules of Scale,2025-10-08,1:00 PM,1:40 PM,Hall 105 A&B,,Level 1,Panel Discussion,"Digital Transformation, Infrastructure, Banking",Digital Transformation;Infrastructure;Banking,"Global banks are moving beyond legacy systems, embracing cloud-native architectures to deliver speed, resilience, and scale. This discussion explores how institutions are rethinking their core, integrating advanced analytics, and leveraging cloud ecosystems to meet the demands of a borderless, always-on financial world.",Mr. Sandeep Ubale;Mr. Suman Pokharel;Mr. Mahmoud Abu Ebeid;Mr. Vishal Maru,"Mr. Sandeep Ubale, Chief General Manager & Dy. Chief Digital Officer, State Bank of India;Mr. Suman Pokharel, Deputy CEO, Global IME Bank;Mr. Mahmoud Abu Ebeid, CEO & Co-Founder, Global Software Solutions Group;Mr. Vishal Maru, Global Head - Processing Business, FSS",Mr. Rahul Bhargava,"Mr. Rahul Bhargava, Consultant, World Bank",a3l4k00e127xksxu9dwwlbth,2025,https://2025.globalfintechfest.com/agenda,2026-08-25T06:37:05Z
20250853,"India’s Digital Promise: Building Trust, Trade, and Technology for All",2025-10-08,1:00 PM,1:30 PM,Grand Theater,,Ground Level,Special Session,,,,Shri Piyush Goyal,"Shri Piyush Goyal, Hon'ble Minister of Commerce & Industry, Government of India",,,t0sx28gdg20a41pcmiaw0jms,2025,https://2025.globalfintechfest.com/agenda,2026-08-25T06:37:05Z
20250455,Bridging the Digital Divide: Ensuring Innovation Reaches the Unconnected,2025-10-08,1:05 PM,1:45 PM,Lotus 1,,Level 3,Panel Discussion,"Ecosystem, Inclusion",Ecosystem;Inclusion,"Closing the digital divide is critical to ensuring that innovation benefits all, not just the connected few. This panel will explore how central banks, fintechs, and financial institutions are working to extend access, affordability, and trust in digital finance to underserved populations. Leaders will share global experiences on scaling infrastructure, advancing inclusive policies, and designing solutions that bridge gaps in connectivity, literacy, and affordability - ensuring that digital transformation truly empowers every community.",Mr. Jose Luis Vasquez;Mr. Damith Pallewatte;Ms. Débora Sztarcsevszky;Mr. Rishi Gupta,"Mr. Jose Luis Vasquez, Deputy Manager, Central Bank of Peru;Mr. Damith Pallewatte, Managing Director/Chief Executive Officer, Hatton National Bank PLC;Ms. Débora Sztarcsevszky, General Secretary Manager, Central Bank of Uruguay;Mr. Rishi Gupta, MD & CEO, Fino Payments Bank",Mr. Anubhav Sharma,"Mr. Anubhav Sharma, Deputy Chief Business Development, NPCI International Payments Limited (NIPL)",xv1hlds4knkt58ipuklh0s4r,2025,https://2025.globalfintechfest.com/agenda,2026-08-25T06:37:05Z
20250607,How Japanese Investors See Indian Fintechs,2025-10-08,1:05 PM,1:45 PM,Jasmine 3,,Level 3,Presentation & Panel Discussion,Digital Transformation,Digital Transformation,"This conversation brings together leading Japanese investors and financial institutions to share their perspective on India’s fintech landscape. The dialogue will focus on investment priorities, partnership models, and opportunities to accelerate cross-border capital flows. It will also highlight how India’s fintech ecosystem is viewed from Japan and the pathways for stronger collaboration in Asia’s digital finance future.",Mr. Nobuya Kawasaki;Mr. Rajeev Ranka;Ms. Visa Kannan;Mr. Shashank Joshi,"Mr. Nobuya Kawasaki, Chief Executive for Aisa Pacific, MUFG Bank;Mr. Rajeev Ranka, Partner, SMBC ARF/IF Asia;Ms. Visa Kannan, Managing Partner, Saison Capital;Mr. Shashank Joshi, Deputy CEO & Head of Global Corporate & Investment Banking, India, MUFG Bank",Mr. Hero Choudhary,"Mr. Hero Choudhary, Managing Partner, Beenext",bufp6zkvkek329uuzgy4pzg4,2025,https://2025.globalfintechfest.com/agenda,2026-08-25T06:37:05Z
20250426,Bridging the Gap: How FinTech's are Democratizing Access to Credit,2025-10-08,1:10 PM,1:50 PM,Hall 204 A&B,,Level 2,Panel Discussion,"Digital Transformation, Credit, Inclusion",Digital Transformation;Credit;Inclusion,"Access to affordable credit remains a critical barrier to financial inclusion across emerging markets. This session brings together central bankers, fintech leaders, and financial infrastructure specialists to explore how innovative models - ranging from credit-scoring alternatives to embedded finance - are reshaping credit delivery. The panel will unpack the policy, platform, and partnership levers needed to scale inclusive credit ecosystems that work for all.",Dr. Innocent Matshe;Mr. Sanjay Tugnait;Mr. Ashwini Kumar Tewari;Mr. Yash Desai,"Dr. Innocent Matshe, Deputy Governor, Reserve Bank of Zimbabwe;Mr. Sanjay Tugnait, President & CEO, Fairfax Digital (A Fairfax Company);Mr. Ashwini Kumar Tewari, Managing Director (Corporate Banking and Subsidiaries), State Bank of India;Mr. Yash Desai, Co-Founder, ZET",Ms. Neetu Chitkara,"Ms. Neetu Chitkara, Managing Director & Partner, BCG",hy960vz8ab1gaan9fsadi7rk,2025,https://2025.globalfintechfest.com/agenda,2026-08-25T06:37:05Z
20250392,GIFT IFSC: Transforming Cross Border Payment Ecosystem,2025-10-08,1:20 PM,2:00 PM,Hall 205 A&B,,Level 2,Panel Discussion,"Regulation, Cross Border",Regulation;Cross Border,"GIFT IFSC is emerging as a powerful enabler of seamless and secure cross-border financial flows. This panel brings together key policymakers, regulators, and fintech innovators to explore how India is reimagining international payments through digital infrastructure, policy innovation, and regulatory clarity. Discussions will cover the evolution of global payment rails, interoperability frameworks, fintech participation in IFSC, and the use of emerging technologies such as blockchain and AI to reduce cost, enhance speed, and ensure compliance in global transactions.",Mr. Joseph Joshy;Mr. Akash Arun;Mr. Movin Jain,"Mr. Joseph Joshy, Chief Technology Officer, International Financial Services Centres Authority;Mr. Akash Arun, Founder and CEO, Glomo Pay;Mr. Movin Jain, Founder and CTO, Skydo",Mr. Supriyo Bhattacharjee,"Mr. Supriyo Bhattacharjee, Chief General Manager, Department of Banking, International Financial Services Centres Authority",mvw38pik21qe7pc10zajrsld,2025,https://2025.globalfintechfest.com/agenda,2026-08-25T06:37:05Z
20250847,Securities Market Hackathon Facilitation by WTM Ananth Narayan,2025-10-08,1:20 PM,1:40 PM,Lotus 3,,Level 3,Session,,,,Mr. Ananth Narayan G,"Mr. Ananth Narayan G, Whole Time Member (WTM), Securities and Exchange Board of India",,,ravxg3ria015guvslbcjzg3p,2025,https://2025.globalfintechfest.com/agenda,2026-08-25T06:37:05Z
20250665,The Digital Personal Data Protection Act 2023 Awareness Workshop,2025-10-08,1:25 PM,2:05 PM,Cube,,Level 1,Masterclass,"DPDP, Privacy, FinTech Innovation",DPDP;Privacy;FinTech Innovation,"The Digital Personal Data Protection (DPDP) Act 2023 establishes a robust legal framework for safeguarding digital personal data in India. It aims to protect individual privacy by regulating how organisations collect, store, and process personal information.This workshop, designed for fintech partners on the sidelines of Global Fintech Fest 2025 in Mumbai, will provide an overview of the DPDP Act's key provisions and compliance requirements. It will focus on helping fintech companies understand their obligations under the law, adopt best practices for data protection, and build trust with customers through transparent and secure data handling.Participants will engage in discussions on the impact of the DPDP Act on fintech operations and explore practical strategies to ensure data privacy while fostering innovation in digital financial services.",Mr. Priyanshu,"Mr. Priyanshu, Domain Expert, Cybersecurity",,,q74uz9eoq9r8s7hgi60u95c5,2025,https://2025.globalfintechfest.com/agenda,2026-08-25T06:37:05Z
20250087,Use of Aadhar by Private Entities - SWIK Rules & Aadhaar App,2025-10-08,1:30 PM,2:10 PM,Hall 206 A&B,,Level 2,Presentation,"Compliance, Regulation, AI",Compliance;Regulation;AI,"As artificial intelligence reshapes financial services, compliance frameworks must evolve to remain effective and relevant. This presentation will decode the SWIK Rule and its implications for an AI-driven financial era, offering insights into how institutions can balance innovation with regulatory discipline. The session will highlight practical approaches for building trust, safeguarding data, and ensuring responsible use of AI in compliance and governance.",Ms. Tanusree Deb Barma;Mr. Abhishek Kumar Singh;Mr. Sanjeev Yadav;Mr. Abhijeet;Mr. Barada Prasad Sabut,"Ms. Tanusree Deb Barma, Deputy Director General (Tech Centre), UIDAI Technology Centre;Mr. Abhishek Kumar Singh, Deputy Director General, Unique Identification Authority of India;Mr. Sanjeev Yadav, Director (Authentication), Unique Identification Authority of India;Mr. Abhijeet, Director (Authentication), Unique Identification Authority of India;Mr. Barada Prasad Sabut, Head of Engineering, Unique Identification Authority of India",,,yadilnb3l967fxg0l6b7ferh,2025,https://2025.globalfintechfest.com/agenda,2026-08-25T06:37:05Z
20250226,Collaborative Intelligence: Human + AI in Financial Services,2025-10-08,1:30 PM,2:10 PM,The Studio,,Level 1,Panel Discussion,"Digital Transformation, Human-in-the-loop, AI",Digital Transformation;Human-in-the-loop;AI,"Generative AI is ushering in a new era of Collaborative Intelligence—where humans and AI work together, not in competition. This panel will examine how co-pilot tools, LLM-powered assistants, AI-driven interfaces, and modern data & AI architectures are augmenting human expertise in financial services. Leaders will explore design considerations for AI co-pilots, the benefits of human + AI collaboration, and the balance between human-in-the-loop models and augmented intelligence to improve productivity, reduce cognitive load, and enhance decision-making in complex financial environments. With the rise of data lakes, scalable data storage, and resilient infrastructure, the discussion will also highlight how strong data foundations enable financial institutions to unlock the full potential of collaborative intelligence while ensuring trust, compliance, and operational efficiency.",Mr. Debiprasad Banerjee;Mr. Ankush Sabharwal;Mr. Jayant Prabhu,"Mr. Debiprasad Banerjee, CEO, Ngenux;Mr. Ankush Sabharwal, Founder & CEO, CoRover | BharatGPT;Mr. Jayant Prabhu, Managing Director - Data & AI, Accenture",Mr. Sampath Kumar Rangasamy,"Mr. Sampath Kumar Rangasamy, Chief Online & New Products Development, National Payments Corporation of India",wx5849sws0c8gtg4to9yj100,2025,https://2025.globalfintechfest.com/agenda,2026-08-25T06:37:05Z
20250463,Enabling Financial Institutions (FIs) Better Support MSMEs Through AI-Empowered Solutions,2025-10-08,1:30 PM,2:20 PM,Lotus 2,,Level 3,Panel Discussion,"Inclusion, Credit, AI",Inclusion;Credit;AI,,Mr. Ashutosh Tandon;Mr. GPJ Gupta;Mr. Maxim Afanasyev;Mr. Prabhu Rangarajan;Mr. Sudarshan Chari;Mr. Srijan Kaushik,"Mr. Ashutosh Tandon, Operations Officer, Financial Institutions Group (FIG) Advisory, International Finance Corporation (IFC);Mr. GPJ Gupta, Head - Large Tech Projects, Innovation and Transformation, Aditya Birla Capital;Mr. Maxim Afanasyev, Financial Services Industry Head for JAPAC at Global GTM, Solutions and Strategic Industries, Google Cloud;Mr. Prabhu Rangarajan, Co-Founder, M2P Fintech;Mr. Sudarshan Chari, MD & Head SME, DBS Bank;Mr. Srijan Kaushik, Operations Officer, International Finance Corporation (IFC)",Ms. Fangfang Jiang,"Ms. Fangfang Jiang, Digital Financial Service Asia Lead, FIG Asia Upstream and Advisory, International Finance Corporation (IFC)",jghvixqyfvtmxovsm5iuj90i,2025,https://2025.globalfintechfest.com/agenda,2026-08-25T06:37:05Z
20250568,AI Meets Finance: From Payments to Predictive Operations,2025-10-08,1:30 PM,2:10 PM,Hall 104 A&B,,Level 1,Panel Discussion,"Innovation, Ecosystem, AI",Innovation;Ecosystem;AI,"Explore how artificial intelligence is transforming the financial landscape - from streamlining operations and enhancing decision-making to enabling secure and efficient transactions. The panel brings together leaders in AI-powered platforms, data infrastructure, and predictive systems to share insights on deploying intelligent solutions that drive agility and scale in finance.Release of Report - 'From Automation to Autonomy: How Agentic AI Is Revolutionizing Payments'",Mr. Rajesh Muthuramalingam;Mr. Ahmed Bashir;Mr. Rajagopal P;Mr. Akinchan Jain,"Mr. Rajesh Muthuramalingam, Senior Vice President - Global AI Delivery and Purple Fabric GTM, Intellect Design Arena;Mr. Ahmed Bashir, CVP Engineering, DevRev;Mr. Rajagopal P, Head - Digital Payment Solutions and Agentic AI Payments, India and South Asia, VISA;Mr. Akinchan Jain, Head of Asset and Liability Operations, World Bank",Mr. Vikram Pandya,"Mr. Vikram Pandya, Head of Research, Varanium NexGen Fund",igg63hcw5q4hetom82eaeqwz,2025,https://2025.globalfintechfest.com/agenda,2026-08-25T06:37:05Z
20250781,Innovation and Resillience in Payments,2025-10-08,1:35 PM,2:05 PM,Grand Theater,,Ground Level,Keynote & Fireside Chat,"Payments, Innovation, Operational Resilience",Payments;Innovation;Operational Resilience,"The global payments ecosystem is evolving at an unprecedented pace, demanding both innovation and resilience. This keynote and fireside chat will explore how payment systems can adapt to technological disruption, regulatory shifts, and growing customer expectations while maintaining stability and trust. Insights will focus on balancing speed and security, fostering innovation, and building resilient frameworks that can support inclusive and sustainable financial growth worldwide.",Mr. Ulrik Nødgaard,"Mr. Ulrik Nødgaard, Governor, Denmark National Bank",Mr. Dirk van Quaquebeke,"Mr. Dirk van Quaquebeke, Managing Partner, Beenext",ahk2v0oi1ob42zhby7iu15v1,2025,https://2025.globalfintechfest.com/agenda,2026-08-25T06:37:05Z
20250305,"Tokenisation, Smart Contracts and the Future of Securities Issuance and Settlement",2025-10-08,1:45 PM,2:25 PM,Lotus 3,,Level 3,Panel Discussion,"Tokenization, Smart Contracts, Capital Markets",Tokenization;Smart Contracts;Capital Markets,"The convergence of tokenisation and smart contracts is poised to redefine how securities are issued, traded, and settled. This panel will explore the transformative potential of distributed ledger technology (DLT) in creating programmable, real-time, and transparent financial instruments. Discussions will cover regulatory considerations, operational feasibility, investor protection, and interoperability with existing infrastructure. The session aims to unpack how India’s capital markets can evolve to embrace token-based assets and autonomous settlement protocols while maintaining market integrity and compliance.",Mr. Anuj Rathi;Ms. Nayana Ovalekar;Mr. Thomas Cherain;Mr. Yoshi Yokokawa,"Mr. Anuj Rathi, Managing Director and Head, Securities Services, HSBC India;Ms. Nayana Ovalekar, Chief Regulatory Officer, CDSL;Mr. Thomas Cherain, Chief Technology Officer, National Securities Clearing Corporation Limited;Mr. Yoshi Yokokawa, Co-founder & CEO, Alpaca",Mr. Anand Narayanan,"Mr. Anand Narayanan, Co-founder, Alt DRX",gqg2tyoei914wca8gtuxe9jt,2025,https://2025.globalfintechfest.com/agenda,2026-08-25T06:37:05Z
20250586,Insurance in the Digital Age: Managing Distribution for the Next Billion,2025-10-08,1:50 PM,2:00 PM,Lotus 1,,Level 3,Address,"Digital Transformation, Risk, Insurance",Digital Transformation;Risk;Insurance,"As digital adoption accelerates, insurance must evolve to serve the needs of the next billion customers. This panel will explore how technology is reshaping risk management, distribution, and product innovation in the insurance sector. Leaders will discuss strategies to balance affordability with protection, build trust through digital engagement, and create inclusive models that extend coverage to underserved populations in the digital age.",Mr. Deepak Sood,"Mr. Deepak Sood, Member (Non-Life), Insurance Regulatory and Development Authority of India",,,igjnrtdv1efl9vrk1h5pbnce,2025,https://2025.globalfintechfest.com/agenda,2026-08-25T06:37:05Z
20250764,Indian policy approach towards AI adoption in the financial sector,2025-10-08,1:50 PM,2:30 PM,Hall 105 A&B,,Level 1,Panel Discussion,"Regulation, Policy, AI",Regulation;Policy;AI,"Artificial Intelligence is rapidly reshaping financial services, but its adoption must be guided by sound policy and governance. This panel will explore India’s evolving policy approach toward AI in the financial sector, balancing innovation with responsibility. Leaders from banking, regulation, academia, and legal domains will discuss frameworks for ethical use, data governance, and risk mitigation, while identifying pathways for India to lead in safe and scalable AI adoption.",Mr. Anjani Kumar Rathor;Mr. Suvendu Pati;Prof. (Dr.) Balaraman Ravindran,"Mr. Anjani Kumar Rathor, Group Head - Digital & Customer Experience, HDFC Bank;Mr. Suvendu Pati, Chief General Manager, FinTech Department, Reserve Bank of India;Prof. (Dr.) Balaraman Ravindran, Director - Wadhwani School of Data Science & AI, IIT Madras",Mr. Aniruddha Marathe,"Mr. Aniruddha Marathe, MD & Partner, BCG",dh0i8tzvo428d3ipxw386bg3,2025,https://2025.globalfintechfest.com/agenda,2026-08-25T06:37:05Z
20250816,Artificial intelligence and central banks: monetary and financial stability implications,2025-10-08,1:50 PM,2:20 PM,Jasmine 3,,Level 3,Address,"Central Banking, AI",Central Banking;AI,"Artificial Intelligence is transforming central banking by enhancing data analysis, economic forecasting, and payment system oversight. This address will explore how AI-driven tools improve risk assessment, nowcasting, and cross-border fraud detection, while addressing challenges such as model explainability, ethical concerns, and financial stability risks. By leveraging AI responsibly, central banks can balance innovation with governance to strengthen monetary and financial systems globally.",Mr. Tao Zhang,"Mr. Tao Zhang, Chief Representative, BIS",,,q5oegi8gqhsm981r567xuh8o,2025,https://2025.globalfintechfest.com/agenda,2026-08-25T06:37:05Z
20250372,"Reimagining Customer Experience in the era of AI: Bridging Strategy, Scale, and Seamless Journeys",2025-10-08,10:00 AM,10:30 AM,Lotus 1,,Level 3,Fireside Chat,,,,Mr. Jose Thomas,"Mr. Jose Thomas, Vice President, Financial Services – Adobe, North America, Adobe",Mr. Ravi Santhanam,"Mr. Ravi Santhanam, Group Head, Chief Marketing Officer & Head – Direct to Consumer Business, HDFC Bank",urp4nd2uzaw15z3fohem41et,2025,https://2025.globalfintechfest.com/agenda,2026-08-25T06:37:05Z
20250631,BRISKPE XPI,2025-10-08,10:00 AM,10:10 AM,Lotus 2,,Level 3,Product Showcase,,,"BRISKPE XPI offers API-first global rails for fund collection and disbursement, embedded with dynamic compliance, real-time screening, and intelligent document triggers aligned with local regulations. Whether you're a fintech, marketplace, or second-tier bank, XPI lets you go live with global payment flows without having to build from scratch. It’s simple to integrate, secure by design, and ready to scale from day one.",Mr. Sanjay Tripathy;Mr. Indunath Chaudhary;Mr. Nilesh Pathak,"Mr. Sanjay Tripathy, Co-founder & CEO, BRISKPE;Mr. Indunath Chaudhary, Co-founder and COO, BRISKPE;Mr. Nilesh Pathak, Co-Founder & CPTO, BRISKPE",,,rqk3qhl1jxccwcb6phrqafeq,2025,https://2025.globalfintechfest.com/agenda,2026-08-25T06:37:05Z
20250889,Posidex PII Data Vault launch,2025-10-08,10:00 AM,10:15 AM,Lotus 3,,Level 3,Product Showcase,,,,Ms. P V Sindhu;Mr. G T Venkateshwar Rao,"Ms. P V Sindhu, Indian Badminton Player;Mr. G T Venkateshwar Rao, Managing Director, Posidex Technologies",,,pfriey9bkuivu7965bu7hk8c,2025,https://2025.globalfintechfest.com/agenda,2026-08-25T06:37:05Z
20250863,Startup Showcase - Timble AI,2025-10-08,10:05 AM,10:15 AM,Hall 206 A&B,,Level 2,Startup Showcase,,,,Mr. Dhananjay Goel,"Mr. Dhananjay Goel, Founder, Timble AI",,,z1gphrh0axt9phpsbff8juzy,2025,https://2025.globalfintechfest.com/agenda,2026-08-25T06:37:05Z
20250850,"UPI innovations form Amazon Pay capturing Biometric Authentication, UPI IoT, etc.",2025-10-08,10:15 AM,10:25 AM,Hall 205 A&B,,Level 2,Product Showcase,,,,Mr. Girish Krishnan A,"Mr. Girish Krishnan A, Director, Payments & Merchant Services, Amazon Pay",,,j03ew5zf8p8btosrm17fulij,2025,https://2025.globalfintechfest.com/agenda,2026-08-25T06:37:05Z
20250051,Financial Inclusion in the Digital Age: The Role of Fintech in Reaching the Unbanked,2025-10-08,10:20 AM,10:50 AM,Jasmine 3,,Level 3,Fireside Chat,"Digital Transformation, Inclusion, Banking",Digital Transformation;Inclusion;Banking,"Exploring how fintech innovations, robust digital infrastructure, and inclusive banking models can bridge the gap between financial institutions and the unbanked, this conversation will spotlight strategies to scale outreach, build trust, and design services that meet the needs of underserved populations. The discussion will highlight policy, technology, and partnership models that can make universal financial access a reality in the digital age.",Mr. Challa Sreenivasulu Setty,"Mr. Challa Sreenivasulu Setty, Chairman, State Bank of India",Ms. Sohini Rajola,"Ms. Sohini Rajola, Executive Director - Growth, National Payments Corporation of India",w3hedd4ia1io3soovo5kqkom,2025,https://2025.globalfintechfest.com/agenda,2026-08-25T06:37:05Z
20250611,IDIGI CORE - Complete Banking Solution,2025-10-08,10:20 AM,10:30 AM,Lotus 3,,Level 3,Product Showcase,,,"IDigiCore is a suite of banking products that supports the Complete Banking Ecosystem. While it is designed to be an end to end Core Banking System (CBS), It’s highly composable and Micro Services based Architecture, helps clients to pick and choose products specific to their need rather than buying a whole Core Banking System (CBS). The suite of products include Retail Banking, Corporate Banking, LOS, LMS, Payments with user interfaces for Bankers, customers & TPSAs via browser as well as Mobile. Built on strong AI base, where AI is used consciously to add value rather than following the fad. AI products like Voice Enabled Banking, AI based Credit Decisioning, AI based Reporting, are built on robust AI model to support use cases which ad real value to banking services. Designed to work on On-prem as well as Cloud, our cloud native technical architecture helps reduce the overall cost of running the system.",Mr. Jaideep Nikam,"Mr. Jaideep Nikam, Chief Product Officer, iDigiCloud Technologies",,,fzd62k43mk8ro5ey4zbf7cow,2025,https://2025.globalfintechfest.com/agenda,2026-08-25T06:37:05Z
20250625,Product Showcase - State Bank of India,2025-10-08,10:20 AM,10:50 AM,Hall 206 A&B,,Level 2,Product Showcase,,,,Mr. Ramesh Manik;Mr. Kuldeep Kumar;Mr. Naveen Raja;Ms. Shraddha Vispute;Mr. Vishnu Vatsa,"Mr. Ramesh Manik, Manager, State Bank of India;Mr. Kuldeep Kumar, Manager, State Bank of India;Mr. Naveen Raja, Chief Manager, State Bank of India;Ms. Shraddha Vispute, Manager, State Bank of India;Mr. Vishnu Vatsa, Chief Manager, State Bank of India",,,xlafp50chx1qzyjawn9wx477,2025,https://2025.globalfintechfest.com/agenda,2026-08-25T06:37:05Z
20250833,"The New Operating System of Finance: Banks, Fintechs, and Capital at Scale",2025-10-08,10:20 AM,10:50 AM,Grand Theater,,Ground Level,Trialogue,"FinTech Innovation, Banking",FinTech Innovation;Banking,"The boundaries between banks, fintechs, and capital providers are blurring, creating what many describe as the “new operating system” of finance. This conversation will explore how digital-first banks, technology platforms, and investors are jointly shaping a scalable, interoperable financial infrastructure. Leaders will share perspectives on collaboration models, capital flows, and innovations that are redefining competitiveness and resilience in global finance.",Mr. TS Anil;Mr. Harshil Mathur,"Mr. TS Anil, CEO, Monzo Bank;Mr. Harshil Mathur, CEO & Co-founder, Razorpay",Ms. Paroma Chatterjee,"Ms. Paroma Chatterjee, CEO, Revolut India",jtf9phjkfuxln1l0uhw0md9h,2025,https://2025.globalfintechfest.com/agenda,2026-08-25T06:37:05Z
20250875,Pension for Every Indian - The Next 300 Million,2025-10-08,10:25 AM,10:55 AM,Lotus 2,,Level 3,Fireside Chat,,,,Mr. S Ramann,"Mr. S Ramann, Chairperson, PFRDA",Mr. Dhirendra Kumar,"Mr. Dhirendra Kumar, Founder, Value Research",hcbp7zb5k8iejsh89bm1a2l8,2025,https://2025.globalfintechfest.com/agenda,2026-08-25T06:37:05Z
20250621,BharatPeX Launch: Online Payments Gateway & Enterprise Payments Stack with AI-powered Co-Pilot,2025-10-08,10:30 AM,10:40 AM,Hall 105 A&B,,Level 1,Product Launch,,,"BharatPe will be unveiling its Online Payment Gateway and the BharatPe Payments Stack for enterprise, fintech, and e-commerce clients. The stack combines collections, payouts, and expert support, powered by BharatPeX.AI - a first-of-its-kind AI assistant that provides instant answers, journey prototypes (UPI Autopay, UPI Circle, UPI International), and sample code. Key Highlights: Launch of BharatPe Online Payment Gateway.Showcase of BharatPe Payments Stack (end-to-end pay-in/pay-out, enterprise-grade reliability).Introduction of BharatPeX.AI, the virtual assistant for product, tech, and bank/NPCI queries.Dedicated triad support model for clients: Product POC, Tech POC, and Bank/NPCI POC.",Mr. Sandeep Indurkar,"Mr. Sandeep Indurkar, CEO, Resilient Payments, BharatPe",,,o3t2c35d9z9g7tjp6o9b16yg,2025,https://2025.globalfintechfest.com/agenda,2026-08-25T06:37:05Z
20250629,LLM Payments Model for Frictionless Agentic Payments,2025-10-08,10:30 AM,10:40 AM,Hall 104 A&B,,Level 1,Product Showcase,,,"Cashfree’s Large Language Payment Model (LLPM) is a payments-aware conversational AI that turns any agent or LLM into a secure checkout assistant. It understands customer intent, applies preferences and offers, and executes payments seamlessly through Cashfree’s regulated APIs - bringing agentic commerce to life for merchants at scale. Agentic payments stand to revolutionize the world of commerce - streamlining daily purchasing through intelligent agents. Emerging from a landscape of rigid and manual workflows, agents are poised to drive trillions in value by 2030. The numbers show not just operational efficiency, but real consumer demand, substantial revenue gains, and payment scalability at a planetary level. As regulated entities, our mission is to bring this forward - safely, securely, and at scale.",Ms. Lavika Aggarwal,"Ms. Lavika Aggarwal, Group Product Manager, Cashfree Payments",,,nm03xodrgccg7e5wmyhbg0vs,2025,https://2025.globalfintechfest.com/agenda,2026-08-25T06:37:05Z
20250884,Special Address by Startup India,2025-10-08,10:30 AM,10:45 AM,Hall 205 A&B,,Level 2,Address,,,,Ms. Simran Hasija,"Ms. Simran Hasija, Associate, Invest India",,,usz2yldps5xmn8sxerwzks08,2025,https://2025.globalfintechfest.com/agenda,2026-08-25T06:37:05Z
20250628,Banking Stack by Razorpay,2025-10-08,10:35 AM,10:45 AM,Lotus 3,,Level 3,Product Showcase,,,,,,,,sm78q8nru02soeltjgmcy7zr,2025,https://2025.globalfintechfest.com/agenda,2026-08-25T06:37:05Z
20250815,IRIS by KFintech - An All-in-One Financial Distribution SuperApp,2025-10-08,10:40 AM,10:50 AM,The Studio,,Level 1,Product Showcase,,,"IRIS is KFintech’s flagship platform to unify and strengthen the backbone of financial products distribution in India. IRIS is designed to empower every financial intermediary — from a local IFA to a large national distributor, with a single digital platform to engage, transact, and grow across every asset class, every investor type, and every product lifecycle. Built with a thought of All-in-One digital desk for the distribution IRIS Spans across covering diversified financial products like (Mutual Funds, AIF, PMS, SIF, Fixed Deposits, NPS and many more in line) with global access to all types of users from Individual IFAs to NDs. IRIS aims to simplify and remove barriers of technology and reach, ensuring every stakeholder, can focus on what truly matters: building investor trust and driving financial inclusion.Product Showcase details : Special Focus Points: Enabling Multi-asset class distribution in IRIS & Universal User Access to all types of Distributors with Enterprise grade Hierarchy Oversights",,,Mr. Vignesh Kumaran,"Mr. Vignesh Kumaran, Head of Digital Products, KFintech",guu1oaw2gbamux7vpambs4dz,2025,https://2025.globalfintechfest.com/agenda,2026-08-25T06:37:05Z
20250603,Reimagining Payments - the Zoho Way,2025-10-08,10:45 AM,10:55 AM,Lotus 1,,Level 3,Product Showcase,,,"From collecting payments to making payouts and enabling direct banking connections, Zoho is reimagining how businesses manage payments with Payment Gateway, POS Devices, Connected Banking, Payouts, and Bharat Connect for Business. We are not just simplifying transactions. We are redefining the entire payment experience by embedding payments into a unified finance suite that empowers businesses to manage billing, accounting, payroll, inventory and more with ease.Join this session to explore how Zoho is reimagining payments.",Mr. Ashok Selva Ganesan,"Mr. Ashok Selva Ganesan, COO - Zoho Payment Technologies, Zoho",,,z3sh839hwg1z05uwy94o317x,2025,https://2025.globalfintechfest.com/agenda,2026-08-25T06:37:05Z
20250633,Product Showcase - HSBC,2025-10-08,10:45 AM,10:55 AM,Hall 104 A&B,,Level 1,Product Showcase,,,,,,,,xxqrlh8dbnubaoo3yf4ixpfm,2025,https://2025.globalfintechfest.com/agenda,2026-08-25T06:37:05Z
20250765,Enabling Global Commerce,2025-10-08,10:45 AM,11:00 AM,Hall 105 A&B,,Level 1,Product Launch,,,,Ms. Anoushka Dua,"Ms. Anoushka Dua, Managing Director, Citi",,,jxlyz0mb9lrjnhqj7csl91yo,2025,https://2025.globalfintechfest.com/agenda,2026-08-25T06:37:05Z
20250618,Seamless Payments on WhatsApp,2025-10-08,10:50 AM,11:00 AM,Lotus 3,,Level 3,Product Showcase,,,"Seamless UPI Payments on WhatsApp: Transforming Everyday Transactions"" Blurb: Discover how WhatsApp is revolutionizing digital payments in India by integrating UPI for a fast, secure, and user-friendly payment experience. This session will showcase the innovative features and real-world impact of UPI payments on WhatsApp, empowering hundred of millions of WhatsApp users to transact effortlessly within their everyday conversations",Mr. Girish Pandey,"Mr. Girish Pandey, Director, Product Management, Meta",,,cfaafdv8027wy880huahpvr8,2025,https://2025.globalfintechfest.com/agenda,2026-08-25T06:37:05Z
20250808,Revolut Product Launch,2025-10-08,10:50 AM,10:55 AM,Grand Theater,,Ground Level,Product Launch,,,,,,,,gvc13qsmkss9y8vp9iqjfm0h,2025,https://2025.globalfintechfest.com/agenda,2026-08-25T06:37:05Z
20250827,Yubi Agentic AI Product Suite Showcase,2025-10-08,10:50 AM,11:00 AM,Hall 205 A&B,,Level 2,Product Showcase,,,,Mr. Krishnendu Majumdar,"Mr. Krishnendu Majumdar, Chief product & Tech Officer, Yubi Group",,,lncecypjta08ziiys6tbfq5g,2025,https://2025.globalfintechfest.com/agenda,2026-08-25T06:37:05Z
20250197,Fintech Respository - Product Showcase,2025-10-08,11:00 AM,12:30 PM,The Studio,,Level 1,Product Showcase,"Innovation, Ecosystem, Invite Only",Innovation;Ecosystem;Invite Only,"The Fintech Repository, developed by the Reserve Bank Innovation Hub (RBIH), is a structured platform that catalogues fintech innovations and provides greater visibility for collaboration with banks, NBFCs, and regulators. Building on this foundation, RBIH is hosting the Bank–Fintech Showcase at GFF 2025, where selected startups from the repository will present their solutions directly to senior leaders from financial institutions. Designed for outcomes not just optics, the showcase will enable dialogue, pilots, and partnerships that connect institutional priorities with fintech capabilities. By bringing both sides together, it offers institutions a credible pipeline of innovations while giving fintechs direct access to decision-makers, moving ideas closer to scale.",Mr. Aakarsh Naidu,"Mr. Aakarsh Naidu, Head of Fintech and Startups, Reserve Bank Innovation Hub",,,l5vjheec21ly21didx3mt63o,2025,https://2025.globalfintechfest.com/agenda,2026-08-25T06:37:05Z
20250294,Scaling Access: Mutual Funds via ONDC and the Promise of CBDC,2025-10-08,11:00 AM,11:40 AM,Hall 104 A&B,,Level 1,Panel Discussion,"Investments, CBDC, Capital Markets",Investments;CBDC;Capital Markets,"The convergence of ONDC and emerging digital currencies is opening new pathways for democratizing investments. This panel will explore how mutual funds can be distributed seamlessly through ONDC, bringing affordability and accessibility to millions of investors. Leaders will also discuss the potential of CBDCs in complementing this vision by enabling secure, efficient, and inclusive payment rails. Together, these innovations could reshape access to savings and investment products for India’s next generation of investors.",Mr. Kapish Kaushal;Mr. Anchal Jajodia;Mr. Nikhil Nair;Mr. Nikhil Aggarwal;Ms. Sailakshmi Rao;Mr. Arpanarghya Saha;Mr. Swapnil Shanu Bhargav,"Mr. Kapish Kaushal, Vice President - Financial Services, Open Network for Digital Commerce;Mr. Anchal Jajodia, Co-Founder & CEO, Cybrilla;Mr. Nikhil Nair, Co-founder & CEO, Zeny Daily Savings;Mr. Nikhil Aggarwal, Founder & CEO, Grip Invest;Ms. Sailakshmi Rao, Head Digital Payments and Fintech Partnerships, IDFC First Bank;Mr. Arpanarghya Saha, Chief Digital Officer, Nippon India Mutual Fund;Mr. Swapnil Shanu Bhargav, AGM, RBI",,,lohts4j6uyvkegp52ifnl7wq,2025,https://2025.globalfintechfest.com/agenda,2026-08-25T06:37:05Z
20250493,UPI at the Last Mile: Who will Power the Next 300 Million Users?,2025-10-08,11:00 AM,11:40 AM,Hall 206 A&B,,Level 2,Panel Discussion,"Inclusion, Payments",Inclusion;Payments,"Extending UPI to the last mile will be key to onboarding the next 300 million users into India’s digital payments ecosystem. This panel will explore the pivotal role of Business Correspondents in bridging access gaps, building trust, and driving adoption in semi-urban and rural communities. Leaders will discuss operational challenges, innovative models, and partnerships that can make UPI more inclusive, resilient, and impactful at scale.",Mr. Vivek Patel;Mr. Venugopal Choudhary;Mr. Debiprasad Sarangi;Mr. Sujeet Tyagi,"Mr. Vivek Patel, Co Founder & COO, Go Payments;Mr. Venugopal Choudhary, CBO of Credit+ and CTO - Issuing Business, Pine Labs;Mr. Debiprasad Sarangi, Co-Founder & Chief Executive Officer, iServeU Technology;Mr. Sujeet Tyagi, Chief Operating Officer, Montran Corporation India",Ms. Sarika Agarwal,"Ms. Sarika Agarwal, Chief Business Officer, FINDI",g2oup2qyvrg7xrkz5yuqfsdl,2025,https://2025.globalfintechfest.com/agenda,2026-08-25T06:37:05Z
20250520,"Banking India@100: Financing Growth, Trust, and Global Influence",2025-10-08,11:00 AM,11:30 AM,Lotus 1,,Level 3,Trialogue,"Sustainable Finance, Banking, Financial Services",Sustainable Finance;Banking;Financial Services,"As India moves towards its centenary of independence, the banking sector will play a defining role in financing growth, strengthening trust, and shaping global influence. This trialogue will examine how public and private banks, supported by development finance institutions, can drive sustainable credit, empower communities, and position India as a leader in the global financial ecosystem. The discussion will also explore strategies to balance growth with resilience, ensuring that India’s financial system remains inclusive, innovative, and future-ready.",Mr. Ajay Sharma;Mr. Binod Kumar,"Mr. Ajay Sharma, Managing Director & Head - Banking, HSBC;Mr. Binod Kumar, Managing Director & Chief Executive Officer, Indian Bank",Mr. Vipin V,"Mr. Vipin V, Managing Director & Partner, BCG",brk60j7uhzno7dogx31sjzrg,2025,https://2025.globalfintechfest.com/agenda,2026-08-25T06:37:05Z
20250754,Resilient and Inclusive Capital Markets in a Tech-Driven World,2025-10-08,11:00 AM,11:40 AM,Jasmine 3,,Level 3,Keynotes,"Capital Markets, Regulation, AI",Capital Markets;Regulation;AI,"As financial ecosystems evolve under the twin forces of technology and global integration, capital market regulators are redefining their role in shaping resilient and inclusive markets. This keynote segment brings together global leaders from India, Europe, and Asia to share their insights on adapting regulatory frameworks for an AI-driven world. The discussion will highlight approaches to strengthening investor confidence, accelerating sustainable finance, and enhancing international cooperation to chart the future of capital markets.",Mr. Jean-Paul Servais;Mr. Tuang Lee Lim;Dr. Marlene Amstad;Shri Tuhin Kanta Pandey,"Mr. Jean-Paul Servais, Chairman, Financial Services & Markets Authority, Belgium, and Chairman, IOSCO Board;Mr. Tuang Lee Lim, Assistant Managing Director, Monetary Authority of Singapore;Dr. Marlene Amstad, Chairperson, FINMA - Swiss Financial Market Supervisory Authority;Shri Tuhin Kanta Pandey, Chairman, Securities and Exchange Board of India",,,jzphrrmq457mlk5scnvyidgq,2025,https://2025.globalfintechfest.com/agenda,2026-08-25T06:37:05Z
20250848,Hyper personalization and use of agentic AI in UPI,2025-10-08,11:00 AM,11:45 AM,Hall 202,,Level 2,Masterclass,,,,Mr. Sourabh Tomar;Mr. Khilan Haria,"Mr. Sourabh Tomar, Head UPI Product, National Payments Corporation of India;Mr. Khilan Haria, Chief Product Officer, Razorpay",,,abxrt865l483kr1r32y5i3ew,2025,https://2025.globalfintechfest.com/agenda,2026-08-25T06:37:05Z
25,Onboarding Excellence: Redefining CX in WealthTech | HyperVerge,2025-10-08,11:00 AM,11:15 AM,Pavilion,K8,Ground Level,Report Launch,,,"Unveiling exclusive insights from top industry leaders - this report decodes investor onboarding like never before. Learn where platforms lose potential investors, why drop-offs happen, and how data-driven strategies can transform conversion rates.",Mr. Gaurav Jain,"Mr. Gaurav Jain, Global Head of Business, HyperVerge",,,y7ihfrxs5bink61q4bh9enux,2025,https://2025.globalfintechfest.com/agenda,2026-08-25T06:37:05Z
52,Tropo - Card Personalization Validation Tool | Payhuddle,2025-10-08,11:00 AM,11:30 AM,Pavilion,U22,Ground Level,Product Launch,,,"Stop by our booth to witness the launch of Tropo - Payhuddle's game-changing automated card personalization validation tool. A qualified platform designed for issuers, card manufacturers, and card personalization bureaus, Tropo streamlines validation and certification against payment scheme specifications, significantly reducing go-to-market timeframes. This intuitive, cloud-compliant platform supports contactless cards, mobile phones, and tokens, while ensuring compliance with the latest payment brand guidelines.Visit our booth to see live demonstrations of automated test reporting, cryptographic authentication capabilities, and the intuitive user interface that's transforming card personalization validation (CPV).",Prakash Sambandam,"Prakash Sambandam, CEO, Payhuddle Solutions Private Limited",,,yn69u3d5qxqhebhlll62mfy8,2025,https://2025.globalfintechfest.com/agenda,2026-08-25T06:37:05Z
55,Mindgate celebrates the successful Phase 1 go-live of its first Transaction Banking Solution implementation in India with Unity Bank | Mindgate,2025-10-08,11:00 AM,11:30 AM,Pavilion,D2-D7,Ground Level,Product Launch,,,"Mindgate celebrates the successful Phase 1 go-live of its first Transaction Banking Solution implementation in India with Unity Bank, marking a key milestone in advancing digital transaction banking capabilities.",Yusuf Roopawalla,"Yusuf Roopawalla, CIO - Unity Bank, Unity bank",,,k40ijbhcucd8wg61d659kuzy,2025,https://2025.globalfintechfest.com/agenda,2026-08-25T06:37:05Z
67,Exclusive GFF offer on Loan Against Property | Jio Financial Services Limited,2025-10-08,11:00 AM,12:00 PM,Pavilion,A2,Ground Level,Offer on Loan,,,"Avail a Loan Against Property at GFF special interest rates starting at 8.90% p.a.* with ZERO login fee. Also, get 50% off on the processing fee.",Sameer Garg,"Sameer Garg, Business Head, Jio Credit Limited",,,s8jim1nlt4r04mlsp7aedo84,2025,https://2025.globalfintechfest.com/agenda,2026-08-25T06:37:05Z
20250602,"Zrai Shield, the Next Big Leap in AI-Powered Fraud Management for Finance",2025-10-08,11:05 AM,11:45 AM,Lotus 3,,Level 3,Product Showcase,,,"Zrai Shield is our in-house AI powered fraud risk management solution,which is built on multi layer, statistical frameworks, ML algorithms and robust data models on real world data to detect and prevent frauds in real time for customer on boarding, transactions and regulatory compliance. It’s one of the best in the industry with a stellar dispute ratio and detection accuracy.",Mr. Suniel Shetty;Dr. Kopal Vyas Dhage;Mr. Pramod Ganji;Mr. Sunit Bose,"Mr. Suniel Shetty, Indian Actor;Dr. Kopal Vyas Dhage, Senior Vice President, Zrika;Mr. Pramod Ganji, Founder & CEO, Zrika;Mr. Sunit Bose, CTO, Zrika",,,ccx5jp2f5w22rm43eqeya3sb,2025,https://2025.globalfintechfest.com/agenda,2026-08-25T06:37:05Z
20250664,Collaborative Innovation: Fintechs and Banks in the Age of AI,2025-10-08,11:05 AM,11:45 AM,Hall 105 A&B,,Level 1,Panel Discussion,"Financial Services, Collaborations, AI",Financial Services;Collaborations;AI,"Artificial Intelligence is transforming financial services, but its true potential lies in collaboration between fintechs and banks. This panel will explore how partnerships are driving smarter credit, seamless payments, advanced fraud prevention, and personalized customer experiences. The discussion will also highlight how AI can enable resilience, accelerate innovation, and unlock new growth opportunities across the financial ecosystem.",Mr. Ramki Gaddipati;Mr. Sujay Kumar Yadav;Mr. Naveen Chaluvadi;Mr. Bhargav Errangi,"Mr. Ramki Gaddipati, Co-Founder, CTO, and APAC CEO, Zeta;Mr. Sujay Kumar Yadav, MD & CEO, SBI Payments;Mr. Naveen Chaluvadi, Chief Digital Officer, YES Bank;Mr. Bhargav Errangi, Founder, PopClub",Mr. Sarath Kummamuru,"Mr. Sarath Kummamuru, Chief Digital & Technology Officer, NPCI Bharat BillPay Limited",exhohx0rfyqcw5tsrvtp48rn,2025,https://2025.globalfintechfest.com/agenda,2026-08-25T06:37:05Z
20250695,Profitable by Design: Can AI-Driven Decisioning Reinvent Banking Growth?,2025-10-08,11:05 AM,11:45 AM,Lotus 2,,Level 3,Panel Discussion,"Innovation, Banking, AI",Innovation;Banking;AI,"AI-driven decisioning is redefining how banks approach profitability, risk, and customer engagement. This panel will explore how intelligent models can unlock new growth by enabling smarter credit decisions, personalized products, and operational efficiency. The discussion will also examine challenges around governance, transparency, and trust - asking whether AI can truly reinvent banking growth while balancing innovation with resilience.",Mr. Saurabh Shukla;Mr. Sina Sohangir;Mr. Inderjit Camotra;Mr. Vikram Vaidyanathan,"Mr. Saurabh Shukla, Chief Technology Officer, Bank of Baroda;Mr. Sina Sohangir, VP of AI Engineering, FICO;Mr. Inderjit Camotra, MD & CEO, Unity Small Finance Bank;Mr. Vikram Vaidyanathan, Managing Director, Z47",Mr. Bhavin Turakhia,"Mr. Bhavin Turakhia, CEO, Zeta",miuhe5tloo21kvnlgr8qy1rm,2025,https://2025.globalfintechfest.com/agenda,2026-08-25T06:37:05Z
20250819,The Policy Dividend: How RBI’s approach is powering India’s payment innovation?,2025-10-08,11:05 AM,11:45 AM,Hall 205 A&B,,Level 2,Panel Discussion,"Policy, Payments, Innovation",Policy;Payments;Innovation,"India’s payments journey has become a global benchmark, driven by a proactive regulatory approach and collaborative industry innovation. This panel will explore how the Reserve Bank of India’s policy frameworks, coupled with the execution strength of payment companies and platforms, are shaping a resilient, inclusive, and globally relevant digital payments ecosystem. Leaders from across the value chain will reflect on the “policy dividend” that has powered innovation, trust, and adoption at scale.",Mr. Suramya Mohan;Mr. Anirban Mukherjee;Mr. Mahendra Nerurkar;Mr. Nalin Bansal;Ms. Deeksha Kaushal,"Mr. Suramya Mohan, General Manager, Reserve Bank of India;Mr. Anirban Mukherjee, CEO, PayU Payments;Mr. Mahendra Nerurkar, Vice President - Emerging Markets - Payments, Amazon Pay India;Mr. Nalin Bansal, Chief Relationship Management (Partnerships & Central Government), National Payments Corporation of India;Ms. Deeksha Kaushal, Vice President, Strategy & Business Transformation - India and South Asia, Visa",Mr. Srinivasu MN,"Mr. Srinivasu MN, Co-founder, Director, BillDesk",qagp7125jrcnyq7wmepnsyls,2025,https://2025.globalfintechfest.com/agenda,2026-08-25T06:37:05Z
20250212,Beyond Bilateral: Multilateral Frameworks for Real-time Cross Border Payments,2025-10-08,11:30 AM,12:10 PM,Hall 204 A&B,,Level 2,Panel Discussion,"Payments, Interoperability, Cross Border",Payments;Interoperability;Cross Border,"The future of cross-border payments lies in moving from bilateral arrangements to multilateral frameworks that enable true global interoperability. This panel will explore how platforms like UPI can serve as enablers, interlinking with fast payment systems worldwide to create seamless networks. The discussion will highlight the benefits of multilateral models - including cost efficiency, faster settlement, and shared resources - while outlining the path toward building globally interoperable rails for real-time payments.",Mr. Aniruddha Sane;Mr. Phil Carmalt;Mr. Neelesh Man Singh Pradhan;Mr. Andrew McCormack,"Mr. Aniruddha Sane, Co-founder and Chief Business Officer, Terrapay;Mr. Phil Carmalt, Managing Director, Head of Asia Treasury Product, Bank of America;Mr. Neelesh Man Singh Pradhan, Chief Executive Officer, Nepal Clearing House (NCHL);Mr. Andrew McCormack, CEO, Nexus Global Payments",Mr. Rohan Bagai,"Mr. Rohan Bagai, Senior Partner, AZB & Partners",fcsm5bk2cj6vet80wojdx2ug,2025,https://2025.globalfintechfest.com/agenda,2026-08-25T06:37:05Z
23,UX Nursery: Growing Better Experiences | Lemon Yellow LLP,2025-10-08,11:30 AM,12:00 PM,Pavilion,Q19,Ground Level,Product Showcase,,,"Step into the UX Nursery, where ideas take root and grow into user-centered solutions. This interactive booth activity explores how thoughtful design nurtures better digital journeys- from seed concepts to full-grown experiences.",Amit Bhambere,"Amit Bhambere, Co-Founder, Head of Design, Lemon Yellow LLP",,,r6pcheminj3z518rd1xagscz,2025,https://2025.globalfintechfest.com/agenda,2026-08-25T06:37:05Z
3,Fireside Chat | 86400,2025-10-08,11:30 AM,12:00 PM,Pavilion,J-24,Ground Level,Fireside Chat,,,"86400 (An Initiative By Mobileware Technologies) and Vegapay will unpack the credit access gap in India, explain how Credit Line on UPI works, and show how an integrated approach helps banks and fintechs roll out faster. Together, the partnership aims to make credit more accessible, inclusive, and scalable for millions.",Satyajit Kanekar,"Satyajit Kanekar, Co-Founder, 86400",,,umipbizflpba95dd2mnh9ggr,2025,https://2025.globalfintechfest.com/agenda,2026-08-25T06:37:05Z
38,Demonstration of TrustArmour | Perfios,2025-10-08,11:30 AM,11:50 AM,Pavilion,I1,Ground Level,Demo,,,"See TrustArmour in action: a layered defense platform that spots account takeovers, mule networks, deepfakes, and document tampering in real time, helping institutions outsmart fraud without slowing genuine customers.",Manav Kaul,"Manav Kaul, Associate Product Manger 2, Perfios Software Solutions Ltd.",,,bpzbbeno31txo6rn8tz0zozs,2025,https://2025.globalfintechfest.com/agenda,2026-08-25T06:37:05Z
62,Partnership Annoucement for TPAP | Mindgate,2025-10-08,11:30 AM,12:00 PM,Pavilion,D2-D7,Ground Level,Partnership Announcement,,,Partnership Annoucement for TPAP,Akshay Mehrotra,"Akshay Mehrotra, Co founder and CEO, Ashish Goyal - Co - founder and CFO, Co- Co Founder and CEO, Co - Founder and CFO, Fibe",,,p2w8ztbhnuhkr97jqvp7qwin,2025,https://2025.globalfintechfest.com/agenda,2026-08-25T06:37:05Z
80,Build Production-Ready Voice & Avatar AI Agents | VideoSDK.LIVE,2025-10-08,11:30 AM,12:00 PM,Pavilion,V-20,Ground Level,"Product Launch, Demo",,,"Discover how businesses can design, deploy, and monitor next-generation Voice and Avatar AI Agents to automate onboarding, KYC, and customer engagement. Experience how conversational intelligence and digital humans are transforming fintech, support, and sales interactions in real time.",Arjun Kava,"Arjun Kava, Co founder & CEO, VideoSDK",,,kjfmm9ek2eptf4d22kiztway,2025,https://2025.globalfintechfest.com/agenda,2026-08-25T06:37:05Z
20250687,The Inclusion Dividend in the AI Era: Reimagining Digital Payments for Development,2025-10-08,11:35 AM,11:50 AM,Lotus 1,,Level 3,Address,"Inclusion, Payments, AI",Inclusion;Payments;AI,"Digital payments are powerful enablers of inclusive growth, and AI is amplifying their impact. This address will highlight how the fusion of digital payments and AI can unlock development dividends by expanding access, driving affordability, and empowering underserved communities. The focus will be on reimagining payments as a catalyst for equitable and sustainable progress.",Ms. L Nshuti Mbabazi,"Ms. L Nshuti Mbabazi, Managing Director, Better Than Cash Alliance",,,l3qw25v2x36p2rtbf779fio1,2025,https://2025.globalfintechfest.com/agenda,2026-08-25T06:37:05Z
20250817,Leveraging Technology in Securities Market while Mitigating Risk,2025-10-08,11:45 AM,12:25 PM,Jasmine 3,,Level 3,Panel Discussion,,,,Mr. Tuang Lee Lim;Dr. Marlene Amstad;Shri Tuhin Kanta Pandey,"Mr. Tuang Lee Lim, Assistant Managing Director, Monetary Authority of Singapore;Dr. Marlene Amstad, Chairperson, FINMA - Swiss Financial Market Supervisory Authority;Shri Tuhin Kanta Pandey, Chairman, Securities and Exchange Board of India",Mr. Uday Kotak,"Mr. Uday Kotak, Founder, Kotak Mahindra Bank",vh8mw6pclkkt287ub2qg6zkq,2025,https://2025.globalfintechfest.com/agenda,2026-08-25T06:37:05Z
20250880,Connecting the Dots: Global Payment Trends and The India Story,2025-10-08,11:45 AM,12:15 PM,Grand Theater,,Ground Level,Fireside Chat,,,,Mr. Stavan Parikh,"Mr. Stavan Parikh, VP & GM, Global Payments, Google",Ms. Shikha Sharma,"Ms. Shikha Sharma, Former CEO, Axis Bank",ln7bamfaya6hvla2a3ap7t7z,2025,https://2025.globalfintechfest.com/agenda,2026-08-25T06:37:05Z
33,Complaint to new Aadhaar data vault guidelines | M2P Fintech,2025-10-08,11:45 AM,12:15 PM,Pavilion,O1,Ground Level,Workshop,,,"B2B Talks is a platform for businesses and thought leaders to share insights, showcase innovations, and explore ideas that drive collaboration and growth",Siddharth Kukatlapalli,"Siddharth Kukatlapalli, Vice President, M2P Fintech",,,bnxe96hpom0o0l0pfa0gbw9b,2025,https://2025.globalfintechfest.com/agenda,2026-08-25T06:37:05Z
2,Redefining Payments at Scale | Phi Commerce,2025-10-08,11:50 AM,12:20 PM,Pavilion,F9,Ground Level,Product Launch & Product Showcase,,,"Beyond today’s innovation lies tomorrow’s payments. Join us to explore how enterprises and consumers will connect, pay, and grow in a world without boundaries.",Rajesh Londhe,"Rajesh Londhe, Co- founder & Business Head - Payments , Phi Commerce",,,mh777bh7c3blu0qec7h3gas5,2025,https://2025.globalfintechfest.com/agenda,2026-08-25T06:37:05Z
20250141,"Omnichannel Communications Revolution: Building Customer Trust and Loyalty Through Reliable, Trusted, and Personalized Communications in BFSI",2025-10-08,11:50 AM,12:30 PM,Hall 206 A&B,,Level 2,Panel Discussion,"Customer Engagement, Digital Transformation, Financial Services",Customer Engagement;Digital Transformation;Financial Services,"Reliable and personalized communication is at the heart of customer trust in BFSI. As digital interactions expand, an omnichannel approach is redefining how banks and financial institutions connect with their customers. This panel will examine how trusted and secure communication channels - spanning voice, messaging, and digital platforms - are strengthening loyalty, enhancing engagement, and building long-term customer confidence. The conversation will also spotlight the role of technology in delivering consistent, compliant, and personalized experiences across touchpoints.",Mr. Tushar Agnihotri;Mr. Rajiv Mishra;Mr. Sameer Jadhav;Mr. Peshotan Dastoor,"Mr. Tushar Agnihotri, EVP South Asia, Proximus Global;Mr. Rajiv Mishra, Executive Director, Bank of India;Mr. Sameer Jadhav, EVP for Digital Products - Innovation & Partnerships, Aditya Birla Capital;Mr. Peshotan Dastoor, Group President & Head of Sales, UTI Asset Management Company",Mr. Shardendu Jha,"Mr. Shardendu Jha, Partner, Ernst & Young",d3mv8p0n1x74zttccs8oxsem,2025,https://2025.globalfintechfest.com/agenda,2026-08-25T06:37:05Z
20250391,Strategic Foresight and Design Thinking in the Age of Augmented Intelligence,2025-10-08,11:50 AM,12:35 PM,Cube,,Level 1,Masterclass,"Customer Engagement, AI",Customer Engagement;AI,"As AI becomes embedded in financial advisory platforms - from robo-advisors to portfolio analytics - it brings both opportunity and risk. This panel will explore how AI-driven advisory tools can enhance access, personalization, and decision-making, while also raising important concerns around algorithmic bias, product suitability, and investor protection. The discussion will highlight SEBI’s perspective on ensuring transparency, accountability, and trust in AI-powered advisory ecosystems, and outline best practices for building responsible, investor-centric digital advice frameworks.",Dr. S Vijayakumar Bharathi,"Dr. S Vijayakumar Bharathi, Professor, Symbiosis Centre for Information Technology",,,wspmdng3jo5pdr6ni59icsn5,2025,https://2025.globalfintechfest.com/agenda,2026-08-25T06:37:05Z
20250461,Roadmap for Fintech to Comply with DPDP,2025-10-08,11:50 AM,12:30 PM,Lotus 3,,Level 3,Panel Discussion,"Privacy, Regulation, Data Security",Privacy;Regulation;Data Security,"With the Digital Personal Data Protection (DPDP) Act ushering in a new regulatory era, fintechs must reimagine how they collect, store, and process customer data. This panel will outline a practical roadmap for compliance, balancing regulatory expectations with business innovation. Experts will discuss key requirements around consent, data security, and accountability, while also highlighting the role of governance, technology, and cross-industry collaboration in building a trusted, data-driven financial ecosystem.",Mr. Deepak Goel;Mr. Mithilesh Singh;Ms. Shilpa Mahesh Konkar;Mr. Nitin Bhatnagar,"Mr. Deepak Goel, Scientist 'G' & Group Coordinator (Cyber Laws), Ministry of Electronics & Information Technology, Government of India;Mr. Mithilesh Singh, CISO & DPO, LIC;Ms. Shilpa Mahesh Konkar, GM & Data Protection Officer, State Bank of India;Mr. Nitin Bhatnagar, Regional Director India South Asia Middle East, PCI Security Standards",Ms. Deepti Anand Laxmeshwar,"Ms. Deepti Anand Laxmeshwar, Data Protection Officer, Axis Bank",r21ksg6sxjclr9g32sgb6zcc,2025,https://2025.globalfintechfest.com/agenda,2026-08-25T06:37:05Z
20250570,Global Capital × Local Innovation: Fintech Investment Narratives,2025-10-08,11:50 AM,12:30 PM,Hall 205 A&B,,Level 2,Panel Discussion,"Investments, Innovation, Ecosystem",Investments;Innovation;Ecosystem,"Fintech innovation thrives when global capital meets local opportunity. This panel will explore the evolving narratives driving investment in India’s fintech ecosystem, from early-stage funding to growth capital. Leaders from venture capital, private equity, and fintech will share perspectives on what attracts global investors, how local innovation is reshaping financial services, and what it takes to build scalable, sustainable businesses in a competitive market.",Mr. Apoorva Goyal;Ms. Yulia Myronova;Mr. Varun Malhotra,"Mr. Apoorva Goyal, Principal, Insight Partners;Ms. Yulia Myronova, CEO & Co-Founder, Yainvest;Mr. Varun Malhotra, Partner, Quona Capital",Mr. Mit Desai,"Mr. Mit Desai, Principal, Financial Services, Praxis Global Alliance",ox0pb6ozs9j201qto1gg6081,2025,https://2025.globalfintechfest.com/agenda,2026-08-25T06:37:05Z
20250574,Zero to Trust: Building the Digital KYC+Onboarding Stack,2025-10-08,11:50 AM,12:30 PM,Hall 104 A&B,,Level 1,Panel Discussion,"Trust, Compliance, Customer Protection",Trust;Compliance;Customer Protection,"A seamless onboarding experience is the foundation of digital trust in financial services. This discussion explores how KYC is evolving from a compliance checkbox to a dynamic trust-building tool. From leveraging AI in fraud detection to decentralized identity and regulatory-grade verification, the session brings together innovators shaping the future of frictionless yet secure onboarding.",Mr. Ashutosh Prakash Singh;Mr. Nisarg Panchal;Ms. Dipali Padia;Mr. Bhupesh Kumar,"Mr. Ashutosh Prakash Singh, Co Founder & CEO, Revrag Ai Technology;Mr. Nisarg Panchal, Founder & CEO, DigiTathya;Ms. Dipali Padia, Director - BD & Alliances, Neokred;Mr. Bhupesh Kumar, Global Head of Transformation, Nucleus Software Exports",Mr. Abhinav Parashar,"Mr. Abhinav Parashar, CEO and Co-Founder, Digio",paiqo4sjmtd2e5jif7ybztkj,2025,https://2025.globalfintechfest.com/agenda,2026-08-25T06:37:05Z
20250585,"Financial Marketplace, by Muthoot FinCorp",2025-10-08,11:50 AM,12:00 PM,Hall 105 A&B,,Level 1,Product Launch,"Inclusion, Digital Transformation, Product Launch",Inclusion;Digital Transformation;Product Launch,"What makes our Financial Marketplace innovative is simple. First, it evolves with our customers, especially those in the bottom to mid pyramid, meeting them where they are instead of where we expect them to be. Second, it gives them full control over how they engage, whether digital, physical or a mix of both. Every product journey is built around their preferred time, channel and format. Third, it all comes together on our all in one digital platform, Muthoot Fincorp ONE, a true financial super app that brings loans, insurance, investments, payments and more into one place. It’s not just about technology. It’s about access, choice and control for the people who need it most",Mr. Shaji Varghese,"Mr. Shaji Varghese, Chief Executive Officer, Muthoot FinCorp",,,nr2rr7uzhh1c5t2l992houbk,2025,https://2025.globalfintechfest.com/agenda,2026-08-25T06:37:05Z
20250707,"Shaping the Future of Responsible Digital Lending: Policy, Innovation, and Consumer Protection",2025-10-08,11:50 AM,12:30 PM,Lotus 2,,Level 3,Panel Discussion,"Lending, Policy, Customer Protection",Lending;Policy;Customer Protection,"Digital lending is reshaping access to credit, but its rapid growth calls for strong guardrails around responsibility, transparency, and consumer trust. This panel will explore how policy, innovation, and industry collaboration can shape the future of digital lending in India. The discussion will focus on balancing growth with consumer protection, building sustainable credit ecosystems, and ensuring inclusion through fair and transparent practices.Release of Report: ""India’s Fintech Evolution: From Growth to Resilience""",Dr. Abhijit Phukon;Mr. Bipin Preet Singh;Mr. George K John,"Dr. Abhijit Phukon, Economic Adviser, Department of Financial Services, Ministry of Finance, Government of India;Mr. Bipin Preet Singh, Co-Founder, MD and CEO, MobiKwik;Mr. George K John, Executive Director, ESAF Small Finance Bank",Mr. Vishnu Pillai,"Mr. Vishnu Pillai, Head - TE-FS, KPMG",khwlzyy1iger514c397dpsqv,2025,https://2025.globalfintechfest.com/agenda,2026-08-25T06:37:05Z
20250667,Decoding Algos 101,2025-10-08,11:55 AM,12:40 PM,Hall 202,,Level 2,Masterclass,"Innovation, Machine Learning, Capital Markets",Innovation;Machine Learning;Capital Markets,"Algorithmic trading is reshaping capital markets, offering speed, precision, and data-driven strategies. This masterclass will simplify the fundamentals of algos - how they work, where they create value, and the risks to manage. Designed for both beginners and professionals, the session will provide practical insights into building, testing, and deploying algorithmic strategies for today’s dynamic markets.",Mr. Rajib Ranjan Borah,"Mr. Rajib Ranjan Borah, CEO & Cofounder, iRage",Mr. Sanjay Rawal,"Mr. Sanjay Rawal, CEO, Open Futures Group",dscyc2e719jqeqmqab9qyhxo,2025,https://2025.globalfintechfest.com/agenda,2026-08-25T06:37:05Z
20250756,Innovation and Collaboration in Fintech,2025-10-08,11:55 AM,12:25 PM,Lotus 1,,Level 3,Presentation & Discussion,"Collaborations, FinTech Innovation, Ecosystem",Collaborations;FinTech Innovation;Ecosystem,"Fintech’s next wave of growth will be driven by innovation rooted in collaboration between startups, regulators, and established players. This session will highlight how partnerships across the ecosystem are creating breakthrough solutions, from infrastructure to customer experience. Speakers will share perspectives on building resilient fintech models that balance speed with trust, while shaping India’s role in the global financial innovation landscape.",Mr. Sahil Kini,"Mr. Sahil Kini, Chief Executive Officer, Reserve Bank Innovation Hub (RBIH)",Mr. Madhusudanan R,"Mr. Madhusudanan R, Co-Founder, M2P Fintech",awllz8qofbf4pe16k5iylvc8,2025,https://2025.globalfintechfest.com/agenda,2026-08-25T06:37:05Z
20250576,Networking Lunch - Adobe,2025-10-08,12:00 PM,1:30 PM,Hall 102,,Level 1,Networking,Invite Only,Invite Only,,,,,,g6en1a1lh1t4nbwt9ettvjjj,2025,https://2025.globalfintechfest.com/agenda,2026-08-25T06:37:05Z
39,Clari5 - Ai powered | Perfios,2025-10-08,12:00 PM,12:30 PM,Pavilion,I1,Ground Level,Demo,,,Demo of Clari5 Genie - Real-Time Risk Intelligence Powered by Generative AI,Vrushank,"Vrushank , Director , Perfios",,,s8t5ithqk9bvs3khtni27vwe,2025,https://2025.globalfintechfest.com/agenda,2026-08-25T06:37:05Z
42,"TSYS Briefing - How cloud automation, AI and machine learning are augmenting the payment stack for the future | TSYS",2025-10-08,12:00 PM,1:00 PM,Jasmine,JH4,Level 3,TSYS Briefing,,,TSYS will showcase its PRIME transformation and how it embraced a cloud processing model with AWS. Learn from its optimised payment stack capabilities and flexible digital enablement benefits for clients and their customers.,Georgia Kyprianou,"Georgia Kyprianou, Senior Director, Product Development, International, TSYS, TSYS",,,tdcd26f5lntsk7uyecdlzm01,2025,https://2025.globalfintechfest.com/agenda,2026-08-25T06:37:05Z
47,"Precision Adjudication, Proven Savings: Perfios Acclaim Copilot | Perfios",2025-10-08,12:00 PM,12:45 PM,Pavilion,I1,Ground Level,Product Showcase & Demo,,,"See how Perfios Acclaim Copilot turns complex claim files into guided, policy-aware decisions—fast. Grounded GenAI + bottom-up FWA detection cut leakage and cycle times with explainable, audit-ready answers. Clients report 75% less manual effort, 200% faster processing, and ~6% claims savings. Live demo",Prasad Krishnamorthy,"Prasad Krishnamorthy, Head, InsurTech, Perfios",,,ej3eifjax2rfp8ca6f8z7bbz,2025,https://2025.globalfintechfest.com/agenda,2026-08-25T06:37:05Z
51,"NetBanking 2.0, powered by Decentro | Decentro",2025-10-08,12:00 PM,12:15 PM,Pavilion,"S20, S21, S22, S23",Ground Level,Product Launch,,,"NetBanking 2.0, powered by Decentro, brings a UPI-like simplicity to high-value digital transactions. With a unified infrastructure, faster settlements, and seamless interoperability across banks, we help businesses streamline payouts, vendor payments, and MSME transactions—making online banking faster, safer, and future-ready.",Rohit Taneja,"Rohit Taneja, Founder & CEO, Decentro",,,ibjwe62l28l41i15mkympx65,2025,https://2025.globalfintechfest.com/agenda,2026-08-25T06:37:05Z
56,Fireside Chat | Equal Identity,2025-10-08,12:00 PM,2:00 PM,Pavilion,W1,Ground Level,Fireside Chat,,,"We are planning a 30-minute fireside chat between our founders and board members, who themselves are eminent industry leaders. The session will be scheduled flexibly, depending on when all three desks have an available time slot. 8th 12 to 2pm tentatively",Mr. Keshav Reddy,"Mr. Keshav Reddy, Founder, Equal Identity",,,a9ikqaqcvvokqurarzq88h75,2025,https://2025.globalfintechfest.com/agenda,2026-08-25T06:37:05Z
59,AI Showcase | Citibank,2025-10-08,12:00 PM,12:15 PM,Pavilion,A8-A11,Ground Level,Product Showcase,,,Session to showcase Citi’s current AI capabilities and how this enhances the client experience with enhanced efficiency,Mr. Ganesh Baliga,"Mr. Ganesh Baliga, Head, Citi Solutions Centre, India, Citibank",,,r3v06aypusii3x2i63j06uxi,2025,https://2025.globalfintechfest.com/agenda,2026-08-25T06:37:05Z
78,Posidex PII Data Vault product launch | Posidex Technologies,2025-10-08,12:00 PM,12:30 PM,Jasmine,JD9,Level 3,"Product Launch, Product Showcase",,,"Introducing PII Data Vault: The latest innovation from Posidex for secured processing of sensitive customer data using cryptographic computing & searchable encryption. This is next-generation data protection, purpose-built for an AI-driven, regulated world. Critical for all BFSI enterprises dealing with customer PII data.",PV Sindhu,"PV Sindhu, G T V Rao, Venkata Datta Sai Gouravelly, India Badminton Champion, Managing Director, Executive Director, Posidex Technologies Pvt Ltd",,,rm7xvf86g4xbs2erugtrbjlp,2025,https://2025.globalfintechfest.com/agenda,2026-08-25T06:37:05Z
20250679,Driving Innovation in Traditional Banking Models,2025-10-08,12:10 PM,12:50 PM,Hall 105 A&B,,Level 1,Panel Discussion,"Banking, Innovation, Digital Transformation",Banking;Innovation;Digital Transformation,"Traditional banking models are being reshaped by digital-first strategies, agile technologies, and partnerships with fintechs. This panel will explore how banks are embedding innovation into core operations, from credit and payments to customer experience. The discussion will highlight how incumbents can balance stability with experimentation, ensuring resilience while unlocking new growth opportunities in a rapidly evolving financial ecosystem.",Mr. Arvind Vohra;Ms. Arnika Dixit;Ms. Anu Aggarwal;Mr. DK Das,"Mr. Arvind Vohra, Country Head / Group Head - Retail Assets, Rural Banking and Microfinance, HDFC Bank;Ms. Arnika Dixit, President & Head - Wealth Management, Affluent Banking, Cards & Payments, Axis Bank;Ms. Anu Aggarwal, President & Head of Corporate Banking, Kotak Mahindra Bank;Mr. DK Das, Senior Executive Vice President & Head - Digital Transformation & Excellence Unit (DTEU), Bandhan Bank",Ms. Bhawna Sangwan,"Ms. Bhawna Sangwan, Chief Legal and Strategy Officer, Slice",n54e45pirwpu83vg1kd3sjgc,2025,https://2025.globalfintechfest.com/agenda,2026-08-25T06:37:05Z
34,Beyond Rates & Spreads: Building Transparency & Trust in Forex | M2P Fintech,2025-10-08,12:15 PM,1:00 PM,Pavilion,O1,Ground Level,Workshop,,,"B2B Talks is a platform for businesses and thought leaders to share insights, showcase innovations, and explore ideas that drive collaboration and growth",Srikrishna Narsimhan,"Srikrishna Narsimhan, CEO & Executive Director, , WSFx Global Pay",,,hagmwmuhy596uhkv3j0r8q8q,2025,https://2025.globalfintechfest.com/agenda,2026-08-25T06:37:05Z
6,Product Demo | BRISKPE,2025-10-08,12:15 PM,12:30 PM,Pavilion,Z78,Ground Level,Demo,,,Product Demo on Decoding XPI,Mr. Ankit Gupta,"Mr. Ankit Gupta, Chief Architect and Head of Engineering, BRISKPE",,,ytaatip76gl7k4vkabedhwai,2025,https://2025.globalfintechfest.com/agenda,2026-08-25T06:37:05Z
20250282,Gender Smart Finance – Unlocking Growth for Women-led Enterprises,2025-10-08,12:20 PM,1:00 PM,Hall 204 A&B,,Level 2,Panel Discussion,"Women Empowerment, Inclusion, Credit",Women Empowerment;Inclusion;Credit,"Women-led enterprises represent one of the largest untapped drivers of economic growth. This discussion will focus on how gender-smart finance can unlock opportunity by addressing barriers in credit access, skill development, and financial literacy. Leaders from government, development institutions, and industry will share strategies to design inclusive policies, innovative products, and supportive ecosystems that empower women entrepreneurs and drive inclusive credit models, gender disaggregated data, gender lens investing & social impact finance.",Ms. Kalpana Ajayan;Ms. Natalia Shchelovanova;Ms. Natasha Jethanandani;Ms. Rhea Chaterji,"Ms. Kalpana Ajayan, Regional Head - South Asia, Women's World Banking;Ms. Natalia Shchelovanova, Global Open Innovation and Startups Ecosystem Director, InnoVecos Lead, CRIF;Ms. Natasha Jethanandani, Co-founder & CTO, Kaleidofin;Ms. Rhea Chaterji, Co-founder, SafeGold",Ms. Punitaa Chadha,"Ms. Punitaa Chadha, Incharge - Fintech Solutions, National Payments Corporation of India",zlby1npcf2ilw1e58jsypboc,2025,https://2025.globalfintechfest.com/agenda,2026-08-25T06:37:05Z
20250165,Bridging Identity and Innovation: UIDAI’s Role in the Age of AI and Fintech,2025-10-08,12:25 PM,12:55 PM,Grand Theater,,Ground Level,Fireside Chat,"Identity, DPI, AI",Identity;DPI;AI,"Digital identity has become the foundation for inclusive innovation, especially as AI and fintech redefine access to services. This fireside chat explores the evolving role of UIDAI in enabling secure, interoperable, and intelligent identity frameworks for India and beyond. The discussion will highlight how Aadhaar continues to empower real-time financial inclusion, support DPI-linked fintech growth, and unlock use cases in credit, insurance, and authentication - all while ensuring trust, privacy, and accountability in a data-driven age.",Mr. Bhuvnesh Kumar,"Mr. Bhuvnesh Kumar, Chief Executive Officer, Unique Identification Authority of India (UIDAI)",Ms. Gayathri Parthasarathy,"Ms. Gayathri Parthasarathy, India Financial Services Sector Leader, Global Financial Services Technology Leader, PwC",uqzykyn58jfx8icqy34q81o5,2025,https://2025.globalfintechfest.com/agenda,2026-08-25T06:37:05Z
20250184,Data as Public Good: Harnessing Official Data for Innovation and Growth,2025-10-08,12:30 PM,1:00 PM,Jasmine 3,,Level 3,Fireside Chat,"Data, Policy, Inclusion",Data;Policy;Inclusion,"Data, when treated as a public good, has the power to unlock new economic potential and drive inclusive growth. This fireside chat will explore how open, accessible, and secure statistics can strengthen policymaking, empower innovation, and build trust across the financial ecosystem. The conversation will highlight the role of collaborative data frameworks in ensuring that insights are timely, transparent, and beneficial for all stakeholders in a digital economy.",Dr. Saurabh Garg,"Dr. Saurabh Garg, Secretary, Ministry of Statistics and Programme Implementation, Government of India",Mr. G Padmanabhan,"Mr. G Padmanabhan, Former Executive Director, Reserve Bank of India",z3ju44rs4d9qfxydopqs5u2a,2025,https://2025.globalfintechfest.com/agenda,2026-08-25T06:37:05Z
20250741,"One World, Many Payment Systems: Driving Interoperability in Digital Payments",2025-10-08,12:30 PM,1:00 PM,Lotus 1,,Level 3,Panel Discussion,"Payments, Interoperability, Cross Border",Payments;Interoperability;Cross Border,"As digital payments scale globally, interoperability has become the cornerstone of seamless cross-border commerce and inclusion. This panel will bring together leaders from banks, payment networks, and fintechs to explore how multiple systems can work as one - delivering efficiency, trust, and convenience to users worldwide. The discussion will highlight India’s leadership in building interoperable digital rails and its role in shaping a more connected global payments ecosystem.",Ms. Suzan Kereere;Mr. Vikas Bansal;Mr. Rama Mohan Rao Amara;Mr. Abhijit Singh,"Ms. Suzan Kereere, President - Global Markets, PayPal;Mr. Vikas Bansal, CEO, Amazon Pay India;Mr. Rama Mohan Rao Amara, Managing Director (MD (IB, GM & T), State Bank of India;Mr. Abhijit Singh, Group Head (BaaS, Digital Ecosystems and International Banking), HDFC Bank",Mr. Ritesh Shukla,"Mr. Ritesh Shukla, CEO, NPCI International Payments Limited (NIPL)",fpaw26hkz41mnbqjbvjcd1er,2025,https://2025.globalfintechfest.com/agenda,2026-08-25T06:37:05Z
40,Razorpay POS – India’s First AI-Powered Self-Healing Payment Device | Razorpay,2025-10-08,12:30 PM,12:45 PM,Pavilion,V1,Ground Level,Product Launch,,,"Offline India deserves the same excellence as online India. Introducing India’s first self-healing POS, powered by AI that proactively monitors and resolves device issues before they disrupt in-store transactions. The solution is designed to address key challenges faced by offline merchants across the industry, including failed transactions, app slowdowns, and device downtime, by resolving up to 60% of issues proactively to ensure business continuity and faster checkouts. Built for India’s kirana stores, retail chains, hospitals, and field operations, this solution addresses the most pressing challenges: failed transactions, slowdowns, and downtime - improving checkout speed, business continuity, and customer satisfaction.",Pravir Shanker,"Pravir Shanker, Senior Director, Product Management , Razorpay",,,rnc63anu2wkuczlvtoicmhln,2025,https://2025.globalfintechfest.com/agenda,2026-08-25T06:37:05Z
72,DreamFolks partners with The Card Company - Presenting Wallet α: The Future of Wallets | Dreamfolks Services Ltd.,2025-10-08,12:30 PM,1:30 PM,Pavilion,J2,Ground Level,Product Launch,,,"The Card Company, in collaboration with Dreamfolks Services Ltd., proudly announces the launch of Wallet α — India’s first premium prepaid wallet that seamlessly blends payments with privileges. Curated to redefine convenience and elevate everyday experiences, Wallet α brings together the best of travel, lifestyle, and entertainment benefits. With this launch, The Card Company and DreamFolks aim to democratize access to premium experiences, making elite privileges accessible to every Indian consumer.Chief Guest - Mr. Sunil Kulkarni, Independent Director, Dreamfolks Services Ltd. Co-Speaker - Mr. Sandeepan Kashyap, Co-founder & CEO, The Card Company",Ms. Liberatha Kallat,"Ms. Liberatha Kallat, Chairperson & Managing Director, Dreamfolks Services Ltd.",,,kjh36hcys5o17y6zht5odln2,2025,https://2025.globalfintechfest.com/agenda,2026-08-25T06:37:05Z
75,BlinkToPay - India’s first biometric payment experience by Cashfree Payments | Cashfree Payments,2025-10-08,12:30 PM,1:00 PM,Pavilion,B2,Ground Level,Product Launch,,,"BlinkToPay by Cashfree Payments introduces India’s first biometric checkout experience that replaces OTPs and redirects with a single FaceID or TouchID confirmation. Built on secure device tokens and network-certified authentication, BlinkToPay enables truly native one-click payments across web and app. The result faster, safer, and friction-free transactions with a 6% conversion uplift, 50% lower fraud, and effortless SDK integration for omnichannel merchants.",Akash Sinha,"Akash Sinha, CEO & Co-Founder, Cashfree Payments",,,hbc23qnqmroo2ynxqxv1i8gq,2025,https://2025.globalfintechfest.com/agenda,2026-08-25T06:37:05Z
79,BlinkToPay - India's first truly native one-click biometric card payment | Cashfree Payments,2025-10-08,12:30 PM,1:00 PM,Pavilion,B2,Ground Level,Product Launch,,,"BlinkToPay by Cashfree Payments introduces India’s first biometric payment experience that replaces OTPs and redirects with a single FaceID or TouchID confirmation. Built on secure device tokens and network-certified authentication, BlinkToPay enables truly native one-click payments across web and app. The result — faster, safer, and friction-free transactions with a 6% conversion uplift, 50% lower fraud, and effortless SDK integration for omnichannel merchants.",Akash Sinha,"Akash Sinha, CEO & Founder, Cashfree Payments",,,nooa5v4it87vk54536tf41kc,2025,https://2025.globalfintechfest.com/agenda,2026-08-25T06:37:05Z
20250654,How Real Time Rails are Redefining Global Payments,2025-10-08,12:35 PM,1:15 PM,Hall 205 A&B,,Level 2,Panel Discussion,"Payments, Cross Border, Interoperability",Payments;Cross Border;Interoperability,"Real-time payment rails are reshaping the global payments landscape by enabling faster, cheaper, and more secure cross-border transactions. This panel will examine how new infrastructures are driving efficiency, interoperability, and innovation across markets. The discussion will highlight opportunities for financial institutions and technology providers to leverage real-time rails to expand access, enhance customer experience, and support the next phase of global trade and commerce.",Mr. Ambar Sur;Mr. Shinichiro Nishikawa;Mr. Roberto Valdovinos;Mr. Karthik Ganapathy,"Mr. Ambar Sur, Founder and CEO, Terrapay;Mr. Shinichiro Nishikawa, Head of Global Payments and Services Division, NTT DATA Japan;Mr. Roberto Valdovinos, CFO, People's Clearinghouse;Mr. Karthik Ganapathy, Co-founder, BillDesk",Ms. Nisha Bachani,"Ms. Nisha Bachani, Managing Director & Partner, BCG",k87empvytnt9mybq7kiyzsxg,2025,https://2025.globalfintechfest.com/agenda,2026-08-25T06:37:05Z
20250055,Secured Credit: The Only Panacea for MSME Lending?,2025-10-08,12:40 PM,1:20 PM,Cube,,Level 1,Masterclass,,,"The MSME credit segment is witnessing increased activity from technology-enabled NBFCs offering innovative Loan Against Property (LAP) solutions. With venture and private equity investors actively scouting opportunities in this historically profitable lending segment, this masterclass will examine whether secured credit represents the optimal solution for addressing India's MSME financing gap, featuring insights from senior lending industry experts.",Mr. Ronak Shah;Mr. Dhvanil Gandhi;Ms. Sayali Karanjkar,"Mr. Ronak Shah, CEO, OPL;Mr. Dhvanil Gandhi, Director, MAS Financial Services;Ms. Sayali Karanjkar, Angel Investor, Independent Director",Mr. Ishan Shah,"Mr. Ishan Shah, Lead - Research and M&A, The Fintech Meetup",gb4v20nkkgzopcr6tm8xozik,2025,https://2025.globalfintechfest.com/agenda,2026-08-25T06:37:05Z
20250205,"Agentic AI in Fintech: Autonomous Workflows for Risk, Compliance, and Ops",2025-10-08,12:40 PM,1:20 PM,The Studio,,Level 1,Panel Discussion,"Digital Transformation, Emerging Technology, AI",Digital Transformation;Emerging Technology;AI,"Agentic AI is redefining what automation means for financial services - moving beyond task execution to systems that can plan, act, and learn autonomously. Unlike traditional automation or generative AI, agentic frameworks can complete multi-step financial workflows, operate within guardrails, and interact seamlessly with enterprise tools and APIs. This panel will explore the current state of agentic AI in fintech, highlighting real-world use cases in risk management, regulatory compliance, and operations. Leaders will also discuss enterprise agent architectures, orchestration models, and the transformative potential of autonomous finance.",Mr. Deepak Dastrala;Ms. Usha Seetharaman;Mr. Rupesh Kumar;Ms. Neha Gupta Mahatme,"Mr. Deepak Dastrala, CTO, Intellect Design Arena;Ms. Usha Seetharaman, Director - Engineering, Google Pay India;Mr. Rupesh Kumar, Co-founder & CTO, OneCard;Ms. Neha Gupta Mahatme, Director, Amazon Pay",Mr. Dhananjay Singh,"Mr. Dhananjay Singh, Deputy Chief Engineering Delivery, National Payments Corporation of India",ggy8786gsgimbqtmv7u2wkbu,2025,https://2025.globalfintechfest.com/agenda,2026-08-25T06:37:05Z
20250315,"Investor Awareness and Education in Fintech- Steps Taken by SEBI, Challenges Faced and Potential Solutions to Mitigate Risks",2025-10-08,12:40 PM,1:20 PM,Lotus 3,,Level 3,Panel Discussion,"Customer Protection, Capital Markets",Customer Protection;Capital Markets,"With fintech platforms reshaping capital markets, ensuring market integrity has emerged as a core regulatory priority. This panel will discuss SEBI’s evolving approach to supervising fintech innovations - balancing facilitation with robust enforcement. The session will cover the potential risks posed by rapid digitalization, such as mis-selling, data misuse, and regulatory arbitrage, while highlighting opportunities for tech-enabled compliance and transparency. It will also outline SEBI’s regulatory measures, surveillance strategies, and enforcement actions designed to uphold trust, fairness, and investor protection in a tech-driven financial ecosystem.",Mr. Sashi Krishnan;Ms. Priti Rathi Gupta;Mr. Rama Subramaniam Gandhi;Mr. Anand Parameswaran,"Mr. Sashi Krishnan, Director, National Institute of Securities Markets;Ms. Priti Rathi Gupta, Founder, Lxme;Mr. Rama Subramaniam Gandhi, Former Deputy Governor, Reserve Bank of India, and Advisory Council, Sahamati;Mr. Anand Parameswaran, Executive Director and BFSI Practice Head, Kantar South Asia",Mr. Ananth Narayan G,"Mr. Ananth Narayan G, Whole Time Member (WTM), Securities and Exchange Board of India",ze8sw2jxyizgup31s6jip82r,2025,https://2025.globalfintechfest.com/agenda,2026-08-25T06:37:05Z
20250318,From FLDG to Default: Building Resilient Lending Partnerships,2025-10-08,12:40 PM,1:20 PM,Lotus 2,,Level 3,Panel Discussion,"Risk, Credit, Collaborations",Risk;Credit;Collaborations,"As the lending ecosystem evolves, models like FLDG (First Loss Default Guarantee) are being re-evaluated in light of regulatory changes and market realities. This panel will examine how lenders, fintechs, and credit bureaus can build resilient partnerships that balance growth with prudence. Leaders will discuss frameworks for managing default risk, strengthening transparency, and creating sustainable collaborations that expand credit access while protecting both institutions and consumers.",Mr. Ashish Mehrotra;Mr. Ajay Thomas John;Mr. Sanjiv Bajaj;Mr. Vineet Sukumar,"Mr. Ashish Mehrotra, MD & CEO, Northern Arc;Mr. Ajay Thomas John, Group Chief Digital Officer, Shriram Capital;Mr. Sanjiv Bajaj, Jt Chairman and MD, Bajaj Capital;Mr. Vineet Sukumar, Promotor, Founder & CEO, Vivriti Capital",Mr. Vibhav Hathi,"Mr. Vibhav Hathi, Chairman, Fintech Convergence Council, and Co-founder & CBO, OneCard",zhyzd6l606650onfuwls2c38,2025,https://2025.globalfintechfest.com/agenda,2026-08-25T06:37:05Z
20250637,"The Neural Network of Money: AI, Policy, and the Next Generation of Cross-Border Infrastructure",2025-10-08,12:40 PM,1:20 PM,Hall 104 A&B,,Level 1,Panel Discussion and Report Launch,"Regulation, Cross Border, AI",Regulation;Cross Border;AI,"As financial ecosystems become increasingly interconnected, banks must evolve from localized service providers to globally integrated platforms. This discussion will explore how leaders are reimagining banking models to balance regulatory demands, technological innovation, and customer expectations, ensuring agility and competitiveness in a global-first marketplace.Release of Report - 'Payments Handbook 2025 - 2030'",Mr. Gaurav Shisodia;Mr. Pavan Bachwal;Mr. Abhishek Lahiri,"Mr. Gaurav Shisodia, Vice President & Country Manager (India), Payoneer;Mr. Pavan Bachwal, Head, Ericsson Mobile Financial Services;Mr. Abhishek Lahiri, Vice President - Government Affairs, South Asia, Mastercard",Mr. Zubin Tafti,"Mr. Zubin Tafti, Partner, PwC",ilunp9paws1t9s4htokaqe0t,2025,https://2025.globalfintechfest.com/agenda,2026-08-25T06:37:05Z
20250718,Transforming Lending with AA: From Risk Assessment to Recovery,2025-10-08,12:40 PM,1:20 PM,Hall 206 A&B,,Level 2,Panel Discussion,"Lending, Identity, Credit Access",Lending;Identity;Credit Access,"This panel will discuss how the Account Aggregator framework is transforming lending end-to-end, from smarter risk assessment and dynamic borrower monitoring to proactive, data-driven recovery strategies",Mr. Amit Talgeri;Mr. Vamsi Madhav;Mr. Ashish Goyal;Mr. Shachindra Nath,"Mr. Amit Talgeri, Chief Risk Officer, Axis Bank;Mr. Vamsi Madhav, Chief Executive Office, FinVu AA;Mr. Ashish Goyal, MD & Group Director, Finance, Fibe;Mr. Shachindra Nath, Founder & MD, UGRO Capital",Ms. Shalini Gupta,"Ms. Shalini Gupta, Chief Policy & Advocacy Officer, Sahamati",dyjo141pe5u5fq55fue4gdi1,2025,https://2025.globalfintechfest.com/agenda,2026-08-25T06:37:05Z
20250338,The Future of Investing: Behavioral Finance and AI,2025-10-08,12:50 PM,1:50 PM,Hall 202,,Level 2,Workshop,,,"“The Future of Investing: Behavioral Finance and AI” explores how technology can move beyond efficiency to address the biases that undermine human decision-making. Imagine if portfolio managers’ judgment could be codified, audited, and continuously improved - unlocking a new era of smarter, more disciplined investing with higher performance.”",Ms. Yulia Myronova,"Ms. Yulia Myronova, CEO & Co-Founder, Yainvest",,,rq2hi29o18weobpowh4x5fif,2025,https://2025.globalfintechfest.com/agenda,2026-08-25T06:37:05Z
20250410,"Efficient, Low-Latency, High-Throughput LLM Deployment for BFSIs",2025-10-08,2:00 PM,2:45 PM,Hall 202,,Level 2,Masterclass,"Digital Transformation, Financial Services, AI",Digital Transformation;Financial Services;AI,"Fintech innovation increasingly depends on the ability to fine-tune AI models quickly and deploy them efficiently at scale. This masterclass will showcase how advanced GPU architectures and tools from NVIDIA are empowering financial institutions to accelerate AI development, optimize performance, and reduce costs. Participants will gain practical insights into applying high-performance computing for customer behavior modeling, trading, and real-time decision-making in capital markets and beyond.",Mr. Sunil Patel,"Mr. Sunil Patel, Senior Solutions Architect and Engineering, NVIDIA",,,q9acj97v6ucksu7k3mf6lczt,2025,https://2025.globalfintechfest.com/agenda,2026-08-25T06:37:05Z
20250820,Beyond Premiums and Policies: Building the Next Generation of Trust in Insurance,2025-10-08,2:00 PM,2:40 PM,Lotus 1,,Level 3,Panel Discussion,"Policy, Insurance, Inclusion",Policy;Insurance;Inclusion,"Trust has always been the real currency of insurance. As India ushers in sweeping reforms — from zero GST on life and health insurance to a push for digital platforms like Bima Sugam — the question is no longer just about selling policies, but about building enduring confidence among millions of first-time buyers. This high-powered conversation brings together regulators, insurers, and innovators to explore how trust, transparency, and technology can redefine inclusion and create the next chapter of India’s insurance story.",Mr. Rakesh Jain;Ms. Kasturi Sengupta;Mr. Masashi Namatame,"Mr. Rakesh Jain, CEO, Reliance General Insurance;Ms. Kasturi Sengupta, Executive Director, New India Assurance;Mr. Masashi Namatame, Chief Digital Officer, Tokio Marine Holdings",Mr. Nikhil Kumar,"Mr. Nikhil Kumar, Co-founder, Setu",m1pc46f6qhb642l0ffse91rf,2025,https://2025.globalfintechfest.com/agenda,2026-08-25T06:37:05Z
20250835,Beyond Wallets and Screens: Designing the Future Consumer Experience,2025-10-08,2:00 PM,2:40 PM,Hall 204 A&B,,Level 2,Panel Discussion,"Digital Transformation, Customer Behaviour Evolution, Customer Engagement",Digital Transformation;Customer Behaviour Evolution;Customer Engagement,"As digital ecosystems evolve, consumer expectations are moving far beyond wallets and screens. This panel will examine how brands, platforms, and financial innovators are reimagining the customer journey—merging design, data, and technology to deliver intuitive, seamless, and personalized experiences. From co-branded credit products to loan platforms and digital engagement strategies, leaders will discuss how the next era of financial services will be defined by trust, convenience, and meaningful consumer connections.",Ms. Harshita Singh;Mr. Srikanth Bureddy;Mr. Imran Syed,"Ms. Harshita Singh, Business Head- Times Co-brand Credit Cards, Times Internet;Mr. Srikanth Bureddy, Founder, Buddy Loan;Mr. Imran Syed, Head of Cards, Scapia",Mr. Tushar Vyas,"Mr. Tushar Vyas, Chief Strategy Officer, India, WPP",aojcko6oyhb9hyut62a4v2x7,2025,https://2025.globalfintechfest.com/agenda,2026-08-25T06:37:05Z
8,"Go with the Vibe, Code with Confidence! | CognitivTrust",2025-10-08,2:00 PM,2:30 PM,Jasmine,JA-15,Level 3,Product Showcase & Demo,,,"Describe what pain point our product solves, how does it work and what makes it unique compared to similar products in this space.",Yogesh Trivedi,"Yogesh Trivedi, CEO, CognitivTrust",,,y0o21vvfgpzlx8fne2buvcvh,2025,https://2025.globalfintechfest.com/agenda,2026-08-25T06:37:05Z
20250548,"Embedded Finance in E-commerce: Personalised Payments, Powering Global Trade",2025-10-08,2:05 PM,2:45 PM,Hall 205 A&B,,Level 2,Panel Discussion,"Embedded Finance, Cross Border, E-Commerce Solutions",Embedded Finance;Cross Border;E-Commerce Solutions,"As embedded finance reshapes digital commerce, this session explores how personalized payment experiences are driving seamless checkout, loyalty, and scale across global e-commerce ecosystems. From African markets to Asia’s fast-growing consumer base, the panel brings together leaders shaping inclusive, localized, and tech-powered financial journeys for tomorrow’s shoppers.",Mr. Sandeep Chagger;Mr. Vibhor Mundhada;Mr. Rakesh Shembekar,"Mr. Sandeep Chagger, Group COO, Peach Payments;Mr. Vibhor Mundhada, Chief Executive Officer, NEOPAY;Mr. Rakesh Shembekar, Chief Strategy & Technology Officer, DGFT",Mr. Shubhanga Prasad,"Mr. Shubhanga Prasad, Co-founder & Partner - London, UK and Bengaluru, India, Agama Ventures",zvjrwd7y80aiw6cym25b51lt,2025,https://2025.globalfintechfest.com/agenda,2026-08-25T06:37:05Z
20250157,National Champions in Transition: Reimagining the Role of Public Sector Banks in a Digital Bharat,2025-10-08,2:10 PM,2:40 PM,Grand Theater,,Ground Level,Fireside Chat,"Digital Transformation, Emerging Technology, Banking",Digital Transformation;Emerging Technology;Banking,"Public sector banks are national champions, but their role is rapidly evolving in a digital-first economy. This fireside chat will explore how PSBs are reimagining their mandate in a Digital Bharat - adopting emerging technologies, reshaping customer engagement, and strengthening resilience. The conversation will highlight how innovation and transformation can position PSBs as central drivers of financial inclusion and sustainable growth in the years ahead.",Mr. Ashok Chandra,"Mr. Ashok Chandra, Managing Director & CEO, Punjab National Bank",Mr. Hemant Jhajhria,"Mr. Hemant Jhajhria, National Head of Consulting, KPMG Assurance and Consulting Services LLP",viuo6q6hnydpaelvkkdjubad,2025,https://2025.globalfintechfest.com/agenda,2026-08-25T06:37:05Z
20250160,AI Driven Financial Inclusion for MSMEs,2025-10-08,2:10 PM,2:50 PM,Cube,,Level 1,Panel Discussion,"Inclusion, SME Finance, AI",Inclusion;SME Finance;AI,"Micro, small, and medium enterprises (MSMEs) are the backbone of India’s economy, yet many remain underserved by traditional finance. This panel will explore how AI can drive financial inclusion for MSMEs - enabling smarter credit assessment, tailored products, and scalable solutions. Leaders from NABARD, fintechs, and innovation hubs will discuss how technology and partnerships can bridge financing gaps, empower entrepreneurs, and unlock new growth opportunities.",Mr. Jinand V Shah;Mr. Santosh Kumar Singh;Mr. Aakarsh Naidu;Mr. Arpit Kabra,"Mr. Jinand V Shah, MD (Managing Director), OPL;Mr. Santosh Kumar Singh, Partner & Managing Director, Intellecap Advisory Services;Mr. Aakarsh Naidu, Head of Fintech and Startups, Reserve Bank Innovation Hub;Mr. Arpit Kabra, Central Council Member, ICAI",Mr. Nandakumar Palani,"Mr. Nandakumar Palani, CTO, NABARD",c8pyoh0x1gil4ruwba7xei6m,2025,https://2025.globalfintechfest.com/agenda,2026-08-25T06:37:05Z
20250100,Evolving FinTech Landscape in GIFT City,2025-10-08,2:20 PM,3:00 PM,Hall 206 A&B,,Level 2,Panel Discussion,Ecosystem,Ecosystem,"The panel will bring together distinguished leaders from the financial services ecosystem, regulatory bodies, and fintech innovators to deliberate on the evolving role of GIFT City as a global fintech gateway and its growing significance in driving cross-border innovation, regulatory alignment, and digital finance transformation. The panel will provide valuable insights into India’s positioning in the global fintech landscape and the collaborative efforts shaping the next phase of growth from GIFT IFSC.",Mr. Kamal Singhania;Mr. Manav Narang;Mr. Shailesh Paul;Mr. Satyen Patel,"Mr. Kamal Singhania, Senior Vice President, CCIL;Mr. Manav Narang, Head of India, Plug & Play;Mr. Shailesh Paul, CEO, Wibmo (PayU Digital);Mr. Satyen Patel, Executive Chairman, Eton Solutions, L.P.",Mr. Joseph Joshy,"Mr. Joseph Joshy, Chief Technology Officer, International Financial Services Centres Authority",ymdrqehedrurkrwtynju9zrj,2025,https://2025.globalfintechfest.com/agenda,2026-08-25T06:37:05Z
20250293,From Access to Action: Unlocking Affordable Insurance on ONDC,2025-10-08,2:20 PM,3:00 PM,Hall 104 A&B,,Level 1,Panel Discussion,"Embedded Finance, Inclusion, Insurance",Embedded Finance;Inclusion;Insurance,"Affordable and accessible insurance is a cornerstone of financial protection, and open networks like ONDC are redefining how it can reach every citizen. This panel will explore how ONDC is enabling insurers and digital players to embed sachet products, expand health coverage, and deliver customer-centric protection seamlessly. From scaling health insurance for the masses to driving innovation in micro-insurance, the discussion will spotlight how collaboration on open networks can unlock trust, affordability, and inclusion in the insurance ecosystem.",Mr. Hrushikesh Mehta;Mr. Tanuj Sinha;Mr. Mayank Bathwal;Mr. Kartik Poddar;Mr. Aman Khandelwal;Mr. Jayan Mathews;Mr. Abey Zachariah,"Mr. Hrushikesh Mehta, SVP, Financial Services, Open Network For Digital Commerce (ONDC);Mr. Tanuj Sinha, Founder, CreditHaat;Mr. Mayank Bathwal, CEO, Aditya Birla Health Insurance;Mr. Kartik Poddar, Chief Business Officer, Symbo Insurance;Mr. Aman Khandelwal, CEO, Cliniq360;Mr. Jayan Mathews, Co-Founder, Sencov Technologies;Mr. Abey Zachariah, Co Founder, Prorouting",Mr. Mohit Monga,"Mr. Mohit Monga, VP Product - Financial Services, AI, Open Network For Digital Commerce (ONDC)",nw5f73x664ewfkyvv1c6rijh,2025,https://2025.globalfintechfest.com/agenda,2026-08-25T06:37:05Z
20250445,Can AI Manage Black Swan Events and How?,2025-10-08,2:20 PM,3:00 PM,The Studio,,Level 1,Panel Discussion,"Risk, Operational Resilience, AI",Risk;Operational Resilience;AI,"Black swan events test the limits of resilience in financial systems, demanding rapid response and adaptive strategies. This panel will explore whether artificial intelligence can anticipate, manage, or mitigate the impact of such rare disruptions. Leaders from banking and fintech will discuss the role of AI in scenario modeling, stress testing, fraud detection, and crisis management, while also weighing the risks of over-reliance on algorithms in unpredictable environments.",Dr. Chandramouliswaran Venkataramani;Mr. Subrat Mohanty;Mr. Goutham Danya;Mr. Sridhar Narayan,"Dr. Chandramouliswaran Venkataramani, Vice President, PayPal India;Mr. Subrat Mohanty, ED, Axis Bank;Mr. Goutham Danya, CISO, Google Pay;Mr. Sridhar Narayan, CBO, Perfios",Mr. Vivek Belgavi,"Mr. Vivek Belgavi, FS - Partner, PwC",lbmdleu7bg9in6wqkol62zm3,2025,https://2025.globalfintechfest.com/agenda,2026-08-25T06:37:05Z
20250791,Finternet - Building the Digital Infrastructure for the World,2025-10-08,2:25 PM,3:25 PM,Jasmine 3,,Level 3,Keynote,"Digital Transformation, DPI, Global Trade",Digital Transformation;DPI;Global Trade,"The future of global finance will be built on interoperable digital infrastructure that connects people, businesses, and nations seamlessly. In this keynote, Nandan Nilekani will share his vision of Finternet - a next-generation digital financial architecture that integrates payments, data, and identity to enable inclusive growth worldwide. The address will highlight how India’s experience in building public digital infrastructure can offer a blueprint for the world, shaping resilient, secure, and scalable financial",Mr. Nandan Nilekani,"Mr. Nandan Nilekani, Chairman, Infosys",,,oow13jhhbcmwmuvxvlz3knnz,2025,https://2025.globalfintechfest.com/agenda,2026-08-25T06:37:05Z
20250890,From FinTech to TechFin: Who Will Shape the Next Decade of BFSI,2025-10-08,2:25 PM,2:55 PM,Lotus 2,,Level 3,Fireside Chat,,,,Mr. Sabyasachi Goswami,"Mr. Sabyasachi Goswami, CEO, Perfios",Mr. Amol Dethe,"Mr. Amol Dethe, Editor, ETBFSI",avrykd8pmn2v4q0iidnq1s0y,2025,https://2025.globalfintechfest.com/agenda,2026-08-25T06:37:05Z
71,GlobalPay x DreamFolks – The Global Lounge Pass & India’s first Global Transit App | Dreamfolks Services Ltd.,2025-10-08,2:30 PM,3:00 PM,Pavilion,J2,Ground Level,Product Launch,,,"A one-stop solution for ambitious global travelers, seamlessly combining forex card management, outward remittance, and zero-cost multi-currency transfers with end-to-end transit services. From airport transfer, baggage assistance, meet & assist, international airport lounge access, along with travel essentials like travel insurance and global e-SIM. The app ensures a secure, real-time, and truly holistic travel and financial experience for everything a modern global traveler needs, all in one place. Co-Speaker: Ms. Liberatha Kallat, CMD, Dreamfolks Services Ltd.Co-Speaker: Mr. Dilip Modi, Founder, GlobalPay & Spice Money",Mr. Srikrishna Narasimhan,"Mr. Srikrishna Narasimhan, CEO & Whole-Time Director, GlobalPay",,,zt38v0xoek8qpwiebqqu0u29,2025,https://2025.globalfintechfest.com/agenda,2026-08-25T06:37:05Z
20250314,Leveraging the Digital Public Infrastructure for Accreditation of Investors,2025-10-08,2:35 PM,3:15 PM,Lotus 3,,Level 3,Panel Discussion,"Digital Transformation, DPI, Capital Markets",Digital Transformation;DPI;Capital Markets,"Investor accreditation is evolving to meet the demands of a fast-moving, digital-first capital market. This panel will explore how Digital Public Infrastructure (DPI) can streamline and democratize the accreditation process - making it faster, more secure, and more inclusive. From integrating Aadhaar and DigiLocker for identity and verification to leveraging Account Aggregators and risk profiling tools, the discussion will focus on building trust, improving investor segmentation, and enabling more dynamic participation across product classes",Ms. Aparna Sinha;Ms. Tanusree Deb Barma;Mr. Sunil Jain;Mr. Rakesh Dosi,"Ms. Aparna Sinha, Adviser (DEFT & CS), Department of Economic Affairs, Ministry of Finance, Government of India;Ms. Tanusree Deb Barma, Deputy Director General (Tech Centre), UIDAI Technology Centre;Mr. Sunil Jain, Director - DigiLocker, NeGD, Ministry of Electronics and Information Technology, Government of India;Mr. Rakesh Dosi, Chief Business Officer, Protean e-Gov",Dr. Ruchi Chojer,"Dr. Ruchi Chojer, Executive Director (AFD), Securities and Exchange Board of India",sxwnfn2pmdscsyp300oudko6,2025,https://2025.globalfintechfest.com/agenda,2026-08-25T06:37:05Z
20250841,Trident AI : AI-Powered Fraud Detection Platform for Evolving Payment Threats,2025-10-08,2:40 PM,2:55 PM,Hall 105 A&B,,Level 1,Product Showcase,,,,Mr. Sidharth Sehgal;Mr. Saurabh Kumar,"Mr. Sidharth Sehgal, Vice President - Product Management, PayU Payments;Mr. Saurabh Kumar, Senior Director Product at PayU, PayU Payments",,,ohriurgrzkjp43lqsoewvdc7,2025,https://2025.globalfintechfest.com/agenda,2026-08-25T06:37:05Z
20250143,Responsible AI in Finance: Designing Guardrails for Trust and Innovation,2025-10-08,2:45 PM,3:15 PM,Grand Theater,,Ground Level,Fireside Chat,"Trust, Policy, AI",Trust;Policy;AI,"Artificial intelligence is transforming finance, but its promise must be balanced with responsibility and trust. This fireside chat will explore how financial institutions and policymakers can design guardrails that ensure fairness, transparency, and accountability in AI-driven systems. The conversation will highlight how responsible AI frameworks can safeguard consumers, enable innovation, and build confidence in the future of AI-powered finance.",Shri Abhishek Singh,"Shri Abhishek Singh, Additional Secretary, Ministry of Electronics and Information Technology, Government of India",Mr. Chetan Krishnaswamy,"Mr. Chetan Krishnaswamy, Vice President, Public Policy, Amazon",sv0fhe6qzhlfusbv73lwp3yj,2025,https://2025.globalfintechfest.com/agenda,2026-08-25T06:37:05Z
20250227,Connected Choices: Driving Consumer Behavior in the Age of Real-Time Finance,2025-10-08,2:45 PM,3:25 PM,Hall 204 A&B,,Level 2,Panel Discussion,"Customer Behaviour Evolution, Innovation, Payments",Customer Behaviour Evolution;Innovation;Payments,"Consumer behavior is being reshaped by real-time finance, where speed, transparency, affordability, certainty, and security define user expectations. This panel will explore how fintech-led innovations across geographies are influencing financial decision-making and transforming everyday interactions. Leaders from banking, payments, and policy will share perspectives on simplifying user journeys, strengthening trust, and creating connected financial experiences that shape consumer behavior in the digital era.",Mr. Gary Yeoh;Mr. Manoj Dugar;Mr. Roshan Regmi;Mr. Sameer Shetty,"Mr. Gary Yeoh, Chief Marketing Officer, Payments Network Malaysia (PayNet);Mr. Manoj Dugar, MD & Head of Asia (ex. Greater China), Global Payments Solutions, The Hongkong & Shanghai Banking Corporation Limited;Mr. Roshan Regmi, Chief Information and Digital Officer, NMB Bank;Mr. Sameer Shetty, Head Digital Business & Transformation, Axis Bank",Ms. Subrata Barisal,"Ms. Subrata Barisal, Incharge Relationship Management - Commercial Banks, National Payments Corporation of India",r50ztu6o2tpwlg7wg31vu7au,2025,https://2025.globalfintechfest.com/agenda,2026-08-25T06:37:05Z
20250254,"Redefining Speed, Safety, and Scale in Cross-Border Payments",2025-10-08,2:45 PM,3:25 PM,Lotus 1,,Level 3,Panel Discussion,"Cross Border, Security, AI",Cross Border;Security;AI,"Cross-border payments are entering a new era where speed, safety, and scale must converge seamlessly. Artificial intelligence is unlocking capabilities in fraud detection, risk scoring, and real-time monitoring, while advanced KYC/AML frameworks and sanctions screening are redefining compliance standards. At the same time, personalized payment experiences and innovative remittance solutions are driving customer-centric growth. This discussion will bring together global leaders to explore how technology, collaboration, and regulation are reshaping cross-border value flows for the future of finance.",Mr. Esam Alkheshnam;Mr. Benjamin Lee;Mr. Chiragh Kirpalani;Mr. Richard Nash,"Mr. Esam Alkheshnam, Chief Executive Officer, Knet;Mr. Benjamin Lee, Director, Nexus Global Payments;Mr. Chiragh Kirpalani, CEO, Ayoconnect;Mr. Richard Nash, Vice President and Head of Global Government Relations, PayPal",Mr. Vivek Mandhata,"Mr. Vivek Mandhata, Managing Director & Partner, BCG",o74q6xrs6snrgnpmkvea3z5x,2025,https://2025.globalfintechfest.com/agenda,2026-08-25T06:37:05Z
20250547,Fintechs as the Enabler of Global Mobility,2025-10-08,2:50 PM,3:30 PM,Hall 205 A&B,,Level 2,Panel Discussion,"Innovation, Global Trade",Innovation;Global Trade,"The discussion will explore how fintech solutions are driving seamless financial interactions for individuals and businesses across borders. From cross-border payments and digital identity to compliance innovations, the session will examine the role of agile financial platforms in enabling global mobility, fostering economic participation, and supporting the fluid movement of people, capital, and services worldwide.",Mr. Ritesh Pai;Mr. Aditya Haripurkar;Ms. Tracy Andersson;Mr. Rahul Jain,"Mr. Ritesh Pai, CEO, PhonePe International, PhonePe;Mr. Aditya Haripurkar, CEO, HitPay;Ms. Tracy Andersson, Joint CEO & Founder, SendSpend;Mr. Rahul Jain, CEO, Peach Payments",Mr. Mohit Mehra,"Mr. Mohit Mehra, Vice President-Payments and Primary Markets, Zerodha & Rainmatter",tcp5xacs2gu7ug4o7bpojh70,2025,https://2025.globalfintechfest.com/agenda,2026-08-25T06:37:05Z
20250162,Cyber Resilience in a Digitally Interconnected Rural Credit System,2025-10-08,2:55 PM,3:35 PM,Cube,,Level 1,Panel Discussion,"Cyber Security, Rural Finance & Economic Empowerment, Operational Resilience",Cyber Security;Rural Finance & Economic Empowerment;Operational Resilience,"As rural credit systems become increasingly digital and interconnected, ensuring cyber resilience is critical for protecting trust and stability. This panel will bring together leaders from NABARD, financial institutions, and cybersecurity experts to discuss strategies for safeguarding sensitive data, strengthening defenses against emerging threats, and building resilience into rural financial infrastructure. The conversation will highlight how secure digital credit systems can empower rural communities while maintaining systemic confidence.",Mr. Sukrit Ghosh;Shri Prabhat Keshava;Mr. Prashant Deshpande;Smt. Vimala Vijayabhaskar;Ms. Piyali Mandal,"Mr. Sukrit Ghosh, Director, Data Security Council of India (DSCI);Shri Prabhat Keshava, General Manager, NABARD;Mr. Prashant Deshpande, CISO & CDO, Shriram Finance;Smt. Vimala Vijayabhaskar, Chairperson, Kerala Gramin Bank;Ms. Piyali Mandal, Cyber Resilience, Crisis Simulation Advisor & CEO, The Media Coach",Dr. Nalin Rai,"Dr. Nalin Rai, AGM, NABARD",l5wcbdtlwmj1cm7z6b4ny263,2025,https://2025.globalfintechfest.com/agenda,2026-08-25T06:37:05Z
20250795,Hidden Layers of DPI for Financial Inclusion: Design Choices & Policy Recommendations,2025-10-08,2:55 PM,3:40 PM,Hall 202,,Level 2,Masterclass,"DPI, Inclusion, Policy",DPI;Inclusion;Policy,"Digital Public Infrastructure (DPI) is often framed in terms of identity, payments, and data sharing - but its true power lies in the hidden layers of design and policy choices that shape scalability and impact. This masterclass will unpack India’s DPI journey, highlighting the underlying frameworks that enabled stability and inclusion. Drawing on global relevance, the session will also present five actionable recommendations to strengthen DPI for the next wave of financial inclusion.",Ms. Kamya Chandra,"Ms. Kamya Chandra, Co-founder & Chief Strategy Officer, Centre for DPI",,,lm2jjpyanrh7oaehkp8qcwpy,2025,https://2025.globalfintechfest.com/agenda,2026-08-25T06:37:05Z
20250840,"Intelligent Authentication Suite: Smarter, Faster, Safer Payments for India and Beyond",2025-10-08,2:55 PM,3:10 PM,Hall 105 A&B,,Level 1,Product Showcase,,,,Mr. Rahul Singhal;Mr. Vivek Desai;Mr. Amit Thakur;Mr. Rohit Kataria;Mr. Anand Khanna,"Mr. Rahul Singhal, Senior Director Product Management, PayU Payments & PayU Digital Labs, PayU Payments;Mr. Vivek Desai, Director - Product Management, PayU Payments;Mr. Amit Thakur, Director - Product, PayU;Mr. Rohit Kataria, Associate Director - Product Management, PayU;Mr. Anand Khanna, Senior Product Manager, PayU",,,c24e0t605162upajox5kor4f,2025,https://2025.globalfintechfest.com/agenda,2026-08-25T06:37:05Z
20250183,LEI (Legal Entity Identifier) - From Regulatory Mandates to Marketplace: The Untapped Potential of LEI in Digital Economy,2025-10-08,3:00 PM,3:40 PM,Lotus 2,,Level 3,Panel Discussion,"Identity, Regulation, Cross Border",Identity;Regulation;Cross Border,"The Legal Entity Identifier (LEI) is evolving from a regulatory requirement into a powerful enabler of trust and transparency in the digital economy. This panel will explore how LEIs can unlock new opportunities beyond compliance - supporting secure digital transactions, enabling marketplace innovation, and strengthening interoperability across borders. Experts and leaders from the domains of Digital Payments Infrastructure (DPI), Financial market infrastructure, Trade finance, and Technology will discuss the untapped potential of LEIs in shaping a trusted foundation for the future of digital ecosystems.",Mr. Alexandre Kech;Dr. Pramod Varma;Mr. Ram Iyer;Mr. Hare Krishna Jena,"Mr. Alexandre Kech, Chief Executive Officer, GLEIF - Global Legal Entity Identifier Foundation;Dr. Pramod Varma, Co-Founder & Chief Architect, Finternet Labs;Mr. Ram Iyer, Founder & CEO, Vayana;Mr. Hare Krishna Jena, Managing Director, Clearing Corporation of India",Mr. Vikas Panwar,"Mr. Vikas Panwar, Country Business Manager - India, GLEIF (Global Legal Entity Identifier Foundation)",l1mcrf7028th48sh94tawe0u,2025,https://2025.globalfintechfest.com/agenda,2026-08-25T06:37:05Z
26,DeepfakeSafe: Safeguarding KYC in the Age of Gen AI Fraud | HyperVerge,2025-10-08,3:00 PM,3:30 PM,Pavilion,K8,Ground Level,Demo,,,"As Gen AI makes deepfakes cheaper and more convincing, KYC processes face a growing risk from live face swaps, voice cloning, and camera injection attacks. DeepfakeSafe is HyperVerge’s AI-driven solution that proactively detects deepfakes and camera injections, protecting both financial institutions and their customers. In this live demo, we will showcase how deepfakes are generated in real time, perform KYC with deepfake images, and demonstrate how DeepfakeSafe detects and blocks these threats, giving a firsthand look at our proactive defense in action.",Mr. Gaurav Jain,"Mr. Gaurav Jain, Global Head of Business, HyperVerge",,,qe6rp3m4g5ddifl7rawbzx9v,2025,https://2025.globalfintechfest.com/agenda,2026-08-25T06:37:05Z
32,J.P. Morgan Chase and Mindgate will be announcing their strategic partnership at the booth during GFF. | Mindgate Solutions pvt ltd.,2025-10-08,3:00 PM,3:30 PM,Pavilion,D2 - D7,Ground Level,J.P. Morgan Chase and Mindgate will be announcing their strategic partnership at the booth during GFF.,,,J.P. Morgan Chase and Mindgate will be announcing their strategic partnership at the booth during GFF. The announcement will highlight the collaboration’s focus on advancing UPI IMPS followed by interactions with visitors and media.,Guhaprasath Rajagopal,"Guhaprasath Rajagopal, Head of Payments, India, J.P. Morgan and Pranav Chawda, CEO, JPMorgan Chase Bank India, Head of Payments and CEO, J.P. Morgan",,,xvfbzunkidss0co2t3xorlxm,2025,https://2025.globalfintechfest.com/agenda,2026-08-25T06:37:05Z
46,Behaviorial Biometric | DCB Bank,2025-10-08,3:00 PM,3:15 PM,Pavilion,W2,Ground Level,Product Launch,,,It is a risk engine aimed to strengthen and complement the existing security system of DCB Internet Banking. It has been integrated in the login page which is crucial to identify whether a legitimate user has logged in,Mr. Manoj Joshi (Chief Compliance Officer,"Mr. Manoj Joshi (Chief Compliance Officer, DCB Bank) and Mr. Krishna Ramasankaran (Chief Internal Auditor, DCB Bank), Mentioned above, DCB Bank LTD",,,tymntt3jgtf12cfn139ey1vk,2025,https://2025.globalfintechfest.com/agenda,2026-08-25T06:37:05Z
53,Betel - EMV Terminal Simulator | Payhuddle,2025-10-08,3:00 PM,3:30 PM,Pavilion,U22,Ground Level,Product Launch,,,"Witness the launch of Betel - India's first EMV terminal simulator transforming terminal testing and certification. As the payments industry transitions to EMVCo C-8's unified contactless standard, Betel provides the critical testing infrastructure needed for smooth deployment. This comprehensive cloud-based platform supports C-8 alongside legacy scheme-specific kernels, allowing payment schemes, issuers, processors, and terminal vendors to validate the new standard while maintaining backward compatibility.Betel eliminates hardware dependencies while accelerating certification timelines and reducing costs. It supports EMV chip, contactless, and magstripe payment transactions with complete EMV Level 2 kernel logic simulation. See live demonstrations of remote terminal simulation across POS, ATM, and SoftPOS environments, automated CI/CD integration, and the intuitive interface that's helping industry leaders streamline their C-8 transition workflows.",Goutham YV,"Goutham YV, Sales Director - Global Sales, Payhuddle Solutions Private Limited",,,elk9jwo846bpngn5hadpnj22,2025,https://2025.globalfintechfest.com/agenda,2026-08-25T06:37:05Z
60,Partnership Launch with Credable | Citibank,2025-10-08,3:00 PM,3:15 PM,Pavilion,A8-A11,Ground Level,Partnership Launch,,,"Showcase of Citi’s, proprietary digital platform for trade financing, including complete digitisation of end use validation in partnership with Credable’s invoice validation using public data rails.",Ms. Komal Verma,"Ms. Komal Verma, Vice President, Citi, Citibank",,,l19ax0uir6gu9ifbdkbcosql,2025,https://2025.globalfintechfest.com/agenda,2026-08-25T06:37:05Z
68,Demo of our AI-powered voicebot to revolutionise customer experience | Jio Financial Services Limited,2025-10-08,3:00 PM,4:00 PM,Pavilion,A2,Ground Level,"Product Showcase, Demo",,,"Introducing our AI-powered Customer Support Partner. We’re re-imagining customer service with an AI-enabled voicebot built to transform query resolution. Designed for both registered and non-registered users, it offers:100% digital customer service with no dependency on traditional channelsSeamless end-to-end self-service for intuitive and hassle-free resolutionsNo more IVRs – the voicebot replaces complex call flows with smart, conversational supportFaster turnaround times, ensuring issues are resolved in record speedPowered by NLP and Generative AI, enabling human-like understanding and responses.With our AI-powered voicebot, customer support becomes simpler, faster, and smarter – setting a new benchmark in digital-first customer experience.",Jephrin Rinold,"Jephrin Rinold, Head - Customer Experience, Jio Credit Limited",,,v1ezsohq33ck801eqbzeuasj,2025,https://2025.globalfintechfest.com/agenda,2026-08-25T06:37:05Z
20250785,Redefining Customer Engagement: From Notifications to Conversational Banking,2025-10-08,3:05 PM,3:45 PM,Hall 206 A&B,,Level 2,Panel Discussion,"Customer Engagement, Digital Transformation, AI",Customer Engagement;Digital Transformation;AI,"Banking engagement is shifting from static notifications to dynamic, conversational experiences that feel intuitive and human. This panel will examine how AI, messaging platforms, and digital-first strategies are enabling banks to deepen customer trust, deliver personalized guidance, and provide real-time support. Leaders from technology and banking will share how conversational banking is set to become the new standard for customer experience.",Mr. Abhinav Jha;Mr. Krishna Kota;Mr. Anand Bhatia,"Mr. Abhinav Jha, Head of Business Development - Communication Partnerships, Google India;Mr. Krishna Kota, Head of Marketing & Customer Experience – Consumer Banking Group, DBS Bank India;Mr. Anand Bhatia, Chief Data and Analytics Officer, HDB Financial",Mr. Nitin Singhal,"Mr. Nitin Singhal, Managing Director, Sinch",k88a4c77rjq8fdt73gbsiz66,2025,https://2025.globalfintechfest.com/agenda,2026-08-25T06:37:05Z
20250572,Data to Dollars: The Revenue Opportunity in Open Data Economy,2025-10-08,3:10 PM,3:50 PM,Hall 104 A&B,,Level 1,Panel Discussion,"Data, Open Banking, Business Strategy",Data;Open Banking;Business Strategy,"The emerging open data economy is creating new revenue streams for fintechs, banks, and enterprises. This panel will explore how businesses can responsibly monetize data while ensuring privacy, interoperability, and consumer trust. Leaders from legal, technology, and financial sectors will share insights on building sustainable business models, balancing regulation with innovation, and unlocking the true value of data as a strategic asset in the digital economy.",Ms. Valeria Vahorovska;Mr. Pramod Ganji;Mr. Avinash Ramesh Godkhindi;Mr. Uttam Dave,"Ms. Valeria Vahorovska, CEO & Founder, FONDY;Mr. Pramod Ganji, Founder & CEO, Zrika;Mr. Avinash Ramesh Godkhindi, Managing Director & CEO, Zaggle;Mr. Uttam Dave, Chairman, iStreet Network",Mr. Vipul Jain,"Mr. Vipul Jain, Senior Partner, AZB & Partners",nedk7osa8p6ya1d3c15ro4wv,2025,https://2025.globalfintechfest.com/agenda,2026-08-25T06:37:05Z
20250735,Financing India’s Global Ambitions: How Fintechs can Enable $2 Trillion Exports,2025-10-08,3:10 PM,3:50 PM,The Studio,,Level 1,Panel Discussion,"FinTech Innovation, SME Finance, Trade Finance",FinTech Innovation;SME Finance;Trade Finance,"Mapping MSME export financing against India’s national trade targets. Aligning fintech innovation with MEA, DGFT, and Commerce Ministry priorities. Entities acting as enablers for scaling MSMEs into exporters.",Ms. Ambika Ravi;Mr. Parimal Shivendu;Ms. Shalini Warrier;Mr. Pushkar Mukewar,"Ms. Ambika Ravi, Managing Director & CEO, Vayana Finserv;Mr. Parimal Shivendu, Group Head at Easebuzz, Easebuzz;Ms. Shalini Warrier, Co-Promoter & CEO, GoSree Finance;Mr. Pushkar Mukewar, CEO, Drip Capital",Mr. Akshat Birla,"Mr. Akshat Birla, Founder & CEO, BharatNXT",j1t0lo56cbxlj8mnmgot8q8l,2025,https://2025.globalfintechfest.com/agenda,2026-08-25T06:37:05Z
28,Democratising underwriting expertise: A product showcase of CAM AI | Perfios,2025-10-08,3:10 PM,3:30 PM,Pavilion,I7,Ground Level,Product Showcase,,,"This product showcase demonstrates how CAM AI cross analyses various data sources and applies industry-specific intelligence on top of it to generate automated Credit Assessment Memos. See how it frees up credit analysts to focus on critical decision-making rather than tedious manual financial spreading and ratio calculations, accelerating approvals for high-ticket lending products.",Avinash Singh,"Avinash Singh, Director - Products, Perfios Software Solutions",,,tj8i61jvltoht0e4aro9wmt2,2025,https://2025.globalfintechfest.com/agenda,2026-08-25T06:37:05Z
20250401,Fintech Innovations and Growth - Exploring the Opportunities for Fintech Innovation and Growth in India,2025-10-08,3:20 PM,4:00 PM,Lotus 3,,Level 3,Panel Discussion,"Innovation, Investments, Inclusion",Innovation;Investments;Inclusion,"India’s fintech ecosystem continues to evolve as one of the fastest-growing globally, powered by innovation, investment, and regulatory support. This panel will explore the key opportunities driving the next phase of growth - from new business models and digital infrastructure to expanding investor confidence and global collaborations. Leaders from industry and policy will share perspectives on how fintechs can scale sustainably, deepen financial inclusion, and strengthen India’s position as a global fintech hub",Mr. Ambarish Kenghe;Mr. Kalpen Parekh;Mr. Srinivas Jain;Mr. Sandeep Jethwani,"Mr. Ambarish Kenghe, Group CEO, Angel One;Mr. Kalpen Parekh, Managing Director & CEO, DSP Asset Managers;Mr. Srinivas Jain, Executive Director and Head of Strategy, SBI Mutual Fund;Mr. Sandeep Jethwani, Co-founder & CEO, Dezerv",Ms. Radhika Gupta,"Ms. Radhika Gupta, MD and CEO, Edelweiss MF",eseet7j2map9jy47g7sxs702,2025,https://2025.globalfintechfest.com/agenda,2026-08-25T06:37:05Z
20250505,PA to Grow 10X by When and How,2025-10-08,3:20 PM,4:00 PM,Hall 105 A&B,,Level 1,Panel Discussion,"Payments Aggregator, E-Commerce Solutions",Payments Aggregator;E-Commerce Solutions,"Payment Aggregators (PAs) are at the center of India’s fast-evolving digital commerce landscape. This panel will discuss what it will take for the PA industry to grow 10X - examining timelines, growth drivers, and structural challenges. Leaders will share perspectives on regulatory clarity, merchant onboarding, technology adoption, and partnerships that can enable PAs to scale sustainably while creating value for merchants, consumers, and the broader fintech ecosystem.",Mr. Takeo Ueno;Dr. Atul Mehta;Ms. Tanya Naik,"Mr. Takeo Ueno, CEO, NTT DATA Payment Services India;Dr. Atul Mehta, CEO, Pay10 India;Ms. Tanya Naik, Head of Online & Omnichannel Business, Pine Labs",Mr. Rajesh Desai,"Mr. Rajesh Desai, Co-Founder, MD & CEO, Lyra Network",s75rspa8rupd9dyu2rd6acat,2025,https://2025.globalfintechfest.com/agenda,2026-08-25T06:37:05Z
20250694,Innovation for Inclusion: The Next Chapter in India’s Digital Finance Journey,2025-10-08,3:20 PM,3:50 PM,Grand Theater,,Ground Level,Keynote & Fireside Chat,"Innovation, Inclusion, Financial Services",Innovation;Inclusion;Financial Services,"India’s digital finance journey has redefined global benchmarks for inclusion, but the next chapter will be shaped by innovation that is resilient, scalable, and equitable. This keynote and fireside chat will explore how regulators and fintech innovators can co-create solutions that expand access, strengthen trust, and deliver meaningful impact across communities. The conversation will highlight pathways to balance innovation with stability while ensuring digital finance continues to drive inclusive growth.",Mr. P Vasudevan,"Mr. P Vasudevan, Executive Director, Reserve Bank of India",Mr. Harshil Mathur,"Mr. Harshil Mathur, CEO & Co-founder, Razorpay",mqfwtgitdzxjbw55ud9t6rpk,2025,https://2025.globalfintechfest.com/agenda,2026-08-25T06:37:05Z
20250098,Unlocking Rural Potential: Building Smart Financial Infrastructure for India’s Villages,2025-10-08,3:30 PM,4:05 PM,Jasmine 3,,Level 3,Fireside Chat,"Inclusion, Policy, Infrastructure",Inclusion;Policy;Infrastructure,"This session explores the future of rural finance through the lens of digital innovation, development finance, and inclusive policy frameworks. With a growing push toward financial inclusion, the focus is on how institutions are building robust, tech-enabled infrastructure to support credit delivery, insurance, savings, and payments for India’s rural population. The discussion will highlight scalable models that combine grassroots outreach with modern fintech tools - strengthening livelihoods, supporting agri-enterprises, and unlocking rural India’s economic potential.",Shri Shaji K V,"Shri Shaji K V, Chairman, NABARD",Mr. Bhavesh Jain,"Mr. Bhavesh Jain, MD & CEO, TransUnion CIBIL",a2s0qetsyd86dxa756b39cqp,2025,https://2025.globalfintechfest.com/agenda,2026-08-25T06:37:05Z
20250234,"Cyber Resilience for India’s Digital Economy: Building Trust, Together",2025-10-08,3:30 PM,4:10 PM,Lotus 1,,Level 3,Trialogue,"Cyber Security, Emerging Technology, FinCrime",Cyber Security;Emerging Technology;FinCrime,"Cyber resilience is the foundation of trust in India’s rapidly scaling digital economy. This panel will bring together leaders to share real-world strategies, industry experiences, and collaborative frameworks for building resilience at scale. The discussion will highlight how cross-industry partnerships, embedded protection tools, and proactive responses can safeguard digital payments and finance. By empowering customers as the first line of defence, cyber resilience can add a new dimension to inclusive, safe, and trusted financial journeys aligned with India’s digital ambitions.",Mr. Nitin Chugh;Mr. Rajesh Thapar;Mr. Parag Rao,"Mr. Nitin Chugh, Deputy Managing Director & Head (Digital Banking & Transformation), State Bank of India;Mr. Rajesh Thapar, CISO, National Stock Exchange of India;Mr. Parag Rao, Group Head, HDFC Bank",Mr. Milan Naik,"Mr. Milan Naik, President, Boxx Insurance",iq7dv1g89fw603l6zrh4ucw7,2025,https://2025.globalfintechfest.com/agenda,2026-08-25T06:37:05Z
20250503,Beyond Checkout: How Payment Aggregators Are Becoming Full-Stack Merchant Platforms,2025-10-08,3:30 PM,4:10 PM,Hall 204 A&B,,Level 2,Panel Discussion,"Digital Transformation, Payments Aggregator, Merchant Solutions",Digital Transformation;Payments Aggregator;Merchant Solutions,"Payment aggregators are evolving beyond checkout solutions to become full-stack merchant platforms, offering credit, loyalty, analytics, and embedded financial services. This panel will explore how aggregators are leveraging data and partnerships to empower merchants with end-to-end solutions that drive growth and efficiency. Leaders will share insights on the opportunities, risks, and regulatory considerations shaping the next phase of aggregator-led digital commerce.",Mr. Amit Kumar;Mr. Kunal Rana;Mr. Manas Mishra;Mr. Amit Hooja,"Mr. Amit Kumar, Co-founder & CTO, Easebuzz;Mr. Kunal Rana, Director - Merchants, Google Pay India;Mr. Manas Mishra, CPO, PayU Payments;Mr. Amit Hooja, Founder & CEO, Paysecure Technology",Mr. Hemant Vishnoi,"Mr. Hemant Vishnoi, Founder, EnKash",fri8gltjhn0lrmpggsq5jryh,2025,https://2025.globalfintechfest.com/agenda,2026-08-25T06:37:05Z
69,Interoperable Cardless Cash Withdrawal (ICCW) by IndiaOne with iServeU | iServeU Technology Private Limited,2025-10-08,3:30 PM,4:00 PM,Pavilion,Q16,Ground Level,Product Launch,,,"IndiaOne brings the UPI ATM service across India, which is powered by iServeU Technology.This facility lets users withdraw cash without a debit card using the Interoperable Cardless Cash Withdrawal (ICCW) facility. This process uses a UPI-enabled app on your smartphone to scan a QR code at the ATM.",Debiprasad Sarangi,"Debiprasad Sarangi, CEO & Co-Founder, , iServeU Technology Pvt. Ltd.",,,wuyql76vi7ba24be5cfr7m0a,2025,https://2025.globalfintechfest.com/agenda,2026-08-25T06:37:05Z
7,Product Demo | BRISKPE,2025-10-08,3:30 PM,4:00 PM,Pavilion,Z78,Ground Level,Demo,,,Product Demo on Partner/Client Portal,Radhikka Karkare,"Radhikka Karkare, Lead Product Manager, BRISKPE",,,i5biw2p4h4gw6vtjcyzsxb13,2025,https://2025.globalfintechfest.com/agenda,2026-08-25T06:37:05Z
20250839,"UPI NXT with PayU: Powering Speed, Choice & Growth for Businesses",2025-10-08,3:35 PM,3:45 PM,Hall 205 A&B,,Level 2,Product Showcase,,,,Mr. Swaroop Arvind Kulkarni;Mr. Deepak Bhartiya;Mr. Nitin Jaisingh;Mr. Nimit Bhatia;Mr. Anurag Gupta,"Mr. Swaroop Arvind Kulkarni, Vice President - Product Management at PayU, PayU Payments;Mr. Deepak Bhartiya, Director - Products at PayU, PayU Payments;Mr. Nitin Jaisingh, Associate Director - Product Management, PayU Payments;Mr. Nimit Bhatia, Senior Director - Product Management at PayU, PayU Payments;Mr. Anurag Gupta, Director - Product, PayU Payments",,,ajo0axajr42utwpsnk22tp8k,2025,https://2025.globalfintechfest.com/agenda,2026-08-25T06:37:05Z
20250161,Roots Before Returns - Why Agritech Grows Differently,2025-10-08,3:40 PM,4:20 PM,Cube,,Level 1,Panel Discussion,"Agritech, Investments, Sustainability",Agritech;Investments;Sustainability,"Agritech doesn’t follow the same growth playbook as other sectors - its roots lie in long-term impact, resilience, and community transformation. This panel will explore why agritech grows differently, unpacking the role of patient capital, blended finance, research institutions, and farmer-focused innovation. Leaders from investment, academia, and enterprises will discuss how to balance financial returns with deeper value creation in rural ecosystems, shaping a more sustainable and inclusive future for agriculture.",Mr. Samir Shah;Mr. Ashish Choudhury;Dr. S Senthil Vinayagam;Mr. Nitin Agrawal,"Mr. Samir Shah, Executive Vice-Chair & Co-Founder, Dvara Holdings;Mr. Ashish Choudhury, Chief Investment Officer, NABVENTURES;Dr. S Senthil Vinayagam, Principal Scientist & Head, Education Systems Management Division, ICAR-NAARM;Mr. Nitin Agrawal, Founder & CEO, Navadhan",Mr. Anurag Agarwal,"Mr. Anurag Agarwal, Partner, Avishkar Capital",ld1s4pcssorf5eqmzh56febc,2025,https://2025.globalfintechfest.com/agenda,2026-08-25T06:37:05Z
20250632,The ABCD Way- Making Finance as Simple as ABCD,2025-10-08,3:50 PM,4:00 PM,Hall 206 A&B,,Level 2,Product Showcase,,,"Aditya Birla Capital Digital (ABCD) is presenting a new wave of innovations that redefine how Indians experience money, health, and payments, guided by the vision to make finance simple, engaging, and habit-forming — powered by AI, gamification, personalization, choice, and futuristic payment experiences. At the core lies Insightful Tracking, where finance becomes intuitive and life-centric, enhancing both wealth and health. With AI-driven insights, customers are empowered to make smarter financial choices while turning complexity into clarity. Through Financial Enablers, data is transformed into personalized recommendations and life goals into actionable plans, helping people map, track, and achieve their milestones with confidence. We also bring Gamified Finance to life with interactive storytelling and real-world scenarios that make financial learning engaging, memorable, and impactful, allowing individuals to understand the consequences of choices without costly mistakes. Alongside, Innovative Payments are reshaping money interactions — blending trust, convenience, and security to make paying, gifting, and transacting effortless yet dependable. Designed to be a trusted companion, the ABCD app helps people build positive daily, weekly, and monthly financial habits, making finance an empowering part of everyday life.",Ms. Bhargavi Sridharan,"Ms. Bhargavi Sridharan, Head - ABCD and ABC One, Aditya Birla Capital Digital",,,ndo80yd4csmrw002mt6dv9jg,2025,https://2025.globalfintechfest.com/agenda,2026-08-25T06:37:05Z
20250647,Beyond Inclusion: Building Profitable Digital Banks for the Next Billion,2025-10-08,3:50 PM,4:20 PM,Lotus 2,,Level 3,Trialogue,"Inclusion, Financial Services, Innovation",Inclusion;Financial Services;Innovation,"As digital banking expands beyond inclusion, the next frontier is building profitable and sustainable models that serve the next billion customers. This trialogue will explore how digital banks can balance affordability with profitability, leverage data for customer-centric innovation, and create long-term trust in underserved markets. The discussion will highlight pathways to scale responsibly while unlocking value for both consumers and financial institutions.",Mr. Anubrata Biswas;Mr. Ramesh Lakshminarayanan,"Mr. Anubrata Biswas, Managing Director & CEO, Airtel Payments Bank;Mr. Ramesh Lakshminarayanan, CIO, HDFC Bank",Mr. Rahul Ayyappan,"Mr. Rahul Ayyappan, Co-founder & CTO, Finacus Solutions",vb53x9gwt3lykgif5gzixd5s,2025,https://2025.globalfintechfest.com/agenda,2026-08-25T06:37:05Z
20250799,Creating an Efficient Lending Marketplace Leveraging AA,2025-10-08,3:50 PM,4:30 PM,Hall 202,,Level 2,Round Table,"Business, Lending, Customer Protection, Invite Only",Business;Lending;Customer Protection;Invite Only,"The Account Aggregator (AA) framework is transforming how consented financial data is shared and used. This masterclass will dive into how expanding AA access to LSPs and fintechs can unlock new opportunities in lending, credit innovation, and financial inclusion. Experts will unpack the operational, regulatory, and technological considerations, offering practical insights on how ecosystem players can build trusted, customer-first solutions on top of the AA framework.",Mr. Debdoot Banerjee;Ms. Megha Jain;Mr. Abhishek Varshney;Mr. Ashish Mehrotra;Ms. Shalini Gupta;Mr. Neeraj Bansal,"Mr. Debdoot Banerjee, Senior Director, Accion India;Ms. Megha Jain, Principal Officer and India Lead, Private Sector Engagement, Gates Foundation;Mr. Abhishek Varshney, Sr. Lead Partnership, Sahamati;Mr. Ashish Mehrotra, MD & CEO, Northern Arc;Ms. Shalini Gupta, Chief Policy & Advocacy Officer, Sahamati;Mr. Neeraj Bansal, CEO, CredRight",Mr. Anurag Saxena,"Mr. Anurag Saxena, Vice President, Asia, Accion India",w0w4i70c8nxjsvi30sdevr1n,2025,https://2025.globalfintechfest.com/agenda,2026-08-25T06:37:05Z
20250845,AI × Platforms × Finance: Designing Everyday Financial Experiences for a Billion Users,2025-10-08,3:55 PM,4:25 PM,Grand Theater,,Ground Level,Fireside Chat,,,,Mr. Hitesh Sethia,"Mr. Hitesh Sethia, MD & CEO, Jio Financial Services",Mr. Ashutosh Sinha,"Mr. Ashutosh Sinha, Senior Editor, Economic Times",fl5v0r9456991ebr50ytw5ui,2025,https://2025.globalfintechfest.com/agenda,2026-08-25T06:37:05Z
10,Checkout That Powers D2C Growth | Pine Labs,2025-10-08,4:00 PM,4:30 PM,Pavilion,E2,Ground Level,Product Launch,,,"""We’re unveiling a new kind of checkout - one that doesn’t just process payments, but actively drives growth. What happens when addresses are pre-filled, offers surface at the right moment, and shoppers can confirm in just two clicks? Conversions soar. Unlike standalone gateways, this checkout unifies affordability, Offers Engine, and GrowthHub intelligence to turn every transaction into a growth lever.Join us for the official launch - experience the future of checkout, and be part of the first audience to see it live.""",Amrita Konaiagari,"Amrita Konaiagari, Associate Director Marketing , Pine Labs",,,n7m0l7t9dwqbeaap92vsm7cd,2025,https://2025.globalfintechfest.com/agenda,2026-08-25T06:37:05Z
45,Agent Assist | DCB Bank,2025-10-08,4:00 PM,4:15 PM,Pavilion,W2,Ground Level,Product Launch,,,"A full-spectrum voice-of-customer analytics solution that transforms unstructured customer interactions across calls and emails into structured insights. This enhances service efficiency, decode sentiment, detect friction points, and identify sales conversion barriers using AI-driven real-time analytics.",Mr. Damodar Agarwal (Head Strategic Initiatives & Alternate Channels,"Mr. Damodar Agarwal (Head Strategic Initiatives & Alternate Channels, DCB Bank) And Mr. Murali Manduva (Chief Technology Officer, DCB Bank), Mentioned Above, DCB Bank LTD",,,xogvchxehov1jj2gwt33h5g0,2025,https://2025.globalfintechfest.com/agenda,2026-08-25T06:37:05Z
49,Razorpay POS Command Center - Smart monitoring and adaptive control for your POS ecosystem. | Razorpay,2025-10-08,4:00 PM,4:15 PM,Pavilion,V1,Ground Level,Product Launch,,,"Command Center is a unified platform for Razorpay, banks, and enterprises to monitor and manage their IoT devices — including POS terminals and QR Soundboxes. It offers real-time device health, troubleshooting, software updates, transaction insights, and supply chain visibility.",Anand Laxmanan,"Anand Laxmanan, Vice President, Product Management, Razorpay",,,i5k7q0uy5ol5zh73ixqgj87f,2025,https://2025.globalfintechfest.com/agenda,2026-08-25T06:37:05Z
81,Launch - Merchant AI Dashboard & High Transaction Processing 6.0 UPI Platform | Mindgate Solutions Pvt Ltd,2025-10-08,4:00 PM,5:00 PM,Pavilion,D2-D7,Ground Level,Product Launch,,,Launch of Two Use Cases - Merchant AI Dashboard & High Transaction Processing 6.0 UPI Platform,Soumitro Sen,"Soumitro Sen, Head Consumer Banking & Marketing, IndusInd",,,xr1acro4pl5dmzhomyzaq2e9,2025,https://2025.globalfintechfest.com/agenda,2026-08-25T06:37:05Z
20250309,One-Stop Shop across the Available Assets – Technological Gaps and Viability,2025-10-08,4:05 PM,4:45 PM,Lotus 3,,Level 3,Panel Discussion,"Investments, Emerging Technology, Capital Markets",Investments;Emerging Technology;Capital Markets,"Creating a unified access point for retail and institutional investors across asset classes - equities, bonds, mutual funds, and alternative instruments - presents a transformative opportunity for India’s capital markets. This panel will explore the feasibility of building an integrated, investor-centric marketplace and the technology architecture required to support it. Key discussion areas include interoperability, data standardization, real-time infrastructure, and regulatory coordination to deliver seamless investment experiences while ensuring compliance, transparency, and scalability",Mr. Viral Mody;Mr. Subhash Kelkar;Mr. Amit Mahajan;Mr. Sunil Batra,"Mr. Viral Mody, Chief Technology Officer - Application & Development, National Stock Exchange of India Limited;Mr. Subhash Kelkar, CTO, Bombay Stock Exchange (BSE);Mr. Amit Mahajan, Chief Technology Officer, Central Depository Services (India) Limited;Mr. Sunil Batra, CTO, The Multi Commodity Exchange of India",Dr. Kailash Nadh,"Dr. Kailash Nadh, Chief Technology Officer, Zerodha",pqbmvmbls642ezsc29jtu783,2025,https://2025.globalfintechfest.com/agenda,2026-08-25T06:37:05Z
20250606,New Wave Authentication Secures Every Purchase,2025-10-08,4:05 PM,4:15 PM,Hall 206 A&B,,Level 2,Product Showcase,,,"In a world plagued by counterfeit products and grey market leakages, DigiTathya is launching a breakthrough authentication platform designed to secure every purchase from factory to consumer. Powered by tamper-proof QR technology, AI-driven fraud detection, and seamless UPI integration, DigiTathya empowers brands to protect their products and allows consumers to verify authenticity in real-time with just one scan.Join us as we unveil how this modular, enterprise-ready solution is reshaping product trust, supply chain visibility, and post-sale engagement across industries like pharma, FMCG, electronics, and fashion. The future of purchase integrity begins here.",Mr. Nisarg Panchal,"Mr. Nisarg Panchal, Founder & CEO, DigiTathya",,,ziaz9belt4ksml36byu3h6ei,2025,https://2025.globalfintechfest.com/agenda,2026-08-25T06:37:05Z
20250846,Nabard Hackathon Felicitation by NABARD Chairman,2025-10-08,4:05 PM,4:10 PM,Jasmine 3,,Level 3,Session,,,,Shri Shaji K V,"Shri Shaji K V, Chairman, NABARD",,,vf2vk5viycp2phtggvvfc7w7,2025,https://2025.globalfintechfest.com/agenda,2026-08-25T06:37:05Z
20250812,Celebrating UPI - Iconic Global Expansion,2025-10-08,4:15 PM,4:40 PM,Hall 105 A&B,,Level 1,Product Showcase,,,,Mr. Rajesh Desai,"Mr. Rajesh Desai, Co-Founder, MD & CEO, Lyra Network",,,a7m59gkvke18l14e1apx2vlw,2025,https://2025.globalfintechfest.com/agenda,2026-08-25T06:37:05Z
20250163,Future of Green Finance: Aligning DFI and MDBs Green Financing Strategies with AI and Fintech,2025-10-08,4:25 PM,5:05 PM,Cube,,Level 1,Panel Discussion,"Green Finance, Sustainability, AI",Green Finance;Sustainability;AI,"Green finance is becoming central to addressing climate challenges, and the role of DFIs and MDBs is critical in shaping scalable solutions. This panel will explore how their green financing strategies can be aligned with AI and fintech innovation to accelerate impact. Leaders from development finance, agritech, and sustainable enterprises will discuss practical pathways to channel capital efficiently, strengthen accountability, and unlock new opportunities for sustainable growth.",Mr. Hemendra Mathur;Mr. Aditya Damani;Mr. Ashutosh Tandon;Mr. Anujeet Kudva;Ms. Neha Kumar,"Mr. Hemendra Mathur, Venture Partner, Bharat Innovation Fund;Mr. Aditya Damani, Founder and CEO, Credit Fair;Mr. Ashutosh Tandon, Operations Officer, Financial Institutions Group (FIG) Advisory, International Finance Corporation (IFC);Mr. Anujeet Kudva, Chief Risk Officer, Ecofy;Ms. Neha Kumar, Head, South Asia, Climate Bonds Initiative",Mr. Sanjoy Ghosh,"Mr. Sanjoy Ghosh, Chief General Manager, NABARD",u0hhorv6szr942s9f3p8ndjh,2025,https://2025.globalfintechfest.com/agenda,2026-08-25T06:37:05Z
20250020,Driving Inclusive and Sustainable Growth Through Digital Public Infrastructure and FinTech,2025-10-08,4:30 PM,5:00 PM,Jasmine 3,,Level 3,Keynote,,,,Mr. Kris Gopalakrishnan;Shri Sanjay Malhotra,"Mr. Kris Gopalakrishnan, Chair, GFF2025, Founder - Infosys and Chairman, Axilor Ventures;Shri Sanjay Malhotra, Governor, Reserve Bank of India",,,b50gc4v22mk11sgiw37zyvcn,2025,https://2025.globalfintechfest.com/agenda,2026-08-25T06:37:05Z
21,Pine Labs Finsights: Raising the Bar on Financial Data Intelligence | Pine Labs,2025-10-08,4:30 PM,4:45 PM,Pavilion,E2,Ground Level,Product Showcase,,,"""Raw bank statements and Account Aggregator data are messy, making underwriting slow and inconsistent. Setu Enrich cleans and structures this data with high precesion — turning chaos into clarity. On top of this, Setu Finsights delivers 100+ insights across 30+ variables, from income stability and spending patterns to behavioural risk scores and early warning signals.Together, they give lenders sharper, faster decisions — improving approval rates, cutting loss ratios, and powering better collection strategies. Unmatched in the market, Setu Finsights transforms messy financial data into your strongest competitive edge.""","""Atreya Arun Principal Product Manager","""Atreya Arun Principal Product Manager, Setu By Pine Labs Vijeth Pandit CPO - Pine Labs"", ""Atreya Arun Principal Product Manager, Setu By Pine Labs Vijeth Pandit CPO - Pine Labs"", Pine Labs",,,d9dmmmvlee33v92gdsyfnh27,2025,https://2025.globalfintechfest.com/agenda,2026-08-25T06:37:05Z
76,Banking Connect | Next generation Netbanking innovation by Cashfree Payments | Cashfree Payments,2025-10-08,5:00 PM,5:30 PM,Pavilion,B2,Ground Level,Product Launch,,,"Cashfree Payments introduces Banking Connect, a next-generation Netbanking stack built in partnership with NBBL to bring interoperability to one of India’s oldest payment rails. The solution unifies banks and payment aggregators under a single integration, enabling instant Netbanking availability at scale from Day 1. With fewer redirects, faster mobile flows, and unified refund and dispute resolution mechanisms, Banking Connect ensures higher success rates, faster settlements, and a seamless, modernized Netbanking experience for businesses and consumers alike.",Harsh Gupta,"Harsh Gupta, CRO, Cashfree Payments",,,dihi4h2n3vkv7icxb5uqyoo1,2025,https://2025.globalfintechfest.com/agenda,2026-08-25T06:37:05Z
20250019,Product Launch - NPCI,2025-10-08,5:10 PM,6:10 PM,Jasmine 3,,Level 3,Product Launch,,,,,,,,w13khh4cjyxpdn78iitxgdp3,2025,https://2025.globalfintechfest.com/agenda,2026-08-25T06:37:05Z
20250624,Centralized Digital Credit Infrastructure (CDCI) for Regional Rural Banks (RRBs),2025-10-08,5:10 PM,5:20 PM,Cube,,Level 1,Product Showcase,,,"NABARD in association with Online PSB Loans Ltd. (OPL) is establishing a Centralized Digital Credit Infrastructure (CDCI) for RRBs. The CDCI is a transformative digital platform aimed at automating and streamlining the entire credit lifecycle for RRBs. Unlike traditional Loan Origination Systems (LoS), CDCI is fully automated and built on an API-driven architecture, enabling seamless integration with key data sources. CDCI leverages cloud infrastructure to deliver high availability, scalability, and cost-effective operations for RRBs. It replaces on-premises systems with secure remote access, elastic resource management, and streamlined maintenance.",Mr. Subrat Kumar Nanda;Mr. Jinand V Shah,"Mr. Subrat Kumar Nanda, Chief General Manager, NABARD;Mr. Jinand V Shah, MD (Managing Director), OPL",,,wwo341z7a5k0anzd4rcts357,2025,https://2025.globalfintechfest.com/agenda,2026-08-25T06:37:05Z
50,Razorpay AI Stack: Reimagining Payments for an AI-First India | Razorpay,2025-10-08,5:30 PM,5:45 PM,Pavilion,V1,Ground Level,Product Launch,,,How Razorpay is infusing AI across the payment journey. From onboarding to post payment experience.Smart Assist Express OnboardingCo-Pilot (TBD)Agentic PaymentsRisk ShieldAgentic Dashboard,Anand Laxmanan,"Anand Laxmanan, Vice President, Product Management, Razorpay",,,xjiwpzjavjonci0hdbav2hrt,2025,https://2025.globalfintechfest.com/agenda,2026-08-25T06:37:05Z
20250076,NPCI Partner Connect event,2025-10-08,6:00 PM,7:00 PM,Hall 206 A&B,,Level 2,Networking,Invite Only,Invite Only,,,,,,pfwngn6h7s4cdsgp1u3l7ynv,2025,https://2025.globalfintechfest.com/agenda,2026-08-25T06:37:05Z
20250132,The Data Leadership Imperative: Building Future-Ready Financial Institutions,2025-10-08,6:00 PM,9:30 PM,Hall 105 A&B,,Level 1,Round Table,"Data, Infrastructure, Invite Only",Data;Infrastructure;Invite Only,"Data-driven leadership is now central to building financial institutions that are agile, resilient, and future-ready. This closed-door roundtable, hosted by Mixpanel, will convene select leaders to discuss how data strategy, analytics, and AI can transform decision-making, customer engagement, and growth. The conversation will be followed by an exclusive dinner, creating space for deeper exchange of insights and collaboration on shaping the next generation of financial services.",Ms. K V Sheetal,"Ms. K V Sheetal, Chief General Manager (Digital banking), Bank of Baroda",,,cv520c30mi2hysgmkqj1nsjp,2025,https://2025.globalfintechfest.com/agenda,2026-08-25T06:37:05Z
20250170,Beyond the Transaction: Leveraging Next-Gen Identity Signals to Combat Modern Fraud,2025-10-08,6:00 PM,8:00 PM,Hall 102,,Level 1,Round Table,Invite Only,Invite Only,"The exclusive closed room session will bring together senior risk, fraud, and compliance leaders for a high-impact dialogue on combating modern fraud, using next-gen, behaviour-based identity signals. The session will also delve into the implications of India’s Digital Personal Data Protection (DPDP) Act, with a focus on user consent, regulatory alignment, and data responsibility. Discover how Truecaller is enabling smarter and safer ecosystems for both users and brands.",,,,,d24xa8lwrcp90874cs62d6fw,2025,https://2025.globalfintechfest.com/agenda,2026-08-25T06:37:05Z
20250587,Scapia Sundowner – A Musical Evening with Shankar Mahadevan,2025-10-08,6:00 PM,8:00 PM,Grand Theater,,Ground Level,Networking,,,,,,,,vcgop2yhlf6v54quvv6lykbp,2025,https://2025.globalfintechfest.com/agenda,2026-08-25T06:37:05Z
20250728,Product Showcase & Dinner - BranchX,2025-10-08,6:15 PM,9:15 PM,Hall 205 A&B,,Level 2,Networking,Invite Only,Invite Only,,,,,,x1fss7z6106dlvvuy2v2n7z8,2025,https://2025.globalfintechfest.com/agenda,2026-08-25T06:37:05Z
20250010,Global Fintech Awards 2025,2025-10-08,6:30 PM,8:30 PM,Jasmine 3,,Level 3,Awards,,,,,,,,azzlnpl98w5g8kza5lww24l6,2025,https://2025.globalfintechfest.com/agenda,2026-08-25T06:37:05Z
20250071,"Banking Communications & Compliance, Redesigning Trust, Consent & Delivery",2025-10-08,7:00 PM,10:00 PM,Hall 204 A&B,,Level 2,Closed Room Session,Invite Only,Invite Only,"As customer touchpoints grow increasingly digital and fragmented, leading banks are rethinking the role of transactional communication, shifting it from a cost-heavy backend function to a strategic driver of efficiency and engagement. From saving over ₹100Cr in messaging costs to enabling real-time access to transactional data for business teams, forward-looking institutions are finding new ways to turn compliance-driven messaging into marketing ROI.This closed-door roundtable will convene Executive Directors, Chief Information Officers, and Chief Technology Officers to unpack how technology can transform the way banks engage, inform, and convert. Discussions will explore how platforms like WhatsApp and RCS can take banking beyond the limits of branches and apps, how to make consent management work at scale, and how transactional alerts can do more than inform they can drive growth.",,,,,hrz0u27dgd8qfu18behbkrq4,2025,https://2025.globalfintechfest.com/agenda,2026-08-25T06:37:05Z
20250129,The Next Move: Modernizing Banking and Payments at Scale,2025-10-08,7:00 PM,10:00 PM,Lotus 3,,Level 3,Dinner,"Digital Transformation, Networking, Payments, Invite Only",Digital Transformation;Networking;Payments;Invite Only,"Modernization isn’t easy - and doing it efficiently at scale is a whole new game. Join us for an evening of insightful conversations with industry leaders on how to upgrade critical systems to be faster, stronger, and more innovative, without your expansion plans missing a beat.",,,,,qxp0qjg92seyo25rr9hvg3q3,2025,https://2025.globalfintechfest.com/agenda,2026-08-25T06:37:05Z
20250130,Innovation Leadership Dinner by HSBC,2025-10-08,7:00 PM,10:00 PM,Lotus 2,,Level 3,Dinner,Invite Only,Invite Only,"The exclusive dinner celebrates HSBC’s continued journey of innovation and leadership. It will bring together marquee leaders from the fintech and corporate ecosystem for an evening of networking and dialogue. The dinner is designed to foster meaningful conversations, celebrate milestones, and explore how HSBC is enabling growth in an evolving financial landscape.",,,,,jq9me2k02blk4tms43es40ok,2025,https://2025.globalfintechfest.com/agenda,2026-08-25T06:37:05Z
20250133,Exclusive VIP Dinner for Cross-Border Payments Leaders – Global Fintech Fest 2025,2025-10-08,7:00 PM,10:30 PM,Hall 103,,Level 1,Dinner,Invite Only,Invite Only,"As a key leader driving cross-border payments innovation in India, Banking Circle, are hosting an invite only VIP dinner, limited to 25 leaders from India’s top banks and small finance banks. Discussions will centre on how to accelerate cross-border payments - with faster settlements, lower costs, and seamless scalability for Indian merchants. This is a private, high-level dialogue on India’s role in global trade - no pitches, just strategic insights. Banking Circle is a modern correspondent bank, specialising in cross-border payments. Currently, we process 10% of Europe’s e-commerce flow. Banking Circle aims to completely overhaul the world’s legacy payments infrastructure, delivering truly instant payments to meet the challenge of a ‘real time’ age.",,,,,oa4rdinqv2xi5hdo63m67rew,2025,https://2025.globalfintechfest.com/agenda,2026-08-25T06:37:05Z
20250358,Banking on Intelligence: How AI Agents Are Rewiring Everyday Roles in Financial Services,2025-10-08,7:00 PM,10:30 PM,Hall 203,,Level 2,Round Table,Invite Only,Invite Only,"This roundtable will convene technology leaders, innovators, and decision makers from across the financial services ecosystem to explore the emerging paradigm of Agentic Intelligence. As AI systems increasingly evolve to drive decisions rather than simply support them, the discussion will focus on how banks, NBFCs and fintechs are harnessing these capabilities to drive hyper-personalized experiences, unlock intelligent product innovation, and enhance operational efficiency. Participants will also delve into how these systems ensure built-in compliance and governance driving transformation that is not just impactful, but also responsible.",,,,,xf0hz3j3gdjubqukoj1vc3uf,2025,https://2025.globalfintechfest.com/agenda,2026-08-25T06:37:05Z
20250395,AI-First Lending---- Enriching the Value Chain to Drive Business impact,2025-10-08,7:00 PM,10:30 PM,Hall 202,,Level 2,Round Table,Invite Only,Invite Only,"India’s lending ecosystem is at an inflection point, where growth and risk are deeply intertwined. Traditional models are struggling to keep pace with rising customer expectations, regulatory oversight, and operational complexity. To stay competitive, lenders must embed AI-first thinking across the entire credit lifecycle -- from KYC to collections -- unlocking efficiency, reducing risk, and driving business impact.This closed-door, invite-only roundtable is hosted by Global Fintech Fest in collaboration with Intellect Design Consumer Banking Arena. It will bring together a curated group of CEOs, Heads of Retail/SME/Corporate Lending, Chief Product Officers, CIOs, CTOs, and Digital Transformation Leaders from India’s leading banks and lenders who will explore how AI can enrich the value chain, streamline operations, and transform credit decisions.",,,,,fijbcoi07u6zxojzqcvnnj9q,2025,https://2025.globalfintechfest.com/agenda,2026-08-25T06:37:05Z
20250061,Global Fintech Women Breakfast,2025-10-08,7:30 AM,10:30 AM,Hall 204 A&B,,Level 2,Networking,Invite Only,Invite Only,,,,,,weuxb08icqq98a0it8k6czu7,2025,https://2025.globalfintechfest.com/agenda,2026-08-25T06:37:05Z
20250865,Startup Showcase - Glomo Payments,2025-10-08,9:00 AM,9:10 AM,Lotus 3,,Level 3,Startup Showcase,,,,Ms. Juhilata S Puntambekar,"Ms. Juhilata S Puntambekar, Head of Legal and Compliance | Founding Team, Glomo Payments",,,o45mr1i1iay16h537qz7rvkd,2025,https://2025.globalfintechfest.com/agenda,2026-08-25T06:37:05Z
20250169,An Exclusive Gathering Where Fintech’s Brightest Minds Connect Over Dinner,2025-10-08,9:05 PM,12:05 AM,Hall 104 A&B,,Level 1,Dinner,Invite Only,Invite Only,"Join us for an exclusive evening hosted by Truecaller, bringing together the most prominent voices from fintech, BFSI, mutual funds, and allied sectors. This by-invitation-only gathering is designed to spark candid conversations, enable powerful connections, and inspire fresh perspectives on the future of financial services. Connect with fellow leaders, exchange ideas, and explore how communication intelligence can unlock scale and performance in an evolving digital-first economy.",,,,,j6hcb9v118zzyo4m7vbl57i1,2025,https://2025.globalfintechfest.com/agenda,2026-08-25T06:37:05Z
20250207,AI-Driven Risk Management and Fraud Detection,2025-10-08,9:30 AM,10:10 AM,Hall 205 A&B,,Level 2,Panel Discussion,"Risk, FinCrime, AI",Risk;FinCrime;AI,"Artificial intelligence is transforming how financial institutions approach risk and fraud. This panel will examine how AI can be leveraged to strengthen risk management frameworks, improve fraud detection, and reduce false positives in real time. Leaders from banking and fintech will share insights on deploying advanced models that balance efficiency with trust, helping institutions stay ahead of evolving threats while safeguarding customer confidence.",Mr. Prashant Mehra;Mr. Akshay Chopra;Mr. Sagar Tanna;Ms. Shivani Arora,"Mr. Prashant Mehra, Group Head, Credit Risk, HDFC Bank;Mr. Akshay Chopra, Head of Business, Jocata;Mr. Sagar Tanna, Founder & CEO, Trackwizz;Ms. Shivani Arora, CBO, FrameShift",Mr. Kedar Kulkarni,"Mr. Kedar Kulkarni, Co-founder & CEO, Hyperverge",wo76u172qt88tl990gp2tga9,2025,https://2025.globalfintechfest.com/agenda,2026-08-25T06:37:05Z
20250854,"The Search for Trust: How AI Will Rewrite Knowledge, Commerce, and Finance",2025-10-08,9:45 AM,10:15 AM,Jasmine 3,,Level 3,Fireside Chat,,,,,,Mr. Vijay Shekhar Sharma,"Mr. Vijay Shekhar Sharma, Founder & CEO, Paytm",qfcssh5pkwcer1s8102ly38z,2025,https://2025.globalfintechfest.com/agenda,2026-08-25T06:37:05Z
20250057,"One Earth, One Fintech Future: India’s Contribution to Global Financial Transformation",2025-10-09,1:00 PM,1:40 PM,Jasmine 3,,Level 3,Special Session,"Ecosystem, Policy, DPI, Invite Only",Ecosystem;Policy;DPI;Invite Only,"India’s digital public infrastructure model has redefined what inclusive, scalable, and secure financial systems can look like in the 21st century. This keynote address will reflect on how India’s approach - anchored in innovation, trust, and accessibility - is inspiring a global movement toward people-centric finance. From transforming everyday payments and empowering micro-entrepreneurs to shaping cross-border collaborations and AI-driven innovation, India is contributing to a unified global vision for fintech that is inclusive, resilient, and future-ready.",Shri Sanjay Malhotra;Mr. Kris Gopalakrishnan,"Shri Sanjay Malhotra, Governor, Reserve Bank of India;Mr. Kris Gopalakrishnan, Chair, GFF2025, Founder - Infosys and Chairman, Axilor Ventures",,,gt4ll0xuo41xvqgwn6xom57i,2025,https://2025.globalfintechfest.com/agenda,2026-08-25T06:37:05Z
20250666,The DigiLocker and EntityLocker Adoption Workshop,2025-10-09,1:05 PM,1:50 PM,Cube,,Level 1,Masterclass,"Digital Identity, Ecosystem, Innovation",Digital Identity;Ecosystem;Innovation,"This workshop aims to convene around 100 participants, including fintech players, industry leaders, startups, venture capitalists, and developers, on the sidelines of the Global Fintech Fest 2025 in Mumbai. The objective is to engage in focused deliberations on advancing the digitalisation of services through DigiLocker and EntityLocker integrations to enhance convenience and efficiency for citizens and businesses alike.The workshop will emphasise the exchange of ideas, knowledge sharing, and fostering industry partnerships. Discussions will revolve around project implementation challenges and identifying gaps. This forum will also serve to familiarise attendees with EntityLocker’s capabilities and its role in transforming service delivery within the fintech ecosystem.Participation from relevant stakeholders across the fintech and startup ecosystem will provide valuable insights to drive seamless digital integration and promote innovation for a futuristic digital governance framework.",Mr. Karan Tandon,"Mr. Karan Tandon, Senior Manager, National e-Governance Division (NeGD), Ministry of Electronics and Information Technology (MeitY), Government of India",,,o4f3cqm9od184be27ew39psm,2025,https://2025.globalfintechfest.com/agenda,2026-08-25T06:37:05Z
20250101,Embracing the Future: GIFT IFI Architecting a Strong and Competent Fintech Talent Pipeline,2025-10-09,10:00 AM,11:00 AM,The Studio,,Level 1,Discussion,"Skilling, Financial Services, Innovation",Skilling;Financial Services;Innovation,The session will begin with Mr. Sandeep Dixit addressing the audience on Fintech talent in GIFT IFI follwed by a panel discussion on the topic Emerging Tech in Finance and Fintech as an Enabler for Climate Finance and Net Zero Transition.,Mr. Sandeep Dixit;Prof. Mithun Radhakrishna;Prof. Chelva Kumar;Prof. Sameer Gundurao Kulkarni;Prof. Kinshuk Saurabh;Mr. Mahesh Kokalaki,"Mr. Sandeep Dixit, Director Project, International Fintech Institute, GIFT City, Gandhinagar;Prof. Mithun Radhakrishna, Associate Professor, GIFT IFI;Prof. Chelva Kumar, Executive Vice President, GIFT IFI;Prof. Sameer Gundurao Kulkarni, Professor, GIFT IFI;Prof. Kinshuk Saurabh, Lead Faculty, GIFT IFI;Mr. Mahesh Kokalaki, Founder & CEO, Climate Capital Market",,,p5lnslj0za6nwj2ljtnqm45j,2025,https://2025.globalfintechfest.com/agenda,2026-08-25T06:37:05Z
20250563,How UK and India can aim for further Fintech Collaboration & Regulatory Alignment post the India-UK Free Trade Agreement,2025-10-09,10:00 AM,10:30 AM,Hall 104 A&B,,Level 1,Panel Discussion,"Cross Border, Policy, FinTech Innovation",Cross Border;Policy;FinTech Innovation,"The panel will look to discuss and provide insights on how both countries can effectively utilize the recent Free Trade Agreement to further explore opportunities and synergies. They will discuss around how India's vast digital public infrastructure like the UPI and large, digitally savvy consumer base can be combined with the UK's deep financial services expertise, global market access, and advanced fintech platforms.",Ms. Tracy Brabin;Ms. Paroma Chatterjee;Mr. Amit Hooja;Ms. Janine Hirt,"Ms. Tracy Brabin, Mayor of West Yorkshire, West Yorkshire Combined Authority;Ms. Paroma Chatterjee, CEO, Revolut India;Mr. Amit Hooja, Founder & CEO, Paysecure Technology;Ms. Janine Hirt, Chief Executive Officer, Innovate Finance, Innovate Finance",Mr. Chandru Iyer,"Mr. Chandru Iyer, HM Deputy Trade Commissioner, HMG",mdoqq310dgh4pfi3bi20mgpz,2025,https://2025.globalfintechfest.com/agenda,2026-08-25T06:37:05Z
20250780,Roundtable Discussion - TransUnion CIBIL,2025-10-09,10:00 AM,11:30 AM,Hall 102,,Level 1,Round Table,Invite Only,Invite Only,,,,,,ro2acisvkh0hilrn4y2kry9a,2025,https://2025.globalfintechfest.com/agenda,2026-08-25T06:37:05Z
20250369,The Role of CBDCs in Cross-Border Payments: The Vision for Digital Euro,2025-10-09,10:05 AM,10:35 AM,Grand Theater,,Ground Level,Keynote & Fireside Chat,"Regulation, CBDC",Regulation;CBDC,"As central banks explore the intersection of sovereign digital currencies, intelligent oversight, and seamless cross-border rails, a new financial architecture is taking shape. This panel brings together central banking leaders from Europe, Africa, and India to discuss how institutions are balancing innovation with stability. The conversation will delve into the future of programmable money, AI-powered regulatory frameworks, and the collaborative frameworks needed to unlock trusted, real-time global finance. Attendees will gain insight into the evolving role of central banks in a digitally integrated world.",Mr. Burkhard Balz,"Mr. Burkhard Balz, Member of the Executive Board of the Deutsche Bundesbank, Deutsche Bundesbank",Mr. Yashraj Erande,"Mr. Yashraj Erande, Global Leader- Fintech, India Leader - Financial Institutions, BCG",svqwlwsgpj7vl68fczqc9d9o,2025,https://2025.globalfintechfest.com/agenda,2026-08-25T06:37:05Z
20250575,Next-Gen Banking Infrastructure: From Core Modernization to Customer-First Design,2025-10-09,10:15 AM,10:55 AM,Hall 105 A&B,,Level 1,Panel Discussion,"Digital Transformation, Business, Banking",Digital Transformation;Business;Banking,"As financial services evolve rapidly in a digital-first world, banks must transform legacy systems to remain competitive and customer-centric. This session will explore how next-gen banking infrastructure - anchored in core modernization, API-driven platforms, cloud adoption, and agile frameworks - is empowering institutions to deliver seamless, secure, and intuitive customer experiences. Experts from leading banks and fintechs will share their journey in balancing innovation with stability, and highlight how inclusive design and resilient backends are reshaping banking in India.",Mr. D Surendran;Mr. Murali Mohan Rao Manduva;Mr. Mathews Markose;Mr. Ganesh Ananthanarayanan,"Mr. D Surendran, Executive Director, Punjab National Bank;Mr. Murali Mohan Rao Manduva, CTO, DCB Bank;Mr. Mathews Markose, Chief Executive Officer, Muthoot Capital Services;Mr. Ganesh Ananthanarayanan, Chief Operating Officer, Airtel Payments Bank",Mr. Pankaj Sharma,"Mr. Pankaj Sharma, Head - Business Transformation, IndusInd bank",ei6wibskug4sfue4zlvj5mmu,2025,https://2025.globalfintechfest.com/agenda,2026-08-25T06:37:05Z
20250758,Unlocking ATOs Beyond Cash and AePS: For All Regulated Entities,2025-10-09,10:20 AM,11:00 AM,Hall 204 A&B,,Level 2,Panel Discussion,"Banking, Inclusion, Innovation",Banking;Inclusion;Innovation,"ATOs are expanding rapidly beyond cash and AePS, creating new opportunities for inclusion, efficiency, and innovation. This panel will bring together leaders from the banking correspondent network, fintechs, and NPCI to discuss how ATOs can be scaled for all regulated entities. The dialogue will focus on building secure, interoperable, and customer-friendly alternatives that deepen financial access while strengthening the broader digital banking ecosystem.",Mr. Yashwant Lodha;Mr. Ketan Doshi;Mr. Vivek Gupta;Mr. Abhay Parekh,"Mr. Yashwant Lodha, Co-Founder, PayNearby;Mr. Ketan Doshi, Managing Director, Pay Point India Network;Mr. Vivek Gupta, Co-Founder & Director, ROINET Solution;Mr. Abhay Parekh, Head - Customer Success, National Payments Corporation of India",Mr. Sunil Kulkarni,"Mr. Sunil Kulkarni, Advisor and Board Observer, Business Correspondent Federation of India (BCFI)",x0xcp7bze7cwugxcjigx5lvq,2025,https://2025.globalfintechfest.com/agenda,2026-08-25T06:37:05Z
20250312,Guardrails for Responsible Adoption of AI in Securities Market,2025-10-09,10:25 AM,11:05 AM,Hall 206 A&B,,Level 2,Panel Discussion,"Infrastructure, AI",Infrastructure;AI,"As fintech platforms scale rapidly across lending, wealth, and payments, cybersecurity has become a foundational element of trust. This panel will explore strategies to embed security by design into fintech innovation - covering areas such as API governance, third-party risk, secure on-boarding, and data protection. With regulatory expectations rising and cyber threats evolving, the discussion will highlight how fintechs, regulators, and infrastructure providers can collaborate to create resilient, compliant, and secure ecosystems without slowing innovation",Dr. Kailash Nadh;Mr. Rajesh Thapar;Dr. Jatin Patel;Mr. Kunal Pande;Ms. Puja Singh,"Dr. Kailash Nadh, Chief Technology Officer, Zerodha;Mr. Rajesh Thapar, CISO, National Stock Exchange of India;Dr. Jatin Patel, Project Director, SITAICS, Rashtriya Raksha University;Mr. Kunal Pande, Partner, KPMG;Ms. Puja Singh, Senior Financial Sector Expert, Monetary and Capital Market Department, International Monetary Fund",Mr. Avneesh Pandey,"Mr. Avneesh Pandey, Executive Director, Securities and Exchange Board of India",mzzvyrv9jmmhed7axef8m74c,2025,https://2025.globalfintechfest.com/agenda,2026-08-25T06:37:05Z
20250639,The New Perimeter: Rethinking Bank Security in an Open API Economy,2025-10-09,10:30 AM,11:10 AM,Hall 205 A&B,,Level 2,Panel Discussion,"Cyber Security, Compliance, API",Cyber Security;Compliance;API,"As banks embrace the open API economy, the traditional security perimeter is being redefined. This session explores how financial institutions are adapting to safeguard data, mitigate cyber threats, and ensure trust in an increasingly interconnected financial ecosystem. Leaders from banks and security domains will discuss strategies to balance innovation with resilience, turning compliance into a competitive advantage.",Mr. Ashwini Kumar Pandey;Mr. Ajayakumar K R;Mr. Vikram Suri;Mr. Sandeep Tiwari,"Mr. Ashwini Kumar Pandey, CISO, Punjab National Bank;Mr. Ajayakumar K R, General Manager & Group CISO, Bank of Baroda;Mr. Vikram Suri, Managing Director, Banking and Payments, Middle East, India and Africa, FIS Global;Mr. Sandeep Tiwari, Expert - Security Architechure & Engineering, National Payments Corporation of India",Ms. Shirley Daniel,"Ms. Shirley Daniel, Founder and CEO, Atna.AI",y2zvwvues57ig730vdeqy9xh,2025,https://2025.globalfintechfest.com/agenda,2026-08-25T06:37:05Z
20250447,Programmable Asset and Smart Contracts - Future of Financial Instruments,2025-10-09,10:40 AM,11:20 AM,Hall 104 A&B,,Level 1,Panel Discussion,"Tokenization, Smart Contracts, Financial Services",Tokenization;Smart Contracts;Financial Services,"Programmable assets and smart contracts are redefining how financial instruments are built and transacted. This panel will explore how programmable assets, from tokenized securities to smart instruments, are reshaping the way financial products are designed, distributed, and regulated. Further Panel will discuss the power of embedded compliance, automation & interoperability.",Mr. Mahesh Ramamoorthy;Mr. Rajeev Ranjan Prasad;Ms. Akshika Gupta,"Mr. Mahesh Ramamoorthy, CIO, Yes Bank;Mr. Rajeev Ranjan Prasad, Chief General Manager, State Bank of India;Ms. Akshika Gupta, Global Head of Client Solutions, Kinexys Digital Payments, J.P. Morgan",Ms. Shilpa Malhotra,"Ms. Shilpa Malhotra, Deputy Chief Legal, National Payments Corporation of India",jriesvstjxdmt1b1fg0816hh,2025,https://2025.globalfintechfest.com/agenda,2026-08-25T06:37:05Z
20250721,"The Next Decade of Banking: Customer-Centric, Digital-First, AI-Ready - With Latha Venkatesh",2025-10-09,10:40 AM,11:10 AM,Grand Theater,,Ground Level,Fireside Chat,"Banking, Customer Experience, AI",Banking;Customer Experience;AI,"Banking is entering a new era where customer-centricity, digital-first models, and AI-driven intelligence will define competitiveness. This address will highlight how banks can reimagine products, services, and experiences to meet evolving expectations, while leveraging technology for scale, trust, and inclusion. The focus will be on building resilient institutions prepared for the next decade of financial transformation.",Mr. V Vaidyanathan,"Mr. V Vaidyanathan, Managing Director & CEO, IDFC First Bank",Ms. Latha Venkatesh,"Ms. Latha Venkatesh, Executive Editor, CNBC TV18",gen8ocgkkl6vkbtxn3yy72mb,2025,https://2025.globalfintechfest.com/agenda,2026-08-25T06:37:05Z
20250828,"Digital Payments Usage among MSMEs in India, with a Focus on the North-Eastern Region Date/Time",2025-10-09,10:40 AM,11:20 AM,Cube,,Level 1,Panel Discussion,"MSME, Payments, Inclusion",MSME;Payments;Inclusion,"Micro, Small, and Medium Enterprises (MSMEs) are the backbone of India’s economy, yet many still face barriers in adopting digital payments—particularly in the North-Eastern region. This panel will bring together global development agencies, policymakers, and innovation leaders to examine the unique challenges and opportunities in driving digital adoption among MSMEs. The discussion will highlight the role of inclusive policy frameworks, targeted interventions, and fintech-driven innovation in enabling MSMEs to thrive in a digital-first economy.",Dr. Angela Lusigi;Mr. Dharmvir Jha;Ms. Aparna Sinha;Mr. Aakarsh Naidu;Mr. Saurabh Drolia,"Dr. Angela Lusigi, Resident Representative, United Nations Development Programme;Mr. Dharmvir Jha, Statistical Advisor, MDONER;Ms. Aparna Sinha, Adviser (DEFT & CS), Department of Economic Affairs, Ministry of Finance, Government of India;Mr. Aakarsh Naidu, Head of Fintech and Startups, Reserve Bank Innovation Hub;Mr. Saurabh Drolia, Director of Product, Google India",Ms. Shruti Sharma,"Ms. Shruti Sharma, Programme Officer, Digital Payments and Climate Change, United Nations",z335g6edx9i1gfcljnsbtslx,2025,https://2025.globalfintechfest.com/agenda,2026-08-25T06:37:05Z
20250668,Dematerialisation Mechanism For Commodity Derevatives,2025-10-09,10:45 AM,11:45 AM,Hall 202,,Level 2,Panel Discussion,"Risk, Compliance & Data, Innovation, Capital Markets","Risk, Compliance & Data;Innovation;Capital Markets","Commodity derivatives are gaining traction as an asset class, and the depository mechanism can play a pivotal role in boosting trust, transparency, and participation. This round table will bring together regulators, depositories, brokers, and market participants to discuss how leveraging the depository framework can enhance settlement efficiency, reduce risk, and create new growth opportunities in commodity markets.",Mr. Farokh Patel;Mr. Prashant Vagal;Mr. Jayprakash Gupta;Mr. Kishore Narne;Mr. Arnav Datta;Mr. Ajaya Kumar Malla,"Mr. Farokh Patel, Vice President – Audit, Inspection & Compliance, CDSL;Mr. Prashant Vagal, Chief Operating Officer, National Securities Depository (NSDL);Mr. Jayprakash Gupta, Founder, Dhan;Mr. Kishore Narne, Executive Director, Motilal Oswal Financial Services;Mr. Arnav Datta, Head - Warehousing Operations, Collateral & Delivery, MCX;Mr. Ajaya Kumar Malla, Senior Vice President, Bharat Banking, Axis Bank",Mr. Manoj Jain,"Mr. Manoj Jain, Chief Compliance Officer, The Multi Commodity Exchange of India",r5vsvnp2zkl43ksef7jqt4dz,2025,https://2025.globalfintechfest.com/agenda,2026-08-25T06:37:05Z
20250768,Lending as a Platform: Can Indian Fintechs Build Global-Scale Credit Marketplaces?,2025-10-09,11:00 AM,11:40 AM,Hall 105 A&B,,Level 1,Panel Discussion,"Lending, Embedded Finance, FinTech Innovation",Lending;Embedded Finance;FinTech Innovation,"The rise of Lending as a Platform is redefining how credit is distributed, accessed, and scaled. This panel will bring together fintech leaders to explore whether Indian innovators can build global-scale credit marketplaces. The discussion will examine the role of AI, embedded finance, and partnerships in enabling faster underwriting, flexible repayment models, and broader financial inclusion, while also addressing the regulatory and operational challenges of scaling beyond borders.",Mr. Prashant Joshi;Mr. Nalin Agrawal;Mr. S Anand;Mr. Aditya Singh,"Mr. Prashant Joshi, CEO, Lendingkart;Mr. Nalin Agrawal, Co-founder and Director, Snapmint Financial Services;Mr. S Anand, Founder and CEO, PaySprint;Mr. Aditya Singh, Founder, Tapfin",Mr. Abhiroop Medhekar,"Mr. Abhiroop Medhekar, Co-Founder and Chief Executive Officer, Velocity",t1pox4t6lbw4br26ry8fp9wj,2025,https://2025.globalfintechfest.com/agenda,2026-08-25T06:37:05Z
20250140,Network APIs: How Open Networks Are Ushering In a New Era in Digital Communications in BFSI,2025-10-09,11:05 AM,11:45 AM,Hall 204 A&B,,Level 2,Panel Discussion,"Open Banking, Digital Transformation, Payments",Open Banking;Digital Transformation;Payments,"Open network APIs are transforming digital communications in BFSI, enabling seamless connectivity, faster innovation, and stronger customer engagement. This panel will explore how financial institutions and technology players are leveraging APIs to reimagine service delivery, enhance security, and unlock new revenue models. The discussion will also highlight the role of interoperability and global best practices in shaping the future of open networks for banking and payments.",Mr. Jorn Vercamert;Mr. Vineet Nagar;Mr. Ganesh AR,"Mr. Jorn Vercamert, Chief Product Officer, Proximus Global;Mr. Vineet Nagar, Executive Vice President, BaaS (Banking As A Service), HDFC Bank;Mr. Ganesh AR, Group Chief Technology Officer, Jio Financial Services",Mr. Deepak Sharma,"Mr. Deepak Sharma, Founder, Venture Studio",a46t402aj1bcpch1vo4vodh0,2025,https://2025.globalfintechfest.com/agenda,2026-08-25T06:37:05Z
20250221,"Building GenAI into Your Fintech Stack: Architecture, APIs & Integration",2025-10-09,11:10 AM,11:50 AM,The Studio,,Level 1,Panel Discussion,"Digital Transformation, Emerging Technology, AI",Digital Transformation;Emerging Technology;AI,"Generative AI promises to transform fintech, but taking it from prototype to production requires deep technical rigor. This panel will focus on the architectural and operational realities of integrating GenAI - particularly LLMs - into enterprise fintech stacks. Leaders in AI and fintech technology will discuss key components such as orchestration layers, retrieval-augmented generation (RAG), function-calling APIs, and monitoring frameworks, alongside the challenges of latency, governance, and security. With real-world success stories, the session will highlight how fintechs can design resilient GenAI architectures that scale reliably and securely.",Mr. Ramesh Narayanaswamy;Mr. Apurv Agrawal;Mr. Narendra Babu;Mr. Anand Krishnan;Mr. Karan Kirpalani,"Mr. Ramesh Narayanaswamy, Chief Technology Officer, Aditya Birla Capital;Mr. Apurv Agrawal, CEO & Co-Founder, SquadStack;Mr. Narendra Babu, CTO, PayU;Mr. Anand Krishnan, CTO, Mercury Payments;Mr. Karan Kirpalani, Chief Product Officer, Neysa",Mr. Abhishek Asawa,"Mr. Abhishek Asawa, Co-founder, Nurix AI",myscuh46nco3pqjndzyj7f9f,2025,https://2025.globalfintechfest.com/agenda,2026-08-25T06:37:05Z
20250719,AA + AI: The Future of Data-Driven Financial Services,2025-10-09,11:10 AM,11:50 AM,Hall 206 A&B,,Level 2,Panel Discussion,"Digital Identity, Data, AI",Digital Identity;Data;AI,"This session will explore how the fusion of AA’s secure data-sharing framework with AI can unlock smarter financial products, personalized advisory, and new opportunities for innovation, while addressing critical concerns around privacy, bias, and governance",Mr. Vivek Raghavan;Mr. Jayesh Kenaudekar;Ms. Ekta Parashar;Mr. Nirav Prajapati,"Mr. Vivek Raghavan, Director, Sarvam AI;Mr. Jayesh Kenaudekar, Co-founder & CTO, Pryvx;Ms. Ekta Parashar, Head of Customer Engineering, Corporate and Enterprise Business, Google;Mr. Nirav Prajapati, Co-Founder & CEO, Ignosis Systems",Mr. Suyesh Shankar,"Mr. Suyesh Shankar, Artificial Intelligence Research, Sahamati Labs",e8dwnrqyzeqexub4zefjcyki,2025,https://2025.globalfintechfest.com/agenda,2026-08-25T06:37:05Z
20250194,"Reimagining Finance in the Age of Scale, Speed, and Intelligence",2025-10-09,11:15 AM,11:45 AM,Grand Theater,,Ground Level,Fireside Chat,"Innovation, Business, Financial Services",Innovation;Business;Financial Services,"As digital infrastructure, AI, and real-time systems reshape the financial landscape, the next chapter of transformation lies in integrating scale, agility, and trust. This keynote address will reflect on the evolving contours of financial services - from embedded finance and data-driven credit to digital-first models that reach every corner of the economy. With insights drawn from decades of leadership in banking and innovation, the address will present a vision for building institutions that are not only technology-powered but also deeply aligned with the future of inclusive and intelligent finance.",Mr. K V Kamath,"Mr. K V Kamath, Chairman, Jio Financial Services",Mr. Balasubramanian K,"Mr. Balasubramanian K, India CEO & India Subcontinent Sub-Cluster Head, Citi",ee2l3ybveg11mnfmymu9w4o7,2025,https://2025.globalfintechfest.com/agenda,2026-08-25T06:37:05Z
20250398,Reimagining Trade Finance: How Digital Public Infrastructure can Empower MSMEs & Global Trade,2025-10-09,11:15 AM,11:55 AM,Hall 205 A&B,,Level 2,Panel Discussion,"DPI, MSME",DPI;MSME,"Launch of One Trade platform One Trade by IBDIC (Indian Banks’ Digital Infrastructure Company), marks a transformative step in reimagining trade finance for the digital era. Built on blockchain, One Trade offers a safe, secure, and transparent platform that brings together buyers, sellers, banks, insurers, logistics providers, and other stakeholders to execute trade transactions seamlessly - both domestically and across borders. By eliminating paperwork and physical presence, One Trade strengthens India’s trade ecosystem and advances the ease of doing business.The launch marks the collaboration between leading Banks, Insurance Providers, Information Utility and Fintech companies to develop the Trade Ecosystem.",Mr. Ashish Singhal;Mr. Atul Kumar Goel;Mr. Abhinav Gupta,"Mr. Ashish Singhal, Chief Executive Officer, IBDIC (Indian Banks' Digital Infrastructure Company);Mr. Atul Kumar Goel, Chief Executive, Indian Banks' Association;Mr. Abhinav Gupta, Additional Director General, Directorate General of Foreign Trade (DGFT)",Mr. Anish Chowdhary,"Mr. Anish Chowdhary, Chief Business Officer, IBDIC",ky9ydjo5d9c2dmgcb0lrl7wy,2025,https://2025.globalfintechfest.com/agenda,2026-08-25T06:37:05Z
20250304,Advancements in AI: Future Prospects in Securities Markets,2025-10-09,11:25 AM,12:00 PM,Hall 104 A&B,,Level 1,Panel Discussion,"Emerging Technology, Ecosystem",Emerging Technology;Ecosystem,"With financial markets becoming more complex and digital, supervision and compliance are undergoing a fundamental shift. This panel explores how SupTech (Supervisory Technology) and RegTech (Regulatory Technology) are enabling smarter surveillance, real-time compliance, and data-driven policymaking. Discussions will focus on AI-enabled monitoring, API-based reporting, anomaly detection, and how regulators like SEBI are leveraging technology to expand oversight capacity while reducing regulatory friction. The session will also explore how fintechs and market intermediaries can adopt RegTech solutions to stay agile and compliant in an evolving regulatory landscape.",Mr. Akshay Dhanak;Mr. Ajay Lakhotia;Mr. Ian Gerard Desouza;Mr. Deepak Shenoy,"Mr. Akshay Dhanak, Chief Information Technology Officer, HDFC Asset Management Company;Mr. Ajay Lakhotia, Founder and CEO, StockGro;Mr. Ian Gerard Desouza, Group Chief Financial Officer, National Stock Exchange of India;Mr. Deepak Shenoy, CEO, Capitalmind AMC",Dr. Santanu Paul,"Dr. Santanu Paul, Founder, Talentsprint",rxi3kdh1rl5bwo7nphpbw14w,2025,https://2025.globalfintechfest.com/agenda,2026-08-25T06:37:05Z
20250886,Advanced ML/AI techniques for Safe Payments,2025-10-09,11:30 AM,12:00 PM,Cube,,Level 1,Masterclass,,,,Mr. Arpit Jaiswal;Ms. Shweta Pathak,"Mr. Arpit Jaiswal, Group Product Manager, Google Pay;Ms. Shweta Pathak, Engineering Lead, Google Pay",,,gykbp7j9a7wf53use1i4bx0m,2025,https://2025.globalfintechfest.com/agenda,2026-08-25T06:37:05Z
20250509,"Card Payments in a Multipolar World: Navigating Regulation, Local Networks, and Cross-Border Growth",2025-10-09,11:45 AM,12:25 PM,Hall 105 A&B,,Level 1,Panel Discussion,"Cards, Regulation, Cross Border",Cards;Regulation;Cross Border,"Card payments are being reshaped by a multipolar world where regulation, local networks, and cross-border demands intersect. This panel will explore how global and domestic players are adapting business models to balance compliance with innovation, strengthen interoperability, and support seamless international transactions. Leaders will share perspectives on building resilient card ecosystems that serve both local priorities and global growth ambitions.",Mr. Ramakrishnan Gopalan;Mr. Ravi Varma Datla;Mr. Romain Zanolo,"Mr. Ramakrishnan Gopalan, Head of Products and Solutions - India and South Asia, Visa;Mr. Ravi Varma Datla, Senior Vice President - Customer Solutions, Mastercard;Mr. Romain Zanolo, Managing Director, Payment Services APAC and India, IDEMIA",Mr. Fadi AlAwami,"Mr. Fadi AlAwami, Deputy Vice President, M2P Fintech",f209g3xrs5krvv1jan93mvsy,2025,https://2025.globalfintechfest.com/agenda,2026-08-25T06:37:05Z
20250809,"Financial Integrity for a $10 Trillion India: Building Safe, Compliant and Trusted Digital Rail",2025-10-09,11:50 AM,12:30 PM,Hall 204 A&B,,Level 2,Panel Discussion,"FinCrime, Regulation, Policy",FinCrime;Regulation;Policy,"As India moves toward becoming a $10 trillion economy, safeguarding financial integrity will be critical to sustaining growth and global confidence. This panel will bring together regulatory leaders and industry experts to discuss how robust compliance, effective oversight, and trusted digital rails can combat financial crime and strengthen resilience. The conversation will highlight India’s evolving approach to building a safe, transparent, and globally trusted financial system that balances innovation with integrity.",Ms. Vasud Torsekar;Mr. Umesh Kumar Singh;Ms. Y M Kumari;Mr. Prashant Sagar,"Ms. Vasud Torsekar, Additional Director, FIU-India;Mr. Umesh Kumar Singh, MD & CEO, CERSAI;Ms. Y M Kumari, CGM, SIDBI;Mr. Prashant Sagar, OSD, FATF Cell, Department of Revenue, Government of India",Mr. G Padmanabhan,"Mr. G Padmanabhan, Former Executive Director, Reserve Bank of India",o9ortje0ps460j8hk8hnne3a,2025,https://2025.globalfintechfest.com/agenda,2026-08-25T06:37:05Z
20250825,Designing AI in financial services for true diversity and universal accessibility,2025-10-09,11:50 AM,12:30 PM,Grand Theater,,Ground Level,Panel Discussion,"Digital Transformation, Inclusion, AI",Digital Transformation;Inclusion;AI,"AI is transforming financial services, but its design must go beyond efficiency and profitability to ensure diversity, equity, and universal accessibility. This trialogue will explore how regulators, technology leaders, and development experts can align on building AI systems that serve all segments of society fairly. The conversation will highlight opportunities to reduce bias, improve accessibility for underserved communities, and embed inclusivity as a core principle in the next generation of financial technologies.",Mr. P Vasudevan;Ms. Archana Vohra;Dr. Angela Lusigi,"Mr. P Vasudevan, Executive Director, Reserve Bank of India;Ms. Archana Vohra, Managing Director - Payments and Commerce, Asia Pacific, Google;Dr. Angela Lusigi, Resident Representative, United Nations Development Programme",Ms. Sunanda Jayaseelan,"Ms. Sunanda Jayaseelan, Founder, FOUNDRY 927",amaayy9okitypw823lcpc741,2025,https://2025.globalfintechfest.com/agenda,2026-08-25T06:37:05Z
20250054,Over A Decade of Fintech Industry in India - Mapping the Returns,2025-10-09,11:55 AM,12:35 PM,Hall 206 A&B,,Level 2,Panel Discussion,,,"India's fintech industry has scaled rapidly across payments, banking, lending, insurance, and wealth management verticals, attracting significant venture investment. As many funds approach their cycle end, this panel will explore venture investment trends in Indian fintech compared to global markets, examining the returns investors have achieved and their expectations for upcoming exits and outcomes.",Mr. Nikhil Marwaha;Mr. Sahil Anand;Mr. Sam Subramaniam;Mr. Ravi Kaushik,"Mr. Nikhil Marwaha, Partner, Vertex Ventures;Mr. Sahil Anand, Founder & Managing Partner, Cedar-IBSi Capital;Mr. Sam Subramaniam, President Pvt Equity & Group Strategy Head, Bajaj Finserv;Mr. Ravi Kaushik, Executive Director - Head of Asia, Flourish Ventures",Mr. Pankaj Singh,"Mr. Pankaj Singh, Co-founder and Partner, YAN Fund",azue8z2msg57deq5sb49lnsi,2025,https://2025.globalfintechfest.com/agenda,2026-08-25T06:37:05Z
20250425,BHIM VISHWAS,2025-10-09,11:55 AM,12:40 PM,Hall 202,,Level 2,Masterclass,,,,Mr. Neelesh Gupta,"Mr. Neelesh Gupta, Head Product BHIM, National Payments Corporation of India",,,qzemfdipcz5sftnoi3yg2w4s,2025,https://2025.globalfintechfest.com/agenda,2026-08-25T06:37:05Z
20250782,MSMEs Unlocking Growth for India’s Next Economic Milestone,2025-10-09,12:00 PM,12:40 PM,The Studio,,Level 1,Panel Discussion,"MSME, Digital Transformation, Policy",MSME;Digital Transformation;Policy,"Micro, Small, and Medium Enterprises (MSMEs) are the backbone of India’s economic progress, contributing to innovation, employment, and inclusive growth. As India eyes its next economic milestone, unlocking the full potential of MSMEs through supportive policy, digital infrastructure, and innovative financing becomes imperative. This session will bring together leaders from taxation, regulation, and trade finance platforms to explore how technology, regulatory frameworks, and new business models can empower MSMEs to scale sustainably and globally.",Mr. Kaustubh Dhavse;Dr. Somnath Mitra;Mr. Mudit Agarwal;Mr. Vivek Kumar Daksh,"Mr. Kaustubh Dhavse, Chief Advisor (Investments & Strategy), Government of Maharashtra;Dr. Somnath Mitra, CEO - Centre for Research Commercialization, International Fintech Institute by IIT;Mr. Mudit Agarwal, CEO, Indian Highways Management Company;Mr. Vivek Kumar Daksh, Deputy Director General, Department of Posts",Mr. Sanjeev Mehta,"Mr. Sanjeev Mehta, Founder & Global CEO, Akashaverse",staov6elakmw9n90p912xfjw,2025,https://2025.globalfintechfest.com/agenda,2026-08-25T06:37:05Z
20250792,Commercial Payments 2.0: What is Changing and Why it Matters,2025-10-09,12:00 PM,12:40 PM,Hall 205 A&B,,Level 2,Panel Discussion,"Payments, Business, Digital Transformation",Payments;Business;Digital Transformation,"Commercial payments are undergoing a major transformation, reshaping how businesses manage transactions, liquidity, and growth. This panel will explore the evolution toward Commercial Payments 2.0, where digital rails, AI-driven insights, and new merchant solutions are creating faster, more transparent, and scalable ecosystems. Leaders from banking, fintech, and payment networks will discuss what is changing, why it matters, and how these shifts are unlocking new opportunities for enterprises and SMEs alike.",Ms. Shruti Gupta;Mr. Akshat Mathur;Ms. Bhakti Zaveri;Mr. Sandipan Mitra,"Ms. Shruti Gupta, Head of CMS - India and South Asia, Visa;Mr. Akshat Mathur, Head of Account Management- India, Unlimit;Ms. Bhakti Zaveri, Director, Aurionpro Payment Solutions;Mr. Sandipan Mitra, Founder & CEO, PICE",Mr. Navin Mistry,"Mr. Navin Mistry, Country Director - India & MEA, Tazapay",gpqzy2e8jdphs1qaoirlwdfa,2025,https://2025.globalfintechfest.com/agenda,2026-08-25T06:37:05Z
20250704,The Resilient Fintech Investor: From Early Bets to Sustainable Scale,2025-10-09,12:05 PM,12:45 PM,Hall 104 A&B,,Level 1,Panel Discussion and Report Launch,"Investments, FinTech Innovation, Sustainable Finance",Investments;FinTech Innovation;Sustainable Finance,"The fintech investment landscape is shifting from rapid bets to sustainable, long-term scale. This panel will explore how investors are navigating evolving market dynamics, balancing risk with opportunity, and supporting founders in building resilient ventures. The discussion will also mark the release of the report “Investing in India’s Fintech Disruption”, offering insights into the next wave of fintech investment strategies shaping India’s growth story.Release of Report - 'Investing in India's Fintech Disruption'",Ms. Nruthya Madappa;Mr. Dinesh Pai;Mr. Vikram Chachra;Mr. Yoshiyuki Suzaki,"Ms. Nruthya Madappa, Partner, 3one4 Capital;Mr. Dinesh Pai, VP - Business Analysis and Investments, Zerodha, and Head, Rainmatter;Mr. Vikram Chachra, Founding Partner, 8i Ventures;Mr. Yoshiyuki Suzaki, Managing Director, Credit Portfolio Management, Mars Growth Capital",Mr. Jai Tandan,"Mr. Jai Tandan, Partner, PwC",ejzc1wzsev2z9zofvrvmftkf,2025,https://2025.globalfintechfest.com/agenda,2026-08-25T06:37:05Z
20250424,BHIM VEGA- Merchant Payments Made Easy: UPI Plugin Approach,2025-10-09,12:10 PM,12:55 PM,Cube,,Level 1,Masterclass,,,,Mr. Vivek Manchanda;Mr. Avishkar Ghogare,"Mr. Vivek Manchanda, Incharge Alliances and Partnership, NBSL;Mr. Avishkar Ghogare, Senior Lead UPI Product, National Payments Corporation of India",,,er5ed7wm80524j12h8xaatkl,2025,https://2025.globalfintechfest.com/agenda,2026-08-25T06:37:05Z
20250729,Trading UX - Secrets Decoded,2025-10-09,12:30 PM,1:10 PM,Hall 105 A&B,,Level 1,Panel Discussion,"Capital Markets, Customer Experience, Product Design",Capital Markets;Customer Experience;Product Design,"User experience has become a decisive factor in the fast-growing world of trading platforms. This panel will decode the secrets behind intuitive design, seamless functionality, and trust-building features that keep investors engaged. Leaders from leading brokerages and exchanges will share insights on how technology, design choices, and customer behavior are shaping the future of trading experiences in India.",Mr. Pravin Jadhav;Dr. Kailash Nadh;Mr. Vikas Bansal.;Mr. Sandiip Bharadwaj,"Mr. Pravin Jadhav, Founder & CEO, Dhan;Dr. Kailash Nadh, Chief Technology Officer, Zerodha;Mr. Vikas Bansal., Senior Vice President, Groww;Mr. Sandiip Bharadwaj, MD & CEO, Paytm Money",Mr. Rishi Nathany,"Mr. Rishi Nathany, Chief Business Officer, The Multi Commodity Exchange of India",y4hdilbxcr06q2cyn84nv74y,2025,https://2025.globalfintechfest.com/agenda,2026-08-25T06:37:05Z
20250800,"Payments, SME Lending and AI",2025-10-09,12:35 PM,1:15 PM,Grand Theater,,Ground Level,Panel Discussion,"Payments, Lending, AI",Payments;Lending;AI,"The intersection of payments, SME lending, and artificial intelligence is redefining how small businesses access capital and manage growth. This panel brings together global banking and fintech leaders to explore how AI can streamline credit decisions, enhance risk management, and enable faster, more inclusive lending. The dialogue will highlight how innovations in payment infrastructure are creating new pathways for SMEs to thrive, fueling entrepreneurship and driving economic progress.",Mr. Nitin Bhargava;Mr. Taranjit S Jaswal;Mr. Sujit Unni;Ms. Kanupriya Sethi,"Mr. Nitin Bhargava, COO, Al Masraf Bank;Mr. Taranjit S Jaswal, Managing Director & CEO, CapitalXB Finance;Mr. Sujit Unni, Group CTO, Network International;Ms. Kanupriya Sethi, Venture Investor, CITI",Mr. Sandeep Chouhan,"Mr. Sandeep Chouhan, Vice Chairman, Biz2Credit",ewb1z8we3uzd9ombzzd3r0zo,2025,https://2025.globalfintechfest.com/agenda,2026-08-25T06:37:05Z
20250512,Operationalising DPDP – Lessons for the Financial Sector Ecosystem,2025-10-09,12:55 PM,1:35 PM,Hall 104 A&B,,Level 1,Panel Discussion,"DPDP, Regulation, Data",DPDP;Regulation;Data,"With the Digital Personal Data Protection (DPDP) Act shaping India’s data governance landscape, the financial sector faces both challenges and opportunities in operationalising compliance. This panel will examine the legal and operational frameworks necessary for effective implementation, drawing lessons from the Account Aggregator ecosystem as a model of secure and consent-driven data use. Experts will discuss strategies for building trust, ensuring interoperability, and aligning innovation with regulatory expectations to create a resilient, privacy-first financial ecosystem.",Mr. Abhishek Bali;Ms. Isha Oswal;Mr. Ranjan Reddy;Mr. Anand Raisinghani,"Mr. Abhishek Bali, CEO & Co-founder, ZIGRAM;Ms. Isha Oswal, Chief Executive Officer, JISA Softech;Mr. Ranjan Reddy, Founder, Bureau ID;Mr. Anand Raisinghani, CEO, Setu, by Pine Labs",Ms. Shalini Chakravorty,"Ms. Shalini Chakravorty, Chief Ethics & Compliance Officer, Phonepe",n9gdxf7rk4hjapwnx25049im,2025,https://2025.globalfintechfest.com/agenda,2026-08-25T06:37:05Z
11,Credit Marketplace: Unlocking Growth with Instant EMI | Pine Labs,2025-10-09,2:00 PM,2:15 PM,Pavilion,E2,Ground Level,Product Launch,,,"What if every shopper - carded or not - could unlock instant EMI at checkout? Pine Labs Credit Marketplace makes it possible. By connecting multiple NBFCs and banks into a single platform, it expands affordability for customers and creates new growth for merchants. Be the first to see how credit gets unlocked in real time, right where it matters most: at checkout.",Tanya Naik - Head of Business/Sr EVP - Pine Labs Online Vijeth Pandit - Chief Product Officer,"Tanya Naik - Head of Business/Sr EVP - Pine Labs Online Vijeth Pandit - Chief Product Officer, Tanya Naik - Head of Business/Sr EVP - Pine Labs Online Vijeth Pandit - Chief Product Officer, Pine Labs",,,iunl5q0ss9ctt7wnese5h2iy,2025,https://2025.globalfintechfest.com/agenda,2026-08-25T06:37:05Z
20250773,"Neobanks After the Reset: AI, Cross-Border, and Cash-Flow Credit - A Playbook for Sustainable Growth",2025-10-09,2:35 PM,3:15 PM,Hall 206 A&B,,Level 2,Panel Discussion,"Neo Banks, SME Finance, AI",Neo Banks;SME Finance;AI,"After a period of rapid rise and recalibration, neobanks are entering a new phase defined by sustainability and scale. This panel will bring together pioneering founders to explore how AI, cross-border innovation, and cash-flow–based credit models can unlock growth while ensuring resilience. The conversation will focus on strategies to serve SMEs and retail customers more effectively, balance compliance with agility, and position neobanks as long-term players in India’s evolving financial landscape.",Mr. Vineet K Singh;Mr. Vinay Bagri;Mr. Anuj Kacker;Mr. Arindam Ghosh,"Mr. Vineet K Singh, Founder & CEO, Castler.com;Mr. Vinay Bagri, CEO and Co-founder, Niyo;Mr. Anuj Kacker, Co-founder, Freo;Mr. Arindam Ghosh, Founder, Curie Money",Mr. Mayank Goyal,"Mr. Mayank Goyal, Founder & CEO, moneyHOP",twuton5qj2ddb34c5qddir9d,2025,https://2025.globalfintechfest.com/agenda,2026-08-25T06:37:05Z
35,Enterprise Loyalty Platform | M2P Fintech,2025-10-09,2:45 PM,3:00 PM,Pavilion,O1,Ground Level,Product Launch,,,"B2B Product Launches spotlight the unveiling of innovative solutions designed to meet business needs, driving transformation and growth through collaboration and industry leadership.",Shivam Maheshwari,"Shivam Maheshwari, Vice President, M2P Fintech",,,ou5qkp9ou9zmgzuk5dzapdul,2025,https://2025.globalfintechfest.com/agenda,2026-08-25T06:37:05Z
36,M2P Media Network | M2P Fintech,2025-10-09,2:45 PM,3:00 PM,Pavilion,O1,Ground Level,Product Launch,,,"B2B Product Launches spotlight the unveiling of innovative solutions designed to meet business needs, driving transformation and growth through collaboration and industry leadership.",Shivam Maheshwari,"Shivam Maheshwari, Vice President, M2P Fintech",,,dojtjc1wloav59o2wlfymz3m,2025,https://2025.globalfintechfest.com/agenda,2026-08-25T06:37:05Z
20250813,Financial Inclusion 2.0: Services Beyond AePS & DMT,2025-10-09,3:25 PM,4:05 PM,Hall 206 A&B,,Level 2,Panel Discussion,"Rural Finance & Economic Empowerment, Customer Behaviour Evolution, Inclusion",Rural Finance & Economic Empowerment;Customer Behaviour Evolution;Inclusion,"The next phase of financial inclusion requires moving beyond basic rails like AePS and DMT to deliver a richer portfolio of services that empower underserved communities. This panel will explore how fintechs, enablers, and policymakers are rethinking distribution, product design, and partnerships to create Financial Inclusion 2.0. Leaders will share insights on building sustainable models that expand access to credit, insurance, savings, and digital services—ensuring that inclusion translates into real economic empowerment.",Mr. Sasidhar Thumuluri;Mr. Mahesh Kumar Jain;Mr. Chirag Shah;Mr. Lokanath Panda,"Mr. Sasidhar Thumuluri, Managing Director & CEO, Sub-K IMPACT;Mr. Mahesh Kumar Jain, Co-Founder & Chairman, Integra Micro Systems;Mr. Chirag Shah, Chairman, MoS Utility;Mr. Lokanath Panda, COO, BLS e-Services",Mr. Anil Kumar Gupta,"Mr. Anil Kumar Gupta, Managing Partner, Microsave",wa3pdx3rt6sc0dcjwwpdssgd,2025,https://2025.globalfintechfest.com/agenda,2026-08-25T06:37:05Z
20250802,"Inclusive Insurance for Bharat: Leveraging Tech, Policy, and Partnerships",2025-10-09,3:40 PM,4:20 PM,Hall 204 A&B,,Level 2,Panel Discussion,"Insurance, Inclusion, Technology",Insurance;Inclusion;Technology,"Insurance is a cornerstone of financial security, yet millions in Bharat remain underserved. This discussion brings together leaders from India’s top insurers to examine how technology, supportive policy frameworks, and strategic partnerships can expand coverage and create affordable, accessible insurance solutions for all. The conversation will explore how digital distribution, AI-driven underwriting, and innovative collaborations can bridge protection gaps and build a more resilient and inclusive future",Mr. Dipu KV;Mr. Vishal Somani;Mr. Udayan Joshi;Mr. Mukul Jain,"Mr. Dipu KV, Senior President, Bajaj Allianz General Insurance;Mr. Vishal Somani, Chief Distribution Officer, Royal Sundaram;Mr. Udayan Joshi, Chief Operating Officer, SBI General Insurance;Mr. Mukul Jain, Chief Technology Officer, Axis Max Life Insurance",Mr. Jitesh Agarwal,"Mr. Jitesh Agarwal, Founder, Treelife",pxw63wd6t85oy9fzxyg1z6sb,2025,https://2025.globalfintechfest.com/agenda,2026-08-25T06:37:05Z
20250449,Reimagining Collections to Power Credit Growth,2025-10-09,3:50 PM,4:30 PM,Hall 105 A&B,,Level 1,Panel Discussion,"Digital Transformation, Collection, Credit",Digital Transformation;Collection;Credit,"Efficient collections are the backbone of sustainable credit growth. This panel will explore how technology, data, and innovative engagement models are transforming collections into a customer-centric function that drives trust and repayment discipline. Leaders will discuss strategies to balance efficiency with empathy, reduce delinquency, and create frameworks that support scalable, inclusive credit expansion across diverse segments of borrowers.",Mr. Dilip Modi;Mr. Sundeep Mohindru;Mr. Nitesh Ranjan;Ms. Anoushka Dua,"Mr. Dilip Modi, Founder & CEO, Spice Money;Mr. Sundeep Mohindru, CEO, M1xchange;Mr. Nitesh Ranjan, Executive Director, Union Bank of India;Ms. Anoushka Dua, Managing Director, Citi",Mr. Vishal Chopra,"Mr. Vishal Chopra, Founder & CEO, WeRize",gneqgozqf2xfqzg0l8ynxifz,2025,https://2025.globalfintechfest.com/agenda,2026-08-25T06:37:05Z
12,From Fragmented to Unified: Reimagining NetBanking with NBBL & NPCI | Pine Labs,2025-10-09,4:00 PM,4:20 PM,Pavilion,E2,Ground Level,Product Launch,,,"Witness the launch of NBBL in collaboration with NPCI, simplifying net banking for merchants via one integration, instant onboarding, same-day settlements, and seamless mobile-first checkout. A transformative leap in payments, showcased live at the Pine Labs booth.",Amrita Konaiagari,"Amrita Konaiagari, Associate Director Marketing, Pine Labs",,,hmf6nec2i2vitimyj9q716ey,2025,https://2025.globalfintechfest.com/agenda,2026-08-25T06:37:05Z
20250195,"Building a Future-Ready State: Maharashtra’s Vision for Fintech, Innovation & Inclusion",2025-10-09,4:45 PM,5:15 PM,Grand Theater,,Ground Level,Fireside Chat,"Infrastructure, Policy, Ecosystem",Infrastructure;Policy;Ecosystem,"As a leading hub for India’s financial and digital innovation, Maharashtra continues to set the pace in enabling a future-ready economy. This keynote will outline the state’s strategic vision to strengthen its role as a fintech capital - through smart policy, robust infrastructure, and inclusive growth initiatives. From supporting startups and digital finance to enhancing investor confidence and public-private collaboration, the address will highlight Maharashtra’s commitment to creating a globally competitive, innovation-driven ecosystem that serves both citizens and markets.",Shri Devendra Fadnavis,"Shri Devendra Fadnavis, Hon'ble Chief Minister of Maharashtra",Mr. Kunal Shah,"Mr. Kunal Shah, Founder, CRED",huri4iw7wv2wn278g42jw4ov,2025,https://2025.globalfintechfest.com/agenda,2026-08-25T06:37:05Z
20250075,Networking Dinner - Infibeam,2025-10-09,6:00 PM,9:00 PM,Lotus 1,,Level 3,Networking,Invite Only,Invite Only,,,,,,op39okyagm7qb06d19vb693r,2025,https://2025.globalfintechfest.com/agenda,2026-08-25T06:37:05Z
20250077,NPCI - Marketing Officers’ Dinner,2025-10-09,7:00 PM,10:00 PM,Lotus 2,,Level 3,Networking,Invite Only,Invite Only,,,,,,ma90pq6lwm52iudbr818v8vm,2025,https://2025.globalfintechfest.com/agenda,2026-08-25T06:37:05Z
20250307,Account Aggregator: Reshaping Credit Markets and Securities Market Offerings,2025-10-09,9:00 AM,9:35 AM,Hall 206 A&B,,Level 2,Panel Discussion,"Innovation, DPI, Open Banking",Innovation;DPI;Open Banking,"The Account Aggregator (AA) framework is unlocking a new era of consent-based, data-driven innovation across credit and capital markets. This panel will explore how the AA ecosystem is enabling faster, fairer, and more customized lending decisions, while also creating new avenues for participation and personalization in securities markets. From regulatory evolution to ecosystem readiness, the discussion will spotlight how AA is driving interoperability, enhancing trust, and transforming how financial products are designed and distributed in India",Mr. BG Mahesh;Mr. Sachin Seth;Mr. Ashish Kashyap,"Mr. BG Mahesh, CEO, Sahamati;Mr. Sachin Seth, Regional Managing Director, India & South Asia, CRIF;Mr. Ashish Kashyap, Founder & CEO, INDmoney",Mr. Anuj Kumar,"Mr. Anuj Kumar, Managing Director, Computer Age Management Services Limited (CAMS)",xgchll2jyjmundark28hb2mr,2025,https://2025.globalfintechfest.com/agenda,2026-08-25T06:37:05Z
20250613,Can Co-Branded Cards Win the Next Battle for Customer Affinity?,2025-10-09,9:00 AM,9:40 AM,Hall 205 A&B,,Level 2,Panel Discussion,"Innovation, Cards, Customer Engagement",Innovation;Cards;Customer Engagement,"Co-branded cards are emerging as powerful tools to build deeper customer engagement and loyalty. This panel explores evolving partnerships between banks, brands, and networks, the competitive advantage of tailored rewards, and how data-driven personalization is redefining customer affinity in an increasingly digital payments landscape.",Mr. Mayank Jain;Mr. Deep Agrawal;Dr. Raj P Narayanam,"Mr. Mayank Jain, Director Credit Products, International and Emerging Markets, Amazon Pay;Mr. Deep Agrawal, Head of Payments, PhonePe;Dr. Raj P Narayanam, Founder & Executive Chairman, Zaggle Prepaid Ocean Services Limited",Ms. Deepti Sanghi,"Ms. Deepti Sanghi, Founder, Kodo",lwfsyowczsmobbz4c4o0abzy,2025,https://2025.globalfintechfest.com/agenda,2026-08-25T06:37:05Z
20250861,Startup Showcase - Plutos One,2025-10-09,9:00 AM,9:10 AM,Hall 204 A&B,,Level 2,Startup Showcase,,,,Mr. Rajjat Gulati,"Mr. Rajjat Gulati, Co-founder, Plutos One",,,aqhmyl2ikapeqgsq6n85z8rs,2025,https://2025.globalfintechfest.com/agenda,2026-08-25T06:37:05Z
20250573,"The New Map of Money: Designing Borderless, Scalable, and Inclusive Financial Systems",2025-10-09,9:30 AM,10:10 AM,Hall 105 A&B,,Level 1,Panel Discussion,"Digital Transformation, Ecosystem, Cross Border",Digital Transformation;Ecosystem;Cross Border,"Cross-border finance is undergoing a transformation, fueled by public and private innovation alike. This panel explores how global leaders are rethinking the movement of money - making it more seamless, interoperable, and accessible across markets. Discussions will touch upon new rails, inclusive design, and the underlying infrastructure shifts needed to truly globalize digital finance.",Mr. Venkat Bhargav Sreedhara;Ms. Mridula Iyer;Mr. Kiran Shetty;Mr. Sanjay Tripathy,"Mr. Venkat Bhargav Sreedhara, Financial Sector Specialist, World Bank;Ms. Mridula Iyer, Managing Director, Citi;Mr. Kiran Shetty, CEO & Regional Head, Swift India;Mr. Sanjay Tripathy, Co-founder & CEO, BRISKPE",Mr. Dennis Owusu-Sem,"Mr. Dennis Owusu-Sem, Chief Operating Officer, This Week in Fintech",b77sn6g5a3snkxlwtcy6ji99,2025,https://2025.globalfintechfest.com/agenda,2026-08-25T06:37:05Z
20250804,Unlocking Full Potential of the Human - AI convergence,2025-10-09,9:30 AM,10:00 AM,Grand Theater,,Ground Level,Fireside Chat,"Financial Services, Innovation, Generative AI",Financial Services;Innovation;Generative AI,"The future of finance lies in the seamless convergence of human ingenuity and artificial intelligence. In this fireside chat, leaders from BCG and Google DeepMind will explore how human–AI collaboration can unlock new dimensions of problem-solving, creativity, and decision-making in financial services. The discussion will examine the transformative potential of AI when guided by human judgment, highlighting how this synergy can drive innovation, resilience, and inclusive growth in the global fintech ecosystem.",Mr. Manish Gupta,"Mr. Manish Gupta, Senior Director, Google Deepmind",Mr. Yashraj Erande,"Mr. Yashraj Erande, Global Leader- Fintech, India Leader - Financial Institutions, BCG",d7ntmwy2fn9x5aq9rwbxffcy,2025,https://2025.globalfintechfest.com/agenda,2026-08-25T06:37:05Z
20250789,India at the Heart of Global Remittances: $125 Billion and Beyond,2025-10-09,9:35 AM,10:15 AM,Hall 204 A&B,,Level 2,Panel Discussion,"Personal Remittance, Innovation, Policy",Personal Remittance;Innovation;Policy,"India is the world’s largest recipient of remittances, crossing $125 billion annually - a figure that continues to grow. This panel will explore how technology, compliance, and innovative business models are reshaping global money flows to and from India. Leaders from fintech and cross-border payment companies will discuss how seamless, secure, and cost-efficient remittance solutions can drive financial inclusion, strengthen small businesses, and keep India at the center of the global remittance economy.",Mr. Srikrishna Narsimhan;Mr. Dewang Neralla;Ms. Rupa Mankad;Mr. Kanchan Kumar,"Mr. Srikrishna Narsimhan, Chief Executive Officer & Executive Director, Wsfx Global Payment;Mr. Dewang Neralla, Founder & CEO, Hiwipay;Ms. Rupa Mankad, Managing Director, Asia South Head of Liquidity, Citi;Mr. Kanchan Kumar, CEO, Truly Financial",Mr. Partha Sinha,"Mr. Partha Sinha, Regional Compliance Lead - APAC, Wise",ipj51io4qdkutw8xjdkji1bv,2025,https://2025.globalfintechfest.com/agenda,2026-08-25T06:37:05Z
20250583,Investor-Enablement and Client Asset Protection,2025-10-09,9:40 AM,10:20 AM,Hall 206 A&B,,Level 2,Panel Discussion,"Capital Markets, Customer Protection, Regulation",Capital Markets;Customer Protection;Regulation,"Presentation of protection measures by SEBI and/or MIIs on - System Driven Disclosure, Security and Covenant Monitoring Platform, Margin Pledge/ Repledge, Application Supported by Blocked Amount (ASBA) in Primary Market & listing in T+3, ASBA in secondary market",Mr. Rajesh Saraf;Mr. Vishal Gupta;Mr. Avishkar Naik,"Mr. Rajesh Saraf, Chief Data and Operations Officer, CDSL;Mr. Vishal Gupta, Deputy CTO, National Securities Depository (NSDL);Mr. Avishkar Naik, Senior Vice President, National Stock Exchange of India",Mr. Sanjay Purao,"Mr. Sanjay Purao, Executive Director, Securities and Exchange Board of India",imjpb4l325zkvgwdv1dlxyip,2025,https://2025.globalfintechfest.com/agenda,2026-08-25T06:37:05Z
20250706,The Quantum Advantage: Unlocking India's Next Frontier in Finance,2025-10-09,9:45 AM,10:25 AM,Hall 205 A&B,,Level 2,Panel Discussion,"Quantum, Financial Services, Innovation",Quantum;Financial Services;Innovation,,Mr. Suvendu Pati;Mr. Vinayak Godse;Ms. Shalaka Verma,"Mr. Suvendu Pati, Chief General Manager, FinTech Department, Reserve Bank of India;Mr. Vinayak Godse, Chief Executive Officer, Data Security Council of India (DSCI);Ms. Shalaka Verma, Head of Customer Engineering, Google",Ms. Reena Dayal,"Ms. Reena Dayal, Chief Executive Officer, QETCI",rozvaqlg00jjrk4yva4hcyzn,2025,https://2025.globalfintechfest.com/agenda,2026-08-25T06:37:05Z
