agendaCode,title,day,startTime,endTime,hall,format,track,topics,accessType,isClosedDoor,description,speakerNames,speakersWithTitles,hostNames,hostsWithTitles,status,withdrawnDetectedAt,sourceUrl,lastSeenAt,documentId,year,recordId
A0029,Potential to Impact: Agentic AI - Tokenisation - Quantum,2026-09-09,10:00,10:50,Jasmine 3,Inaugural Session,Policy,Policy,public,false,"Trusted, Connected, Global Systems for Inclusive Finance",,,,,active,,https://www.globalfintechfest.com/agenda,2026-08-12T13:58:49Z,5a6e1ebe-6d13-42ef-af4e-964dd734af12,2026,6a7c768116afc6a8747c999f
A0778,Algorithmic Trading & Market Integrity: The Next Regulatory Challenge,2026-09-09,10:35,11:05,Lotus 1,Panel Discussion,"Capital Markets, Algorithmic Trading,, Market Integrity","Capital Markets;Algorithmic Trading,;Market Integrity",public,false,"With increasing automation, how can SEBI ensure fairness, transparency, and systemic stability?",Sanjay Shorey;Ambarish Kenghe,"Sanjay Shorey, Executive Director, National Stock Exchange of India;Ambarish Kenghe, Group Chief Executive Officer, Angel One",,,active,,https://www.globalfintechfest.com/agenda,2026-08-12T13:58:49Z,7830b4ec-539c-4827-bc28-e97ac811de90,2026,6a7c768116afc6a8747c99a0
A0343,Beyond Transaction Monitoring: Hunting Mule Networks in Real Time,2026-09-09,11:00,11:40,The Studio,Panel Discussion,"Mule Networks, AI for Fraud Detection, Financial Crime Intelligence",Mule Networks;AI for Fraud Detection;Financial Crime Intelligence,public,false,"Exploring next-generation approaches to detecting organised financial crime through network analytics, AI, and cross-institution collaboration.",Devraj Sanyal;Rana Ashutosh Kumar Singh;Surendra Kumar Vishwakarma;Shiladitya Mukhopadyaya,"Devraj Sanyal, Chief of AI, and Data Science Officer, Reserve Bank Innovation Hub (RBIH);Rana Ashutosh Kumar Singh, Managing Director (IB, GM&T), State Bank of India;Surendra Kumar Vishwakarma, General Manager, Punjab National Bank;Shiladitya Mukhopadyaya, Global Head - Truecaller for Business, Truecaller",,,active,,https://www.globalfintechfest.com/agenda,2026-08-12T13:58:49Z,dbee1d00-824f-44b8-9880-ec998ee4e56c,2026,6a7c768116afc6a8747c99ab
A0455,India's Next-Gen Merchant Stack: Tokenisation Tap-to-Pay and Contextual Credit at the Point of Sale,2026-09-09,11:00,11:40,Lotus 3,Panel Discussion,"Merchant Stack, Tap-to-Pay, Embedded Credit",Merchant Stack;Tap-to-Pay;Embedded Credit,public,false,"The merchant experience is being transformed by tokenisation, soft-POS, and embedded lending. This discussion looks at how to redesign the merchant stack for safety, convenience, and better working capital access.",Arif Khan;Sandeep Indurkar;Kush Mehra;Yuvraj Singh Shekhawat,"Arif Khan, Chief Innovation Officer, Razorpay Software;Sandeep Indurkar, CEO - Payments, BharatPe;Kush Mehra, President And Chief Business Officer - Payments Business, Pine Labs;Yuvraj Singh Shekhawat, CBO, Merchant Business, PhonePe",Ripunjai Gaur,"Ripunjai Gaur, Chief Operating Officer, Paytm",active,,https://www.globalfintechfest.com/agenda,2026-08-12T13:58:49Z,49a43b46-701a-4283-93e5-fd133bf793a0,2026,6a7c768116afc6a8747c99a9
A0740,"The Future of Bill Payments: Intelligent, Tokenised, and Always-On",2026-09-09,11:00,11:40,Hall 205 A&B,Panel Discussion,,,public,false,"Examines how programmable money, AI orchestration, and tokenisation are transforming large‑scale bill payments into intelligent, rule‑based financial flows. Highlights new opportunities for trust, control, and scalability.",Anjani Kumar Rathor;Deepak Mahaur,"Anjani Kumar Rathor, Group Head - Digital and Customer Experience , HDFC BANK;Deepak Mahaur, Head - Digital Platforms, Channels & Partnerships, ICICI Bank",,,active,,https://www.globalfintechfest.com/agenda,2026-08-12T13:58:49Z,c531ccfe-9121-46d7-9f25-6e4dbbeb4e35,2026,6a7c768116afc6a8747c99a7
A0900,Agentic AI and the Future of Financial Services,2026-09-09,11:00,11:40,Hall 103,Panel Discussion,"Autonomous Workflows, Agentic AI, AI Architecture",Autonomous Workflows;Agentic AI;AI Architecture,public,false,"Evolution from GenAI assistants to end-to-end autonomous execution systems. As Generative AI matures, the focus is shifting from experimentation to execution. Agentic AI systems can understand context, coordinate actions and automate complex workflows across customer journeys, lending, operations, compliance and service delivery. This session will explore how financial institutions are moving beyond AI assistants to deploy autonomous systems that drive real business outcomes, while balancing governance, trust and human oversight in regulated environments.",Maitreya Wagh;Rohit Arora;Shashank Sharma,"Maitreya Wagh, Co-Founder & CEO, Bolna;Rohit Arora, Chief Executive Officer, Biz2X;Shashank Sharma, Co-Founder & Director, Scoreme Solutions",Vikram Raichura,"Vikram Raichura, Founder & MD, Helo.ai by VivaConnect",active,,https://www.globalfintechfest.com/agenda,2026-08-12T13:58:49Z,1e8cf5f3-a0e1-4b03-b877-7718d3b64c4d,2026,6a7c768116afc6a8747c99a3
A0902,Fine-Tuning vs RAG vs Foundation Models: Choosing the Right Model Strategy for Building AI for FInance,2026-09-09,11:00,11:40,Hall 203,Panel Discussion,"Enterprise AI, Model Architecture, RAG & Fine-Tuning",Enterprise AI;Model Architecture;RAG & Fine-Tuning,public,false,"As enterprises move AI from pilots to production, choosing the right model strategy is becoming a critical technology and governance decision. This technical session will compare fine-tuning, retrieval-augmented generation and foundation model approaches for enterprise deployment in financial services. The discussion will explore when to use each approach, how to balance accuracy, cost, latency, data security, explainability and scalability, and what architecture choices are most suitable for regulated environments.",Santosh Bhat,"Santosh Bhat, Chief Data Scientist and Head of Technologies , Policybazaar.com",Vignesh Kumaran Subramaniam,"Vignesh Kumaran Subramaniam, Head of Product, KFintech",active,,https://www.globalfintechfest.com/agenda,2026-08-12T13:58:49Z,183e53bf-3f0f-4720-9067-6a9cde313bb5,2026,6a7c768116afc6a8747c99a5
A0941,From Access to Ownership: Where Financial Institutions Build Their AI Edge,2026-09-09,11:00,13:00,Hall 102,Roundtable,,,invite-only,true,"As AI becomes the substrate for underwriting, servicing, and risk, the edge no longer comes from access to a model, every institution can rent the same one, but from owning it: running and improving it inside your own environment, so it gets sharper with every interaction. This roundtable works through the case for sovereignty, the economics behind it, and what it takes to build an AI capability a regulated institution can truly call its own.",,,,,active,,https://www.globalfintechfest.com/agenda,2026-08-12T13:58:49Z,1dedfc21-102f-4c0c-b752-5a7e345f8f49,2026,6a7c768116afc6a8747c99a2
A0983,AI-Powered Personal Finance for the Underserved,2026-09-09,11:00,11:40,Hall 204 A&B,Panel Discussion,"AI Finance, Financial Inclusion, Personal Finance",AI Finance;Financial Inclusion;Personal Finance,public,false,"Designing ""JanArth.AI""-style apps for rural communities in Africa, LATAM & Other emerging economies Automating personalized alerts for government subsidies and savings goals.",Kamal Budhabhatti,"Kamal Budhabhatti, Founder and Head of Innovation, Craft Silicon",,,active,,https://www.globalfintechfest.com/agenda,2026-08-12T13:58:49Z,df548228-9009-41af-8a99-0a945574abaf,2026,6a7c768116afc6a8747c99a6
A1008,From Commute to Connected Journeys: Enabling & Scaling Seamless Digital Payments in Bus Transit,2026-09-09,11:00,11:40,Hall 202,Panel Discussion,"Transit Payments, Smart Mobility, Open-Loop Payments",Transit Payments;Smart Mobility;Open-Loop Payments,public,false,"This panel explores how digital payments can transform bus transit systems at scale, addressing challenges in fare collection, interoperability, and deployment. It highlights innovations like open-loop payments, offline processing, and AFC systems to enhance commuter experience and revenue assurance. The discussion focuses on building a unified, inclusive, and sustainable payments ecosystem through public-private collaboration.",,,,,active,,https://www.globalfintechfest.com/agenda,2026-08-12T13:58:49Z,70a1a3b9-7e03-4eea-9f5e-49416886180b,2026,6a7c768116afc6a8747c99a4
A1209,How to innovate with NBBL,2026-09-09,11:00,11:40,Cube,Masterclass,,,public,false,"TSPs are the connective tissue of the NBBL ecosystem, with new use cases across lending, collections, and enterprise payments emerging, there is a critical need to co-innovate than build in silos. This session drives ecosystem stickiness, surfaces new revenue models for TSPs, and signals NBBL's openness as a platform, attracting the next gen of fintech .",Tanya Naik,"Tanya Naik, CBO Online and Omnichannel Business , Pine Labs",,,active,,https://www.globalfintechfest.com/agenda,2026-08-12T13:58:49Z,c38f4987-e98b-47a3-9ff0-0a225c9365b3,2026,6a7c768116afc6a8747c99a1
A1291,"Central Banking in the Digital Age: Balancing Innovation, Inclusion and Financial Stability",2026-09-09,11:00,11:30,The Grand Theatre,Keynote Address,"Central Banking, Digital Finance, Financial Stability",Central Banking;Digital Finance;Financial Stability,public,false,"As digital payments, AI and new financial technologies reshape the financial system, central banks face the challenge of enabling innovation while safeguarding trust, stability and inclusion. This session will examine how central banks can foster responsible digital transformation, expand access to financial services, strengthen payment infrastructure and address emerging risks around cybersecurity, fraud, data and operational resilience. It will also explore the evolving role of regulatory cooperation and cross-border connectivity in building a financial system that is innovative, inclusive and resilient.",,,,,active,,https://www.globalfintechfest.com/agenda,2026-08-12T13:58:49Z,2fb6a596-4b95-4291-b60b-8216d0d150ca,2026,6a7c768116afc6a8747c99aa
A0776,"Future-Ready Exchanges: Scaling for Speed, Resilience, and Global Integration",2026-09-09,11:10,11:50,Lotus 1,Panel Discussion,"Market Infrastructure, Exchanges, Settlement",Market Infrastructure;Exchanges;Settlement,public,false,"As India’s capital markets grow deeper, more digital and increasingly interconnected with global markets, exchanges and clearing corporations must evolve for a new era of scale, speed and resilience. This session will examine how market infrastructure can support real-time settlement, rising retail participation, higher transaction volumes and greater cross-border investor access while maintaining trust, stability and investor protection. The discussion will also explore the role of technology, risk management, interoperability and regulatory alignment in building future-ready exchanges for India’s next phase of market growth.",Sundararaman Ramamurthy;Praveena Rai;Latika S Kundu,"Sundararaman Ramamurthy, MD & CEO, BSE Ltd;Praveena Rai, MD & CEO, MCX;Latika S Kundu, Managing Director & CEO, Metropolitan Stock Exchange of India Ltd.",,,active,,https://www.globalfintechfest.com/agenda,2026-08-12T13:58:49Z,6dcb3764-97a5-4cab-bd75-2caa02b39e29,2026,6a7c768116afc6a8747c99a8
A0954,Digital Identity & Beyond,2026-09-09,11:40,12:20,The Grand Theatre,Panel Discussion,"Digital Identity, Digital Public Infrastructure, Trust & Authentication",Digital Identity;Digital Public Infrastructure;Trust & Authentication,public,false,"Digital identity has become the foundation of India’s digital economy, enabling trusted access to financial services at population scale. As the ecosystem evolves, the next frontier lies in moving beyond identity verification to consent-based data sharing, reusable digital credentials, AI-enabled authentication, and seamless cross-sector interoperability. This session will explore how digital identity can power the next generation of financial innovation while strengthening privacy, security, inclusion, and trust. The discussion will also examine global opportunities for interoperable identity frameworks and the role of Digital Public Infrastructure in shaping the future of digital finance.",,,,,active,,https://www.globalfintechfest.com/agenda,2026-08-12T13:58:49Z,d832ecac-0490-4444-b10d-f8d9a2ee0214,2026,6a7c768116afc6a8747c99ac
A0039,GIFT City – Gateway to Cross-Border Finance and Technology,2026-09-09,11:45,12:25,Hall 206 A&B,Panel Discussion,"Cross-Border Finance, Global Fintech",Cross-Border Finance;Global Fintech,public,false,"This panel discussion will explore the growing role of GIFT City as a global hub for cross-border finance, financial services and emerging technologies. The conversation will examine opportunities for international capital flows, fintech innovation and technology-led financial services, while highlighting how GIFT City can strengthen India’s position in the global financial ecosystem.",,,,,active,,https://www.globalfintechfest.com/agenda,2026-08-12T13:58:49Z,7e603af8-4f2f-4df1-9e08-16da65c19bf4,2026,6a7c768116afc6a8747c99b1
A0349,MuleHunter Workshop,2026-09-09,11:45,12:25,Hall 103,Workshop,,,public,false,,Devraj Sanyal;Mujiruddin Shaikh,"Devraj Sanyal, Chief of AI, and Data Science Officer, Reserve Bank Innovation Hub (RBIH);Mujiruddin Shaikh, Chief Technology Officer, Reserve Bank Innovation Hub (RBIH)",,,active,,https://www.globalfintechfest.com/agenda,2026-08-12T13:58:49Z,50d8eab7-755d-4402-aed9-1bccd5bdfbc6,2026,6a7c768116afc6a8747c99ae
A0457,The Quantum Shift: Redefining the Future of Money Movement and Financial Innovation,2026-09-09,11:45,12:25,Lotus 3,Panel Discussion,,,public,false,"Quantum technologies are set to fundamentally reshape how value is created, transferred, and settled across financial systems. This conversation explores how quantum could unlock new models in payments, liquidity, and transactions, beyond just security considerations. What does a truly quantum-enabled financial ecosystem look like?",Adelia Castelino;Sumit Nigam;Paul Stamas,"Adelia Castelino, Co-Founder and Managing Director, In-Solutions Global;Sumit Nigam, Chief Technology Officer, Perfios Software Solutions;Paul Stamas, Managing Director, Global Head of Financial Services, General Atlantic",,,active,,https://www.globalfintechfest.com/agenda,2026-08-12T13:58:49Z,1788b709-a80f-45ec-a82e-f4af62d2161d,2026,6a7c768116afc6a8747c99b3
A0710,"Seamless Urban Movement: Integrating Payments, Platforms & Infrastructure",2026-09-09,11:45,12:25,Hall 202,Panel Discussion,,,public,false,"This panel explores how AI is transforming next-generation tolling and transit systems at the intersection of fintech and smart infrastructure. It highlights innovations enabling seamless, cashless mobility while improving efficiency and accessibility. The discussion focuses on enhancing user experience, financial inclusion, and building equitable, future-ready transit ecosystems.",Amit Kumar Jain;Amit Lakhotia;Srikant Kurup,"Amit Kumar Jain, Director (Operations & Services), Delhi Metro Rail Corporation;Amit Lakhotia, Chief Executive Officer, Park Plus;Srikant Kurup, Head - Business Toll & Transit Payments, IDFC FIRST Bank",,,active,,https://www.globalfintechfest.com/agenda,2026-08-12T13:58:49Z,c362d80a-77ee-4d28-be18-81413f7406a1,2026,6a7c768116afc6a8747c99af
A0908,Engineering Enterprise Retrieval-Augmented Generation Systems: Deploying AI in Financial Services,2026-09-09,11:45,12:25,Hall 203,Panel Discussion,"Retrieval-Augmented Generation, Enterprise AI, AI Governance",Retrieval-Augmented Generation;Enterprise AI;AI Governance,public,false,"Retrieval-augmented generation is becoming a core architecture for deploying AI in financial services, especially where accuracy, source traceability and regulatory context are critical. This technical session will explore how enterprises can build reliable retrieval systems over financial, compliance and policy data. The discussion will examine data ingestion, chunking strategies, vector search, access controls, evaluation methods, hallucination reduction, auditability and governance models required to make RAG systems production-ready in regulated environments.",Manish Sinha,"Manish Sinha, Co-founder, Credilio Financial Technologies",,,active,,https://www.globalfintechfest.com/agenda,2026-08-12T13:58:49Z,f8927724-1148-4574-bcfd-6e0fd5d9acdf,2026,6a7c768116afc6a8747c99b0
A0998,Inclusion at Scale: Building Trust First Financial Platforms for the Masses,2026-09-09,11:45,12:35,The Studio,Keynote & Panel Discussion,"Financial Inclusion, Trusted Finance, Inclusive Platforms",Financial Inclusion;Trusted Finance;Inclusive Platforms,public,false,"True inclusion goes beyond access. This panel discusses inclusive product design, affordability, trust, and scalable business models that expand financial participation across diverse consumer segments.",Nishchay Ag,"Nishchay Ag, CEO & Co-Founder , Changejar Technologies",,,active,,https://www.globalfintechfest.com/agenda,2026-08-12T13:58:49Z,cde13fa1-4ae3-4311-8176-6df674c29690,2026,6a7c768116afc6a8747c99b4
A1088,Building Programmable Payment Infrastructure: From APIs to Intelligent Orchestration,2026-09-09,11:45,12:25,Cube,Masterclass,"Payment Orchestration, API Economy, Programmable Payments",Payment Orchestration;API Economy;Programmable Payments,public,false,"A deep dive into how modern payment systems are built using APIs, orchestration layers, and real-time decisioning frameworks. The session will unpack how enterprises can design resilient, scalable, and flexible payment stacks—enabling seamless checkout experiences, optimized routing, and higher conversion rates. Attendees will gain practical insights into building infrastructure that powers high-volume transactions, supports multiple payment methods, and adapts dynamically to business and regulatory needs.",,,,,active,,https://www.globalfintechfest.com/agenda,2026-08-12T13:58:49Z,8afd19d0-c861-408d-b1e0-e2d68659d5a6,2026,6a7c768116afc6a8747c99ad
A0997,Reimagining Merchant Payments: From Acceptance to Intelligent Commerce Infrastructure,2026-09-09,11:50,12:30,Hall 205 A&B,Panel Discussion,,,public,false,"Merchant payments are rapidly evolving beyond traditional acquiring into a unified layer of commerce infrastructure. This session will explore how payment providers are enabling seamless, scalable, and data-driven merchant ecosystems—integrating acceptance, credit, and value-added services. As digital transactions scale across channels, the focus shifts to building intelligent, interoperable systems that support real-time decisioning, embedded finance, and global expansion for merchants of all sizes.",Amirali Zubin Valliani;Anuj Khosla;Gary Yang,"Amirali Zubin Valliani, Vice President, Interenational Growth Markets, PayPal, Pte;Anuj Khosla, Chief Executive Officer , Hitachi Payments;Gary Yang, APAC President , Adyen",,,active,,https://www.globalfintechfest.com/agenda,2026-08-12T13:58:49Z,71e49a70-7404-4171-8ed6-1d2a1a04fe2f,2026,6a7c768116afc6a8747c99b5
A1120,The Intelligent Financial System: How AI Will Redefine Banking,2026-09-09,11:50,12:20,Jasmine 3,Fireside Chat,,,public,false,,,,,,active,,https://www.globalfintechfest.com/agenda,2026-08-12T13:58:49Z,f84ae172-1a6c-4f30-9f5b-50184db05376,2026,6a7c768116afc6a8747c99b6
A0787,Quantum Threats & Market Infrastructure: Preparing for the Next Era of Cyber Risk,2026-09-09,11:55,12:35,Lotus 1,Panel Discussion,"Quantum Computing, Market Resilience, Cyber security",Quantum Computing;Market Resilience;Cyber security,public,false,"A forward-looking session on quantum computing’s impact on encryption, trading systems, and financial security.",Nilesh Dhande,"Nilesh Dhande, Co-founder and CEO, Fortytwo42 Technology Innovations Private Limited",,,active,,https://www.globalfintechfest.com/agenda,2026-08-12T13:58:49Z,bd41f2d2-c3e3-4f62-9f3e-f251cf7deac3,2026,6a7c768116afc6a8747c99b2
A0144,Fintech 2035: Building the Next Generation of India's Digital Financial Infrastructure,2026-09-09,12:10,13:10,Hall 104 A&B,Closed Room Session,,,invite-only,true,"A strategic discussion between NITI Aayog and fintech leaders on emerging opportunities and policy priorities to accelerate innovation, financial inclusion, productivity, and global competitiveness.",,,,,active,,https://www.globalfintechfest.com/agenda,2026-08-12T13:58:49Z,edddf437-4af8-404f-b0d7-b4e1c881e9c7,2026,6a7c768116afc6a8747c99b7
A1027,Commercial Lending Reimagined - How AI is Powering Commercial & Retail Lending,2026-09-09,12:20,13:00,Lotus 2,Panel Discussion,"AI Lending, Commercial Credit, Credit Intelligence",AI Lending;Commercial Credit;Credit Intelligence,public,false,"As economic fragmentation and systemic risk reshape lenders' priorities in India, commercial and retail lending stands at an inflection point — caught between the need for rapid credit decisioning and the imperative of stronger risk governance. This panel explores how AI-first platforms are translating innovation into real-world lending outcomes. Unpacking the structural challenges banks face across credit decisioning, collateral management, and portfolio monitoring. The panelist will share their own transformation journey, offering a practitioner's view of what it takes to modernize lending infrastructure at one of India's largest banks. Together, the panel will surface a practical roadmap for banks looking to move beyond pilots and meaningfully embed AI into the commercial and retail-lending lifecycle.",Brajesh Khandelwal,"Brajesh Khandelwal, EVP & Business Head Lending, Intellect Design Arena",Manish Kumar Gupta,"Manish Kumar Gupta, Chief Executive of Urban Unsecured Assets, Payments, and Digital Partnerships, L&T Finance",active,,https://www.globalfintechfest.com/agenda,2026-08-12T13:58:49Z,8105af81-6642-4fa2-b880-7ef1f16566fe,2026,6a7c768116afc6a8747c99b8
A0015,Tokenisation of Financial Assets,2026-09-09,12:25,12:55,Jasmine 3,Keynote & Fireside Chat,"Digital Lending, Account Aggregator, Financial Inclusion",Digital Lending;Account Aggregator;Financial Inclusion,public,false,,,,,,active,,https://www.globalfintechfest.com/agenda,2026-08-12T13:58:49Z,0cb9ab68-f376-40df-8878-d0dc0b588a7b,2026,6a7c768116afc6a8747c99b9
A0019,"Exporting India's Digital Future: Fintech, AI and the Rise of Digital Services",2026-09-09,12:30,13:00,The Grand Theatre,Keynote Address,"Digital Policy, Economic Innovation, Regulatory Frameworks",Digital Policy;Economic Innovation;Regulatory Frameworks,public,false,,Rajesh Agrawal,"Rajesh Agrawal, Commerce Secretary, Ministry of Commerce & Industry, Government of India",,,active,,https://www.globalfintechfest.com/agenda,2026-08-12T13:58:49Z,1e1fc567-59dc-40f8-9d2c-c95ca423b395,2026,6a7c768116afc6a8747c99c0
A0656,Securing Global Payments: Preparing for the Quantum Era,2026-09-09,12:30,13:05,Hall 204 A&B,Panel Discussion,,,public,false,Understanding the threat quantum computing poses to current financial cryptography. Steps developing nations must take today to future-proof their payment infrastructure.,Dmytro Kolechko;Esam Alkheshnam;Pietro Tiberi,"Dmytro Kolechko, Chief Executive Officer, Wing Bank (Cambodia) Plc.;Esam Alkheshnam, Chief Executive Officer, KNET;Pietro Tiberi, IT Operations Manager, Banca d'Italia",,,active,,https://www.globalfintechfest.com/agenda,2026-08-12T13:58:49Z,7b4aab1d-ffdd-4889-a513-20a1e65c2b4e,2026,6a7c768116afc6a8747c99bd
A0898,AI Architecture for Regulated Industries,2026-09-09,12:30,13:10,Hall 103,Panel Discussion,"AI Architecture, Regulated Industries, AI Governance",AI Architecture;Regulated Industries;AI Governance,public,false,"As AI adoption accelerates across banks, insurers and regulated entities, institutions need robust architectures that balance innovation with security, compliance and operational resilience. This technical session will explore reference architectures for deploying AI in regulated environments, covering data governance, model controls, explainability, audit trails, human oversight, cybersecurity and integration with enterprise systems. The discussion will focus on how regulated entities can move from experimentation to production-grade AI while maintaining trust, accountability and regulatory readiness.",Krishna Prasad Atluri,"Krishna Prasad Atluri, Founder CEO, OneMoney",,,active,,https://www.globalfintechfest.com/agenda,2026-08-12T13:58:49Z,8ecc3aea-2079-4c88-af23-36a34b7e94db,2026,6a7c768116afc6a8747c99bb
A1000,AI-Driven Credit Scoring for Underserved MSMEs,2026-09-09,12:30,13:10,Lotus 3,Panel Discussion,,,public,false,"This session explores how AI is transforming credit assessment for underserved MSMEs by leveraging alternative data and advanced analytics. It highlights the ability to move beyond traditional credit histories to create more inclusive and accurate risk models. Industry leaders will discuss challenges around data quality, bias, and regulatory compliance while unlocking access to finance. The conversation focuses on enabling faster, fairer lending and driving financial inclusion at scale.",Ashish Shah;Frederick Dsouza;Ravi Pangal,"Ashish Shah, Deputy Managing Director, BOBCARD;Frederick Dsouza, President & Business Head Credit Cards, Kotak Mahindra Bank;Ravi Pangal, Chief Information Officer, IndusInd Bank",,,active,,https://www.globalfintechfest.com/agenda,2026-08-12T13:58:49Z,65fff028-b86a-47d4-8f37-4253c630503a,2026,6a7c768116afc6a8747c99bf
A1012,Quantum Risk in BFSI: Securing Cryptography for a Post‑Quantum World,2026-09-09,12:30,13:10,Hall 202,Panel Discussion,,,public,false,"Quantum computing poses a silent but existential threat to today’s financial cryptography, with the potential to break encryption securing payments, tokenized assets, and AI models. This panel examines how information security teams can prepare for post‑quantum threats through cryptographic agility, migration strategies, and resilient architectures—before quantum capabilities render current protections obsolete.",G Sivakumar,"G Sivakumar, Porfessor, IIT Bombay",,,active,,https://www.globalfintechfest.com/agenda,2026-08-12T13:58:49Z,2a5c6a11-d713-4af8-9730-831fdde21c56,2026,6a7c768116afc6a8747c99bc
A1089,Tag: AI,2026-09-09,12:30,13:10,Cube,Masterclass,"Artificial Intelligence, AI Transformation, Enterprise AI",Artificial Intelligence;AI Transformation;Enterprise AI,public,false,"Artificial Intelligence is rapidly becoming the defining technology of the next generation of financial services. This masterclass will explore how organizations can move beyond AI experimentation to enterprise-wide transformation by embedding AI across products, operations, customer engagement, and decision-making. Participants will gain strategic insights into building AI-first organizations, scaling AI responsibly, and unlocking measurable business value while ensuring governance, trust, and long-term competitiveness.",,,,,active,,https://www.globalfintechfest.com/agenda,2026-08-12T13:58:49Z,1e467429-429c-4ba9-a190-409394970659,2026,6a7c768116afc6a8747c99ba
A0784,"Reimagining Asset Management: Redefining Distribution, Advisory, and Trust through AI in a Hybrid World",2026-09-09,12:40,13:20,Lotus 1,Panel Discussion,"Global Investors, Regulation, Market Access",Global Investors;Regulation;Market Access,public,false,"Use of AI in fund management, risk analytics, distribution and personalized investor journeys with regulatory implications. Further, as platforms blur lines between advice and distribution, what regulatory clarity is needed and how to balance commission structures, which align with investor protection and transparency.",Anshu Kapoor;Vasanth Kamath,"Anshu Kapoor, CEO&MD, Nuvama Asset Management;Vasanth Kamath, Founder & CEO, smallcase",Manoj Kumar,"Manoj Kumar, Executive Director, Securities and Exchange Board of India",active,,https://www.globalfintechfest.com/agenda,2026-08-12T13:58:49Z,6ebc9596-f14a-4a12-8e64-93132161c65f,2026,6a7c768116afc6a8747c99e0
A0922,Deepfake & Synthetic Identity Fraud: The New Frontier for BFSI,2026-09-09,12:40,13:20,The Studio,Panel Discussion,"Deepfake Fraud, Synthetic Identity, Identity Security",Deepfake Fraud;Synthetic Identity;Identity Security,public,false,"Deepfake KYC submissions, voice spoofing, and synthetic identities are testing the limits of traditional verification systems. This session examines how multimodal AI and risk-aware authentication are evolving to counter increasingly sophisticated identity attacks in financial services.",Milan Janardan Naik;Vinay Tiwari,"Milan Janardan Naik, Founder, BOXX Insurance;Vinay Tiwari, CISO, Axis Bank",,,active,,https://www.globalfintechfest.com/agenda,2026-08-12T13:58:49Z,7dc66598-2ab1-4f45-b580-36a59953e4a0,2026,6a7c768116afc6a8747c99c2
A1038,Beyond the Cycle: Japan's Long-Term Bet on India's Innovation Economy from MUFG Bank,2026-09-09,12:40,13:20,Hall 205 A&B,Panel Discussion,"Strategic Partnership, Financial Innovation, India–Japan",Strategic Partnership;Financial Innovation;India–Japan,public,false,"This panel explores Japan’s long-term commitment to India’s innovation economy, and how that commitment is evolving into an end-to-end model spanning venture investing, growth financing, market access, and public market readiness. Bringing together leaders from banking, venture capital, capital markets, and the broader innovation ecosystem, the discussion will examine why India has become a strategic priority for Japanese institutions and how cross-border capital can help founders scale through multiple stages of the company-building journey.",,,,,active,,https://www.globalfintechfest.com/agenda,2026-08-12T13:58:49Z,c4000096-e807-4d63-9a40-7f9d5a65aea2,2026,6a7c768116afc6a8747c99c1
A0204,"Building the Next Generation of India's Financial System: Innovation, Inclusion and Trust",2026-09-09,13:00,13:30,Jasmine 3,Keynote & Fireside Chat,"Financial Innovation, Digital Public Infrastructure, Trusted Finance",Financial Innovation;Digital Public Infrastructure;Trusted Finance,public,false,"India is building one of the world's most advanced and inclusive financial ecosystems through Digital Public Infrastructure, progressive regulation, and technology-led innovation. This keynote and fireside chat will explore how the next generation of financial services will be shaped by AI, resilient banking, cybersecurity, digital payments, and inclusive access to credit. The discussion will highlight the policy priorities, collaborative partnerships, and trusted innovation needed to accelerate India's journey towards a secure, intelligent, and globally competitive financial system.",,,,,active,,https://www.globalfintechfest.com/agenda,2026-08-12T13:58:49Z,0a5945ed-8205-4736-a94f-da4f2cad20a8,2026,6a7c768116afc6a8747c99c3
A1134,Democratizing Access to Credit for Small and Medium Businesses,2026-09-09,13:05,13:15,Lotus 2,Product Launch,"MSME Credit, Credit Access, Business Growth",MSME Credit;Credit Access;Business Growth,public,false,"Amazon Pay India is launching a dedicated credit instrument for sole proprietor businesses with a leading bank. This would be B2B credit product specifically built for this segment. The product will address a critical gap in access to capital for India's small businesses and sole proprietors, who do not have an existing dedicated credit solution. It is designed to help India's 1.5M+ MSMEs reinvest rewards back into their business growth.” Request you to confirm if a panel slot can be allocated for this topic at GFF.",,,,,active,,https://www.globalfintechfest.com/agenda,2026-08-12T13:58:49Z,51506636-de0c-466a-b53c-51931ef66a9e,2026,6a7c768116afc6a8747c99c4
A0672,Financial Inclusion After the First Billion Users: What Comes Next?,2026-09-09,13:10,13:50,Hall 204 A&B,Panel Discussion,"Financial Inclusion, Inclusive Growth, Digital Access",Financial Inclusion;Inclusive Growth;Digital Access,public,false,"The first wave of financial inclusion focused on expanding access to bank accounts and digital payments. The next challenge is ensuring meaningful and sustained financial participation. As digital infrastructure matures, the focus must shift toward products and services that address the needs of women, migrant workers, gig workers, micro-enterprises, and other underserved communities. This session will explore how AI, Digital Public Infrastructure, cross-border payment networks, and innovative business models can deepen financial inclusion by driving active usage, improving financial well-being, and creating measurable economic impact beyond account ownership.",Sandeep Chagger,"Sandeep Chagger, Managing Director, Peach Payments",,,active,,https://www.globalfintechfest.com/agenda,2026-08-12T13:58:49Z,3befc073-c9d2-4669-aa33-62f3ea8653fc,2026,6a7c768116afc6a8747c99c5
A0551,The Future of GCCs: Design Thinking for the Next Generation of Financial Innovators,2026-09-09,13:15,13:55,Cube,Masterclass,"Design Thinking, GCC Innovation, Future Skills",Design Thinking;GCC Innovation;Future Skills,public,false,"As Global Capability Centers (GCCs) evolve into strategic hubs for innovation, AI, and financial engineering, they are redefining the future of work in the financial services industry. This interactive masterclass explores how Design Thinking empowers young professionals to solve complex business problems, create customer-centric financial solutions, and drive innovation at scale. Participants will discover the mindset, skills, and tools required to thrive in modern GCCs, where technology, creativity, and business strategy converge. Through real-world examples, collaborative activities, and practical insights, the session will equip aspiring professionals to become the next generation of innovators shaping intelligent financial enterprises.",Vijayakumar Bharathi S,"Vijayakumar Bharathi S, Professor, Symbiosis Centre for Information Technology",,,active,,https://www.globalfintechfest.com/agenda,2026-08-12T13:58:49Z,1f30d95c-7424-4d3c-a650-e8bfc8dc8685,2026,6a7c768116afc6a8747c99c6
A0884,Building Real-Time AI Decision Engines,2026-09-09,13:15,13:55,Hall 103,Panel Discussion,Technical Session,Technical Session,public,false,"AI systems supporting instant payments, lending, and risk decisions.",,,,,active,,https://www.globalfintechfest.com/agenda,2026-08-12T13:58:49Z,4fa4af19-6a29-48b5-bde1-dcc7da591ef6,2026,6a7c768116afc6a8747c99c7
A0904,AI Guardrails: Building Safe Financial AI Systems,2026-09-09,13:15,13:55,Hall 202,Panel Discussion,"AI Guardrails, Financial AI, Risk Mitigation",AI Guardrails;Financial AI;Risk Mitigation,public,false,"As AI systems move into production across financial services, robust guardrails are essential to ensure safety, reliability and trust. This technical session will explore how institutions can manage hallucinations, enforce policies, prevent misuse and reduce operational, compliance and customer risks in AI-led workflows. The discussion will examine practical approaches to model monitoring, prompt controls, validation layers, human oversight, explainability, audit trails and governance frameworks for building safe financial AI systems.",Sandeep Agarwal;Rajasundaram Sudarshan;Vinay Kumar,"Sandeep Agarwal, CTO - Security, India and South Asia, Cisco;Rajasundaram Sudarshan, Co-founder & COO, CreditMantri;Vinay Kumar, Founder & CEO, Arya.ai",,,active,,https://www.globalfintechfest.com/agenda,2026-08-12T13:58:49Z,efe2a063-c3a8-4da9-bb22-a16a04c76a6b,2026,6a7c768116afc6a8747c99c8
A1023,Programmable Money: When Payments Become Intelligent & Context Aware,2026-09-09,13:15,13:55,Hall 206 A&B,Panel Discussion,,,public,false,"Programmable payments unlock new logic at the transaction layer. Leaders discuss smart routing, conditional payments, embedded compliance, and orchestration across ecosystems.",Deep Agrawal;Vikash Jalan;Shweta Bajpai,"Deep Agrawal, Head of Payments, PhonePe;Vikash Jalan, Chief Operation Officer, Paytm;Shweta Bajpai, Group Director - Financial Services, Media, Travel and Real Estate, Meta",,,active,,https://www.globalfintechfest.com/agenda,2026-08-12T13:58:49Z,09675b1d-ed24-4a3b-b31b-666b525395f1,2026,6a7c768116afc6a8747c99c9
A1102,Building the Next PhonePe: AI & Product Innovation Roadmap,2026-09-09,13:20,13:50,Lotus 2,Product Launch,"AI Innovation, Product Leadership, Digital Finance",AI Innovation;Product Leadership;Digital Finance,public,false,"PhonePe has been at the forefront of India's digital payments revolution, building products that serve hundreds of millions of users at scale. This session will provide an inside look at the company's product innovation journey and how AI, data, and customer-centric design are shaping the next generation of financial services. The discussion will explore the principles behind building scalable digital platforms, fostering a culture of innovation, and creating AI-native products that can power the future of India's fintech ecosystem.",Sameer Nigam;Rahul Chari,"Sameer Nigam, Founder & CEO, PhonePe;Rahul Chari, Founder & CTO, PhonePe",,,active,,https://www.globalfintechfest.com/agenda,2026-08-12T13:58:49Z,6692cb19-43da-49d8-9b4d-64ecf84df27e,2026,6a7c768116afc6a8747c99ca
A0746,Beyond Bill Payments: Building India's Digital Collection Ecosystem,2026-09-09,13:30,14:10,Hall 205 A&B,Panel Discussion,"Digital Collections, B2B Payments",Digital Collections;B2B Payments,public,false,"India's digital collections ecosystem is rapidly evolving beyond traditional bill payments to enable loan repayments, enterprise receivables, merchant collections, insurance premiums, subscription mandates, education fees, and government payments. As banks, lenders, fintechs, payment providers, and businesses build interoperable collections infrastructure, the next phase of growth will be driven by automation, real-time reconciliation, intelligent collections, embedded payment experiences, and seamless interoperability. This session explores how industry leaders are building a scalable, secure, and inclusive digital collections ecosystem that improves collection efficiency, enhances customer experience, and powers the future of digital commerce.",Pravin Kumar Sharma;Rohit Mahajan;Sainath Pillai;Tejas Maniar,"Pravin Kumar Sharma, Founder & CEO, Futuretek Commerce (GetePay);Rohit Mahajan, Founder & CEO, Plutos One Technology;Sainath Pillai, Product Head, Sarvatra Technologies;Tejas Maniar, Chief Digital & Liabilities Officer, Fino Payments Bank",Akshat Birla,"Akshat Birla, Founder & CEO, BharatNXT",active,,https://www.globalfintechfest.com/agenda,2026-08-12T13:58:49Z,d788143f-75c9-4b01-bd39-cbe345f7905f,2026,6a7c768116afc6a8747c99cc
A0924,"Inside the Payments Engine Room: Scaling Speed, Reliability & Innovation",2026-09-09,13:30,14:10,The Studio,Panel Discussion,,,public,false,"Inside the Payments Engine Room: Scaling Speed, Reliability & Innovation",Manas Mishra;Rakesh Purohit;Saurabh Drolia,"Manas Mishra, Chief Product Officer, PayU Payments;Rakesh Purohit, Global Product Head of Cross Currency Payments & Solutions, J.P. Morgan;Saurabh Drolia, Director of Product Management, Google",,,active,,https://www.globalfintechfest.com/agenda,2026-08-12T13:58:49Z,596f66ce-5856-424a-bd54-bb918293c275,2026,6a7c768116afc6a8747c99cd
A1058,"Frictionless Trust: Balancing Security, Compliance, and Customer Experience in India’s Digital Financial Ecosystem",2026-09-09,13:30,15:30,Hall 102,Roundtable,,,invite-only,true,"As India’s BFSI ecosystem accelerates toward digital-first services, institutions face a dual challenge: enabling seamless customer onboarding while countering increasingly sophisticated fraud. With innovations like digital identity frameworks (Aadhaar, CKYC), silent verification technologies, and phone-based identity intelligence, the sector is entering a new era of secure yet frictionless transactions. This panel brings together leaders from banking, fintech, telecom, and cybersecurity to discuss how emerging technologies can redefine trust, reduce fraud, and enhance customer experience without compromising privacy and compliance. Separately",,,,,active,,https://www.globalfintechfest.com/agenda,2026-08-12T13:58:49Z,126b96fd-ac0c-47ae-9843-474e62e0bdd4,2026,6a7c768116afc6a8747c99cb
A0289,From Financial Inclusion to Financial Empowerment: The Next Chapter of India's Digital Transformation,2026-09-09,13:35,14:05,Jasmine 3,Fireside Chat,"Financial Empowerment, Digital Public Infrastructure, Inclusive Banking",Financial Empowerment;Digital Public Infrastructure;Inclusive Banking,public,false,"India has demonstrated how digital public infrastructure can transform access to financial services at unprecedented scale. The next challenge is moving beyond access towards financial empowerment. This keynote will explore how banks, technology, and policy can work together to deliver credit, savings, investments, protection, and opportunity to every citizen while maintaining trust, stability, and consumer confidence.",Debadatta Chand,"Debadatta Chand, Managing Director & CEO, Bank of Baroda",,,active,,https://www.globalfintechfest.com/agenda,2026-08-12T13:58:49Z,5ae406b0-c9b1-4df0-b5d0-d8757262b766,2026,6a7c768116afc6a8747c99ce
A0690,Driving Sovereignty and Proliferation of New Payment Methods – A Central Bank Perspective,2026-09-09,13:40,14:20,The Grand Theatre,Panel Discussion,"Payment Sovereignty, Central Banking, Payment Innovation",Payment Sovereignty;Central Banking;Payment Innovation,public,false,"Central banks are prioritizing payments sovereignty by promoting domestic infrastructures (like real-time payment systems) to reduce reliance on global networks and improve resilience, oversight, and data control. At the same time, the rapid proliferation of new payment methods (wallets, BNPL, fintech rails) requires regulators to balance innovation with financial stability, interoperability, and consumer protection.",Alexandre Stervinou;Kisukyabo Simwaka;Marco Massarenti;Tom David Mutton,"Alexandre Stervinou, Director Currency and Retail Payments, Banque de France;Kisukyabo Simwaka, Deputy Governor - Operations, Reserve Bank of Malawi;Marco Massarenti, Adviser, European Central Bank;Tom David Mutton, Executive Director, Bank of England",,,active,,https://www.globalfintechfest.com/agenda,2026-08-12T13:58:49Z,29871369-ed67-4f44-88e8-db0c4f15640f,2026,6a7c768116afc6a8747c99d0
A1033,The Future of Market Infrastructure in the Age of Tokenisation of Securities,2026-09-09,13:45,14:25,Lotus 1,Panel Discussion,"Tokenisation, Securities, Market Infrastructure","Tokenisation;Securities, Market Infrastructure",public,false,"Explores how tokenisation could reshape exchanges, clearing corporations, and settlement systems — and what regulatory frameworks are needed to enable this transition safely. How regulators (including SEBI) can align with global frameworks while enabling domestic innovation in tokenised assets.",Prashant Vagal;Vishal Anand Kanvaty;Rishi Kapoor;Nilesh Lodaya,"Prashant Vagal, Chief Operating Officer, NSDL;Vishal Anand Kanvaty, Chief Technology Officer, National Payments Corporation of India;Rishi Kapoor, Executive Director, Head of Technology & Operations, Asia Securities Industry & Financial Markets Association;Nilesh Lodaya, Chief Business Officer, Central Depository Services (India) Limited",,,active,,https://www.globalfintechfest.com/agenda,2026-08-12T13:58:49Z,0cbdd510-88fc-43b3-90e5-f556fd13c573,2026,6a7c768116afc6a8747c9a2c
A0744,The Future of Cross-Border Treasury: Powering the Next Generation of Global Payments,2026-09-09,13:55,14:35,Hall 204 A&B,Panel Discussion,"Cross-Border, ISO 20022, API Banking",Cross-Border;ISO 20022;API Banking,public,false,"As global commerce becomes increasingly real time, treasury functions are evolving from back-office operations into strategic enablers of international business. API-native treasury platforms, virtual accounts, multi-currency liquidity management, and intelligent FX solutions are helping banks, fintechs, and businesses optimise working capital while reducing settlement friction. This session explores how modern treasury infrastructure is transforming cross-border payments, liquidity, and cash management for the next generation of global commerce.",Amit Talwar;Nikita Tambday,"Amit Talwar, Chief Executive Officer, Kanji Forex Pvt. Ltd.;Nikita Tambday, Head of Product, Treasury Services, J.P. Morgan",Vijay Ramakrishnaiyer Mani,"Vijay Ramakrishnaiyer Mani, Partner, Deloitte Touche Tohmatsu India LLP",active,,https://www.globalfintechfest.com/agenda,2026-08-12T13:58:49Z,4352e854-d9c1-439f-8e0e-d0e536a50b6f,2026,6a7c768116afc6a8747c99d1
A1123,Connecting Economies through Digital Payments: India’s Global Opportunity,2026-09-09,13:55,14:35,Lotus 2,Panel Discussion,"Cross-Border Payments, Digital Payments, Global Connectivity",Cross-Border Payments;Digital Payments;Global Connectivity,public,false,"Digital payments are reshaping global commerce by making cross-border transactions faster, more secure, and more inclusive. With the success of UPI and India's Digital Public Infrastructure, India has a unique opportunity to power the next generation of interoperable payment networks worldwide. This session will explore how partnerships between governments, payment networks, financial institutions, and global stakeholders can accelerate cross-border connectivity, expand merchant acceptance, and position India as a trusted leader in the future of global digital payments.",,,,,active,,https://www.globalfintechfest.com/agenda,2026-08-12T13:58:49Z,a549159f-203e-4440-97ad-28bab304844c,2026,6a7c768116afc6a8747c99d2
A0125,New-Age Companies: When Private Markets Meet Public Markets: An Investor's Playbook,2026-09-09,14:00,14:40,Hall 202,Panel Discussion,"Capital Markets, IPO Readiness, Growth Investing",Capital Markets;IPO Readiness;Growth Investing,public,false,"India's startup ecosystem is witnessing a reset as public market realities reshape private market expectations. With heightened market volatility, longer DRHP-to-listing timelines, and increased scrutiny on profitability and governance, IPO-bound companies are adapting to a new capital market environment. The session will examine how founders, investors, and public market participants are redefining value creation, why margin-rich new-age companies are leading the IPO pipeline, and what successful transitions from private capital to public ownership will look like in the years ahead.",Pratekk Agarwaal,"Pratekk Agarwaal, Founder & GP, GrowthCap Ventures",,,active,,https://www.globalfintechfest.com/agenda,2026-08-12T13:58:49Z,fb9e1cdb-d03b-4549-9c78-f3d39a7de1b1,2026,6a7c768116afc6a8747c99d4
A1092,Strengthening India’s Digital Payments Ecosystem: NPCI’s Latest Information Security Measures for a Secure and Resilient AI-driven Future,2026-09-09,14:00,14:40,Cube,Masterclass,"Cyber Resilience, Payment Security, AI Security",Cyber Resilience;Payment Security;AI Security,public,false,"As India's digital payments ecosystem scales rapidly, strengthening information security is essential to preserving trust, resilience, and operational continuity. This masterclass will showcase NPCI's latest information security initiatives, best practices, and ecosystem-wide safeguards designed to address emerging cyber threats in an AI-driven world. Participants will gain insights into secure-by-design principles, cyber resilience, ecosystem risk management, and collaborative approaches to protecting critical payment infrastructure while enabling innovation at scale.",,,,,active,,https://www.globalfintechfest.com/agenda,2026-08-12T13:58:49Z,0a9c9898-0b92-47a8-915b-9c7264235746,2026,6a7c768116afc6a8747c99d3
A0694,"Transforming Banking at Scale: Leadership Perspectives on Strategy, Growth & Technology",2026-09-09,14:10,14:40,Jasmine 3,Trialogue,,,public,false,"This session brings together industry leaders to explore how banks are evolving at scale through strategic innovation, technology adoption, and new growth models. It examines the future competitive landscape, questioning whether traditional banks will retain dominance or be challenged by fintechs and platform players. Leaders will share insights on navigating disruption, driving profitability, and building resilient, future-ready institutions. The discussion offers a forward-looking view of banking in 2035 and beyond.",,,,,active,,https://www.globalfintechfest.com/agenda,2026-08-12T13:58:49Z,2cb8e6be-d145-4e97-a2c6-335f194c7767,2026,6a7c768116afc6a8747c99d5
A0748,"The Future of PPIs: Regulation, Innovation & Emerging Use Cases",2026-09-09,14:20,15:00,Hall 205 A&B,Panel Discussion,"Prepaid Instruments, Wallets & Cards, Transit Payments",Prepaid Instruments;Wallets & Cards;Transit Payments,public,false,"As India's digital payments ecosystem continues to evolve, prepaid payment instruments are expanding into new consumer, merchant, mobility, and enterprise use cases. With growing interoperability, changing customer expectations, and emerging product innovations, issuers are reimagining how prepaid solutions create value across the payments ecosystem. This session explores the opportunities, business models, and partnerships shaping the future of wallets, prepaid cards, and transit payments.",Dilip Modi;Ketan Doshi;Sonia Pankaj Asher,"Dilip Modi, Founder & CEO, Spice Money;Ketan Doshi, Managing Director & CEO, Pay Point India Network;Sonia Pankaj Asher, Executive Chairperson and Whole-Time Director, Paramotor Digital Technology Limited",,,active,,https://www.globalfintechfest.com/agenda,2026-08-12T13:58:49Z,bd948f23-2f35-4a92-a3dc-40576ee80285,2026,6a7c768116afc6a8747c99d7
A0926,Fundraising: A Science or an Art?,2026-09-09,14:20,15:00,The Studio,Masterclass,,,public,false,$2b,,,,,active,,https://www.globalfintechfest.com/agenda,2026-08-12T13:58:49Z,ef0ffd4d-f109-4612-b0bb-f9e1d2a5cdcb,2026,6a7c768116afc6a8747c99d8
A0782,Disclosure 2.0: Rethinking Transparency in the Age of Information Overload,2026-09-09,14:30,15:10,Lotus 1,Panel Discussion,"Disclosure, Transparency, Investor Communication",Disclosure;Transparency;Investor Communication,public,false,"From static disclosures to intelligent, contextual communication — how can investor disclosures evolve?",Ajay Agarwal;Sandip Bhagat,"Ajay Agarwal, Company Secretary and Group Head – Secretarial & Group Oversight, HDFC Bank Limited;Sandip Bhagat, Partner, S&R Associates",,,active,,https://www.globalfintechfest.com/agenda,2026-08-12T13:58:49Z,9de33c26-c981-4dd2-af80-d758ed0a9292,2026,6a7c768116afc6a8747c99d6
A0674,Digital Public Infrastructure: A Model for Transformation,2026-09-09,14:40,15:20,Hall 204 A&B,Panel Discussion,"Digital Public Infrastructure, Financial Inclusion, Global Collaboration",Digital Public Infrastructure;Financial Inclusion;Global Collaboration,public,false,"Digital Public Infrastructure (DPI) has demonstrated how foundational digital systems can accelerate financial inclusion, innovation, and economic growth at national scale. As more countries embark on their digital transformation journeys, the opportunity lies not in replicating a single model but in adapting proven principles to local priorities, regulatory frameworks, and market realities. This session will explore how governments, regulators, payment operators, and the private sector can collaborate to build trusted, interoperable, and inclusive digital ecosystems. Drawing on global experiences, the discussion will highlight practical lessons for scaling digital payments, fostering innovation, and creating sustainable, citizen-centric financial infrastructure.",Abeneazer Wondwossen Lakew;Innocent Matshe,"Abeneazer Wondwossen Lakew, Chief Portfolio Officer , Ethswitch;Innocent Matshe, Deputy Governor, Reserve Bank of Zimbabwe",,,active,,https://www.globalfintechfest.com/agenda,2026-08-12T13:58:49Z,8b0dff95-97d6-429d-887e-8de69c7b7258,2026,6a7c768116afc6a8747c99d9
A0718,AI-Powered Commerce: From Payments to Intelligent Financial Experiences,2026-09-09,14:40,15:20,Lotus 2,Panel Discussion,"AI in Commerce, Intelligent Payments, Customer Experience",AI in Commerce;Intelligent Payments;Customer Experience,public,false,"AI is transforming commerce from a series of payment transactions into intelligent, personalised financial experiences. From contextual payments and embedded financial services to predictive offers, autonomous checkout and real-time decisioning, AI is redefining how consumers and businesses interact with money. This session will explore how AI is enabling the next generation of commerce by delivering seamless, secure and personalised experiences while strengthening trust, fraud prevention and customer engagement across the digital economy.",Joe Emmanuel;Karthik Rajaram;Ramakrishnan Gopalan,"Joe Emmanuel, SVP - Product Management, Proximus Global;Karthik Rajaram, General Manager and Country Head for India, ElevenLabs;Ramakrishnan Gopalan, Head of Products & Solutions, India and South Asia, Visa",,,active,,https://www.globalfintechfest.com/agenda,2026-08-12T13:58:49Z,2dc9e5b5-7754-46c0-aa87-75a14cb805b1,2026,6a7c768116afc6a8747c99da
A0491,Real-Time Decisioning: How AI Agents Deliver Contextual Banking,2026-09-09,14:45,15:25,Lotus 3,Panel Discussion,"AI Agents, Contextual Banking, Real-Time Intelligence",AI Agents;Contextual Banking;Real-Time Intelligence,public,false,"As banking becomes increasingly digital and customer expectations shift toward instant, personalized experiences, financial institutions are leveraging AI agents to deliver real-time, context-aware decisioning across customer journeys. This session explores how AI-powered assistants, predictive intelligence, and behavioral analytics are enabling banks to move from reactive servicing to proactive and intelligent engagement.",Ajay Kanwal;Sukhvinder Kaur,"Ajay Kanwal, Managing Director & CEO, Jana SFB;Sukhvinder Kaur, Deputy Managing Director, State Bank of India",Aditya Bhamidipaty,"Aditya Bhamidipaty, Founder & CEO, FirstHive",active,,https://www.globalfintechfest.com/agenda,2026-08-12T13:58:49Z,34046bac-112d-40a0-a2f9-e437e39214cf,2026,6a7c768116afc6a8747c99df
A0622,Tokenising Trust: Programmable Credit and Agentic Infrastructure for Last-Mile Lending,2026-09-09,14:45,15:25,Hall 103,Panel Discussion,,,public,false,"As lending ecosystems become increasingly digital, the convergence of tokenisation and agentic AI is creating new possibilities for trusted, programmable credit. By enabling real-time verification, automated compliance, and intelligent decision-making across interconnected financial networks, these technologies can reduce friction in last-mile lending while expanding access for underserved individuals and MSMEs. This session will examine how programmable financial infrastructure can improve transparency, lower costs, strengthen trust, and build more inclusive credit ecosystems for the future.",,,,,active,,https://www.globalfintechfest.com/agenda,2026-08-12T13:58:49Z,87bdb2f2-d6f2-46d6-bbc2-f09ebfd3dc3b,2026,6a7c768116afc6a8747c99dc
A0826,Closing the Last Mile: Extending Supply Chain Finance to Tier 2 and Tier 3 Suppliers,2026-09-09,14:45,15:25,Hall 202,Panel Discussion,"Supply Chain Finance, MSME Credit, Embedded Lending",Supply Chain Finance;MSME Credit;Embedded Lending,public,false,"SCF penetration remains heavily concentrated among large anchor-linked vendors, while smaller suppliers continue to face working capital constraints. Focus on ecosystem-led models, operational challenges and data-driven approaches to financing deeper tiers of supply chains.",Pallavi Shrivastava;Pushkar Mukewar,"Pallavi Shrivastava, Co-founder, Progcap;Pushkar Mukewar, Founder & Chief Executive Officer, Drip Capital",,,active,,https://www.globalfintechfest.com/agenda,2026-08-12T13:58:49Z,b40fb7c1-890f-4b40-8de6-3d9b00b5801d,2026,6a7c768116afc6a8747c99dd
A1091,Algorithmic Accountability: Preparing Financial Institutions for AI-Driven Decision Systems OR Stanford's Blueprint for trustworthy AI-driven Markets OR,2026-09-09,14:45,15:25,Cube,Masterclass,"Algorithmic Accountability, Trust & Technology",Algorithmic Accountability;Trust & Technology,public,false,"A Stanford framework for auditing, explaining, and governing AI-driven decisions in banking and financial services, helping boards take real accountability as algorithms take on greater authority.",Aashish Goel,"Aashish Goel, Professor, Management Science and Engineering, of Computer Science, Stanford University",,,active,,https://www.globalfintechfest.com/agenda,2026-08-12T13:58:49Z,71272bec-b48c-47ec-b58d-1a4d2d84db4b,2026,6a7c768116afc6a8747c99db
A1103,Banking Beyond Boundaries: Building the Future of Inclusive Finance,2026-09-09,14:45,15:15,Jasmine 3,Keynote & Fireside Chat,,,public,false,,,,,,active,,https://www.globalfintechfest.com/agenda,2026-08-12T13:58:49Z,4908d970-338c-4548-9c6c-93658075f851,2026,6a7c768116afc6a8747c99de
A0431,"AI, Sustainable Finance & Fin-Infra – Scaling India’s Fintech Ecosystem",2026-09-09,15:10,15:50,The Studio,Panel Discussion,"AI Finance, Sustainable Finance, Fintech Infrastructure",AI Finance;Sustainable Finance;Fintech Infrastructure,public,false,"India stands at the intersection of three transformative forces: artificial intelligence, sustainable finance, and next-generation infrastructure. As the country accelerates toward becoming a multi-trillion-dollar digital economy, fintech innovation is increasingly shaping how capital is mobilized, risks are assessed, and inclusive growth is achieved. This panel will explore how AI-powered financial technologies are enabling smarter investment decisions, strengthening climate finance frameworks. From digital public infrastructure and green financing models to embedded finance, predictive analytics, and regulatory innovation, the discussion will examine the opportunities and challenges of building a resilient and globally competitive fintech ecosystem.",,,,,active,,https://www.globalfintechfest.com/agenda,2026-08-12T13:58:49Z,f900ca3a-2308-47ae-8899-40c980f5827f,2026,6a7c768116afc6a8747c99e2
A0750,Outward Remittances: Serving India's Global Citizens with Smarter Cross-Border Money Movement,2026-09-09,15:10,15:50,Hall 205 A&B,Panel Discussion,"Outward Remittances, LRS, PA-CB Framework",Outward Remittances;LRS;PA-CB Framework,public,false,"India's outward remittance market under LRS is growing rapidly, driven by education, overseas investments, global travel spending, and the growing cross-border payment needs of businesses and digital enterprises. The PA Directions 2025 have now created a dedicated PA-CB (Cross-Border) sub-category covering both inward and outward flows. This session explores how payment aggregators, global payment platforms, payment networks, and licensed entities are building seamless, compliant, and cost-effective cross-border payment infrastructure to support business payments, global commerce, and outward remittance flows, and what the PA-CB framework means for the next phase of cross-border growth.",Atul Mehta;Gaurav Shisodia;Mahesh Iyer;Taneia Bhardwaj,"Atul Mehta, CEO, Pay10;Gaurav Shisodia, Vice President & Country Manager (India), Payoneer;Mahesh Iyer, MD & CEO, Thomas Cook;Taneia Bhardwaj, South Asia Expansion Lead, Wise Payments",Sitashwa Srivastava,"Sitashwa Srivastava, Founder & CEO, Borderless",active,,https://www.globalfintechfest.com/agenda,2026-08-12T13:58:49Z,ab16ba8e-9747-4b2d-8a9e-61f8ffc2a45f,2026,6a7c768116afc6a8747c99e1
A0796,Access for the Global Capital: India on the World Map - Harmonising Regulations for Global Investors,2026-09-09,15:15,15:55,Lotus 1,Panel Discussion,"Mutual Funds, Investor Inclusion, Digital Distribution",Mutual Funds;Investor Inclusion;Digital Distribution,public,false,Aligning Indian market practices with global standards to improve ease of entry and participation.,Arun Kohli;Arindam Banerrji;Rajesh H. Gandhi;Pranav Chawda;Alexander Bruce,"Arun Kohli, Managing Director and Country Head of India, Morgan Stanley;Arindam Banerrji, Executive Vice President & Country Head India, State Street;Rajesh H. Gandhi, Partner, Deloitte;Pranav Chawda, CEO & Managing Director, JP Morgan Chase Bank India N.A.;Alexander Bruce, Head of International Strategic Priorities Advocacy, Vanguard",Ruchi Chojer,"Ruchi Chojer, Executive Director (AFD), Securities and Exchange Board of India",active,,https://www.globalfintechfest.com/agenda,2026-08-12T13:58:49Z,33b60aee-b7aa-4aaa-bc6e-f85cb41b8f93,2026,6a7c768116afc6a8747c9a7a
A0882,AI for Fraud Detection and Financial Crime Intelligence,2026-09-09,15:20,16:00,Hall 206 A&B,Panel Discussion,"AI for Fraud Detection, Financial Crime Intelligence, Graph Analytics",AI for Fraud Detection;Financial Crime Intelligence;Graph Analytics,invite-only,true,"AI is becoming central to detecting fraud and financial crime as threat patterns grow faster, more coordinated and more difficult to identify through rule-based monitoring alone. This technical session will explore how graph AI, anomaly detection, behavioural analytics and real-time intelligence models can uncover hidden networks, detect suspicious activity and improve investigation outcomes. The discussion will examine data quality, model explainability, false-positive reduction, privacy-safe collaboration and governance frameworks required to build trusted financial crime intelligence systems.",,,Sandesh G S,"Sandesh G S, CTPO, Bureau",active,,https://www.globalfintechfest.com/agenda,2026-08-12T13:58:49Z,30d9fb08-aabc-4ed3-88f7-6512dc19c13c,2026,6a7c768116afc6a8747c99e3
A0676,The Economics of the Next Payment Era,2026-09-09,15:25,16:05,Hall 204 A&B,Panel Discussion,,,public,false,"Who pays and who earns in instant, interoperable, tokenised ecosystems Business models beyond interchange and float Where value shifts as infrastructure becomes faster and cheaper",Akhil Devmurari;Louis Liu;Ling Wu,"Akhil Devmurari, FinTech Sector Head, Asia Pacific, J.P. Morgan Payments, J.P. Morgan;Louis Liu, Founder & CEO, FOMO Pay;Ling Wu, Founder & Chief Executive Officer, TBCASoft, Inc.",,,active,,https://www.globalfintechfest.com/agenda,2026-08-12T13:58:49Z,35221096-80c6-4ca8-86d4-953e9ec66dfa,2026,6a7c768116afc6a8747c99e4
A0013,"Emerging Tech in Finance - Promise, Prudence and Policy",2026-09-09,15:30,16:00,Jasmine 3,Keynote Address,"AI in Finance, Responsible Innovation, Financial Regulation",AI in Finance;Responsible Innovation;Financial Regulation,public,false,,,,,,active,,https://www.globalfintechfest.com/agenda,2026-08-12T13:58:49Z,dbdbe66c-d900-46f2-abb1-d89936f63b85,2026,6a7c768116afc6a8747c99e7
A0620,Agentic Bharat: Building India's Shared Banking Infrastructure,2026-09-09,15:30,16:10,Hall 103,Panel Discussion,"Programmable Credit, Agentic Lending, Trusted Infrastructure",Programmable Credit;Agentic Lending;Trusted Infrastructure,public,false,"130 million rural cooperative bank members remain digitally excluded. The cooperative network—over 1,500 DCCBs and StCBs—reaches geographies private fintechs will not serve commercially. Shared infrastructure, not bank-by-bank procurement, is the only viable route. Sahakar Sarathi Private Limited (SSPL), as India's designated Shared Services Entity (SSE) for 386 Rural Cooperative Banks (RCBs), is the institutional proof point. Agentic AI on this shared foundation transforms passive access into proactive service—seasonal credit in a member's native language, AI-assisted onboarding, and automated compliance—without a branch visit.",,,,,active,,https://www.globalfintechfest.com/agenda,2026-08-12T13:58:49Z,c9aea4e6-ddc2-40cd-82d7-02f2d64c7ff2,2026,6a7c768116afc6a8747c99e5
A0956,Reimagining Authentication - Aadhaar as techno-legal framework and Amended SWIK Rules,2026-09-09,15:30,16:10,Hall 202,Panel Discussion,"Aadhaar Authentication, Digital Identity, Face Authentication",Aadhaar Authentication;Digital Identity;Face Authentication,public,false,"Authentication is entering a new phase as Aadhaar evolves from an identity layer into a broader techno-legal framework for trusted digital interactions. This session will examine the amended SWIK Rules and their implications for secure, privacy-conscious and consent-led authentication across financial services and digital ecosystems. The discussion will also explore how innovations such as face authentication, sandbox-based testing and SDK-led integration can enable safer onboarding, reduce friction, strengthen compliance and expand access at scale.",,,,,active,,https://www.globalfintechfest.com/agenda,2026-08-12T13:58:49Z,2b9a251a-5464-4711-880a-5446c2483a19,2026,6a7c768116afc6a8747c99e6
A1005,"AI-Led Commerce: Building Intelligent, Trusted and Inclusive Trade Systems",2026-09-09,15:30,16:10,Lotus 3,Panel Discussion,,,public,false,"This panel explores the rise of algorithmic commerce, where AI is transforming trade, finance, and cross-border systems through automation and predictive intelligence. It focuses on building ecosystems that are intelligent, trusted, and inclusive, while addressing challenges around governance, transparency, and access. The discussion highlights how to enable responsible AI adoption without creating an “algorithmic divide,” especially for MSMEs.",Satish Srivastava,"Satish Srivastava, Chief Executive Officer, GSTN",,,active,,https://www.globalfintechfest.com/agenda,2026-08-12T13:58:49Z,6f47a7ee-dc94-48ff-a1b7-4d727755a6ff,2026,6a7c768116afc6a8747c99e9
A1157,Beyond Scale: What Should India's Fintech Ecosystem Focus on Next,2026-09-09,15:30,16:10,Lotus 2,Panel Discussion,"Fintech Growth, Trusted Innovation, Global Competitiveness",Fintech Growth;Trusted Innovation;Global Competitiveness,public,false,"India's fintech ecosystem has achieved unprecedented scale in digital payments, financial inclusion, and digital public infrastructure. The next phase of growth, however, will be defined by sustainable business models, trusted innovation, global expansion, and deeper customer impact. This session will explore the strategic priorities for the decade ahead—from AI-driven financial services and resilient infrastructure to profitability, regulatory collaboration, cybersecurity, and building globally competitive fintech champions.",Vibhav Hathi,"Vibhav Hathi, Co-founder & CBO, OneCard, and Chairman, FCC",,,active,,https://www.globalfintechfest.com/agenda,2026-08-12T13:58:49Z,e6ca900d-6a16-465e-a67d-949117ebdb1f,2026,6a7c768116afc6a8747c99e8
A1202,Advancing India’s Leadership in Trusted Cross-Border Payments,2026-09-09,15:45,16:45,Hall 104 A&B,Closed Room Session,"Cross-Border Payments, Digital Public Infrastructure, Economic Diplomacy",Cross-Border Payments;Digital Public Infrastructure;Economic Diplomacy,invite-only,true,"As cross-border payments reshape global trade, remittances, and digital commerce, India is uniquely positioned to lead the development of trusted, interoperable, and inclusive payment networks. This roundtable will bring together global policymakers, regulators, payment leaders, and technology experts to explore how digital public infrastructure can strengthen economic diplomacy, financial integrity, and international cooperation. The session will also feature the launch of The Dialogue's study on Trusted Cross-Border Payment Ecosystems, outlining a roadmap for secure, resilient, and globally connected payment architectures.",,,,,active,,https://www.globalfintechfest.com/agenda,2026-08-12T13:58:49Z,802e8daf-4c6a-4e4e-8034-a0fc9b58c021,2026,6a7c768116afc6a8747c99ea
A0433,Investment Pitches by Fintech Yatra,2026-09-09,16:00,17:30,The Studio,Startup Pitches,,,invite-only,true,"Early-stage founders will be showcasing their idea and vision to the investor community. The top 10 startups pitch on India’s largest fintech stage before a jury of five senior venture investors and 30+ VCs, CVCs, and Family Offices.",,,,,active,,https://www.globalfintechfest.com/agenda,2026-08-12T13:58:49Z,3d4a0feb-a669-468f-be9b-593a6a020288,2026,6a7c768116afc6a8747c99ee
A0742,From UPI to Global Commerce: Building Trusted Digital Payment Acceptance Across Borders,2026-09-09,16:00,16:40,Hall 205 A&B,Panel Discussion,"Cross-Border Payments, Ecommerce, Merchant Acceptance",Cross-Border Payments;Ecommerce;Merchant Acceptance,public,false,"India's digital payments success is increasingly becoming a catalyst for global commerce. As Indian businesses expand into international markets, the focus is shifting from domestic payment innovation to building trusted digital payment acceptance across borders. This session explores how merchants, payment infrastructure providers, and global financial networks are enabling seamless international transactions through interoperable payment rails, merchant acceptance, real-time settlement, and strategic partnerships. Join industry leaders as they discuss how collaboration across the payments ecosystem is helping Indian businesses participate confidently in the global digital economy while shaping the future of trusted cross-border commerce.",Akshat Mathur;Amir Nagammy;Sanjay Tripathy;Sujeet Tyagi,"Akshat Mathur, Head of Account Management, India, Unlimit;Amir Nagammy, Founder & Group CEO, Wizz Financial;Sanjay Tripathy, Co-Founder & CEO, BRISKPE;Sujeet Tyagi, Chief Operating Officer, Montran India",,,active,,https://www.globalfintechfest.com/agenda,2026-08-12T13:58:49Z,42ffadac-eab5-4ff8-9d11-a45442a5b215,2026,6a7c768116afc6a8747c99ed
A0779,Behavioural Risk in Retail Investing: The New Frontier of Investor Protection,2026-09-09,16:00,16:40,Lotus 1,Panel Discussion,"Retail Investing, Behavioural Finance, Investor Protection",Retail Investing;Behavioural Finance;Investor Protection,public,false,"Examines gamification, social trading, and herd behaviour — and regulatory responses to protect investors in a digital-first ecosystem.",Motilal Gopilal Oswal;Harsh Vardhan Roongta;Neil Borate,"Motilal Gopilal Oswal, CEO & Co-Founder , Motilal Oswal Financial Services Limited;Harsh Vardhan Roongta, Founder, Fee Only Investment Advisers LLP;Neil Borate, Editor-in-Chief, Thefynprint",,,active,,https://www.globalfintechfest.com/agenda,2026-08-12T13:58:49Z,272f2d73-97be-4646-bc2f-3294454e65c4,2026,6a7c768116afc6a8747c99be
A1057,Seeing the Unseen: Agentic Security & Observability,2026-09-09,16:00,18:00,Hall 102,Roundtable,,,invite-only,true,,,,,,active,,https://www.globalfintechfest.com/agenda,2026-08-12T13:58:49Z,5f3a7186-b01b-4bba-81b5-03c0cb145dd3,2026,6a7c768116afc6a8747c99ec
A0851,AI and the Future of Business Correspondents: Driving Efficiency and Customer Experience,2026-09-09,16:05,16:45,Hall 206 A&B,Panel Discussion,"Business Correspondents, AI for Inclusion",Business Correspondents;AI for Inclusion,public,false,"As the Business Correspondent (BC) model scales, improving unit economics while delivering better customer service has become increasingly important. AI offers practical opportunities to support BC operations through assisted customer onboarding, multilingual voice-based interactions, document verification, fraud monitoring, intelligent customer support, and agent productivity tools. This session will examine realistic AI use cases that can lower operating costs, improve service quality, and strengthen the effectiveness of the BC network, while addressing implementation challenges such as data privacy, infrastructure, and digital literacy.",,,,,active,,https://www.globalfintechfest.com/agenda,2026-08-12T13:58:49Z,780d611e-785f-43c6-b6b5-3fb725596b24,2026,6a7c768116afc6a8747c99ef
A0467,"Beyond Automation: RPA, AI & Cultural Readiness for Operational Excellence in Retail Banking",2026-09-09,16:15,16:55,Lotus 3,Panel Discussion,"Intelligent Automation, Operational Excellence, AI Transformation",Intelligent Automation;Operational Excellence;AI Transformation,public,false,"As retail banking operations become increasingly digital and high-volume, operational excellence now depends on more than just automation. This session explores how banks are combining RPA, AI, and intelligent workflows with organisational change and cultural readiness to build agile, scalable, and future-ready operations. Industry leaders will discuss how financial institutions are transforming onboarding, servicing, compliance, and back-office functions through intelligent automation while enabling workforce adaptability, cross-functional collaboration, and innovation-led operating models. The conversation will also highlight how banks can successfully drive AI adoption at scale by balancing technology transformation with people, processes, and change management.",Ganesh Ananthanarayanan;Sujay Kumar Yadav;Anoushka Dua,"Ganesh Ananthanarayanan, Executive Director-Business Operations, Airtel Payments Bank;Sujay Kumar Yadav, Managing Director & CEO, SBI Payment Services;Anoushka Dua, Head – Asia South and JANA Payments, Citi, Citibank",,,active,,https://www.globalfintechfest.com/agenda,2026-08-12T13:58:49Z,57a2b7a0-904b-4db2-bca0-b1a1a947a9f4,2026,6a7c768116afc6a8747c99f2
A0523,Powering the Future of Banking Innovation,2026-09-09,16:15,19:30,Hall 204 A&B,Hackathon,"Banking Innovation, AI Hackathon, Public Sector Banking",Banking Innovation;AI Hackathon;Public Sector Banking,public,false,"As part of the Global Fintech Fest 2026 (GFF 2026), the Department of Financial Services (DFS), in collaboration with the Indian Banks' Association (IBA) and 12 Public Sector Banks (PSBs), proudly presents the second edition of the PSB Hackathon Series–2026 — an initiative to redefine the future of banking through collaborative innovation. This landmark hackathon brings together public sector banking leadership, cutting-edge technology, and emerging talent from across India. Addressing mission-critical challenges, the hackathon focuses on GenAI, Cybersecurity and Fraud Prevention. Throughout this pan-India series, shortlisted teams from leading academic and innovation hubs have collaborated with experts from banks and academia to develop next-generation solutions tailored for real-world implementation.",,,,,active,,https://www.globalfintechfest.com/agenda,2026-08-12T13:58:49Z,7407f398-f674-4bc4-9479-49af5dbb1b6b,2026,6a7c768116afc6a8747c99f1
A1087,GTM Masterclass - Hyper‑Scaling Corporate Onboarding in Bharat Connect for Business,2026-09-09,16:15,16:55,Cube,Masterclass,"Corporate Onboarding, Bharat Connect, Digital Adoption",Corporate Onboarding;Bharat Connect;Digital Adoption,public,false,"As businesses increasingly adopt digital payment ecosystems, seamless and scalable corporate onboarding has become a critical success factor. This masterclass will explore go-to-market strategies and technology frameworks for accelerating enterprise onboarding onto Bharat Connect for Business. Participants will learn how automation, digital workflows, API integrations, and intelligent onboarding journeys can reduce onboarding time, improve compliance, and enable rapid adoption across enterprises of all sizes, unlocking the full potential of India's digital payments infrastructure.",,,,,active,,https://www.globalfintechfest.com/agenda,2026-08-12T13:58:49Z,6d10abc9-39f9-4a64-a1c9-3fbcda960771,2026,6a7c768116afc6a8747c99f0
A0702,"Intelligent Credit: Building Trust, Access & Scale in the Platform Economy",2026-09-09,16:20,17:00,Lotus 2,Panel Discussion,,,public,false,"AI-driven and embedded lending models are reshaping how consumers and businesses access credit across digital ecosystems. This session explores how alternative data, platform intelligence, and connected financial infrastructure are enabling scalable, contextual, and more inclusive credit experiences while balancing trust, transparency, and risk discipline.",Anil Goteti;Prakash Sikaria;Pratip Banerji;Chandan Khaitan,"Anil Goteti, Founder, Scapia;Prakash Sikaria, Founder & CEO, super.money;Pratip Banerji, General Manager - India & South Asia, Fiserv;Chandan Khaitan, Chief Executive Officer, Muthoot FinCorp ONE",,,active,,https://www.globalfintechfest.com/agenda,2026-08-12T13:58:49Z,3b7b30b1-0856-45e7-8b44-01819c669997,2026,6a7c768116afc6a8747c99f3
A0978,Depositories as Digital public infrastructure- The next phase of Market Infrastructure,2026-09-09,16:45,17:25,Lotus 1,Panel Discussion,"Digital Public Infrastructure, Securities, Market Infrastructure, Depositories","Digital Public Infrastructure;Securities, Market Infrastructure;Depositories",public,false,"Beyond record-keeping, reimagining depositories as real time trust, data and innovation engines for the Indian capital market",Vijay Chandok;Ajay Rajan,"Vijay Chandok, Managing Director & CEO, NSDL;Ajay Rajan, Managing Director & CEO, Protean eGov Technologies",,,active,,https://www.globalfintechfest.com/agenda,2026-08-12T13:58:49Z,d34bd4ca-7bde-4f62-be84-e3a11d3e5b89,2026,6a7c768116afc6a8747c9a16
A0906,AI Observability and Monitoring at Scale,2026-09-09,16:50,17:30,Hall 206 A&B,Panel Discussion,"AI Observability, Model Monitoring, AI Governance",AI Observability;Model Monitoring;AI Governance,public,false,"As AI systems move into production across financial services, continuous observability and monitoring are essential to ensure reliability, compliance and trust. This technical session will explore how institutions can track model performance, detect drift, measure explainability, maintain audit trails and identify emerging risks at scale. The discussion will examine monitoring architectures, governance dashboards, validation workflows, incident response and human oversight needed to keep AI systems safe, accountable and production-ready.",Bharat Joshi;Antony Vendhan,"Bharat Joshi, Co-founder & Chief Product Officer, VuNet Systems;Antony Vendhan, Co-founder, identy.io",,,active,,https://www.globalfintechfest.com/agenda,2026-08-12T13:58:49Z,ee85a84a-70b1-437b-b2c2-c8f6328fd48a,2026,6a7c768116afc6a8747c99f6
A1080,Building India's Next-Generation Credit Infrastructure,2026-09-09,16:50,17:30,Hall 205 A&B,Panel Discussion,"Credit Infrastructure, Open Credit, Inclusive Lending",Credit Infrastructure;Open Credit;Inclusive Lending,public,false,"India's digital public infrastructure is creating the foundation for a new era of inclusive, interoperable, and intelligent credit. By leveraging open networks, digital identity, consent-based data sharing, and AI-driven underwriting, the next generation of credit infrastructure can expand access for individuals, MSMEs, and underserved segments while improving efficiency and trust. This session will explore how banks, NBFCs, fintechs, policymakers, and open digital ecosystems can collaborate to build a scalable, innovation-led credit architecture that accelerates financial inclusion and supports India's next phase of economic growth.",Akshay Mehrotra;Yogi Rajkumar Sadana,"Akshay Mehrotra, MD & Group CEO, Fibe;Yogi Rajkumar Sadana, Founder & Chief Executive Officer, Zype",Antriksh Parmar,"Antriksh Parmar, Vice President, Open Network For Digital Commerce (ONDC)",active,,https://www.globalfintechfest.com/agenda,2026-08-12T13:58:49Z,a69a0381-2ee9-48f2-b622-481cc71ea8a7,2026,6a7c768116afc6a8747c99f5
A0952,"Composable Wealth: Building an AI-Ready Platform That Coexists, Integrates and Scales",2026-09-09,18:30,21:00,Hall 102,Roundtable,,,invite-only,true,$2c,Hari Menon;Saibal Ghosh,"Hari Menon, Partner & EVP | Global Delivery & Business Head - AI, Wealth, & Capital Markets, Intellect Design Arena;Saibal Ghosh, Head Investments & Wealth Solutions, The Hongkong & Shanghai Banking Corporation",,,active,,https://www.globalfintechfest.com/agenda,2026-08-12T13:58:49Z,afe1717b-0868-4a94-9d69-a910d55654db,2026,6a7c768116afc6a8747c99f7
A0948,"Rewiring Financial Flows: AI, Real-Time Rails & the Future of Global Services",2026-09-09,19:00,21:00,Lotus 1,Networking Dinner,,,invite-only,true,"Money no longer moves – it flows, instantly, intelligently, invisibly. As AI and real-time rails converge, the infrastructure of global finance is being rebuilt beneath the surface of everyday commerce, changing not just how value moves, but how it is understood, priced, and protected. This invitation only session brings together Citi’s senior leadership with some of the most influential voices in fintech and payments, for a conversation on what this convergence means for the next decade of global financial services and for India’s place at the center of it.",,,,,active,,https://www.globalfintechfest.com/agenda,2026-08-12T13:58:49Z,d36fb47e-0c7f-4bb6-bcb8-ec40b74a6f7c,2026,6a7c768116afc6a8747c99fa
A0951,Reimagining Financial Services in the Age of AI,2026-09-09,19:00,21:00,Hall 206 A&B,Closed Door Networking,,,invite-only,true,"Persistent Systems invites you to The Persistent Leadership Circle an invitation only gathering of senior leaders from banking, financial services, insurance, payments, and fintech. As AI reshapes the future of financial services, this exclusive dinner brings together CIOs, CTOs, digital leaders, technology decision-makers, and fintech innovators for an evening of meaningful conversations, strategic insights, and high-value networking. Join industry peers to exchange perspectives on how organisations are leveraging AI to drive innovation, enhance customer experiences, modernise operations, and create sustainable competitive advantage.",,,,,active,,https://www.globalfintechfest.com/agenda,2026-08-12T13:58:49Z,447a51bc-b499-432c-bc95-3a079d8de614,2026,6a7c768116afc6a8747c99f8
A1050,CEOs' Dinner,2026-09-09,19:00,22:00,Jasmine 3,Networking Dinner,,,invite-only,true,"The exclusive CEOs’ Dinner at the Global Fintech Fest (GFF) 2026, hosted by Diners Club International and RuPay, will bring together the movers and shakers of the global fintech ecosystem. The prestigious gala offers a vibrant opportunity for the invitees to connect with peers, celebrate innovation, and unwind in high spirits. As a marquee ancillary event under the GFF 2026 umbrella, the dinner will be a platform for leaders to engage meaningfully but beyond the formalities of the boardrooms.",,,,,active,,https://www.globalfintechfest.com/agenda,2026-08-12T13:58:49Z,3022d73e-2652-4eb9-8227-1427aef73960,2026,6a7c768116afc6a8747c99f9
A1049,Global Fintech Women's Breakfast,2026-09-10,08:00,10:30,Hall 206 A&B,Networking,"Women Leadership, Global Collaboration",Women Leadership;Global Collaboration,invite-only,true,"The Global Fintech Women's Breakfast is an exclusive networking forum celebrating the leadership, innovation, and impact of women shaping the future of financial services. Bringing together women leaders from regulators, central banks, financial institutions, fintechs, investors, and technology companies from around the world, the breakfast will foster meaningful dialogue, cross-border collaboration, and mentorship. The session will explore opportunities to accelerate diversity, promote inclusive leadership, and strengthen women's role in building the next generation of trusted, innovative, and inclusive financial ecosystems.",,,,,active,,https://www.globalfintechfest.com/agenda,2026-08-12T13:58:49Z,307d52d5-2c57-4a98-a8ca-46674b266e3c,2026,6a7c768116afc6a8747c99fb
A1085,Preparing Enterprises for the DPDP Era: Experience CoTrust - DPDP Compliance Suite by Digio,2026-09-10,09:30,09:45,Hall 204 A&B,Product Showcase,"DPDP Compliance, Data Governance, Privacy Tech",DPDP Compliance;Data Governance;Privacy Tech,public,false,"The Digital Personal Data Protection (DPDP) Act has redefined how organisations collect, manage, and govern personal data. CoTrust enables enterprises to become DPDP-ready by discovering their data estate, mapping processing activities, managing consent, automating data principal requests, and creating continuous compliance workflows. CoTrust brings together data intelligence, governance, and execution to help organisations manage data responsibly, strengthen compliance, and build trust with stakeholders. Join Sanket Nayak, Co-Founder - Digio, for a live showcase of how enterprises can operationalise DPDP compliance and unlock new opportunities for trust, governance, and growth.",Sanket Nayak,"Sanket Nayak, Co-Founder, Digio",,,active,,https://www.globalfintechfest.com/agenda,2026-08-12T13:58:49Z,44bc3cc8-2e53-4aa7-9344-1f0581203ca0,2026,6a7c768116afc6a8747c99fc
A1086,Equify by Equence,2026-09-10,09:30,09:45,Hall 205 A&B,Product Showcase,,,public,false,"Equify – The Future-Ready Enterprise Messaging Control Center, Delivering Unified Visibility, Complete Control, Optimized Costs, and Vendor-Agnostic Flexibility.",,,,,active,,https://www.globalfintechfest.com/agenda,2026-08-12T13:58:49Z,21ac01b7-9d3e-4561-a6b8-a3754a178049,2026,6a7c768116afc6a8747c99fd
A0732,Agentic Payments: Building the Next Phase of Payment Infrastructure with AI,2026-09-10,10:00,10:40,Lotus 2,Panel Discussion,"Agentic Payments, AI in Payments, Digital Infrastructure",Agentic Payments;AI in Payments;Digital Infrastructure,public,false,"Payment aggregators and gateways are moving beyond passive infrastructure as AI agents begin to initiate, route, and reconcile transactions autonomously, from delegated mandates to AI-driven treasury sweeps. This session examines how agentic AI is becoming an active participant in the payment stack and what product, governance, and partnership models will define the next phase of commerce.",Guhan Muthuswamy,"Guhan Muthuswamy, Co-Founder & Software Architect, Mindgate Solutions",,,active,,https://www.globalfintechfest.com/agenda,2026-08-12T13:58:49Z,90593830-5cb5-41c0-9840-344791208983,2026,6a7c768116afc6a8747c9a03
A0803,From Access to Impact: Rethinking Financial Inclusion at Scale,2026-09-10,10:00,10:40,Lotus 3,Panel Discussion,"Financial Inclusion, Inclusive Innovation, Digital Empowerment",Financial Inclusion;Inclusive Innovation;Digital Empowerment,public,false,"This panel brings together women leaders to explore how financial inclusion can evolve from basic access to measurable impact. It highlights the role of digital platforms, data, and innovation in driving deeper engagement among underserved communities. Speakers will share perspectives on scaling inclusive solutions while ensuring trust, accessibility, and user-centric design. The discussion focuses on building sustainable ecosystems that empower individuals and businesses at scale.",Paroma Chatterjee;Surbhe Sharma,"Paroma Chatterjee, CEO, Revolut India;Surbhe Sharma, Chief Executive Officer, JioFinance",Kalpana Ajayan,"Kalpana Ajayan, Regional Head - South Asia, Women's World Banking",active,,https://www.globalfintechfest.com/agenda,2026-08-12T13:58:49Z,cecc2cdc-bc28-4d02-8a07-4096003cbca1,2026,6a7c768116afc6a8747c9a04
A0819,"How AI-native underwriting is reshaping pricing, inclusion, and liability",2026-09-10,10:00,10:40,Lotus 1,Panel Discussion,"ai underwriting, Responsible AI, Responsible Lending, AI in Finance",ai underwriting;Responsible AI;Responsible Lending;AI in Finance,public,false,"AI-native underwriting is transforming fintechs by enabling sharper risk assessment, more dynamic pricing and wider access to coverage for underserved customer segments. This session will explore how lenders are using data, automation and intelligent models to improve product design, recovery confidence and portfolio performance. The discussion will also examine fairness, transparency, liability, explainability and governance frameworks needed to ensure AI-led underwriting remains responsible, trusted and customer-centric.",Presha Paragash;Ranvir Singh;Sandeep Singh;Shaji Varghese,"Presha Paragash, Wholetime Director & CEO, Credit Saison India;Ranvir Singh, Founder, Chairman and Chief Executive Officer, Kissht;Sandeep Singh, Chief Executive Officer, BharatPe Capital;Shaji Varghese, Chief Executive Officer, Muthoot FinCorp",Nikhil Kurhe,"Nikhil Kurhe, CEO, Finarkein Analytics",active,,https://www.globalfintechfest.com/agenda,2026-08-12T13:58:49Z,c7f6cb80-75c2-4786-b078-251602b90e59,2026,6a7c768116afc6a8747c9a02
A0821,Bridging India's Insurance Trust Gap,2026-09-10,10:00,10:40,Hall 205 A&B,Panel Discussion,"Insurance Trust, Customer Experience, Insurance Inclusion",Insurance Trust;Customer Experience;Insurance Inclusion,public,false,"India’s insurance sector has significant growth potential, but low penetration continues to reflect persistent trust gaps, product complexity and uneven customer experiences. This session will explore how insurers and digital platforms can simplify products, improve transparency, strengthen claims confidence and build more intuitive customer journeys. The discussion will examine the role of technology, embedded distribution, data-driven underwriting, customer education and regulatory alignment in making insurance more accessible, trusted and actively chosen by Indian consumers.",,,,,active,,https://www.globalfintechfest.com/agenda,2026-08-12T13:58:49Z,39f0da54-cd8f-4d89-a772-3ae6ef793993,2026,6a7c768116afc6a8747c9a01
A0985,Cyber Resilience in an Always-On Financial System,2026-09-10,10:00,10:40,Hall 204 A&B,Panel Discussion,"Cyber Resilience, Operational Resilience, Always-On Banking",Cyber Resilience;Operational Resilience;Always-On Banking,public,false,"As financial systems move to real-time, 24x7 operations, cyber resilience has become a strategic imperative rather than a technology function. Continuous payment ecosystems require robust security, operational resilience, coordinated incident response, and strong collaboration across financial institutions, payment operators, technology providers, and regulators. This session will explore how the industry can strengthen resilience against cyberattacks, system outages, and emerging threats through shared responsibility, resilient infrastructure, crisis preparedness, and adaptive security strategies—ensuring trust and uninterrupted financial services in an always-on digital economy.",Karina Ley Chinguel Degregori;Roshan Regmi,"Karina Ley Chinguel Degregori, Partner, Vodanovic;Roshan Regmi, Chief Information and Digitial Officer , NMB Bank",,,active,,https://www.globalfintechfest.com/agenda,2026-08-12T13:58:49Z,dc65c23d-43ec-4fbd-bb30-8e44665d829c,2026,6a7c768116afc6a8747c9a00
A1095,"AI-Native Platforms: Reimagining Ecosystems Through AI Agents, MCP & A2A Architectures",2026-09-10,10:00,10:40,Cube,Masterclass,"LLM Platforms, AI Agents, Agentic Architecture",LLM Platforms;AI Agents;Agentic Architecture,public,false,"Large Language Models are driving a fundamental shift from application-centric software to intelligent, agent-driven ecosystems. This masterclass will explore how LLM-native platforms, AI agents, Model Context Protocol (MCP), and Agent-to-Agent (A2A) architectures are transforming the design of digital platforms. Participants will gain insights into building secure, interoperable, and autonomous systems that enable intelligent collaboration between applications, accelerate innovation, and redefine the future of payments and digital financial infrastructure.",,,,,active,,https://www.globalfintechfest.com/agenda,2026-08-12T13:58:49Z,83b1000e-2a33-4491-af60-cade381ee988,2026,6a7c768116afc6a8747c99fe
A1316,The Future of AML/CFT: Strengthening Global Standards Through Public-Private Collaboration,2026-09-10,10:00,11:00,Hall 103,Closed Room Session,,,invite-only,true,"The AML/CFT landscape is evolving rapidly with the emergence of new technologies, changing criminal typologies and increasingly interconnected financial systems. This invitation-only roundtable will bring together FATF leadership and senior industry representatives to discuss emerging risks, implementation challenges, global best practices and opportunities to strengthen public-private collaboration in shaping more effective and risk-based AML/CFT frameworks.",,,,,active,,https://www.globalfintechfest.com/agenda,2026-08-12T13:58:49Z,1c53fc89-25f0-48d1-ac55-b7e31d239ef4,2026,6a7c768116afc6a8747c99ff
A0049,Beyond Borders: India's Fintech Leadership and Global Integration,2026-09-10,10:30,11:15,The Grand Theatre,Keynote Address,"Global Integration, Cross-Border Innovation, International Leadership",Global Integration;Cross-Border Innovation;International Leadership,public,false,"Reflect on how India's digital public infrastructure and fintech innovations position the nation as a model for emerging economies worldwide. Discuss expanding digital payment corridors, cross-border tokenisation frameworks, and technology partnerships that strengthen global financial connectivity. A vision for India's fintech leadership that balances domestic priorities with international influence in building inclusive, trusted financial systems.",,,,,active,,https://www.globalfintechfest.com/agenda,2026-08-12T13:58:49Z,e4072e4c-f30a-4cf8-8118-03c0dcb1d52d,2026,6a7c768116afc6a8747c9a06
A0942,Autonomous Banking : From Ambition to Accountability,2026-09-10,10:30,12:30,Hall 102,Roundtable,,,invite-only,true,"This exclusive closed-door roundtable will bring together banking leaders to exchange candid perspectives on the realities of AI-led transformation. Together, they will explore how institutions can measure success beyond pilots, govern AI responsibly, align innovation with financial discipline, and build autonomous banking capabilities that deliver measurable outcomes, enduring trust, and sustainable competitive advantage.",,,,,active,,https://www.globalfintechfest.com/agenda,2026-08-12T13:58:49Z,127ee424-68d4-4000-a84e-0c72649e15a7,2026,6a7c768116afc6a8747c9a05
A0241,Trust at Scale: Agentic AI and Future of Banking in a Billion - User Nation,2026-09-10,10:35,11:10,Jasmine 3,Keynote Address,"Tokenisation, Programmable Finance",Tokenisation;Programmable Finance,public,false,,,,,,active,,https://www.globalfintechfest.com/agenda,2026-08-12T13:58:49Z,47a5a4f0-9ca4-48f7-a7c0-a971ab1bb48a,2026,6a7c768116afc6a8747c9a07
A0910,Navigating the Shift in Commerce Payments through Autonomous Net Banking,2026-09-10,10:45,11:25,Lotus 3,Panel Discussion,"Net Banking, Commerce",Net Banking;Commerce,public,false,"The rapid evolution of digital commerce is reshaping how businesses and consumers make and manage payments, with autonomous and intelligent banking systems enabling more seamless transactions. This panel discussion will explore how autonomous net banking could transform commerce payments, covering the role of AI, embedded finance and connected payment infrastructure in enabling smarter and more efficient transactions. The conversation will also discuss opportunities and challenges for banks, fintechs and businesses as commerce moves towards increasingly automated payment experiences.",,,,,active,,https://www.globalfintechfest.com/agenda,2026-08-12T13:58:49Z,6c0ab372-77b7-4f7e-bbd7-a95f7e579655,2026,6a7c768116afc6a8747c9a09
A0980,Retailisation of Bond Markets,2026-09-10,10:45,11:25,Lotus 1,Panel Discussion,"Bond Markets, Retail Investing, Fixed Income",Bond Markets;Retail Investing;Fixed Income,public,false,"Leveraging technology for increasing retail access to bond markets, simplified client onboarding processes and investing without friction with a platform",Aditi Mittal;Nikhil Aggarwal;Harish Reddy;Ajinkya Kulkarni,"Aditi Mittal, Director, A.K. Capital, and Co-founder, IndiaBonds;Nikhil Aggarwal, Founder & CEO, Grip Invest;Harish Reddy, Chief Executive Officer, Stable Broking Pvt Ltd;Ajinkya Kulkarni, Cofounder and CEO, Wint Wealth",,,active,,https://www.globalfintechfest.com/agenda,2026-08-12T13:58:49Z,dc852043-ae3a-427b-a962-f9a4b9809651,2026,6a7c768116afc6a8747c9a37
A1098,AI Native Markets: Driving the Next Era of Financial Advantage,2026-09-10,10:45,11:15,Lotus 2,Trialogue,"AI-Native, Financial Markets, Competitive Advantage",AI-Native;Financial Markets;Competitive Advantage,public,false,"AI-native enterprises are redefining how financial markets operate, compete, and innovate. From intelligent decision-making and autonomous workflows to real-time risk management and hyper-personalized customer experiences, AI is becoming a core strategic capability rather than just a technology tool. This trialogue will explore how financial institutions can transition to AI-native operating models, unlock new competitive advantages, and build trusted, responsible AI systems that shape the next era of global financial services.",,,,,active,,https://www.globalfintechfest.com/agenda,2026-08-12T13:58:49Z,f069da15-2ff9-4d69-8f1e-b03aab612695,2026,6a7c768116afc6a8747c9a08
A0451,Global Investors on India's Fintech Opportunity,2026-09-10,10:50,11:30,Hall 202,Panel Discussion,"Global Investors, India Opportunity, Capital",Global Investors;India Opportunity;Capital,public,false,"Leading international investors discuss why India continues to attract global capital, the sectors generating the strongest interest, evolving risk perceptions and what founders must demonstrate to secure long-term institutional investment.",Rajeev Ranka,"Rajeev Ranka, Partner, IF Asia / SMBC ARF",,,active,,https://www.globalfintechfest.com/agenda,2026-08-12T13:58:49Z,3e03d6b1-6d5e-4b5e-b5a0-63b8bed9976b,2026,6a7c768116afc6a8747c9a0b
A0678,Cross-Border Payments 2.0 to Meet Regulatory Goals,2026-09-10,10:50,11:30,Hall 204 A&B,Panel Discussion,"Cross-Border Payments, Payment Interoperability, Regulatory Innovation",Cross-Border Payments;Payment Interoperability;Regulatory Innovation,public,false,"How to improve last-mile settlement and local currency delivery The role of multilateral networks, corridors, and domestic instant payment systems What “better cross-border” should really mean for end users",Paul van Sint Fiet;Adeeb Ahamed;Santosh Dujari,"Paul van Sint Fiet, Managing Director, Head of Cross-Currency Solutions, APAC, JPMorgan;Adeeb Ahamed, Managing Director, LuLu Financial Holdings;Santosh Dujari, Head of Services - Indian Subcontinent, Citi, Citibank",,,active,,https://www.globalfintechfest.com/agenda,2026-08-12T13:58:49Z,27de393c-e4eb-4f5b-81a1-1b1219f5f795,2026,6a7c768116afc6a8747c9a0c
A0696,"Reimagining Cards & Payments: Driving Growth, Loyalty, and Merchant Acceptance at Scale",2026-09-10,10:50,11:30,Hall 205 A&B,Panel Discussion,,,public,false,"This panel will examine how card issuers and payment players are innovating to accelerate adoption and drive sustained growth in a highly competitive landscape. Experts will discuss strategies to enhance customer loyalty through personalized experiences, rewards, and seamless journeys. The conversation will also focus on expanding merchant acceptance and building a scalable, inclusive payments ecosystem across urban and emerging markets.",Girish Budhiraja;Naveen Chaluvadi;Vinit Bajaj,"Girish Budhiraja, Chief Sales & Marketing Officer, SBI Cards & Payment Services;Naveen Chaluvadi, CDO, YES Bank;Vinit Bajaj, President, Axis Bank",Shailesh Paul,"Shailesh Paul, CEO, WIBMO",active,,https://www.globalfintechfest.com/agenda,2026-08-12T13:58:49Z,132197ef-fd15-4e08-9de6-ea12683af4f8,2026,6a7c768116afc6a8747c9a0d
A0724,"From Rural Credit to Rural Intelligence: AI, DPI and the Next Billion Financial Consumers",2026-09-10,10:50,11:30,Cube,Panel Discussion,"Rural Finance, AI & DPI, Inclusive Credit",Rural Finance;AI & DPI;Inclusive Credit,public,false,"This discussion will examine how AI, Account Aggregators, ULI, satellite data, tokenized assets, and Digital Public Infrastructure can transform rural finance and drive financial inclusion at scale.",,,,,active,,https://www.globalfintechfest.com/agenda,2026-08-12T13:58:49Z,1649fecc-8203-45b2-accb-7a0a1ae416a8,2026,6a7c768116afc6a8747c9a0a
A1041,Building India’s Financial Advice Stack: The Next Layer of the India Stack,2026-09-10,10:50,11:30,The Studio,Panel Discussion,"Financial Advice, WealthTech, India Stack",Financial Advice;WealthTech;India Stack,public,false,"India's Digital Public Infrastructure has transformed identity, payments, and consent-based data sharing, laying the foundation for the next frontier in financial services—the Financial Advice Stack. As millions of first-time investors seek trusted guidance, technology can democratize access to personalized, affordable, and goal-based financial advice at scale. This session will explore how AI, open finance, Account Aggregator, and interoperable digital infrastructure can power the next generation of advisory platforms, enabling better financial decisions, improving investor outcomes, and making high-quality wealth advice accessible to every Indian.",Jeet Ketan Marwadi;Sharath Bulusu,"Jeet Ketan Marwadi, Founder & Managing Director, 1 Finance;Sharath Bulusu, Director Product, Google Pay",,,active,,https://www.globalfintechfest.com/agenda,2026-08-12T13:58:49Z,df5b74d6-b157-4299-9ca2-02dbe76b4f9c,2026,6a7c768116afc6a8747c9a0e
A0328,Digital Identity as Public Infrastructure: Lessons for Global Fintech,2026-09-10,11:15,11:45,Jasmine 3,Fireside Chat,"Digital Public Goods, Interoperability, Identity Infrastructure",Digital Public Goods;Interoperability;Identity Infrastructure,public,false,"Examine Aadhaar's evolution as foundational digital public infrastructure and its role in enabling India's fintech revolution. Discuss interoperability principles, API-driven ecosystems, and how identity infrastructure scales to support emerging use cases from programmable finance to tokenised assets - offering a blueprint for trusted, connected global systems.",,,,,active,,https://www.globalfintechfest.com/agenda,2026-08-12T13:58:49Z,e7846333-ef15-4388-ae4a-e32e4ca5f206,2026,6a7c768116afc6a8747c9a12
A0950,Trusted Conversations in the Age of Agentic AI: Reinventing Customer Engagement for Financial Services,2026-09-10,11:15,13:30,Hall 206 A&B,Roundtable,,,invite-only,true,"As AI agents increasingly interact on behalf of consumers, financial institutions are entering a new era where conversations not applications become the primary interface for banking, payments and commerce. This roundtable will explore how financial institutions can build trusted, secure and compliant conversational experiences across messaging, voice, verification and digital identity. Discussions will examine AI-powered customer engagement, fraud prevention, omnichannel communications, authentication, consent management and the governance required to enable trusted AI-driven financial interactions at scale.",,,,,active,,https://www.globalfintechfest.com/agenda,2026-08-12T13:58:49Z,a575d888-b883-47be-9b24-e0454c7d0c8b,2026,6a7c768116afc6a8747c9a11
A1040,GIFT City - Closed Room Discussion with Investors + Family Offices,2026-09-10,11:15,12:15,Hall 104 A&B,Closed Room Session,,,invite-only,true,,,,,,active,,https://www.globalfintechfest.com/agenda,2026-08-12T13:58:49Z,eddd812c-bea4-4703-bf3c-cf443a75e56a,2026,6a7c768116afc6a8747c9a10
A1272,Ease of Doing Business for Fintech: Removing Regulatory Frictions to Enable Scale,2026-09-10,11:15,12:15,Hall 103,Closed Room Session,,,invite-only,true,,,,,,active,,https://www.globalfintechfest.com/agenda,2026-08-12T13:58:49Z,f1e2359c-2f50-4683-be35-2c1d5e5c21d5,2026,6a7c768116afc6a8747c9a0f
A0441,Global Financial Stability in an Era of Technological Transformation,2026-09-10,11:20,11:50,The Grand Theatre,Fireside Chat,"Financial Stability, Central Banking, Technology & Risk",Financial Stability;Central Banking;Technology & Risk,public,false,"As financial systems become more digital, interconnected and technology-driven, new opportunities for efficiency and inclusion are emerging alongside new risks to stability, resilience and trust. This fireside chat will examine how central banks, regulators and industry leaders can work together to manage the implications of AI, tokenisation, faster payments, cyber risk and next-generation financial infrastructure. The discussion will focus on balancing innovation with safeguards, strengthening cross-border coordination and ensuring confidence in a rapidly transforming global financial system.",,,,,active,,https://www.globalfintechfest.com/agenda,2026-08-12T13:58:49Z,c5e23cd5-1f5d-4b2a-a07a-45abc39df260,2026,6a7c768116afc6a8747c9a14
A0670,Inspiration from UPI in India: Sovereign Payment Systems,2026-09-10,11:20,11:55,Lotus 2,Trialogue,,,public,false,"Lessons from NIPL’s collaborations with the Bank of Namibia, Central Bank of Peru, and Trinidad & Tobago. Balancing national data sovereignty with global payment interoperability.",Nigel Fulchan,"Nigel Fulchan, Chairman, National Payment & Innovation Company of Trinidad & Tobago",,,active,,https://www.globalfintechfest.com/agenda,2026-08-12T13:58:49Z,c7ac0171-f1af-4a80-b782-8528d04ac119,2026,6a7c768116afc6a8747c9a13
A0471,From Bill Pay to Auto Pay: Building Agentic Payment Infrastructure for India,2026-09-10,11:30,12:10,Lotus 3,Panel Discussion,"Agentic Payments, AutoPay, Programmable Payments",Agentic Payments;AutoPay;Programmable Payments,public,false,"Explores the evolution of India’s payments ecosystem from manual bill payments to AI‑driven autonomous payments. Focuses on agentic systems that can predict, initiate, and execute payments seamlessly across recurring and variable use cases.",Madhusudanan R,"Madhusudanan R, Co-Founder, M2P Fintech",,,active,,https://www.globalfintechfest.com/agenda,2026-08-12T13:58:49Z,003aaf6f-95ab-4e83-8c2a-90894ce888f8,2026,6a7c768116afc6a8747c9a17
A0786,AI in Capital Markets: From Alpha Generation to Market Surveillance,2026-09-10,11:30,12:10,Lotus 1,Panel Discussion,"Artificial Intelligence, Capital Markets, Market Surveillance",Artificial Intelligence;Capital Markets;Market Surveillance,public,false,"Explores AI use cases across trading, compliance, surveillance, and investor engagement — and the need for regulatory guardrails.",Sanjay Shorey;Rohit Chatter,"Sanjay Shorey, Executive Director, National Stock Exchange of India;Rohit Chatter, Chief AI Officer, Angel One",,,active,,https://www.globalfintechfest.com/agenda,2026-08-12T13:58:49Z,f315ffec-eecb-45f3-9dfd-b4766c68a4e4,2026,6a7c768116afc6a8747c99eb
A1072,Technology-Driven Outreach of Rural Financial Institutions: From Access to Intelligent Inclusion,2026-09-10,11:30,12:10,Cube,Panel Discussion,,,public,false,"The discussion will focus on how technology can strengthen the outreach and effectiveness of rural financial institutions, moving beyond access towards intelligent, personalized, and inclusive financial services.",,,,,active,,https://www.globalfintechfest.com/agenda,2026-08-12T13:58:49Z,010cb6ca-b06b-4f3c-aa80-475a8c020933,2026,6a7c768116afc6a8747c9a15
A1268,Digital Credit & Inclusion Index (DCII),2026-09-10,11:35,11:45,The Studio,Release of Report,"Digital Credit, Financial Inclusion, Data & Insights",Digital Credit;Financial Inclusion;Data & Insights,public,false,$2d,,,,,active,,https://www.globalfintechfest.com/agenda,2026-08-12T13:58:49Z,9d09d4b1-d532-48ac-a315-d0144185bf1a,2026,6a7c768116afc6a8747c9a18
A0680,Building Trust in Cross-Border Payments,2026-09-10,11:40,12:20,Hall 204 A&B,Panel Discussion,"Cross-Border Payments, Payment Interoperability, Trusted Networks",Cross-Border Payments;Payment Interoperability;Trusted Networks,public,false,"Cross-border payments are entering a new era driven by real-time payment linkages, interoperable digital infrastructure, and stronger international collaboration. As countries connect domestic payment systems, building trust through secure governance, transparent FX processes, robust dispute resolution, and common operating standards becomes essential. This session will explore lessons from live account-to-account payment corridors, the evolution of regional payment networks, and how interoperable cross-border payment ecosystems can reduce costs, accelerate settlements, expand financial inclusion, and enable seamless commerce and tourism worldwide.",Ani Sane;Dee Low;Ekaterine Galdava;Caroline Abel,"Ani Sane, Co-Founder and Chief Business Officer, TerraPay;Dee Low, Chief Commercial & Partnerships Officer, Nexus Global Payments;Ekaterine Galdava, Deputy Governor , National Bank of Georgia;Caroline Abel, Governor, Central Bank of Seychelles",Guhaprasath Rajagopal,"Guhaprasath Rajagopal, Head of Payments, India, J.P. Morgan",active,,https://www.globalfintechfest.com/agenda,2026-08-12T13:58:49Z,e9497245-0b42-42b6-bed9-bab073f3a7c6,2026,6a7c768116afc6a8747c9a1a
A0758,Powering India's Last-Mile Payment Network: Understanding the New BC Framework,2026-09-10,11:40,12:20,Hall 205 A&B,Panel Discussion,"Business Correspondents, Last-Mile Payments, Financial Inclusion",Business Correspondents;Last-Mile Payments;Financial Inclusion,public,false,"RBI's April 2026 draft BC directions introduce a structured two-tier framework , BC-Banking Outlets (BC-BO) and BC-Banking Touchpoints (BC-BT) , replacing the Business Facilitator model and bringing NBFCs into BC networks. Combined with the expansion of Aadhaar Transaction Outlets (ATOs) beyond cash and AePS, this session examines how the new framework is enabling a scalable, tech-enabled, and financially inclusive last-mile payment infrastructure.",,,,,active,,https://www.globalfintechfest.com/agenda,2026-08-12T13:58:49Z,750f1378-a9b9-4617-b553-f8dc3ffc6568,2026,6a7c768116afc6a8747c9a1b
A1021,From Wallets to Wealth Rails: How Payment Platforms Are Becoming Credit and Investment Infrastructure,2026-09-10,11:40,12:20,Hall 202,Panel Discussion,"Embedded Finance, Wealth Infrastructure, Digital Ecosystems",Embedded Finance;Wealth Infrastructure;Digital Ecosystems,public,false,"Global messaging network represent three distinct layers of the converging payments-credit ecosystem. This panel examines how transaction data, programmable credit, and international interoperability are collapsing the boundary between moving money and lending it.",Anurag Sinha;Ashish Kashyap;Gaurav Mittal;Pranay Bipin Jhaveri,"Anurag Sinha, Co-founder & CEO, FPL Technologies;Ashish Kashyap, Founder & CEO, INDmoney;Gaurav Mittal, Co- Founder & CEO, Vegapay;Pranay Bipin Jhaveri, Managing Director - India & South Asia, Euronet Worldwide",,,active,,https://www.globalfintechfest.com/agenda,2026-08-12T13:58:49Z,ab77a2ef-2cd3-4f63-b66c-21c50bcf70a2,2026,6a7c768116afc6a8747c9a19
A1270,"Intelligent Banking: AI, Data & Customer Experience in the Digital Era",2026-09-10,11:50,12:30,The Studio,Panel Discussion,,,public,false,"As banking becomes increasingly digital, AI and data are transforming how financial institutions understand, engage, and serve customers. From hyper-personalized experiences and predictive insights to real-time decision-making and intelligent automation, banks are redefining customer relationships at scale. This session will explore how AI-powered intelligence is enabling smarter operations, stronger trust, and seamless customer experiences while balancing privacy, security, and regulatory compliance.",Gunaseelan Sundar;Sammy Mamdani,"Gunaseelan Sundar, Chief Business Officer, Pinnacle Teleservices;Sammy Mamdani, Chief Operating Officer, Route Mobile",,,active,,https://www.globalfintechfest.com/agenda,2026-08-12T13:58:49Z,9aa3e1f5-35ce-4f11-89dd-680fe87432d3,2026,6a7c768116afc6a8747c9a1c
A0811,"The Future of Banking: Trust, Technology and Human-Centred Innovation",2026-09-10,12:00,12:30,The Grand Theatre,Address,"Future of Banking, Human-Centred Innovation, Trust & Technology",Future of Banking;Human-Centred Innovation;Trust & Technology,public,false,"As AI and digital technologies transform financial services, trust remains the cornerstone of customer relationships. This session will explore how banks can combine innovation with purpose to create better outcomes for individuals, businesses, and society.",Vaidyanathan Vembu,"Vaidyanathan Vembu, MD & CEO, IDFC FIRST Bank",,,active,,https://www.globalfintechfest.com/agenda,2026-08-12T13:58:49Z,7110e2ed-d113-4eab-ad62-2a67e613cfab,2026,6a7c768116afc6a8747c9a1e
A1135,The Invisible Future of Finance - Why the Future Belongs to Ecosystems,2026-09-10,12:00,12:15,Lotus 2,Keynote Address,,,public,false,"The future of Indian Fintech will be defined by what users never have to think about. The best financial systems will prevent fraud before it happens, deliver credit exactly when it’s needed, verify identity in the background, and make finance safer, simpler, and more accessible by design. But these invisible experiences cannot be built by any one institution alone. They emerge when banks, fintechs, regulators, and technology providers collaborate on shared digital infrastructure, open standards, and trusted rails.",Sahil Kini,"Sahil Kini, Chief Executive Officer, Reserve Bank Innovation Hub",,,active,,https://www.globalfintechfest.com/agenda,2026-08-12T13:58:49Z,bfe14ad0-6307-48f5-8a11-d8b3b11c71ad,2026,6a7c768116afc6a8747c9a1d
A0473,Mobility-as-a-Service in AI-Driven Transit Systems,2026-09-10,12:15,12:55,Lotus 3,Panel Discussion,,,public,false,"This panel explores how integrated mobility solutions—combining MaaS, AI, and unified ticketing—are transforming public transportation. It highlights the use of real-time data and intelligent systems to enable seamless, multimodal journeys and improve commuter experience. The discussion focuses on building connected, efficient, and sustainable urban mobility ecosystems.",,,,,active,,https://www.globalfintechfest.com/agenda,2026-08-12T13:58:49Z,d051fd3d-da7a-4d0b-9a6e-8b2d4a78b62a,2026,6a7c768116afc6a8747c9a21
A0618,From India Stack to Cooperative Stack: The Role of AI in Driving Rural Inclusion,2026-09-10,12:15,12:55,Cube,Panel Discussion,"Rural AI, Cooperative Stack, Financial Inclusion",Rural AI;Cooperative Stack;Financial Inclusion,public,false,The session will explore how AI-enabled digital platforms and cooperative ecosystems can accelerate rural inclusion and improve access to financial and developmental services.,,,,,active,,https://www.globalfintechfest.com/agenda,2026-08-12T13:58:49Z,46b5d46b-8fa6-48ef-ac82-5f81f74d02da,2026,6a7c768116afc6a8747c9a1f
A0976,"Market Data as Infrastructure: Data Governance, ownership, innovation and oversight",2026-09-10,12:15,12:55,Lotus 1,Panel Discussion,"Market Data, Data Governance, Risk Oversight",Market Data;Data Governance;Risk Oversight,public,false,"Exploring access, monetisation, and governance of financial market data in a digital economy. Balancing open access, commercialisation, and regulatory control of market data.",Kunal Pande;Nitendra Rajput,"Kunal Pande, Partner & National Head Cyber, Risk and Compliance, KPMG;Nitendra Rajput, Senior Vice President & Head, AI Garage, Mastercard",,,active,,https://www.globalfintechfest.com/agenda,2026-08-12T13:58:49Z,24494096-a50f-4928-a0f8-5aab74fd4e47,2026,6a7c768116afc6a8747c9a20
A0959,Digital Identity Interoperability - Next Fintech growth Engine,2026-09-10,12:20,13:00,Lotus 2,Panel Discussion,"Digital Identity, Interoperability, Fintech Growth",Digital Identity;Interoperability;Fintech Growth,public,false,"Digital identity interoperability is becoming a critical enabler for the next phase of fintech growth, allowing users, institutions and platforms to interact across ecosystems with greater trust, speed and security. This session will explore how interoperable identity frameworks can reduce onboarding friction, strengthen authentication, support consent-based services and enable seamless access to financial products. The discussion will examine the role of Aadhaar, digital credentials, secure APIs, privacy safeguards and cross-sector collaboration in building trusted digital identity infrastructure for inclusive financial innovation.",,,,,active,,https://www.globalfintechfest.com/agenda,2026-08-12T13:58:49Z,c058f51c-d33e-413c-8d1c-a34239868fbe,2026,6a7c768116afc6a8747c9a22
A0555,From Breaking the Glass Ceiling to Shaping the Next Decade,2026-09-10,12:25,12:55,Jasmine 3,Panel Discussion,"Women Leadership, Future Leadership, Inclusive Innovation",Women Leadership;Future Leadership;Inclusive Innovation,public,false,"This power-packed panel brings together trailblazing women leaders shaping the future of finance, governance, and technology. Aligned with the GFF theme, it explores how AI, tokenisation, and emerging technologies are unlocking new avenues for impact and leadership. The discussion highlights the shift from influence to meaningful, large-scale transformation in the decade ahead.",Arundhati Bhattacharya;Shereen Bhan,"Arundhati Bhattacharya, President & CEO, Salesforce South Asia, Salesforce.com India;Shereen Bhan, Managing Editor, CNBC TV18",Sohini Rajola,"Sohini Rajola, Executive Director - Growth, National Payments Corporation of India",active,,https://www.globalfintechfest.com/agenda,2026-08-12T13:58:49Z,5cff23ab-b48b-4801-99f7-4ecd59e5b025,2026,6a7c768116afc6a8747c9a24
A1022,"Subscription, Rewards & Retention: The New Loyalty Playbook",2026-09-10,12:25,13:05,Hall 202,Panel Discussion,,,public,false,"In a highly competitive digital economy, retaining customers requires more than transactional engagement. Leading consumer platforms are redefining loyalty through subscriptions, gamification, content, and seamless payment integration. This session will explore how digital-native companies are using technology and data to build sticky ecosystems that drive repeat usage, cross-sell, and long-term engagement at scale.",,,,,active,,https://www.globalfintechfest.com/agenda,2026-08-12T13:58:49Z,18e7d883-fd02-45eb-8807-2f1fba7b1a3e,2026,6a7c768116afc6a8747c9a23
A0330,"Cross-Border Payments Reimagined: Speed, Cost, and Transparency",2026-09-10,12:30,13:10,Hall 205 A&B,Panel Discussion,"Cross-Border Payments, Global Integration, Tokenisation",Cross-Border Payments;Global Integration;Tokenisation,public,false,"Examine innovations transforming cross-border payment systems from slow, expensive processes to real-time, low-cost solutions. This panel discusses UPI international expansion, central bank digital currencies for cross-border settlement, programmable foreign exchange, and how tokenisation can reduce intermediaries. Address regulatory coordination between jurisdictions, building trust in cross-border systems, and creating inclusive remittance solutions that benefit migrant workers and MSMEs engaged in international trade.",Manish Maheshwari;Movin Jain;Nath Parameshwaran,"Manish Maheshwari, Country Business Head - India, Stripe;Movin Jain, Founder, Skydo Technologies;Nath Parameshwaran, Senior Director, Government Relations, India and South Asia, PayPal",Prachi Dharani,"Prachi Dharani, Co-founder & CEO, PayGlocal Technologies",active,,https://www.globalfintechfest.com/agenda,2026-08-12T13:58:49Z,ff73c4bf-937e-4c5e-85bd-432f0c2513fa,2026,6a7c768116afc6a8747c9a26
A0682,From QR Codes to Global Commerce: The Next Leap in Merchant Payments,2026-09-10,12:30,13:10,Hall 204 A&B,Panel Discussion,"Merchant Payments, Cross-Border Commerce, QR Interoperability",Merchant Payments;Cross-Border Commerce;QR Interoperability,public,false,Interoperable QR and low-cost acceptance for small merchants Consumer trust and merchant incentives in new markets Cross-border acceptance for travellers and diaspora users,Ankit Jain;Raj Kasi,"Ankit Jain, Group Head of Product- Inperson payment and currency solutions , Network international;Raj Kasi, General Manager , Hello Clever",Sonali Shelke,"Sonali Shelke, Executive Director, JPMorganChase",active,,https://www.globalfintechfest.com/agenda,2026-08-12T13:58:49Z,00e3092a-7532-414a-8f73-21550d539464,2026,6a7c768116afc6a8747c9a25
A0012,"Scaling Pension Coverage: Technology, Policy, and Financial Inclusion",2026-09-10,12:35,13:05,The Grand Theatre,Fireside Chat,"Pension Coverage, Financial Inclusion, Workforce Security",Pension Coverage;Financial Inclusion;Workforce Security,public,false,"Address expanding pension participation across India's diverse workforce - from formal sector employees to gig workers and informal economy participants. This keynote examines PFRDA's initiatives eliminating transaction barriers, enabling micro-contributions as low as ₹20-30, and leveraging digital public infrastructure for seamless pension enrollment. Discuss governance reforms, fee restructuring for competitiveness, and creating a well-regulated ecosystem that encourages broader participation while ensuring subscriber protection. Explore how technology-enabled distribution, simplified processes, and innovative products democratize access to retirement security aligned with GFF2026's inclusive finance vision.",,,,,active,,https://www.globalfintechfest.com/agenda,2026-08-12T13:58:49Z,9a524c2b-5159-4ac3-b63a-13f7f245a232,2026,6a7c768116afc6a8747c9a27
A0634,Verifiable Organizational Identity: Enabling Trusted Digital Ecosystems and Cross-Border Interoperability,2026-09-10,12:35,13:15,The Studio,Panel Discussion,"Digital Identity, Cross-Border Trust, Verifiable Credentials",Digital Identity;Cross-Border Trust;Verifiable Credentials,public,false,"Trusted organizational identity is emerging as a foundational enabler of the digital economy. This session will bring together global and Indian leaders to discuss how unique entity identifier, verifiable credentials and digital wallets can foster trust, interoperability, and secure cross-border digital interactions, supporting the evolution of resilient and inclusive digital ecosystems",Alexandre Kech;Yannick Schneider,"Alexandre Kech, Chief Executive Officer, Global Legal Entity Identifier Foundation (GLEIF);Yannick Schneider, Head of Regulatory Solutions, Bundesanzeiger Verlag GmbH",Vikas Panwar,"Vikas Panwar, Country Business Manager - India, GLEIF (GLobal Legal Entity Identifier Foundation)",active,,https://www.globalfintechfest.com/agenda,2026-08-12T13:58:49Z,193fda58-0c06-4a93-9dd4-b04320d36138,2026,6a7c768116afc6a8747c9a28
A0011,Keynote & Panel Discussion,2026-09-10,13:00,13:55,Jasmine 3,Panel Discussion,,,public,false,,,,,,active,,https://www.globalfintechfest.com/agenda,2026-08-12T13:58:49Z,247f7128-0823-47bf-b1fd-b02bf84ea472,2026,6a7c768116afc6a8747c9a2a
A0762,The Rise of Intelligent Payment Ecosystems: Beyond Transactions to Growth Engines,2026-09-10,13:00,13:40,Lotus 1,Panel Discussion,,,public,false,"Payments are no longer just transaction rails—they are becoming powerful growth enablers for businesses. Leading platforms are leveraging data, AI, and infrastructure to create end-to-end ecosystems that drive customer acquisition, retention, and monetization. This session will examine how payment leaders are transforming into full-stack platforms—combining payments, credit, analytics, and embedded services—to unlock new revenue streams and deliver personalized, real-time experiences at scale.",Ramanathan RV,"Ramanathan RV, Co-founder and CEO , Hyperface",Lalitha Nataraj,"Lalitha Nataraj, Managing Director & CEO, NPCI BHIM Services LTD",withdrawn,2026-08-12T13:57:48Z,https://www.globalfintechfest.com/agenda,,950e47bb-ee0c-4938-a529-e7d0bac46d9f,2026,6a7c768116afc6a8747c9a2b
A1094,BHIM Vishwas - embedded payer PSP services for Banking,2026-09-10,13:00,13:40,Cube,Masterclass,"BHIM Vishwas, Embedded Banking, UPI Innovation",BHIM Vishwas;Embedded Banking;UPI Innovation,public,false,"BHIM Vishwas is enabling banks to seamlessly integrate secure UPI payment capabilities through embedded Payer PSP services, reducing complexity while accelerating digital payment innovation. This masterclass will showcase how banks can leverage BHIM Vishwas to offer trusted, interoperable, and scalable payment experiences within their own digital channels. Participants will gain insights into the platform architecture, implementation approach, and the opportunities it creates for enhancing customer engagement, accelerating digital adoption, and strengthening India's digital payments ecosystem.",,,,,active,,https://www.globalfintechfest.com/agenda,2026-08-12T13:58:49Z,3bfd6926-bfe4-425a-a8dd-92ae2b180fd3,2026,6a7c768116afc6a8747c9a29
A1265,"Trusted FinTech Without Borders: AI, Identity and the Future of Global Finance",2026-09-10,13:05,13:45,Lotus 2,Panel Discussion,,,public,false,"As cross-border commerce, remittances and digital payments continue to grow, financial institutions face increasing pressure to deliver seamless customer experiences while navigating complex compliance and identity requirements. This session explores how AI, digital identity frameworks, interoperable KYC systems and emerging financial infrastructure can help create trusted, secure and efficient cross-border payment ecosystems. Industry leaders will discuss how technology can reduce friction, strengthen compliance and enable a more connected global financial system.",,,,,active,,https://www.globalfintechfest.com/agenda,2026-08-12T13:58:49Z,4f966ac6-1e24-4b2c-a99c-8cc09a91f660,2026,6a7c768116afc6a8747c9a2d
A1004,The Future of Global Financial Integrity: FATF's Vision for the AI Era,2026-09-10,13:15,13:45,The Grand Theatre,Keynote & Fireside Chat,"AI & Financial Integrity, Global AML/CFT, Financial Crime & Risk",AI & Financial Integrity;Global AML/CFT;Financial Crime & Risk,public,false,"As financial services become increasingly digital, intelligent and borderless, the global fight against money laundering, terrorist financing and proliferation financing is entering a new era. This fireside explores FATF's priorities for addressing AI-enabled financial crime, digital assets, cross-border payments, and emerging technologies while preserving innovation and financial inclusion.",,,,,active,,https://www.globalfintechfest.com/agenda,2026-08-12T13:58:49Z,0da3d885-5549-44ff-8af8-f8f28a295286,2026,6a7c768116afc6a8747c9a2e
A0121,AI vs Fraud: Building Self-Learning Financial Defence Systems,2026-09-10,13:20,14:00,Hall 205 A&B,Panel Discussion,"AI for Fraud Prevention, Financial Crime, Risk Intelligence",AI for Fraud Prevention;Financial Crime;Risk Intelligence,public,false,"As financial crime becomes faster, more coordinated and increasingly technology-enabled, institutions need defence systems that can learn, adapt and respond in real time. This session will explore how AI can strengthen fraud prevention through anomaly detection, behavioural analytics, network intelligence and automated risk scoring. The discussion will examine how banks, payment networks and fintechs can reduce false positives, detect emerging threats, improve customer protection and build resilient financial crime defence systems.",,,,,active,,https://www.globalfintechfest.com/agenda,2026-08-12T13:58:49Z,0d7da3d3-1554-405a-a02b-0c13cdd75920,2026,6a7c768116afc6a8747c9a30
A0987,Interoperability as Strategy: Who Will Connect the New Financial System?,2026-09-10,13:20,14:00,Hall 204 A&B,Panel Discussion,,,public,false,"Open standards versus walled-garden models How banks, schemes, fintechs, and infrastructure players divide roles Whether interoperability will be the main competitive differentiator",Ambar Sur;Benjamin Lee;Jeremy Tan,"Ambar Sur, Founder & CEO, TerraPay;Benjamin Lee, Chief Operating Officer, Nexus Global Payments;Jeremy Tan, CEO, Liquid Group",,,active,,https://www.globalfintechfest.com/agenda,2026-08-12T13:58:49Z,8bbb41fb-3c43-47c9-b883-e5d88fafda5e,2026,6a7c768116afc6a8747c9a2f
A1083,"The Future of Money, Markets and Machines: Quantum's Role in Financial Innovation",2026-09-10,13:20,14:00,The Studio,Panel Discussion,"Quantum Finance, Financial Innovation, Quantum Computing",Quantum Finance;Financial Innovation;Quantum Computing,public,false,"Quantum computing has the potential to fundamentally transform how financial systems operate, compete, and innovate. As the worlds of advanced computing, artificial intelligence, and finance converge, new possibilities are emerging across investment management, financial product innovation, market infrastructure, fraud detection, and digital assets. This session will bring together industry leaders, technologists, and policymakers to explore how quantum technologies could shape the next generation of financial services and redefine the future of global finance.",Dusmanta Kesari Patra;Vijay Krishnamurthy,"Dusmanta Kesari Patra, General Manager, Punjab National Bank;Vijay Krishnamurthy, Managing Director & CEO, India International Exchange (India INX)",Rumit Shah,"Rumit Shah, Founder & Director, JISA Softech Private Limited",active,,https://www.globalfintechfest.com/agenda,2026-08-12T13:58:49Z,6bd0bb7c-549d-48b1-a698-696408511481,2026,6a7c768116afc6a8747c9a31
A1153,FTF Ongoing Work,2026-09-10,13:25,14:05,Lotus 1,Product Launch,,,public,false,,,,,,active,,https://www.globalfintechfest.com/agenda,2026-08-12T13:58:49Z,30c5c1e4-3e2b-4372-9298-d68f7a1ee239,2026,6a7c768116afc6a8747c99f4
A0947,Trust.Connect.Convert: The ROI-Driven Customer Journey,2026-09-10,13:30,15:30,Hall 102,Roundtable,,,invite-only,true,"For BFSI and fintech brands in India, communication is the business. Every acquisition, onboarding, collection, renewal, and cross-sell process runs through a call, message, or notification. Yet a channel is only as valuable as it is trusted: unidentified calls go unanswered, impersonation fraud quietly erodes confidence, and disconnected touchpoints turn a single relationship into a series of cold starts. This roundtable reframes the question. What happens when communication stops being a set of isolated channels and campaigns, and becomes a connected journey — one verified identity and one context, carried from the moment before first contact, through the funnel, all the way to conversion and lasting loyalty? With Truecaller for Business's solution platform, that journey becomes measurable: in acquisition, retention, and growth.",,,,,active,,https://www.globalfintechfest.com/agenda,2026-08-12T13:58:49Z,90c506af-4c84-4a92-87d3-afce5c851b43,2026,6a7c768116afc6a8747c9a32
A1207,Bharat TradeNet - A National Level Trade DPI,2026-09-10,13:40,14:40,Hall 103,Roundtable,,,invite-only,true,A roundtable discussion in partnership in partnership with DGFT,,,,,active,,https://www.globalfintechfest.com/agenda,2026-08-12T13:58:49Z,a4771ccb-90c8-459d-a806-d9880fb1f22a,2026,6a7c768116afc6a8747c9a33
A0817,Building the Next Generation Digital Economy: Policy Priorities for Fintech Growth,2026-09-10,13:45,14:25,Lotus 3,Panel Discussion,"Digital Economy, Fintech Policy, Innovation",Digital Economy;Fintech Policy;Innovation,public,false,"As fintech enters its next phase of growth, policy frameworks must evolve to support innovation, investment and global competitiveness. This session will examine the priorities shaping India's digital economy, including Digital Public Infrastructure, digital finance, AI, data-driven innovation, cross-border collaboration and emerging business models. The discussion will focus on creating an enabling policy environment that accelerates innovation while strengthening trust, resilience and long-term economic growth.",Arindam Das;Sandeep Jethwani,"Arindam Das, Chief Executive Officer, DMI Finance;Sandeep Jethwani, Co-founder, Dezerv",,,active,,https://www.globalfintechfest.com/agenda,2026-08-12T13:58:49Z,15d22029-1c33-4730-b029-a8692ba48daa,2026,6a7c768116afc6a8747c9a36
A0953,"The Always-On Core: Resilience, Residency, and the Next Decade of Banking",2026-09-10,13:45,16:00,Hall 206 A&B,Roundtable,,,invite-only,true,"India has become the world's benchmark for population-scale digital finance. From instant payments and digital lending to embedded finance and real-time customer experiences, the country's financial ecosystem continues to set the pace for innovation. The next decade, however, will demand much more than new digital products. AI-native banking, autonomous financial services, increasing regulatory expectations, cyber resilience and always-on customer experiences will require a new generation of technology foundations. As financial institutions modernize their core platforms, technology leaders face a fundamental question: How do you build an architecture that enables continuous innovation without increasing operational complexity or business risk? This invitation-only Executive Leadership Circle brings together a carefully curated group of CIOs, CTOs and senior technology leaders from banks and fintechs for a candid exchange of perspectives, experiences and strategic priorities.",,,,,active,,https://www.globalfintechfest.com/agenda,2026-08-12T13:58:49Z,ca225fe3-ae36-4e29-ab83-b0d9677a43dd,2026,6a7c768116afc6a8747c9a35
A1093,Unlocking potential of Closed-Loop Scan & Pay with BHIM VEGA plugin,2026-09-10,13:45,14:25,Cube,Masterclass,"BHIM VEGA, Embedded Payments, Scan & Pay",BHIM VEGA;Embedded Payments;Scan & Pay,public,false,"Closed-loop Scan & Pay is unlocking new possibilities for merchants and digital platforms by enabling seamless, secure, and branded payment experiences within their own ecosystems. This masterclass will showcase how the BHIM VEGA Plugin empowers businesses to integrate embedded payment capabilities, streamline customer journeys, and enhance payment acceptance without compromising interoperability or security. Participants will gain practical insights into the architecture, implementation, and use cases of BHIM VEGA, and how it can accelerate digital commerce through frictionless in-app and merchant-led payment experiences.",,,,,active,,https://www.globalfintechfest.com/agenda,2026-08-12T13:58:49Z,127471e6-34e1-4bb7-9016-95ea0011e0c1,2026,6a7c768116afc6a8747c9a34
A0018,Global by Design: Scaling Financial Innovation Through GIFT IFSC,2026-09-10,13:50,14:20,The Grand Theatre,Keynote Address,"GIFT IFSC, Global Expansion, Financial Innovation",GIFT IFSC;Global Expansion;Financial Innovation,public,false,"As Indian fintechs increasingly look beyond domestic markets, GIFT IFSC offers a platform for international expansion and innovation. This discussion will focus on opportunities for fintechs, financial institutions, and investors to build globally connected businesses through the IFSC ecosystem.",,,,,active,,https://www.globalfintechfest.com/agenda,2026-08-12T13:58:49Z,12361ae9-f51a-49d4-98d5-b9d07ddad2cb,2026,6a7c768116afc6a8747c9a38
A0714,Bharat Connect for Business,2026-09-10,14:00,14:15,Hall 202,Product Showcase,,,public,false,,,,,,active,,https://www.globalfintechfest.com/agenda,2026-08-12T13:58:49Z,c1f1c07b-f25a-4aca-9729-ab51b3c23654,2026,6a7c768116afc6a8747c9a39
A0809,From Field to Fintech: Building Trusted Digital Infrastructure for Agricultural Prosperity,2026-09-10,14:00,14:35,Jasmine 3,Fireside Chat,"Agricultural Fintech, Digital Infrastructure, Rural-Urban Connectivity",Agricultural Fintech;Digital Infrastructure;Rural-Urban Connectivity,public,false,"Discuss how India is creating connected financial ecosystems that bridge rural-urban divides through technology. This session explores NABARD's initiatives in leveraging tokenisation for farm produce, AI-driven crop insurance, and interoperable payment systems that empower farmers and rural entrepreneurs. Examine the role of digital public goods, consent-based data sharing, and programmable finance in creating resilient, inclusive agricultural finance systems for 600 million rural Indians.",,,,,active,,https://www.globalfintechfest.com/agenda,2026-08-12T13:58:49Z,1117d07c-d1b0-4796-9003-06b8c217783d,2026,6a7c768116afc6a8747c9a3a
A0475,Real-Time Payouts for the Global Gig Economy,2026-09-10,14:10,14:50,Hall 204 A&B,Panel Discussion,,,public,false,Leveraging fast payment networks to ensure instant wage settlements. Reducing exorbitant remittance fees that disproportionately impact gig workers.,Neelesh Pradhan,"Neelesh Pradhan, CEO, Nepal Clearing House",,,active,,https://www.globalfintechfest.com/agenda,2026-08-12T13:58:49Z,1f2e6cd1-be9c-4157-8f82-6c0c89fb154e,2026,6a7c768116afc6a8747c9a3b
A0766,Aadhaar and AI,2026-09-10,14:10,14:50,Hall 205 A&B,Panel Discussion,"Digital Identity, Responsible AI, Trusted AI",Digital Identity;Responsible AI;Trusted AI,public,false,"The convergence of Aadhaar and AI has the potential to redefine trusted digital interactions across financial services and the broader digital economy. This session will explore how AI can enhance identity verification, onboarding, fraud prevention, customer authentication and service delivery while preserving privacy, consent and security. The discussion will examine how Aadhaar-enabled digital identity, combined with responsible AI, can strengthen trust, improve inclusion and enable the next generation of secure, intelligent and citizen-centric digital services.",,,,,active,,https://www.globalfintechfest.com/agenda,2026-08-12T13:58:49Z,5ec4b316-4c9c-4932-89f1-8d758e585908,2026,6a7c768116afc6a8747c9a3c
A0859,"AI, Data and Trust: Building the Next Generation of Inclusive Finance",2026-09-10,14:10,14:50,Lotus 1,Panel Discussion,"AI for Inclusion, Next Billion Users, Responsible Data",AI for Inclusion;Next Billion Users;Responsible Data,public,false,"As AI moves from experimentation to real-world financial services, data is becoming critical to expanding access to credit, payments, insurance and other financial products. This session explores how AI, alternative data and intelligent decisioning can help reach underserved customers while balancing privacy, explainability, fraud prevention and trust. Industry leaders will discuss what it takes to build responsible, inclusive financial solutions that can scale to the next billion users.",,,,,active,,https://www.globalfintechfest.com/agenda,2026-08-12T13:58:49Z,973c2832-91e5-4f65-bf89-81951f8d1989,2026,6a7c768116afc6a8747c9a42
A1043,Where Will the Next $100 Billion in Fintech Capital Go?,2026-09-10,14:10,14:50,The Studio,Panel Discussion,"Investment Trends, Future Sectors, India Growth",Investment Trends;Future Sectors;India Growth,public,false,"India's fintech story is entering a new phase as AI, Digital Public Infrastructure, embedded finance and new regulatory frameworks reshape the market. This session explores where investors see the next generation of high-growth opportunities—from financial infrastructure and B2B fintech to wealthtech, insuretech, rural finance and enterprise AI.",Anurag Ramdasan;Dinesh Pai;Vikram Vaidyanathan,"Anurag Ramdasan, Partner, 3one4 Capital;Dinesh Pai, Head, Investments, Zerodha;Vikram Vaidyanathan, Managing Director, DeltaZen47 Advisors LLP",Hitesh Sachdev,"Hitesh Sachdev, Head - Startup Engagement, Investments, ICICI Bank",active,,https://www.globalfintechfest.com/agenda,2026-08-12T13:58:49Z,bc6d613c-dc9b-49af-8a32-25676800ff1e,2026,6a7c768116afc6a8747c9a3d
A0465,Business Case for AI: Separating Fact from Hype,2026-09-10,14:15,15:00,Lotus 2,Panel Discussion,"Enterprise AI, Business Value",Enterprise AI;Business Value,public,false,"This session examines how organizations can build a clear, measurable business case for AI beyond the buzzwords. It highlights real-world use cases that deliver tangible ROI, operational efficiency, and competitive advantage. The focus is on distinguishing practical applications from overhyped expectations, ensuring aligned investments with strategic goals. Ultimately, it helps leaders make informed decisions on where and how AI truly adds value.",,,,,active,,https://www.globalfintechfest.com/agenda,2026-08-12T13:58:49Z,8864eb0e-a05b-4af5-9eb4-794b999a7c0a,2026,6a7c768116afc6a8747c9a3e
A1063,What's New at GIFT IFSC: The Next Chapter of Global Financial Innovation,2026-09-10,14:20,14:35,The Grand Theatre,Presentation,"Cross-Border Finance, GIFT IFSC, Innovation",Cross-Border Finance;GIFT IFSC;Innovation,public,false,"From real-time foreign currency settlement and international capital markets to fintech, AI and digital financial infrastructure, GIFT IFSC continues to redefine India's global financial ambitions. Discover the newest initiatives shaping its future.",Dipesh Shah,"Dipesh Shah, Executive Director, International Financial Services Centres Authority",,,active,,https://www.globalfintechfest.com/agenda,2026-08-12T13:58:49Z,e6f792f7-6ab2-4440-85b2-68e65fd5dad5,2026,6a7c768116afc6a8747c9a3f
A0479,Privacy in an Agentic AI World: Redefining Consent,2026-09-10,14:30,15:10,Lotus 3,Panel Discussion,,,public,false,"AI inference creates new personal data without explicit collection or consent. Regulators and firms must rethink privacy, ownership, and lawful processing.",Dharshan Shanthamurthy;Saujanya Dev,"Dharshan Shanthamurthy, Founder & CEO, SISA;Saujanya Dev, Head - Risk & Compliance, CRED",,,active,,https://www.globalfintechfest.com/agenda,2026-08-12T13:58:49Z,4317d818-94af-4782-90fb-964756d3ef8e,2026,6a7c768116afc6a8747c9a41
A1096,The Self-Driving SDLC: Autonomous AI Agents,2026-09-10,14:30,15:10,Cube,Masterclass,"Agentic AI, Autonomous SDLC, AI Engineering",Agentic AI;Autonomous SDLC;AI Engineering,public,false,"AI agents are transforming software engineering by enabling autonomous development, testing, deployment, and operations across the Software Development Life Cycle (SDLC). This masterclass will explore how self-driving SDLCs leverage Agentic AI to automate coding, quality assurance, security, DevOps, and continuous delivery while keeping humans in control of governance and oversight. Participants will gain practical insights into building AI-native engineering workflows that accelerate innovation, improve software quality, and enhance developer productivity for mission-critical financial systems.",Sampathkumar Kumar Rangasamy,"Sampathkumar Kumar Rangasamy, Chief - Online systems & nee products, NPCI",,,active,,https://www.globalfintechfest.com/agenda,2026-08-12T13:58:49Z,a614076d-7bce-47b1-8e6e-e307ac489fb6,2026,6a7c768116afc6a8747c9a40
A0235,From Payments to Intelligence: The Agentic Economy Built on India Stack,2026-09-10,14:40,15:10,Jasmine 3,Keynote Address,"Agentic AI, India Stack Evolution, Intelligent Finance",Agentic AI;India Stack Evolution;Intelligent Finance,public,false,"Chart the evolution from digital payments infrastructure to autonomous financial systems where AI agents execute complex transactions on behalf of users. Drawing insights from ""Cashless Nation: How UPI Changed Everything,"" this keynote explores how programmable finance and intelligent automation can deliver hyper-personalized, inclusive financial services at population scale. Examine the transition from human-initiated payments to AI-driven decision-making, tokenised asset management, and autonomous economic agents that democratize sophisticated financial services for billions—building the next layer of India Stack for GFF2026's vision of trusted, connected, global systems.",,,,,active,,https://www.globalfintechfest.com/agenda,2026-08-12T13:58:49Z,e917de91-939e-4c7c-8611-60cc48adf43c,2026,6a7c768116afc6a8747c9a43
A0658,Balancing Domestic Control and Global Reach: How Established Clearing and Settlement Infrastructure and Emerging Digital Asset Interoperability will Shape the Future of Payments,2026-09-10,14:45,15:15,The Grand Theatre,Fireside Chat,,,public,false,"As payment systems modernize to meet customer demand for always-on, real-time experiences, financial institutions, fintechs, and market infrastructure providers must balance innovation with global connectivity. This session will explore how the ISO 20022 messaging standard, established clearing and settlement networks, and emerging digital asset interoperability solutions for tokenized forms of commercial bank money are shaping a new model for 24/7, cross-border digital value exchange.",David Watson,"David Watson, President & CEO, The Clearing House",Ritesh Shukla,"Ritesh Shukla, Managing Director & CEO, NPCI International Payments (NIPL)",active,,https://www.globalfintechfest.com/agenda,2026-08-12T13:58:49Z,74db5af6-4025-462a-8d52-a81facce2231,2026,6a7c768116afc6a8747c9a44
A1276,Capital Availability for Viksit Bharat: Strengthening India's Financial Architecture,2026-09-10,14:50,15:50,Hall 103,Closed Room Session,,,invite-only,true,"Achieving the vision of Viksit Bharat will require significantly greater investment across infrastructure, industry, technology, and innovation. This closed-door discussion will examine how India can strengthen its financial architecture to improve the availability of long-term investment capital, mobilize domestic and global funds, and enable sustained economic growth through more effective financing mechanisms.",,,,,active,,https://www.globalfintechfest.com/agenda,2026-08-12T13:58:49Z,5c12b427-a30f-4c31-b87f-1d0f4be50a8a,2026,6a7c768116afc6a8747c9a45
A0982,Can Agentic AI Become the New Operating Layer for Financial Services?,2026-09-10,14:55,15:35,Lotus 1,Panel Discussion,Artificial Intelligence,Artificial Intelligence,public,false,"AI agents for collections, dispute handling, treasury, and merchant support Interoperability between AI systems, bank rails, and fintech platforms Governance models for AI-led decisioning in regulated environments",Enoch Malisa,"Enoch Malisa, Head, Business Development, PayInc",,,active,,https://www.globalfintechfest.com/agenda,2026-08-12T13:58:49Z,d0a22b47-9acd-43ce-9803-5f1bb28633de,2026,6a7c768116afc6a8747c9a4b
A0688,Balancing Regulation and Innovation in Disruptive Tech,2026-09-10,15:00,15:40,Hall 204 A&B,Panel Discussion,"Regulatory Innovation, Cross-Border Governance, Trusted Innovation",Regulatory Innovation;Cross-Border Governance;Trusted Innovation,public,false,,Irene Venter;Johannes Lamsfuß;Sorcha Sullivan-Williams,"Irene Venter, Deputy Director National Payment System, Bank of Namibia;Johannes Lamsfuß, Legal Officer, German Federal Ministry of Finance;Sorcha Sullivan-Williams, Head of Digital Assets, International Developed Markets, Tradeweb",,,active,,https://www.globalfintechfest.com/agenda,2026-08-12T13:58:49Z,fbeac705-1d0b-4ce1-b196-f744bc4bd70d,2026,6a7c768116afc6a8747c9a46
A0888,"Agentic AI in Finance: Multi-Agent Systems, Trust and Data Governance",2026-09-10,15:00,15:40,The Studio,Panel Discussion,"Multi-Agent Systems, Banking Technology, AI Orchestration",Multi-Agent Systems;Banking Technology;AI Orchestration,public,false,"As banks and fintechs move towards autonomous and AI-native operating models, multi-agent systems are emerging as a powerful tool for managing complex workflows across lending, customer service, fraud prevention, compliance, and financial operations. However, scaling agentic AI in regulated environments requires robust safeguards around privacy, transparency, accountability, and data governance. This session will explore how financial institutions can harness the potential of multi-agent systems while complying with the DPDP framework, ensuring responsible use of customer data and maintaining trust in increasingly autonomous financial ecosystems.",Anil Pinapala;Abhinav Parashar,"Anil Pinapala, Founder & MD, Vivifi India Finance;Abhinav Parashar, CEO and Co-Founder, Digio",Shilpa Mankar Ahluwalia,"Shilpa Mankar Ahluwalia, Partner, Shardul Amarchand Mangaldas & Co.",active,,https://www.globalfintechfest.com/agenda,2026-08-12T13:58:49Z,9a2b412c-0bce-46b5-84af-3a369230c37a,2026,6a7c768116afc6a8747c9a48
A1105,From Payments to Possibilities: Bridging the Gaps in Digital Commerce & Financial Access,2026-09-10,15:00,15:40,Hall 205 A&B,Panel Discussion,"Payment Innovation, Embedded Payments, Ecommerce",Payment Innovation;Embedded Payments;Ecommerce,public,false,"As payments evolve beyond transactions, the convergence of intelligent payment infrastructure, embedded credit, and seamless digital experiences is reshaping commerce. Explore how fintech innovation is helping businesses and consumers unlock new growth opportunities.",Muthu Krishnan;Rajesh Pai Fondekar;Sajan Sharma;Yash Desai,"Muthu Krishnan, Head of Business Development, Gemini Software Solutions;Rajesh Pai Fondekar, Group Vice President & Head of Product Management, Digital Financial Solutions, Comviva Technologies;Sajan Sharma, Chief Executive Officer (CEO), Citytech Group;Yash Desai, Co-founder , ZET",Moiz Chohan,"Moiz Chohan, Founder & CEO , PayRupy",active,,https://www.globalfintechfest.com/agenda,2026-08-12T13:58:49Z,7dc2250d-9cc0-48af-9c9a-b9841764c932,2026,6a7c768116afc6a8747c9a47
A0453,Transforming Financial Services for the Next Billion Consumers,2026-09-10,15:05,15:45,Lotus 2,Panel Discussion,"Financial Inclusion, Next Billion Consumers, Responsible Innovation",Financial Inclusion;Next Billion Consumers;Responsible Innovation,public,false,"India’s next billion financial consumers will require products and services that are accessible, affordable, personalised and trusted. This session will explore how technology, digital public infrastructure, AI, embedded finance and responsible innovation can expand access, improve customer outcomes and strengthen financial resilience for India’s diverse population. The discussion will examine how policymakers, financial institutions and fintechs can collaborate to build inclusive financial systems that serve households, MSMEs, gig workers and underserved communities at scale.",Ketan Merchant,"Ketan Merchant, Interim CEO, Fino Payments Bank",,,active,,https://www.globalfintechfest.com/agenda,2026-08-12T13:58:49Z,a9aa00b9-7a55-49ea-b955-93db4c80ba5d,2026,6a7c768116afc6a8747c9a49
A0970,CASHLESS NATION,2026-09-10,15:15,15:30,Jasmine 3,Book Release,,,public,false,"National Book Release of CASHLESS NATION, authored by Santanu Paul and B. Sambamurthy, and published by Penguin. The book is a definitive ring-side view of how India built UPI, the world's most consequential digital payments system, and became a role model for the rest of the world.",Nandan Nilekani;G Padmanabhan,"Nandan Nilekani, Chairman, Infosys;G Padmanabhan, Former Executive Director, Reserve Bank of India",,,active,,https://www.globalfintechfest.com/agenda,2026-08-12T13:58:49Z,862602fc-32ce-4179-bb8f-bc1a52b6ff7b,2026,6a7c768116afc6a8747c9a4a
A0335,Beyond Branches: Building Digital Bank for India,2026-09-10,15:20,15:50,Lotus 3,Trialogue,,,public,false,"India has reached an inflection point in its banking journey. Rapid smartphone penetration, increasing per capita income, rising digital adoption, stronger Digital Public Infrastructure (DPI) built on Aadhaar and UPI, increasing the average customer load per branch, and increasing customer comfort with mobile-first financial services are fundamentally changing how Indians engage with banks. With India entering the Digital Banking Era, there is a need to have Banks that are built digitally first. Globally also if we see, all major economies have witnessed the rise of digital banks.",,,,,active,,https://www.globalfintechfest.com/agenda,2026-08-12T13:58:49Z,1fdca1fc-25d2-407d-8d48-2c5d9000ba23,2026,6a7c768116afc6a8747c9a4c
A0010,NPCI Product Launch,2026-09-10,17:00,17:40,Jasmine 3,Product Launch,,,public,false,,,,,,active,,https://www.globalfintechfest.com/agenda,2026-08-12T13:58:49Z,ede14442-9db8-4b7c-91fa-9e9b63f48d87,2026,6a7c768116afc6a8747c9a4d
A0337,NPCI Partners' Programme,2026-09-10,17:00,19:00,Lotus 2,Networking,,,invite-only,true,,,,,,active,,https://www.globalfintechfest.com/agenda,2026-08-12T13:58:49Z,195f65b9-f956-4497-b7e3-5bca99b27784,2026,6a7c768116afc6a8747c9a4e
A0034,Global FinTech Awards 2026 (GFA26),2026-09-10,18:30,21:00,Jasmine 3,Awards,"Global Excellence, FinTech Innovation, Industry Leadership",Global Excellence;FinTech Innovation;Industry Leadership,public,false,"Global FinTech Awards 2026 celebrates excellence across the global financial technology ecosystem by recognising organisations and leaders driving innovation, transformation, and impact. Join industry pioneers, policymakers, investors, and financial institutions as we honour the innovations shaping the future of finance.",,,,,active,,https://www.globalfintechfest.com/agenda,2026-08-12T13:58:49Z,4f381130-df32-4dec-8ecb-e1ca641b81c7,2026,6a7c768116afc6a8747c9a51
A0949,"Building the Foundational AI Layer for BFSI: Agents, Insights and Control",2026-09-10,18:30,21:00,Hall 102,Roundtable,,,invite-only,true,"As banks, insurers, NBFCs and fintechs scale AI beyond isolated pilots, the real challenge is building a foundation that can support enterprise-wide adoption with governance, visibility and control. Join Nugget by Zomato for an exclusive roundtable on how AI agents, enterprise knowledge, workflow automation and real-time insights can come together as a unified layer that enables compliant, scalable transformation across BFSI.",,,,,active,,https://www.globalfintechfest.com/agenda,2026-08-12T13:58:49Z,042b9451-a3c3-4f3a-bfac-65244fd72a86,2026,6a7c768116afc6a8747c9a4f
A1106,"India-UK Fintech Growth Corridor: Partnerships, Innovation and Market Expansion in the Post-CETA Era",2026-09-10,18:30,21:00,Hall 202,Roundtable,,,invite-only,true,"This roundtable will bring together leading UK fintech and financial services firms with key Indian regulators, banks, investors, NBFCs and fintechs to explore collaboration opportunities arising from the newly implemented India–UK CETA. The discussion will focus on market-entry pathways, partnership models, regulatory engagement, digital finance innovation, cross-border payments, embedded finance, AI, digital identity, and investment opportunities. Participants will exchange practical insights on how the agreement can accelerate bilateral trade, innovation, and commercial partnerships while supporting the next phase of UK–India fintech growth.",,,,,active,,https://www.globalfintechfest.com/agenda,2026-08-12T13:58:49Z,02918db5-b4fb-4617-8ced-d638e68b9c78,2026,6a7c768116afc6a8747c9a50
A0943,The Impact Leadership Dinner,2026-09-10,19:00,22:00,Lotus 1,Networking Dinner,,,invite-only,true,$2e,,,,,active,,https://www.globalfintechfest.com/agenda,2026-08-12T13:58:49Z,2d0b028a-6ad8-4ad9-aa59-97d28757eba5,2026,6a7c768116afc6a8747c9a56
A0944,Getepay - Night Fest,2026-09-10,19:00,22:00,Taftoon,Night Fest,,,invite-only,true,"As the day transitions into night, join GetePay Night Fest — an exclusive evening where fintech leaders, innovators, and creators come together to unwind, connect, and celebrate. Expect engaging conversations, vibrant networking, great food, and memorable moments in an atmosphere designed to spark meaningful connections.",,,,,active,,https://www.globalfintechfest.com/agenda,2026-08-12T13:58:49Z,e4368cfb-5a7a-4438-925b-e5263dfd5728,2026,6a7c768116afc6a8747c9a57
A1059,Scaling Personalised Customer Engagement in BFSI: Leveraging Conversational Channels for Strategic Growth,2026-09-10,19:00,20:30,Hall 204 A&B,Roundtable,,,invite-only,true,"In an era where customer experience is a key competitive differentiator, BFSI leaders are reimagining engagement through conversational platforms like WhatsApp and RCS, supported by omnichannel orchestration and data-driven personalization. The ability to engage customers in real time, with relevant and contextual interactions at scale, is becoming central to driving growth, retention, and lifetime value. This roundtable at Global Fintech Fest will explore how financial institutions can move beyond fragmented communication to build unified, intelligent engagement ecosystems that balance personalization, compliance, and business outcomes.",,,,,active,,https://www.globalfintechfest.com/agenda,2026-08-12T13:58:49Z,41368170-8162-43dc-8bac-9fc4e7d01d73,2026,6a7c768116afc6a8747c9a52
A1062,Adyen Beyond the Dialogue,2026-09-10,19:00,21:00,Indian Accent,Networking Dinner,,,invite-only,true,"After a day of insightful discussions at GFF, Adyen is hosting a relaxed and intimate evening of great food, refreshing drinks, and meaningful conversations at an invite-only gathering. No presentations, no rigid schedules, and no pitch decks; just a private setting to unwind and connect with industry peers, fellow leaders and the global Adyen team. It is a space to exchange ideas, forge new connections, and turn the day’s insights into lasting partnerships",,,,,active,,https://www.globalfintechfest.com/agenda,2026-08-12T13:58:49Z,2dd9d01a-43ac-47a6-9d57-101e0d83a61f,2026,6a7c768116afc6a8747c9a55
A1121,Beyond Demo to Deployment: The Production Playbook for Voice AI in BFSI,2026-09-10,19:00,21:30,Hall 206 A&B,Roundtable,,,invite-only,true,$2f,,,,,active,,https://www.globalfintechfest.com/agenda,2026-08-12T13:58:49Z,8a3383f1-70c7-469a-a991-27b4c799c647,2026,6a7c768116afc6a8747c9a54
A1125,Architecting the Outcome - Driven Agentic Enterprise,2026-09-10,19:00,21:30,Hall 205 A&B,Roundtable,,,invite-only,true,"The next phase of Agentic AI will not be defined by the number of agents an enterprise deploys, but by the measurable business outcomes those agents deliver. Every interaction has the potential to generate customer intelligence, operational insights, and better business decisions but only when agent performance is observable, continuously evaluated, and aligned with enterprise outcomes. In this closed-door CXO roundtable, BFSI leaders will explore how to build a continuously improving Agentic AI ecosystem that accelerates growth, enhances operational efficiency, improves customer experience, and strengthens risk management—while maintaining robust governance, cyber resilience, and trust at scale.",,,,,active,,https://www.globalfintechfest.com/agenda,2026-08-12T13:58:49Z,b98e87af-7d64-4d1c-881e-6b5831defa13,2026,6a7c768116afc6a8747c9a53
A1114,Business Correspondents Forum of India - Annual Meet,2026-09-11,09:00,11:00,Hall 103,Closed Room Session,"Business Correspondents, Financial Inclusion",Business Correspondents;Financial Inclusion,invite-only,true,"The Business Correspondents Forum of India (BCFI) Annual Meet will bring together business correspondents, banks, regulators, technology providers, and financial inclusion leaders to discuss the evolving role of the BC ecosystem in expanding last-mile access to financial services. The closed-door session will focus on strengthening digital banking, improving customer experience, leveraging AI and emerging technologies, enhancing operational resilience, and enabling sustainable business models for business correspondents. Participants will exchange insights on policy developments, innovation, and collaborative strategies to accelerate financial inclusion across India.",,,,,active,,https://www.globalfintechfest.com/agenda,2026-08-12T13:58:49Z,679396df-4b3e-4f90-85d8-62c492f6c06b,2026,6a7c768116afc6a8747c9a58
A0435,Governing Agentic AI on Digital Public Infrastructure: From Principles to Practice,2026-09-11,10:00,11:00,The Studio,Panel Discussion,"Agentic AI, AI Governance, Digital Public Infrastructure",Agentic AI;AI Governance;Digital Public Infrastructure,public,false,"This discussion will focus on how India's established digital public infrastructure, including UPI, Aadhaar, and the Account Aggregator framework, can extend its governance principles to agentic AI systems in financial services. It will examine the practical work of translating articulated policy intent into operational reality, and what that translation demands of regulators, institutions, and technology providers alike. Panelists will be invited to draw on their own experience to discuss how India's digital public infrastructure journey can inform the governance of autonomous financial agents going forward.",,,,,active,,https://www.globalfintechfest.com/agenda,2026-08-12T13:58:49Z,1905a535-944e-498c-bfd1-4ce1484cd920,2026,6a7c768116afc6a8747c9a60
A0483,"Co-Designing Responsible AI: BFSI, Regulators & the Future of Financial Innovation",2026-09-11,10:00,10:40,Lotus 3,Panel Discussion,,,public,false,"As AI transforms financial services, the focus is shifting from experimentation to responsible and scalable adoption. This session explores how banks, regulators, fintechs, and ecosystem players are collaboratively building AI governance frameworks that balance innovation with trust, transparency, security, and compliance. Industry leaders will discuss how regulatory sandboxes and policy-led innovation are enabling responsible AI adoption while addressing challenges around bias, explainability, data privacy, fraud, and customer protection. The conversation will also highlight how collaborative governance is helping create trusted, future-ready AI ecosystems that accelerate innovation while ensuring accountability at scale.",Dipak Kumar De;Rajiv Anand,"Dipak Kumar De, Deputy Managing Director, State Bank of India;Rajiv Anand, Managing Director & CEO, IndusInd Bank",,,active,,https://www.globalfintechfest.com/agenda,2026-08-12T13:58:49Z,fac04a72-9577-4138-b0c8-46d8fe8252ac,2026,6a7c768116afc6a8747c9a5f
A0754,The Merchant Intelligence Stack: From Transaction Data to Intelligent Payments,2026-09-11,10:00,10:40,Hall 206 A&B,Panel Discussion,"Merchant Intelligence, Embedded Finance, Working Capital",Merchant Intelligence;Embedded Finance;Working Capital,public,false,"Transaction data has become one of the most valuable assets in digital commerce, offering insights into customer behaviour, merchant performance, and growth opportunities. This session explores how fintechs and technology providers are leveraging merchant intelligence to build value-added services from embedded products and business insights to personalised customer engagement and payment acceptance to long-term growth and stronger customer relationships.",Anish Achuthan;Harsh Vardhan Masta;Kunal Rana;Soorraj VS,"Anish Achuthan, Co-founder and CEO, Open Financial Technologies;Harsh Vardhan Masta, CEO, PB Pay;Kunal Rana, Director, Merchant Partnerships, Google Pay;Soorraj VS, Managing Director & CEO, Benow (Cashless Technologies India Limited)",Sanjiv Purushotham,"Sanjiv Purushotham, Founder and CEO, Bridge Solutions L.L.C-FZ",active,,https://www.globalfintechfest.com/agenda,2026-08-12T13:58:49Z,3418a616-e3f1-4e0c-871a-e25dffec41ba,2026,6a7c768116afc6a8747c9a5c
A0827,"Beyond the Bureau Score: Are Alternative Data Models Actually Better, or Just Different?",2026-09-11,10:00,10:40,Hall 102,Panel Discussion,,,public,false,"Alternative data — UPI transaction patterns, GST filings, utility payments, AA-consented cash flows — has expanded who gets evaluated for credit, but has it actually improved who gets repaid? This session moves past adoption stories to interrogate portfolio performance: do alt-data cohorts show better vintage curves and lower NPAs over multiple credit cycles, or have lenders simply substituted one set of assumptions for another without enough data to know yet?",Abhishek Gandhi;Dipesh Karki;Nageen Kommu,"Abhishek Gandhi, Co-founder and Chief Business Officer, FatakPay Digital;Dipesh Karki, Co-Founder & CTO, LenDenClub;Nageen Kommu, CEO, Digitap AI",,,active,,https://www.globalfintechfest.com/agenda,2026-08-12T13:58:49Z,137149a8-c087-4fad-81a4-ee2cb3d883ee,2026,6a7c768116afc6a8747c9a59
A0829,Governance Frameworks for AI-Driven Insurance Decisions,2026-09-11,10:00,10:40,Lotus 1,Panel Discussion,"AI in Insurance, Governance Frameworks, Customer Protection",AI in Insurance;Governance Frameworks;Customer Protection,public,false,"As AI becomes more deeply embedded in underwriting, pricing, claims assessment and fraud detection, insurers must establish clear governance frameworks for accountability, transparency and oversight. This session will explore how insurance leaders can ensure that algorithmic decisions remain explainable, fair, auditable and aligned with customer protection. The discussion will examine regulatory expectations, data governance, human review, model validation and institutional responsibility in building trusted AI-driven insurance systems.",,,,,active,,https://www.globalfintechfest.com/agenda,2026-08-12T13:58:49Z,54e5f494-d3a2-432c-8512-b2426b3f9d89,2026,6a7c768116afc6a8747c9a5d
A0841,Compliance by Design: Embedding Governance into Financial Products,2026-09-11,10:00,10:40,Hall 205 A&B,Panel Discussion,"Compliance by Design, Product Governance, Consumer Protection",Compliance by Design;Product Governance;Consumer Protection,public,false,"As financial services become increasingly digital, compliance is shifting from a control function to a design principle. This session will explore how organisations are embedding privacy, consumer protection, fraud controls and regulatory requirements directly into product architecture and customer journeys.",Ajay Thomas John,"Ajay Thomas John, Chief Digital Officer , Shriram Capital",Deepak Mendiratta,"Deepak Mendiratta, Chief Executive Officer, PayU Finance, PayU Finance",active,,https://www.globalfintechfest.com/agenda,2026-08-12T13:58:49Z,070d2b4b-4093-4d1d-b56c-d70a83ac6379,2026,6a7c768116afc6a8747c9a5b
A0958,"The Politics of Money Movement: Sovereignty, Standards, and Global Finance",2026-09-11,10:00,10:40,Hall 204 A&B,Panel Discussion,,,public,false,"Domestic control versus global interoperability The strategic role of standards, messaging, and settlement infrastructure How geopolitics is reshaping payment architecture decisions",Shinichiro Nishikawa,"Shinichiro Nishikawa, Head of Global Payments Strategy & Transformation, NTT Data",,,active,,https://www.globalfintechfest.com/agenda,2026-08-12T13:58:49Z,35ea5444-3cc9-465c-b7c2-9f7b14a5312b,2026,6a7c768116afc6a8747c9a5a
A1017,From Products to Platforms: Rewriting the Future of Financial Services in India,2026-09-11,10:00,10:40,Lotus 2,Panel Discussion,"Platform Banking, Embedded Finance, Digital Ecosystems",Platform Banking;Embedded Finance;Digital Ecosystems,public,false,"This session will explore how financial institutions are evolving from standalone products to integrated, platform-driven ecosystems. Leaders will discuss the role of partnerships, APIs, and digital infrastructure in enabling seamless, embedded financial experiences. The conversation will highlight how this shift is reshaping customer engagement, innovation, and long-term competitiveness in India’s financial landscape.",Salila Pande,"Salila Pande, Managing Director & CEO, SBI Cards",,,active,,https://www.globalfintechfest.com/agenda,2026-08-12T13:58:49Z,79ee99a0-25f3-4bda-bfdb-1ab26b0f60c5,2026,6a7c768116afc6a8747c9a5e
A1073,From Retail to Businesses: Extending India's Digital Public Infrastructure to Enterprises,2026-09-11,10:30,11:00,The Grand Theatre,Fireside Chat,"Digital Public Infrastructure, Enterprise Payments, Bharat Connect",Digital Public Infrastructure;Enterprise Payments;Bharat Connect,public,false,"Explores how lessons from BBPS can be extended to enterprise use cases, enabling bill payments, collections, and workflows for Bharat Connect for Business through India’s Digital Public Infrastructure.",,,,,active,,https://www.globalfintechfest.com/agenda,2026-08-12T13:58:49Z,5ec43029-0b19-4c52-94fc-03628b4f9179,2026,6a7c768116afc6a8747c9a61
A0795,"Cheaper to Run, Not Cheaper to Fund: Confronting NBFC Lending's Unsolved Capital Cost Problem",2026-09-11,10:45,11:25,Lotus 1,Panel Discussion,"Cost of Capital, Digital Lending",Cost of Capital;Digital Lending,public,false,"A decade of digital lending innovation has reshaped underwriting, distribution, and servicing but the cost of capital that underpins the entire model remains largely untouched. This session brings together NBFC leaders to confront an uncomfortable question: if funding costs haven't moved despite all this efficiency, was the ""tech advantage"" ever really about cost or was it about access and speed alone?",Anupam Vasdani;Deepak Jain,"Anupam Vasdani, Group Chief Financial Officer, True Balance India;Deepak Jain, CEO & Co-Founder, FlexiLoans",Nirav Prajapati,"Nirav Prajapati, Co Founder, CEO, Ignosis AI",active,,https://www.globalfintechfest.com/agenda,2026-08-12T13:58:49Z,cd216733-36d6-4e22-bd7d-8df8d256ddd8,2026,6a7c768116afc6a8747c9a67
A0485,Trust by Design: Building Safe AI for Payments,2026-09-11,10:50,11:30,Lotus 3,Panel Discussion,,,public,false,"Explainability, auditability, and bias controls in AI systems How boards and regulators should evaluate AI risk Customer trust when financial decisions are increasingly machine-assisted",Kenneth Gay;Rahul Jain,"Kenneth Gay, Chief Fintech Officer, Monetary Authority of Singapore;Rahul Jain, CEO & Co-founder, Peach Payments",Anna Sheard,"Anna Sheard, Creative Director, Interledger Foundation",active,,https://www.globalfintechfest.com/agenda,2026-08-12T13:58:49Z,14ddc616-f736-473d-b163-78d2f1c45c9f,2026,6a7c768116afc6a8747c9a69
A0700,Trust Without Friction: Reinventing Fraud Prevention for the Digital Customer,2026-09-11,10:50,11:30,Lotus 2,Panel Discussion,,,public,false,"This session explores how AI-powered fraud intelligence is helping banks and payment players stay ahead of evolving threats while maintaining seamless customer experiences. It highlights the use of behavioral analytics, adaptive authentication, and real-time risk monitoring to detect fraud without increasing friction. The discussion focuses on building secure, customer-first digital ecosystems using technologies like tokenisation, biometrics, and predictive analytics.",Ravi Ranjan,"Ravi Ranjan, Managing Director (Risk, Compliance & SARG), State Bank of India",,,active,,https://www.globalfintechfest.com/agenda,2026-08-12T13:58:49Z,a51da273-c0b5-47c8-821b-4d2c59f8bd44,2026,6a7c768116afc6a8747c9a68
A0894,Knowledge Graphs + AI: The Next Intelligence Layer,2026-09-11,10:50,11:30,Hall 102,Panel Discussion,"Knowledge Graphs, AI Reasoning, Enterprise Intelligence",Knowledge Graphs;AI Reasoning;Enterprise Intelligence,public,false,"Knowledge graphs and AI are creating a new intelligence layer for financial services by connecting data, relationships and context across complex enterprise systems. This technical session will explore how graph databases and language models can work together to improve reasoning, decision-making, fraud detection, customer intelligence, risk management and compliance. The discussion will examine architecture patterns, data modelling, entity resolution, explainability and governance requirements for deploying graph-powered AI in regulated environments.",Neeraj Matiyani;V Balasubramanian;Shashank Saxena,"Neeraj Matiyani, Head of India, DevRev;V Balasubramanian, Chief Executive Officer, FSS;Shashank Saxena, Founder and CEO, WhyMinds AI",,,active,,https://www.globalfintechfest.com/agenda,2026-08-12T13:58:49Z,5c03dfcd-3150-4591-8df9-d6bebf185fa7,2026,6a7c768116afc6a8747c9a62
A0920,Bridging Gaps in Global E-Commerce with New-age Solutions to support small businesses,2026-09-11,10:50,11:30,Hall 204 A&B,Panel Discussion,"Global E-Commerce, MSME Exports, Cross-Border Trade",Global E-Commerce;MSME Exports;Cross-Border Trade,public,false,Breaking down digital barriers for small businesses to access global markets. Standardizing the goods and payments sides of cross-border trade.,Frances Choo;Madhu Menon V P;Shergeran Roberto Naidoo,"Frances Choo, Group Head - Products & Partnerships, NTT DATA Payment Services;Madhu Menon V P, Managing Director, Global Head of SC PrismFX Sales, Standard Chartered Bank;Shergeran Roberto Naidoo, Head of Stakeholder Engagement, PayInc",,,active,,https://www.globalfintechfest.com/agenda,2026-08-12T13:58:49Z,a0e2dcfa-b228-4a1f-9a3f-c4739a3fc335,2026,6a7c768116afc6a8747c9a64
A0967,How Offline Verification is Reshaping Tomorrow - Stakeholders meet with Offline Verification Seeking Entities (OVSEs),2026-09-11,10:50,11:30,Hall 205 A&B,Panel Discussion,"Offline Verification, Digital Identity, Privacy & Trust",Offline Verification;Digital Identity;Privacy & Trust,public,false,"Offline verification is emerging as a critical layer for trusted, privacy-preserving and low-friction digital interactions. This session will bring together UIDAI and Offline Verification Seeking Entities to discuss how offline verification can support secure onboarding, reduce dependency on live connectivity, protect user consent and enable wider adoption across financial services and digital ecosystems. The discussion will examine operating models, compliance expectations, technical readiness, ecosystem collaboration and the role of offline verification in building scalable trust infrastructure.",,,Akshay Yadava,"Akshay Yadava, Director , Unique Identification Authority of India , MeITY",active,,https://www.globalfintechfest.com/agenda,2026-08-12T13:58:49Z,bc705396-8ab2-442b-801a-73a5ae1a8c3b,2026,6a7c768116afc6a8747c9a65
A1014,"Cross‑Border at Scale: Re‑Engineering India's Forex Payments for Speed, Compliance, and Trust",2026-09-11,10:50,11:30,Hall 206 A&B,Panel Discussion,"Cross-Border Payments, Payment Modernization",Cross-Border Payments;Payment Modernization,public,false,"Discusses modernising cross‑border and forex payment rails through automation, real‑time compliance checks, and intelligent routing to deliver faster, more transparent, and trusted global transactions.",Anuradha Bhatia,"Anuradha Bhatia, CTO, Standard Chartered",,,active,,https://www.globalfintechfest.com/agenda,2026-08-12T13:58:49Z,15526630-f2a2-429a-9c01-7c01d9c0261b,2026,6a7c768116afc6a8747c9a66
A1127,From Collateral to Intelligence: The Future of Credit in a Digital Economy,2026-09-11,10:50,11:30,Hall 202,Panel Discussion,"Gold Finance, Credit Innovation, Financial Inclusion",Gold Finance;Credit Innovation;Financial Inclusion,public,false,"The future of lending will be shaped by the convergence of trusted collateral, intelligent risk assessment and digital financial infrastructure. As AI transforms underwriting, servicing and portfolio management, lenders are creating new pathways to credit across gold loans, MSME finance, secured lending and unsecured consumer credit. This session explores how innovation can expand access while preserving trust, resilience and financial stability.",Naveen Kumar Kottala;Vivek Agarwal,"Naveen Kumar Kottala, Chief Executive Officer, Finkurve;Vivek Agarwal, Cofounder & CTO, Square Yards",,,active,,https://www.globalfintechfest.com/agenda,2026-08-12T13:58:49Z,51f772c4-f1c1-423b-8cd5-1ba72d9e7a14,2026,6a7c768116afc6a8747c9a63
A0651,India's Intelligent Highway: Tolling and the agentic future of Mobility Finance,2026-09-11,11:00,11:40,Jasmine 3,Keynote Address,"Intelligent Transport, Digital Payments, Mobility",Intelligent Transport;Digital Payments;Mobility,public,false,"AI-driven, autonomous systems are transforming tolling and mobility payments into seamless, real-time financial experiences. This session highlights the convergence of infrastructure, payments, and intelligence to enable frictionless transit, smarter revenue models, and scalable mobility ecosystems for the future.",Nitin Gadkari,"Nitin Gadkari, Hon'ble Minister for Roads Transport & Highways, Government of India",,,active,,https://www.globalfintechfest.com/agenda,2026-08-12T13:58:49Z,04433e87-cc96-4719-87fc-af461fc77ca0,2026,6a7c768116afc6a8747c9a6a
A0880,"Privacy-Preserving Innovation: DPDP Act, Synthetic Data and the Future of Financial Services",2026-09-11,11:10,11:50,The Studio,Panel Discussion,"Synthetic Data, Privacy-Preserving AI, Financial Innovation",Synthetic Data;Privacy-Preserving AI;Financial Innovation,public,false,"As data protection requirements evolve, financial institutions are exploring privacy-preserving approaches such as synthetic data, federated learning and secure data-sharing models to support innovation without compromising customer privacy. This session will examine how these technologies can enable AI development, risk modelling, fraud simulation and product testing in a DPDP-compliant manner, while addressing questions of data quality, governance, accountability and regulatory oversight.",Sanket Nayak;Fred Bruggink,"Sanket Nayak, Co-Founder, Digio;Fred Bruggink, VP, Commercial, Tala",Rohan Bagai,"Rohan Bagai, Senior Partner, AZB & Partners",active,,https://www.globalfintechfest.com/agenda,2026-08-12T13:58:49Z,36ff33f6-5997-4c43-bc81-daae7d77d1ed,2026,6a7c768116afc6a8747c9a6b
A0831,End-to-End AI in Credit: Faster Underwriting & Smarter Collections,2026-09-11,11:30,12:10,Lotus 1,Panel Discussion,"AI Lending, Smart Underwriting, Intelligent Collections",AI Lending;Smart Underwriting;Intelligent Collections,public,false,"End-to-end AI in credit leverages advanced analytics and automation across the entire lending lifecycle from underwriting to collections. It enables faster, more accurate credit decisions and improves risk assessment using real-time data. Additionally, AI-driven collections enhance recovery rates through predictive insights and personalized borrower engagement.",Amitava Chatterjee;Rajneesh Karnatak,"Amitava Chatterjee, Managing Director & CEO, J&K Bank;Rajneesh Karnatak, Managing Director & CEO, Bank of India",Bhavin Patel,"Bhavin Patel, CEO & Co-Founder, LenDenClub",active,,https://www.globalfintechfest.com/agenda,2026-08-12T13:58:49Z,f831ce58-056d-435e-9eab-25c898088e30,2026,6a7c768116afc6a8747c9a6e
A1142,Graph AI for Real-Time Fraud Detection: Building Intelligent Financial Networks,2026-09-11,11:30,12:10,Cube,Masterclass,"Graph AI, Fraud Detection, Mule Networks",Graph AI;Fraud Detection;Mule Networks,public,false,"As fraud networks become increasingly sophisticated, Graph AI is transforming the way financial institutions detect and disrupt illicit activity in real time. This masterclass will explore how Graph Neural Networks (GNNs) uncover hidden relationships between accounts, identify mule networks and fraud rings, and strengthen AML and fraud detection through real-time risk analytics. Participants will gain practical insights into building intelligent financial networks that improve detection accuracy, reduce false positives, and enable proactive financial crime prevention.",Disha Dubey,"Disha Dubey, Senior AI Engineer, NVIDIA",,,active,,https://www.globalfintechfest.com/agenda,2026-08-12T13:58:49Z,83c888cc-393f-4381-a636-2c076f28d40e,2026,6a7c768116afc6a8747c9a6c
A1148,Future of Tokenization,2026-09-11,11:30,12:10,Hall 103,Masterclass,"Tokenization, AI Security, Digital Trust",Tokenization;AI Security;Digital Trust,public,false,"How willTokenization is emerging as a foundational technology for securing digital transactions, protecting sensitive data, and enabling trusted digital experiences. As AI becomes increasingly embedded in financial services, the role of tokenization is expanding beyond payments to identity, authentication, data privacy, and intelligent transaction security. This masterclass will explore how tokenization is evolving in the age of AI, the technologies driving its next phase, and its role in building secure, scalable, and privacy-preserving financial ecosystems. tokenization evolve in the age of AI ?",,,,,active,,https://www.globalfintechfest.com/agenda,2026-08-12T13:58:49Z,4e61cf1b-270e-4531-9bbc-d00b25814a04,2026,6a7c768116afc6a8747c9a6d
A0487,AI in Asset Management: From Portfolio Construction to Investor Engagement,2026-09-11,11:40,12:20,Lotus 3,Panel Discussion,"AI in Asset Management, Investor Engagement, Risk Analytics",AI in Asset Management;Investor Engagement;Risk Analytics,public,false,"AI is reshaping asset management across the investment value chain, from portfolio construction and risk analytics to research, distribution and personalised investor engagement. This session will explore how asset managers can use AI to improve decision-making, enhance investor journeys, strengthen risk management and scale advisory models responsibly. The discussion will also examine regulatory implications around transparency, explainability, suitability, data governance and investor protection as AI becomes increasingly embedded in capital markets.",Deepak Shenoy;Akshay Sapru;Pravin Jadhav;Gaurav Mathur,"Deepak Shenoy, Founder & CEO, Capitalmind Mutual Fund;Akshay Sapru, Group CEO, FundsIndia;Pravin Jadhav, Founder, Raise;Gaurav Mathur, Founder and CEO, Digital Gold India",,,active,,https://www.globalfintechfest.com/agenda,2026-08-12T13:58:49Z,46cda377-985e-46f2-91c7-27b6b569f941,2026,6a7c768116afc6a8747c9a75
A0668,Trusted. Connected. Compliant: Enabling the Future of Cross-Border Finance,2026-09-11,11:40,12:20,Hall 204 A&B,Panel Discussion,"Cross-Border Finance, Compliance, Digital Identity",Cross-Border Finance;Compliance;Digital Identity,public,false,"Creating standardized, cross-border digital identity credentials (like the Universal Trusted Credential). Navigating different regional privacy frameworks while fighting illicit finance.",Mattia Musetti,"Mattia Musetti, Head of Business Development, Luxembourg for Finance",,,active,,https://www.globalfintechfest.com/agenda,2026-08-12T13:58:49Z,e36b7050-0c57-45a8-beb4-b5935125efc2,2026,6a7c768116afc6a8747c9a71
A0698,India's Digital Banking Revolution: Balancing Innovation & Trust,2026-09-11,11:40,12:20,Hall 205 A&B,Panel Discussion,"Digital Banking, Trusted AI, Cyber Resilience",Digital Banking;Trusted AI;Cyber Resilience,public,false,"As digital banking and AI accelerate, we stand at the forefront of a financial transformation. But with AI-driven automation, deepfake threats, and hyper-personalized services, how do banks strike the right balance between innovation and security",Paritosh Kashyap;Sandeep Batra;Subrat Mohanty;Vikram Sahu,"Paritosh Kashyap, Executive Director, Kotak Mahindra Bank;Sandeep Batra, Managing Director - Wealth & Personal Banking, Hongkong & Shanghai Banking Corporation;Subrat Mohanty, Executive Director, Axis Bank;Vikram Sahu, CEO & Country Executive, Bank of America",Sriram Venkateswaran,"Sriram Venkateswaran, Director (Engineering), Google",active,,https://www.globalfintechfest.com/agenda,2026-08-12T13:58:49Z,9ad89266-4a7c-4e0a-8029-14f94b1f14f0,2026,6a7c768116afc6a8747c9a72
A0738,"Building Compliant, Scalable Businesses with Evolving Regulations",2026-09-11,11:40,12:20,Hall 206 A&B,Panel Discussion,"Payment Aggregators, Compliance & Governance",Payment Aggregators;Compliance & Governance,public,false,"India's Payment ecosystem is entering a new phase as the with a unified framework for online, physical, and cross-border payment aggregation. As compliance expectations evolve beyond licensing to continuous governance, aggregators must build resilient operating models that combine streamlined merchant onboarding, robust risk management, intelligent fraud controls, secure escrow operations, and scalable compliance. This session explores how payment companies are transforming regulatory requirements into a competitive advantage while preparing for the next generation of digital commerce through stronger governance, operational resilience, and trusted payment infrastructure.",Amit Kumar;Vaibhav Tambe;Narendra Babu,"Amit Kumar, CTO & Executive Director, Easebuzz;Vaibhav Tambe, CEO and Co-Founder, TBX;Narendra Babu, Cheif Technology Officer, PayU Payments",,,active,,https://www.globalfintechfest.com/agenda,2026-08-12T13:58:49Z,17bf1af3-f9f2-4a0b-88b8-59b632e5e140,2026,6a7c768116afc6a8747c9a73
A1007,Tokenisation of Small Savings Instruments & Gold: Unlocking Liquidity for Bharat,2026-09-11,11:40,12:20,Lotus 2,Panel Discussion,,,public,false,"Small savings instruments remain a trusted store of value for millions, yet they are largely illiquid and underleveraged. This panel explores how tokenisation can transform instruments like KVP, NSC, and PPF into digitally tradable, collateralizable assets. By integrating with fintech and digital public infrastructure, tokenisation can unlock credit access, enhance liquidity, and deepen financial inclusion—while addressing regulatory, security, and investor protection considerations for scalable adoption.",,,,,active,,https://www.globalfintechfest.com/agenda,2026-08-12T13:58:49Z,2ed68a40-72df-4eb0-8389-eada5f0136db,2026,6a7c768116afc6a8747c9a74
A1018,From POCs to Profit: Scaling AI Innovation for Enterprise Value,2026-09-11,11:40,12:20,Hall 202,Panel Discussion,"Enterprise AI, AI at Scale, Business Value",Enterprise AI;AI at Scale;Business Value,public,false,"This session explores how organizations can move beyond pilot AI projects to deliver measurable business impact at scale. It focuses on overcoming challenges in integration, governance, and ROI tracking to turn innovation into sustainable value. Leaders will share strategies for embedding AI across core operations and aligning it with business goals. The discussion highlights how to drive enterprise-wide adoption while ensuring efficiency, profitability, and long-term success.",Joydeep Dutta Roy;Saravanakumar A,"Joydeep Dutta Roy, Executive Director, Indian Overseas Bank;Saravanakumar A, Managing Director & CEO, BOBCARD",,,active,,https://www.globalfintechfest.com/agenda,2026-08-12T13:58:49Z,a04acb62-6e44-4d8d-b30d-18732bea2ab9,2026,6a7c768116afc6a8747c9a70
A1034,Cyber Secure Finance: Building Trust in India's Digital Economy,2026-09-11,11:40,12:20,Hall 102,Panel Discussion,Policy,Policy,public,false,,Aditya Singh;Balaji Koustubha,"Aditya Singh, Chief Executive Officer, TapFin;Balaji Koustubha, Founder and CEO, CredResolve",,,active,,https://www.globalfintechfest.com/agenda,2026-08-12T13:58:49Z,92b8af43-db0b-4bc1-8349-4834fd6d3afa,2026,6a7c768116afc6a8747c9a6f
A0291,Building the Foundations of a Developed India,2026-09-11,11:45,12:15,Jasmine 3,Keynote Address,"Viksit Bharat, Policy & Innovation, Inclusive Growth",Viksit Bharat;Policy & Innovation;Inclusive Growth,public,false,"The journey towards Viksit Bharat requires resilient institutions, trusted infrastructure, and continuous innovation. This keynote will explore the role of government, industry, and technology in creating the foundations for sustained economic prosperity and inclusive growth.",,,,,active,,https://www.globalfintechfest.com/agenda,2026-08-12T13:58:49Z,ea5568a5-c3a7-418c-82a5-874dae55eb57,2026,6a7c768116afc6a8747c9a76
A0857,"Shaping the Next Wave— How Industry, Research and Regulation are Evolving Together",2026-09-11,12:00,12:45,The Studio,Panel Discussion,"Collaborative Innovation, Research Ecosystem, Responsible Innovation",Collaborative Innovation;Research Ecosystem;Responsible Innovation,public,false,"This discussion will explore how partnerships between accelerators, innovation labs, research institutions, and industry have evolved over the past five years, what distinguishes successful fintech-academia collaborations from those that fall short, and how emerging technologies such as agentic AI, tokenisation, and privacy-preserving computation are transitioning from research to real-world financial applications. The panel will also discuss the unresolved challenges that industry and ecosystem builders must tackle together, as well as the role of regulators in enabling an environment where applied innovation can scale responsibly, securely, and with meaningful impact.",Rajappa Tadepalli,"Rajappa Tadepalli, CEO, ASPIRE - IITB Research Park Foundation",Tim Mathews,"Tim Mathews, Co-Founder & CEO, Finsall",active,,https://www.globalfintechfest.com/agenda,2026-08-12T13:58:49Z,d9f8c5c2-4a99-46ab-99ea-2b85bb4194cb,2026,6a7c768116afc6a8747c9a77
A1144,Masterclass by Sarvam AI,2026-09-11,12:15,12:55,Cube,Masterclass,"Generative AI, AI Agents, Enterprise AI",Generative AI;AI Agents;Enterprise AI,public,false,"Generative AI is redefining how financial institutions build products, engage customers, and automate operations. This masterclass by Sarvam AI will explore the next frontier of enterprise AI, with a focus on multilingual large language models, AI agents, and domain-specific AI applications for banking and financial services. Participants will gain practical insights into building secure, scalable, and responsible AI solutions that enhance customer experiences, improve productivity, and accelerate innovation across India's financial ecosystem.",,,,,active,,https://www.globalfintechfest.com/agenda,2026-08-12T13:58:49Z,7ec94bd4-f0dd-4e77-9338-4033a2c20031,2026,6a7c768116afc6a8747c9a78
A1149,Cryptography based on Hardness of Lattices,2026-09-11,12:15,12:55,Hall 103,Masterclass,"Cryptography, Quantum Threat",Cryptography;Quantum Threat,public,false,"This masterclass will introduce the fundamentals of lattice-based cryptography and its role in developing secure systems for the post-quantum era. The session will explore the mathematical foundations of hard lattice problems, their application in modern cryptographic schemes, and why lattice-based approaches are emerging as a promising foundation for securing digital infrastructure against future quantum threats.",,,,,active,,https://www.globalfintechfest.com/agenda,2026-08-12T13:58:49Z,663033c9-9f76-41c9-b8f5-6ec8e9ac868a,2026,6a7c768116afc6a8747c9a79
A1156,Showcase of Tech Initiatives in Securities Market SEBI,2026-09-11,12:15,12:55,Lotus 1,Technology Showcase,"Market Innovation, SupTech, Investor Protection",Market Innovation;SupTech;Investor Protection,public,false,"The Securities and Exchange Board of India (SEBI) has been driving technology-led transformation to strengthen market integrity, improve investor protection, and enhance regulatory efficiency. This showcase will present key technology initiatives that are modernizing India's securities markets, including innovations in market infrastructure, supervisory technology (SupTech), digital onboarding, surveillance, data analytics, and investor services. The session will highlight how technology is building more transparent, resilient, and efficient capital markets.",,,,,active,,https://www.globalfintechfest.com/agenda,2026-08-12T13:58:49Z,9084af8e-f922-44c0-845e-dde1e48036e8,2026,6a7c768116afc6a8747c99cf
A0756,"Tap, Token, Transact: Building the Future of Intelligent Merchant Payments",2026-09-11,12:30,13:10,Hall 205 A&B,Panel Discussion,"payment infrastructure, Payment Aggregators",payment infrastructure;Payment Aggregators,public,false,"As digital commerce accelerates, merchant payments are evolving beyond transaction processing into intelligent, secure, and seamless payment experiences. AI-powered payment orchestration, tokenisation, intelligent authentication, NFC and offline payments, and unified merchant acceptance are enabling businesses to deliver frictionless checkout across online and offline channels. As payment networks, fintechs, acquirers, gateway providers, and identity technology leaders collaborate to modernise merchant infrastructure, the next generation of growth will be driven by higher authorization rates, lower fraud, smarter routing, and unified commerce experiences. This session explores how innovations in merchant acceptance, payment orchestration, tokenisation, AI, and resilient payment infrastructure are redefining the future of intelligent merchant payments.",Ishan Sharma;Mannoj Varma;Rahul Ayyappan;Shobhit Mehra,"Ishan Sharma, Head of Sales and Business Development, Juspay Technologies;Mannoj Varma, Director, Lyra Network;Rahul Ayyappan, Co-founder & CTO, Finacus Solutions;Shobhit Mehra, Founder & CEO, BoxPay",Kumar Abhishek,"Kumar Abhishek, Founder & CEO, ToneTag",active,,https://www.globalfintechfest.com/agenda,2026-08-12T13:58:49Z,8f8af8d2-b0b5-4ce4-a611-28ddb16af6d5,2026,6a7c768116afc6a8747c9a7d
A0989,Overcoming the Digital Divide: Reducing Cash Dependence,2026-09-11,12:30,13:10,Hall 204 A&B,Panel Discussion,,,public,false,,Praveen Regmi,"Praveen Regmi, Chief Executive Officer, IME Khalti",,,active,,https://www.globalfintechfest.com/agenda,2026-08-12T13:58:49Z,99a3ae58-1b84-4c0f-b9a0-a54128b9c33a,2026,6a7c768116afc6a8747c9a7c
A0993,Vernacular AI: Breaking Language Barriers in Digital Payments,2026-09-11,12:30,13:10,Lotus 3,Panel Discussion,,,public,false,Using datasets like BhashaDaan to train voice-to-text payment systems. Implementing AI translation models across diverse linguistic regions like South America and Africa.,Javier Salinas;Sharad Gulhar,"Javier Salinas, President, Fintech Association of Peru;Sharad Gulhar, Executive Vice President, SEA, Pine Labs",,,active,,https://www.globalfintechfest.com/agenda,2026-08-12T13:58:49Z,58f1cd71-093d-412b-a157-299936033376,2026,6a7c768116afc6a8747c9a7e
A1130,"Building the Financial System of the Future: Trusted, Connected and Resilient",2026-09-11,12:30,13:00,The Grand Theatre,Fireside Chat,"Cross-Border Trust, Trust & Technology, Financial Systems",Cross-Border Trust;Trust & Technology;Financial Systems,public,false,"Very closely aligned with the GFF2026 narrative and gives him room to cover AI, payments, infrastructure, cyber resilience and regulation.",,,,,active,,https://www.globalfintechfest.com/agenda,2026-08-12T13:58:49Z,cfab564d-766f-44e8-bb14-0773a8b93e42,2026,6a7c768116afc6a8747c9a7f
A1131,From Access to Outcomes: The Next Chapter of WealthTech,2026-09-11,12:30,13:10,Hall 202,Panel Discussion,"WealthTech, Investor Outcomes, AI Investing",WealthTech;Investor Outcomes;AI Investing,public,false,"India's investment revolution has brought millions of first-time investors into formal financial markets. As the ecosystem matures, the focus is shifting from access and distribution to helping investors achieve better financial outcomes. This session explores how WealthTech platforms are leveraging technology, data, AI and personalised advice to drive long-term wealth creation, improve investor behaviour and build trust at scale",Viram Shah;Aditya Agarwal;Biju Raj;Manish Hingar,"Viram Shah, Founder & CEO, Vested Finance;Aditya Agarwal, Co-founder, Wealthy.in;Biju Raj, COO and Head of Strategy, Broadridge Financial Solutions;Manish Hingar, Founder & CEO, Fintoo",,,active,,https://www.globalfintechfest.com/agenda,2026-08-12T13:58:49Z,5ca212a1-f926-496c-bc22-094498f8a90a,2026,6a7c768116afc6a8747c9a7b
A0833,Agentic Collections: Can AI-Powered Agents Recover Debt Without Repeating the Industry's Past Mistakes?,2026-09-11,13:00,13:40,Lotus 1,Panel Discussion,"Agentic Collections, Responsible Lending, Customer Protection",Agentic Collections;Responsible Lending;Customer Protection,public,false,"AI-powered collections agents are opening new possibilities for borrower engagement through smarter reminders, personalised servicing and more structured negotiation journeys. This session will examine whether automation can improve recoveries while avoiding legacy concerns around harassment, opacity and poor customer treatment. The discussion will focus on compliance, accountability, consent, auditability, human oversight and borrower dignity as lenders build responsible AI-led collections models.",Varun Khullar,"Varun Khullar, Chief Revenue Officer, Yubi",,,active,,https://www.globalfintechfest.com/agenda,2026-08-12T13:58:49Z,7f1dcc35-3d5f-4a85-bdbe-1684021baa73,2026,6a7c768116afc6a8747c9a85
A0813,"Building the Future of Money: Resilience, Innovation and Public Trust",2026-09-11,13:10,13:40,The Grand Theatre,Fireside Chat,,,invite-only,true,"This fireside chat will bring together perspectives from the central banks of two leading global economies to discuss the future of money and the evolving financial landscape. The conversation will explore how policymakers are balancing innovation, financial resilience and public trust, while deliberating on the role of emerging technologies, regulatory frameworks and international cooperation in building secure, inclusive and future-ready financial systems.",,,Rajiv Anand,"Rajiv Anand, Managing Director & CEO, IndusInd Bank",active,,https://www.globalfintechfest.com/agenda,2026-08-12T13:58:49Z,804cde1f-80a2-474a-b15e-d4824b360fab,2026,6a7c768116afc6a8747c9a80
A1216,From Aspiration to Global Leadership: The Strategic Roadmap for GIFT City,2026-09-11,13:15,14:15,Hall 104 A&B,Closed Room Session,"GIFT City, International Financial Services, Global Financial Leadership",GIFT City;International Financial Services;Global Financial Leadership,invite-only,true,"As India positions itself as a leading global financial hub, GIFT City is emerging as a strategic gateway for international finance, innovation, and cross-border capital flows. This exclusive closed-door roundtable, jointly organised by GIFT City and NITI Aayog at Global FinTech Fest 2026, will convene a select group of policymakers, regulators, financial institutions, fintech leaders, investors, and industry experts to discuss the next phase of GIFT City's evolution. The dialogue will focus on strengthening India's international financial services ecosystem, enhancing global competitiveness, accelerating innovation, attracting international capital, and shaping a long-term strategic roadmap that positions GIFT City among the world's leading financial centres.",,,,,active,,https://www.globalfintechfest.com/agenda,2026-08-12T13:58:49Z,c128d348-4d18-4c16-8bcb-45debb1c5082,2026,6a7c768116afc6a8747c9a81
A0760,"Intelligent Payments Operations: AI, Automation and the Future of Payment Reliability",2026-09-11,13:20,14:00,Hall 205 A&B,Panel Discussion,"Intelligent Reconciliation, Dispute Resolution, Payment Reliability",Intelligent Reconciliation;Dispute Resolution;Payment Reliability,public,false,"As digital payment volumes continue to grow, payment providers are leveraging AI, automation, intelligent reconciliation, and resilient payment infrastructure to deliver reliable, secure, and seamless payment experiences. This session explores how technology is transforming payment operations—from merchant servicing and payment processing to dispute management and operational resilience—to build trust across the digital payments ecosystem.",Vasanth Jeyapaul;Maulik Joshi;Girish Pandey,"Vasanth Jeyapaul, Chief Executive Officer, CAMSPay;Maulik Joshi, Managing Director & CEO, Paynext Pvt Ltd;Girish Pandey, Director - Product Management, Meta",Debiprasad Sarangi,"Debiprasad Sarangi, Chief Executive Officer, IServeU Techonologies",active,,https://www.globalfintechfest.com/agenda,2026-08-12T13:58:49Z,4a492c89-c314-47a6-8afb-3aafe2d84b1c,2026,6a7c768116afc6a8747c9a83
A0770,Intelligent Credit Management: From Risk Monitoring to Debt Resolution,2026-09-11,13:20,14:00,Hall 206 A&B,Panel Discussion,,,public,false,"This theme explores how advanced analytics, AI, and data-driven insights are transforming credit lifecycle management. It focuses on proactive risk monitoring, early warning systems, and personalized engagement strategies to minimize defaults. By integrating automation with smarter collections, lenders can enhance recovery rates while improving customer experience. Ultimately, it enables a seamless transition from risk identification to efficient and ethical debt resolution.",Lizzie Chapman;Pankaj Dinesh Gadgil;Sudipto Nag;Bipin Preet Preet Singh,"Lizzie Chapman, Co-founder, Baysys;Pankaj Dinesh Gadgil, MD & CEO, Aditya Birla Housing Finance;Sudipto Nag, Group Head & Chief Credit Officer, Axis Bank;Bipin Preet Preet Singh, Co-Founder, MD and CEO, MobiKwik",,,active,,https://www.globalfintechfest.com/agenda,2026-08-12T13:58:49Z,640a98d8-e4fe-42c5-92e0-65129ff22673,2026,6a7c768116afc6a8747c9a84
A0991,"Verification, Authentication, and the Future of Secure Payments",2026-09-11,13:20,14:00,Hall 204 A&B,Panel Discussion,,,public,false,"Verification of payee, biometrics, device intelligence, and digital IDs Customer friction versus fraud reduction What “good authentication” should look like in real time",RAJEEV HASNAH,"RAJEEV HASNAH, FIRST DEPUTY GOVERNOR, BANK OF MAURITIUS",,,active,,https://www.globalfintechfest.com/agenda,2026-08-12T13:58:49Z,b323a6eb-bf5c-4dc6-a82c-4f276769ac25,2026,6a7c768116afc6a8747c9a82
A1006,From Ind (IA → AI) Stack: Powering the Next Era of Digital Governance,2026-09-11,13:20,14:00,Lotus 3,Panel Discussion,"AI Governance, Digital Public Infrastructure",AI Governance;Digital Public Infrastructure,public,false,"India’s digital public infrastructure has transformed service delivery at scale; the next frontier lies in embedding AI into governance systems. This panel brings together leaders from MeitY, State Government AI teams and fintechs to explore how AI can enhance decision-making, automate workflows, and enable predictive, citizen-centric services. The discussion will examine data governance, interoperability, trust frameworks, and public-private collaboration required to build a secure, inclusive, and scalable AI-powered governance ecosystem.",Nitin Bhatnagar,"Nitin Bhatnagar, Regional Director - India, South Asia and Middle East, PCI Security Standards Council",,,active,,https://www.globalfintechfest.com/agenda,2026-08-12T13:58:49Z,25d70c0e-e43f-4ee5-aadf-b9bdb9eddc56,2026,6a7c768116afc6a8747c9a87
A1015,Frictionless Customer Onboarding with AI,2026-09-11,13:20,14:00,Lotus 2,Panel Discussion,"AI Onboarding, Digital KYC, Identity Verification",AI Onboarding;Digital KYC;Identity Verification,public,false,"This panel explores how banks are leveraging AI to simplify and accelerate customer onboarding while ensuring compliance and security. It covers innovations in digital KYC, identity verification, and real-time risk assessment that reduce drop-offs and enhance user experience. Bankers will share strategies to balance speed with regulatory requirements and fraud prevention. The discussion highlights how seamless onboarding can drive customer acquisition and long-term engagement.",Balaji Narayanamurthy;Indraneel Ajitkumar Pandit,"Balaji Narayanamurthy, Chief Data Officer, IndusInd Bank;Indraneel Ajitkumar Pandit, Chief Digital Officer, The Federal Bank",Krishna Bhyravajosyula,"Krishna Bhyravajosyula, Chief Product Officer, Perfios Software Solutions",active,,https://www.globalfintechfest.com/agenda,2026-08-12T13:58:49Z,c933c793-0c51-40d4-bec7-1631317ce5cc,2026,6a7c768116afc6a8747c9a86
A0515,Building Agentic AI Solutions for the Next Generation of Banking,2026-09-11,13:30,14:30,Hall 103,Hackathon,"Agentic AI, Banking Innovation, AI Hackathon",Agentic AI;Banking Innovation;AI Hackathon,invite-only,true,"The future of banking will be powered by intelligent AI agents capable of autonomously assisting customers, streamlining operations, and delivering hyper-personalized financial experiences. This hackathon, hosted by the State Bank of India, invites fintechs and startups to build next-generation Agentic AI solutions that reimagine customer acquisition, digital onboarding, engagement, servicing, and financial advisory. Participants will showcase innovative, scalable solutions that enhance customer experience, improve operational efficiency, and accelerate AI-led transformation in banking.",,,,,active,,https://www.globalfintechfest.com/agenda,2026-08-12T13:58:49Z,94bb03bf-2384-4d17-b9ff-1e4c57e30be4,2026,6a7c768116afc6a8747c9a88
A0835,AI-Powered Early Warning Systems: Protecting Portfolios & Driving Growth,2026-09-11,13:45,14:25,Lotus 1,Panel Discussion,"Credit Intelligence, Early Warning",Credit Intelligence;Early Warning,public,false,"This session explores how AI-powered early warning systems are transforming credit risk management by enabling timely detection of borrower stress. It highlights the use of transaction data, cash-flow analytics, and predictive models to drive proactive interventions. The discussion focuses on balancing risk mitigation with responsible lending, while ensuring trust, governance, and customer-centricity.",Murali Mohan Rao Manduva;Sanjeevan Nikhar,"Murali Mohan Rao Manduva, Chief Technology Officer, DCB Bank;Sanjeevan Nikhar, GCCO- Chief General Manager, Punjab National Bank",,,active,,https://www.globalfintechfest.com/agenda,2026-08-12T13:58:49Z,c8808f3e-a13f-4490-8a27-851855a6f0c3,2026,6a7c768116afc6a8747c9a8d
A1133,Trusted Innovation: Shaping the Future of Finance,2026-09-11,13:45,14:15,Jasmine 3,Keynote Address,,,public,false,"As India's financial ecosystem enters its next phase of growth, trust, innovation, and resilience will be the cornerstones of sustainable progress. This keynote explores how collaborative regulation, digital public infrastructure, and responsible innovation are shaping the future of a secure, inclusive, and globally competitive financial ecosystem.",,,,,active,,https://www.globalfintechfest.com/agenda,2026-08-12T13:58:49Z,0304f632-3b5a-413c-8647-f84e8e8626a4,2026,6a7c768116afc6a8747c9a89
A0493,"Shared Intelligence, Zero Data Exposure: Reinventing AI Collaboration in Banking",2026-09-11,14:10,14:50,Lotus 3,Panel Discussion,,,public,false,"Unlocking shared intelligence across banks and partners while preserving data ownership. Use cases where banks, fintechs, and networks collaborate to solve industry‑wide challenges",Anand Agarwal;Avinash Raghavendra;Mahesh Ramamoorthy,"Anand Agarwal, Executive Director, Head - Cash Product, India, Standard Chartered Bank;Avinash Raghavendra, President & CIO, Axis Bank;Mahesh Ramamoorthy, Chief Information Officer, YES Bank",George Sam,"George Sam, Co-founder & Business Head, Mindgate Solutions",active,,https://www.globalfintechfest.com/agenda,2026-08-12T13:58:49Z,cd9c2df2-eecd-4ed6-9c64-f7c653501db6,2026,6a7c768116afc6a8747c9a8f
A0764,From Payments to Credit: How AI is Transforming Lending Inside Digital Ecosystems,2026-09-11,14:10,14:50,Hall 205 A&B,Panel Discussion,"Embedded Lending, AI Credit, Digital Ecosystems",Embedded Lending;AI Credit;Digital Ecosystems,public,false,"AI-driven lending is transforming payments platforms and digital ecosystems into intelligent credit distribution networks. This session explores how transaction data, real-time decisioning, and embedded financial journeys are enabling faster, more contextual, and scalable lending while balancing trust, risk, and financial inclusion.",Akshay Mehrotra;Hitesh Sethia;Rajesh Saxena;Raul Rebello,"Akshay Mehrotra, MD & Group CEO, Fibe;Hitesh Sethia, Managing Director and Chief Executive Officer, JioFinance;Rajesh Saxena, CEO, Consumer Banking, Intellect Design Arena;Raul Rebello, CEO & MD, Mahindra & Mahindra Financial Services",Sandeep Ghule,"Sandeep Ghule, Co-founder, Credilio Financial Technologies",active,,https://www.globalfintechfest.com/agenda,2026-08-12T13:58:49Z,03c5b880-aec7-4402-bcfc-1d2de9d47230,2026,6a7c768116afc6a8747c9a8b
A1013,The Autonomous Layer in India Stack: How AI Powers the Next B2B Commerce Rail,2026-09-11,14:10,14:50,Lotus 2,Panel Discussion,,,public,false,"Examines the emergence of an autonomous, AI‑driven layer atop India Stack that enables real‑time decisioning, reconciliation‑free flows, and scalable B2B digital commerce.",Sivaramakrishnan Iswaran;Tejas Goenka,"Sivaramakrishnan Iswaran, CEO of Zoho Payment Technologies, and Global Head of Finance and Operations BU, Zoho;Tejas Goenka, Managing Director, Tally",,,active,,https://www.globalfintechfest.com/agenda,2026-08-12T13:58:49Z,dffbb1a4-b945-462e-a922-8161ea01f286,2026,6a7c768116afc6a8747c9a8e
A1044,"Fintech IPOs, M&A and the Next Wave of Exits",2026-09-11,14:10,14:50,Hall 206 A&B,Panel Discussion,"Capital Markets, M&A, Growth Capital",Capital Markets;M&A;Growth Capital,public,false,"As the ecosystem matures, investors are increasingly focused on liquidity and sustainable returns. The discussion examines whether IPOs, strategic acquisitions, secondary transactions and private equity buyouts will define the next phase of value creation for Indian fintech companies.",Apoorva Goyal;Chinmaya Golecha;Saravanan Nattanmai;Varun Malhotra,"Apoorva Goyal, Principal, Insight Partners;Chinmaya Golecha, Principal, PeakXV Partners;Saravanan Nattanmai, Managing Partner , Premji Invest;Varun Malhotra, Partner, Quona Capital",,,active,,https://www.globalfintechfest.com/agenda,2026-08-12T13:58:49Z,e63a7fbc-393f-4c45-8685-47a8fc7c262b,2026,6a7c768116afc6a8747c9a8c
A1214,What Should Drive Payments Without Borders – Geopolitics or Technical Friction,2026-09-11,14:10,14:50,Hall 204 A&B,Panel Discussion,,,public,false,"Payments without borders should primarily be driven by reducing technical friction—through interoperability, standardization (e.g., ISO 20022), and seamless cross-border infrastructure—to enable faster, cheaper, and more inclusive global transactions. However, geopolitics will inevitably shape adoption and trust, as nations prioritize sovereignty, data control, and strategic interests in global payment ecosystems.",Vibhor Mundhada;Mike Walters,"Vibhor Mundhada, Chief Executive Officer, NEOPAY;Mike Walters, Chief Executive Officer, Form3",,,active,,https://www.globalfintechfest.com/agenda,2026-08-12T13:58:49Z,e33ec321-3e33-4ca6-a87f-2a0a3e59be34,2026,6a7c768116afc6a8747c9a8a
A1108,Building India's AI-Native Financial Infrastructure: Powering the Next Decade of Digital Public Infrastructure,2026-09-11,14:25,14:55,Jasmine 3,Fireside Chat,"AI Infrastructure, Digital Public Infrastructure, Agentic Finance",AI Infrastructure;Digital Public Infrastructure;Agentic Finance,public,false,"Artificial Intelligence is set to become the next foundational layer of India's Digital Public Infrastructure (DPI), transforming how financial services are designed, delivered, and governed. This fireside chat will explore how AI-native infrastructure, accelerated computing, and intelligent financial systems can unlock new opportunities in payments, lending, fraud prevention, financial inclusion, and public service delivery. The discussion will examine the technologies, partnerships, and infrastructure required to build secure, scalable, and trusted AI-powered financial ecosystems for the next decade.",,,,,active,,https://www.globalfintechfest.com/agenda,2026-08-12T13:58:49Z,e904267b-e1e1-4d0a-9519-a2976318f7d1,2026,6a7c768116afc6a8747c9a90
A0911,From Regulation to Transformation: Building India's Next-Generation Reform Architecture,2026-09-11,14:40,15:10,The Grand Theatre,Fireside Chat,"Governance Reforms, Digital Public Infrastructure, Future-Ready Institutions",Governance Reforms;Digital Public Infrastructure;Future-Ready Institutions,public,false,"As India advances towards becoming a developed economy, the next wave of reforms must move beyond regulation towards creating agile, technology-enabled institutions that can anticipate change, foster innovation, and deliver better outcomes for citizens and businesses. This session will explore how governance, policy, digital public infrastructure, regulatory architecture, and institutional reforms can work together to build a future-ready state capable of supporting sustained economic growth. The discussion will examine how India can design next-generation reform frameworks that are collaborative, data-driven, globally competitive, and resilient, while maintaining trust, accountability, and ease of doing business in an increasingly digital and interconnected world.",,,,,active,,https://www.globalfintechfest.com/agenda,2026-08-12T13:58:49Z,4b4a83a7-3db9-46db-8e45-586354abce67,2026,6a7c768116afc6a8747c9a91
A0686,The New Money Stack: Rewiring Payments with Tokens and Real-Time Rails,2026-09-11,15:00,15:40,Hall 204 A&B,Panel Discussion,,,public,false,"How tokenised money connects with existing payment infrastructure Interoperability between blockchain networks and legacy rails What the future stack looks like for consumers, merchants, and treasurers",Jo Yeo;Ritesh Pai,"Jo Yeo, Head of the Payments Development and Data Connectivity Office at the FinTech & Innovation Group (FTIG), Monetary Authority of Singapore (MAS);Ritesh Pai, CEO and Executive Director, International Payments, PhonePe",,,active,,https://www.globalfintechfest.com/agenda,2026-08-12T13:58:49Z,650ec98f-c594-4e14-b340-8645c8a3024a,2026,6a7c768116afc6a8747c9a93
A0704,New Money Moments: Designing Payment Use Cases Beyond Checkout,2026-09-11,15:00,15:40,Lotus 3,Panel Discussion,,,public,false,"Payments innovation today is no longer about speed or cost alone—it is about creating new moments where money moves naturally inside real world consumer and merchant journeys. From retail discovery and loyalty to mobility, events, subscriptions, and offline experiences, payments are becoming deeply contextual.",Akash Sinha,"Akash Sinha, Co-founder & CEO, Cashfree Payments India",,,withdrawn,2026-08-12T13:57:48Z,https://www.globalfintechfest.com/agenda,,178fdbab-478a-456b-be24-09cd009da573,2026,6a7c768116afc6a8747c9a96
A1010,Agentic AI vs Cyber Crime: Automation on Both Sides,2026-09-11,15:00,15:40,Lotus 3,Panel Discussion,"Agentic AI, Cyber Resilience, AI Security",Agentic AI;Cyber Resilience;AI Security,public,false,"Fraud rings are deploying AI agents at scale—synthetic IDs, mule orchestration, deepfake scams. Can defensive AI keep pace without breaking fairness and explainability?",Rajesh Thapar;Brijesh Singh,"Rajesh Thapar, CISO, NSE India;Brijesh Singh, Principal Secretary, Directorate of Information & Public Relations, Government of Maharashtra",,,active,,https://www.globalfintechfest.com/agenda,2026-08-12T13:58:49Z,c05b42f9-509f-4a4a-bac4-69adb7bb8565,2026,6a7c768116afc6a8747c9a95
A1082,Building Bharat's Investments Infrastructure: FY26 and Beyond,2026-09-11,15:00,15:40,Lotus 2,Panel Discussion,"Investment Infrastructure, Open Finance, Wealth Access",Investment Infrastructure;Open Finance;Wealth Access,public,false,"India's investment ecosystem is undergoing a fundamental transformation, driven by Digital Public Infrastructure, open networks, AI, and seamless digital access. As participation in capital markets continues to expand, the next phase will focus on building interoperable, inclusive, and scalable investment infrastructure that serves every investor—from first-time participants to sophisticated institutions. This session will explore how industry, regulators, market infrastructure institutions, and open digital networks such as ONDC can collaborate to create the next generation of investment infrastructure that enhances accessibility, transparency, efficiency, and trust while powering Bharat's long-term wealth creation journey.",Hrushikesh Mehta;Anchal Jajodia;Anugrah Jain;Basu Agarwal;Pankaj Mishra,"Hrushikesh Mehta, Chief Business Officer - Financial Services, Open Network for Digital Commerce;Anchal Jajodia, CEO, Cybrilla;Anugrah Jain, Cofounder & CEO, Bachatt;Basu Agarwal, Founder & CEO, Simplifin.ai;Pankaj Mishra, Head- Digital & Fintech Business, UTI Asset Management Company",Ishita Maheshwari,"Ishita Maheshwari, Vice President - Investments, ONDC",active,,https://www.globalfintechfest.com/agenda,2026-08-12T13:58:49Z,943a2ad6-7893-4f22-a4d4-7d9003e57c10,2026,6a7c768116afc6a8747c9a94
A1213,How to move with agility in a Quantum native world,2026-09-11,15:00,15:40,Hall 202,Masterclass,,,public,false,,,,,,active,,https://www.globalfintechfest.com/agenda,2026-08-12T13:58:49Z,34316204-baaa-48a8-a8ff-46947aa53a6f,2026,6a7c768116afc6a8747c9a92
A1075,India’s Digital Financial Stack: Building at Population Scale OR Scaling Trust: Credit Systems for Mass Digital Economies,2026-09-11,15:20,15:50,The Grand Theatre,Fireside Chat,,,public,false,,,,,,active,,https://www.globalfintechfest.com/agenda,2026-08-12T13:58:49Z,b96e3322-9149-4418-bd91-34dddd17a59c,2026,6a7c768116afc6a8747c9a97
A0708,Application Security in the AI era,2026-09-11,15:50,16:40,Hall 204 A&B,Panel Discussion,"AI Security, Application Security, Secure AI",AI Security;Application Security;Secure AI,public,false,"This focuses on protecting modern applications that integrate AI and machine learning. It goes beyond traditional security by safeguarding models, data, pipelines, and APIs against emerging threats like adversarial attacks and data leakage. The goal is to ensure reliable, secure, and trustworthy AI-driven outcomes.",,,,,active,,https://www.globalfintechfest.com/agenda,2026-08-12T13:58:49Z,7946a8d3-1b59-4509-96c6-bfa90a3f6daa,2026,6a7c768116afc6a8747c9a98
A0772,"The Lending-Fintech Power Shift: As Lenders Build In-House Digital Lending Stacks, What's Left for Lending-Tech Platforms?",2026-09-11,15:50,16:30,Hall 205 A&B,Panel Discussion,"Digital Lending, Lending-Tech Platforms, Customer Ownership",Digital Lending;Lending-Tech Platforms;Customer Ownership,public,false,"The digital lending partnership model is changing as banks and NBFCs increasingly build their own origination, underwriting, servicing and customer engagement capabilities. This session will examine how lending-tech platforms must evolve when lenders no longer depend on them purely for technology. The discussion will explore whether the next phase of competition will be shaped by customer ownership, distribution, data intelligence, embedded finance partnerships, risk infrastructure and specialised lending workflows rather than algorithms alone.",Rohit Taneja;Manish Lunia;Vineet Sukumar,"Rohit Taneja, Founder and CEO, Decentro Tech;Manish Lunia, Co-Founder, FlexiLoans.com;Vineet Sukumar, Promotor, Founder & CEO, Vivriti Capital",Sridhar Narayana,"Sridhar Narayana, Chief Business Officer, Perfios Software Solutions",active,,https://www.globalfintechfest.com/agenda,2026-08-12T13:58:49Z,e2156e83-f4c7-486b-a927-6dcd9e305656,2026,6a7c768116afc6a8747c9a99
A0839,Credit for Gig Workers: Designing Consumer Loan Products for Irregular Income Profiles,2026-09-11,15:50,16:30,Lotus 1,Panel Discussion,"Gig Worker Credit, Alternative Underwriting, Consumer Lending",Gig Worker Credit;Alternative Underwriting;Consumer Lending,public,false,"Traditional underwriting models remain poorly suited for platform and gig economy workers with variable cash flows. A discussion on alternate income assessment models, repayment structures and product innovation for serving India’s evolving workforce.",D Surendran;Priyam Bose;Vijay Rajagopal;Ratan Kesh,"D Surendran, Executive Director , Punjab National Bank;Priyam Bose, Global Head GTM, Truecaller for Business, Truecaller;Vijay Rajagopal, Vice President - Growth, Nugget by Zomato;Ratan Kesh, Executive Director and COO, Bandhan Bank",Shivam Sharma,"Shivam Sharma, Product Manager, Nucleus Software Exports",active,,https://www.globalfintechfest.com/agenda,2026-08-12T13:58:49Z,e277451a-d701-47c2-abf2-4d82e6b253a1,2026,6a7c768116afc6a8747c9a9b
A1016,"AI as a Growth Engine for Banking: Sales Intelligence, Cross-Sell, and Customer Reach Across Segments",2026-09-11,15:50,16:30,Lotus 3,Panel Discussion,,,public,false,"Leveraging AI-driven sales intelligence to expand customer reach, identify and activate cross-sell opportunities, and drive sustained revenue growth across retail, SME, and corporate banking. The focus is on using data and predictive insights to enhance customer engagement, deepen relationships, and unlock growth across diverse segments, including MSMEs.",Chandershekhar Sharma;Nilkanth Rade;Nitesh Ranjan;Pranav Mishra,"Chandershekhar Sharma, DMD (Transaction Banking), State Bank of India;Nilkanth Rade, EVP, HDFC;Nitesh Ranjan, Executive Director, Union Bank of India;Pranav Mishra, President & Consumer Banking Head - Distribution & Transformation, Kotak Mahindra Bank",,,active,,https://www.globalfintechfest.com/agenda,2026-08-12T13:58:49Z,1f5f2773-1702-44fb-b240-3d4db3af8e74,2026,6a7c768116afc6a8747c9a9c
A1101,Hyper-Personalized Banking at Scale,2026-09-11,15:50,16:30,Hall 206 A&B,Panel Discussion,"Hyper-Personalization, AI Banking, Customer Experience",Hyper-Personalization;AI Banking;Customer Experience,public,false,"This session explores how banks can deliver highly tailored customer experiences using AI, data analytics, and real-time insights—without compromising scalability. It highlights strategies for personalized product recommendations, contextual engagement, and predictive servicing across channels. Leaders will discuss balancing data privacy with customization while driving deeper customer relationships. The conversation focuses on turning personalization into a key driver of growth, loyalty, and competitive advantage.",Sanjay Pandey,"Sanjay Pandey, Chief General Manager (Digital Banking-Consumer), State Bank of India",,,active,,https://www.globalfintechfest.com/agenda,2026-08-12T13:58:49Z,6e1256a3-d699-4115-aa41-92e920783f91,2026,6a7c768116afc6a8747c9a9a
A0028,"Building a Future-Ready State: Maharashtra's Vision for Fintech, Innovation & Inclusion",2026-09-11,16:00,16:30,The Grand Theatre,Keynote Address,"State Innovation, Fintech Capital, Infrastructure & Investment",State Innovation;Fintech Capital;Infrastructure & Investment,public,false,"Explore Maharashtra's strategic vision to strengthen its position as India's fintech capital through smart policy, robust infrastructure, and inclusive growth initiatives. This keynote examines the state's ambitious transformation roadmap for Mumbai and Maharashtra - positioning the region as a premier destination for global capital and innovation. Discuss enabling a future-ready economy by supporting digital finance startups, enhancing infrastructure, and fostering public-private collaboration that creates a globally competitive ecosystem. Address leveraging Agentic AI, tokenisation, and quantum technologies to accelerate financial inclusion and align with GFF2026's vision of connected, inclusive financial systems driving Maharashtra toward becoming India's first trillion-dollar sub-national economy.",,,,,active,,https://www.globalfintechfest.com/agenda,2026-08-12T13:58:49Z,6accb136-9949-4aa0-9974-d02b275b4f82,2026,6a7c768116afc6a8747c9a9d
A0008,"Potential to Impact: Agentic AI, Tokenisation and Quantum — Trusted, Connected, Global Systems for Inclusive Finance",2026-09-11,17:00,17:45,The Grand Theatre,Valedictory Session,"Agentic AI, Tokenisation, Inclusive Finance",Agentic AI;Tokenisation;Inclusive Finance,public,false,"The inaugural session of GFF2026 will set the agenda for the next era of financial innovation, where Agentic AI, tokenisation and quantum technologies converge to reshape finance at population and global scale. The session will explore how India can translate its digital public infrastructure, fintech leadership and policy vision into trusted, connected and inclusive financial systems. It will highlight the need for responsible innovation, resilient infrastructure, global interoperability and strong governance to ensure that emerging technologies move from potential to real-world impact.",,,,,active,,https://www.globalfintechfest.com/agenda,2026-08-12T13:58:49Z,19b4bb64-8689-4e9d-b556-f200c92e8478,2026,6a7c768116afc6a8747c9a9e
