agendaCode,title,day,startTime,endTime,hall,subHall,format,track,topics,accessType,isClosedDoor,description,speakerNames,speakersWithTitles,hostNames,hostsWithTitles,year,sourceUrl,sourceApi,extractedAt
29884,Blueprint for the Next Decade of Finance,2024-08-28,10:00,10:40,Jasmine2,,Opening Session,"Plenary, Business, Financial Services",Plenary;Business;Financial Services,public,false,,Mr. G Padmanabhan;Report Launch Building Bridges for the Next Decade of Finance;Shri. Dammu Ravi;Mr. Vishwas Patel;Mr. Kris Gopalakrishnan;Mr. Ritesh Shukla,"Mr. G Padmanabhan, Former Executive Director, Reserve Bank of India, Ex ED RBI and Ex Chairman, Bank of India;Report Launch Building Bridges for the Next Decade of Finance,;Shri. Dammu Ravi, Secretary (Economic Relations), Ministry of External Affairs, Government of India;Mr. Vishwas Patel, Joint Managing Director, Infibeam Avenues;Mr. Kris Gopalakrishnan, Chair GFF2024, Co;Mr. Ritesh Shukla, Chief Executive Officer, NPCI International Payments Limited (NIPL)",Mr. Yashraj Erande,"Mr. Yashraj Erande, Managing Director & Partner, Global Head of Fintech and India Head of FI, Boston Consulting Group (BCG)",2024,https://archive.globalfintechfest.com/2024/agenda,https://archive.globalfintechfest.com/2024/api/agenda,2026-08-25T06:35:40Z
30402,Opensource Adoption and Contribution in Enterprises,2024-08-28,10:00,11:00,Hall 203,,Masterclass,"Business, Business",Business;Business,public,false,,Mr. Karan MV;Mr. Tittu Varghese,"Mr. Karan MV, Lead, International Developers Relations, GitHub;Mr. Tittu Varghese, Specialist Blockchain, National Payments Corporation of India ( NPCI )",,,2024,https://archive.globalfintechfest.com/2024/agenda,https://archive.globalfintechfest.com/2024/api/agenda,2026-08-25T06:35:40Z
30076,How Fintech can comply with existing Fintech regulations and to become Cyberproof,2024-08-28,10:20,11:00,Hall 104A&B,,Panel Discussion,"Regulatory, Risk, Security",Regulatory;Risk;Security,public,false,,Mr. Suresh Rajagopalan;Mr. Dharshan Shanthamurthy;Mr. Sanket Sarkar;Mr. Nitin Bhatnagar,"Mr. Suresh Rajagopalan, CEO, Wibmo, a PayU company;Mr. Dharshan Shanthamurthy, Founder & CEO, SISA;Mr. Sanket Sarkar, Founder, Zeron;Mr. Nitin Bhatnagar, Regional Director India, South Asia and Middle East, PCI Security Standards Council",Mr. Benjamin Ambrose,"Mr. Benjamin Ambrose, CISO, National Payments Corporation of India ( NPCI )",2024,https://archive.globalfintechfest.com/2024/agenda,https://archive.globalfintechfest.com/2024/api/agenda,2026-08-25T06:35:40Z
31410,In-Rise to become Smart-App or Smart App Vs Super App I The Battle of Super Apps,2024-08-28,10:30,11:00,Hall 205A&B,,Panel Discussion,"Technology, Digital Transformation",Technology;Digital Transformation,public,false,,Mr. Mandar Agashe;Mr. Nitin Sethi;Mr. Mohit Mehra;Mr. Anubhab Goel,"Mr. Mandar Agashe, Founder and Managing Director, Sarvatra Technologies Pvt. Ltd.;Mr. Nitin Sethi, CDO, Adani;Mr. Mohit Mehra, Vice President Primary Markets & Payments, Zerodha;Mr. Anubhab Goel, Head Digital Innovation, HDFC Ergo",Mr. Nitin Saxena,"Mr. Nitin Saxena, Partner FS Technology Enablement, KPMG",2024,https://archive.globalfintechfest.com/2024/agenda,https://archive.globalfintechfest.com/2024/api/agenda,2026-08-25T06:35:40Z
32208,Product Showcase SBI,2024-08-28,10:30,11:00,Hall 206A&B,,Product Showcase,,,public,false,,,,,,2024,https://archive.globalfintechfest.com/2024/agenda,https://archive.globalfintechfest.com/2024/api/agenda,2026-08-25T06:35:40Z
31213,Fireside Chat,2024-08-28,10:45,11:25,Jasmine2,,Fireside Chat,,,public,false,,Mr. Christopher Waller,"Mr. Christopher Waller, Member, Federal Reserve Board of Governors of the United States",Shri. P Vasudevan,"Shri. P Vasudevan, Executive Director, Reserve Bank of India",2024,https://archive.globalfintechfest.com/2024/agenda,https://archive.globalfintechfest.com/2024/api/agenda,2026-08-25T06:35:40Z
33144,Product Showcase: Aditya Birla Capital Digital,2024-08-28,10:45,11:00,Hall 204A&B,,Product Showcase,,,public,false,,Ms. Bhargavi Sridharan,"Ms. Bhargavi Sridharan, Head ABC One, Aditya Birla Capital Digital",,,2024,https://archive.globalfintechfest.com/2024/agenda,https://archive.globalfintechfest.com/2024/api/agenda,2026-08-25T06:35:40Z
31212,Commercial Payments: Progressing Towards a Digital Future,2024-08-28,10:50,11:20,Jasmine1,,Fireside Chat,Payments,Payments,public,false,,Mr. Chris Winter,"Mr. Chris Winter, Managing Director & Head of APAC, Discover Financial Services",Ms. Sophia Furber,"Ms. Sophia Furber, Research Analyst, 451 Research, a part of S&P Global Market Intelligence",2024,https://archive.globalfintechfest.com/2024/agenda,https://archive.globalfintechfest.com/2024/api/agenda,2026-08-25T06:35:40Z
31748,Unveiling India's First Future Ready Device,2024-08-28,11:00,11:15,Pavallion,W1,Product Showcase,,,public,false,"Hosted by - Razorpay Introducing India's first future-ready device, designed to adapt to evolving technology and payment methods. This innovative solution empowers businesses with advanced features and seamless integration, ensuring they stay ahead in a rapidly changing market.",,,Mr. Khilan Haria,"Mr. Khilan Haria , SVP and Head of Payments Product , Razorpay",2024,https://archive.globalfintechfest.com/2024/agenda,https://archive.globalfintechfest.com/2024/api/agenda,2026-08-25T06:35:40Z
30048,Unlocking Market Potential: The future of asset tokenization,2024-08-28,11:05,11:55,Hall 104A&B,,Panel Discussion,"Technology, Investments, Blockchain",Technology;Investments;Blockchain,public,false,,Mr. Julian Gordon;Mr. Naveen Mallela;Ms. Rupa Mankad;Dr. Pramod Varma,"Mr. Julian Gordon, VP, Asia Pacific and Middle East, Hyperledger Foundation;Mr. Naveen Mallela, Managing Director, Global Co Head of Onyx, J.P. Morgan;Ms. Rupa Mankad, MD & Head South Asia & Singapore Liquidity Management Services Head, Citibank N.A.;Dr. Pramod Varma, Former Chief Architect India Stack and Co",Mr. Vishal Anand Kanvaty,"Mr. Vishal Anand Kanvaty, Chief Technology Officer, National Payments Corporation of India ( NPCI )",2024,https://archive.globalfintechfest.com/2024/agenda,https://archive.globalfintechfest.com/2024/api/agenda,2026-08-25T06:35:40Z
30331,UPI For Her - Enabling Digital payments for Women,2024-08-28,11:05,11:50,Hall 206A&B,,Panel Discussion and Product Launch,"Payments, Business, Inclusion",Payments;Business;Inclusion,public,false,,Report Launch;Ms. Kalpana Ajayan;Release of Whitepaper UPI for Her with WWB;Mr. Dilip Modi;Launches by Canara Bank;Ms. Nidhi Gupta;Mr. Bipin Preet Singh,"Report Launch,;Ms. Kalpana Ajayan, Regional Head South Asia, Women's World Banking;Release of Whitepaper UPI for Her with WWB ,;Mr. Dilip Modi, Founder & CEO, Spice Money;Launches by Canara Bank, PNB, IOB, SBI & UCO Bank,;Ms. Nidhi Gupta, Head of Product Consumer Payments, PhonePe, PhonePe Pvt Ltd;Mr. Bipin Preet Singh, Co founder & CEO, MobiKwik",Ms. Lalitha Nataraj,"Ms. Lalitha Nataraj, CEO, NPCI BHIM",2024,https://archive.globalfintechfest.com/2024/agenda,https://archive.globalfintechfest.com/2024/api/agenda,2026-08-25T06:35:40Z
29887,Digital Lending Platforms : Driving credit access for economic growth,2024-08-28,11:10,11:50,Hall 204A&B,,Panel Discussion,"Lending, Business, Consumer Credit",Lending;Business;Consumer Credit,public,false,,Mr. Abhijit Chakravorty;Mr. Hemant Gala;Mr. R S Kumar;Mr. Sudipta Roy,"Mr. Abhijit Chakravorty, Managing Director and CEO, SBI Card;Mr. Hemant Gala, CEO, PhonePe Lending;Mr. R S Kumar, Managing Director, RBL Bank;Mr. Sudipta Roy, MD & CEO, L&T Finance Limited",Mr. Vipin V,"Mr. Vipin V, Managing Director & Partner India Tech in FI Head, Boston Consulting Group (BCG)",2024,https://archive.globalfintechfest.com/2024/agenda,https://archive.globalfintechfest.com/2024/api/agenda,2026-08-25T06:35:40Z
29889,Next-Generation Digital Public Infrastructure,2024-08-28,11:10,11:50,Hall 205A&B,,Panel Discussion,"Financial Infra, Technology, DPI",Financial Infra;Technology;DPI,public,false,,Mr. José Luis Vásquez;Mr. Somboun Phongsavanh;Mr. Christian Kajeneri;Mr. Andrew McCormack,"Mr. José Luis Vásquez, Deputy Manager, Central Bank of Peru;Mr. Somboun Phongsavanh, Chairman and Deputy CEO, Phongsavanh Bank Limited, Phongsavanh Group;Mr. Christian Kajeneri, Director of Payment Systems, National Bank of Rwanda;Mr. Andrew McCormack, Chief Operating Officer, Al Etihad Payments",Mr. Venkat Bhargav Sreedhara,"Mr. Venkat Bhargav Sreedhara, Financial Sector Specialist, World Bank",2024,https://archive.globalfintechfest.com/2024/agenda,https://archive.globalfintechfest.com/2024/api/agenda,2026-08-25T06:35:40Z
29890,Unified Corporate Solutions: Enhancing Business Payment Ecosystem,2024-08-28,11:10,11:50,Lotus1,,Panel Discussion,"Payments, Business, Ecosystem",Payments;Business;Ecosystem,public,false,,Mr. Siddharth Rungta;Mr. Hitesh Sachdev;Mr. Paritosh Kashyap,"Mr. Siddharth Rungta, Managing Director & Country Head Global Payments Solutions, HSBC India;Mr. Hitesh Sachdev, Head Startup Engagement & Investments, ICICI Bank;Mr. Paritosh Kashyap, President and Head Wholesale Bank, Kotak Mahindra Bank",Ms. Neha Gupta,"Ms. Neha Gupta, Managing Director and Partner, BCG",2024,https://archive.globalfintechfest.com/2024/agenda,https://archive.globalfintechfest.com/2024/api/agenda,2026-08-25T06:35:40Z
29892,Technological Advancements by TSPs Supporting BBPS Expansion,2024-08-28,11:10,12:10,Hall 202,,Masterclass,"Technology, Payments",Technology;Payments,public,false,,Ms. Anushka Patel;Mr. Nikhil Kumar,"Ms. Anushka Patel, Chief Operating Officer, BillAvenue, Infibeam Avenue;Mr. Nikhil Kumar, Co founder & Chief Evangelist, Setu",,,2024,https://archive.globalfintechfest.com/2024/agenda,https://archive.globalfintechfest.com/2024/api/agenda,2026-08-25T06:35:40Z
30165,Scaling Up Offline Payment Solutions: Experiences with UPI LiteX and NCMC-OTG,2024-08-28,11:10,11:50,Lotus2,,Panel Discussion,"Payments, Technology, Infrastructure",Payments;Technology;Infrastructure,public,false,,Mr. Ripunjai Gaur;Ms. Shalini Warrier;Mr. Arjun Chowdhry,"Mr. Ripunjai Gaur, Chief Business Officer & Head Offline Payments, Paytm;Ms. Shalini Warrier, Executive Director and Business Head Retail, The Federal Bank Ltd;Mr. Arjun Chowdhry, Group Executive Affluent Banking, NRI, Cards, Payments & Retail Lending, Axis Bank",Mr. Dhananjay Singh,"Mr. Dhananjay Singh, Head Engineering Delivery, National Payments Corporation of India ( NPCI )",2024,https://archive.globalfintechfest.com/2024/agenda,https://archive.globalfintechfest.com/2024/api/agenda,2026-08-25T06:35:40Z
32075,Consumer Engagement with RSAS,2024-08-28,11:10,11:40,Hall 203,,Masterclass,,,public,false,,Mr. Amitava Bannerjee,"Mr. Amitava Bannerjee, Senior Lead Solutions & Embedded Payments Partners, NPCI",,,2024,https://archive.globalfintechfest.com/2024/agenda,https://archive.globalfintechfest.com/2024/api/agenda,2026-08-25T06:35:40Z
32369,How evolution of data and credit risk models are driving consumer credit,2024-08-28,11:10,11:50,Lotus3,,Panel Discussion,"Financial Infra, Credit Risk",Financial Infra;Credit Risk,public,false,,Mr. Amit Sinha;Mr. Chitrabhanu K G;Mr. Shirish Bhandari;Mr. Subhrangshu Chattopadhyay,"Mr. Amit Sinha, Co brand & Sales Head CC, Yes Bank;Mr. Chitrabhanu K G, Senior Vice President & Country Head, Federal Bank;Mr. Shirish Bhandari, Head Credit Cards, FASTag and Loyalty, IDFC FIRST Bank;Mr. Subhrangshu Chattopadhyay, Director, CRIF",Mr. Vivek Mandhata,"Mr. Vivek Mandhata, Managing Director & Partner India Payments Head, Boston Consulting Group (BCG)",2024,https://archive.globalfintechfest.com/2024/agenda,https://archive.globalfintechfest.com/2024/api/agenda,2026-08-25T06:35:40Z
31068,Bharat Nivesh,2024-08-28,11:15,11:30,Pavallion,"K2, K3, K4, K5, K6, K7",Product Launch,,,public,false,"Hosted by - Paynearby An initiative to empower every citizen in Bharat to take control of their financial future, and help them dream big.",,,,,2024,https://archive.globalfintechfest.com/2024/agenda,https://archive.globalfintechfest.com/2024/api/agenda,2026-08-25T06:35:40Z
32205,Is this the Era of Profitable Fintechs,2024-08-28,11:30,12:00,Jasmine1,,Trialogue,,,public,false,,Mr. Sailesh Raj Bhan;Mr. Saurabh Mishra,"Mr. Sailesh Raj Bhan, Chief Investment Officer Equity, Nippon India Mutual Fund;Mr. Saurabh Mishra, Executive Director, Morgan Stanley Investment Management",Ms. Upasana Taku,"Ms. Upasana Taku, Co founder & CFO, MobiKwik",2024,https://archive.globalfintechfest.com/2024/agenda,https://archive.globalfintechfest.com/2024/api/agenda,2026-08-25T06:35:40Z
30042,eKYC Setu,2024-08-28,11:45,12:15,Hall 203,,Masterclass,Digital Identity,Digital Identity,public,false,,Mr. Rushabh Shah;Mr. Abhay Parekh,"Mr. Rushabh Shah, Lead eKYC Services, National Payments Corporation of India ( NPCI );Mr. Abhay Parekh, Head AePS, NFS & Market Initiatives, NPCI",,,2024,https://archive.globalfintechfest.com/2024/agenda,https://archive.globalfintechfest.com/2024/api/agenda,2026-08-25T06:35:40Z
31170,Driving a Culture of Innovation and Digitalisation by Leveraging New Tech such as GenAI and DLT,2024-08-28,11:45,12:15,Jasmine2,,Address,Ecosystem,Ecosystem,public,false,,Ms. Tan Su Shan,"Ms. Tan Su Shan, Global Head of Corporate and Commercial Banking, DBS Bank",,,2024,https://archive.globalfintechfest.com/2024/agenda,https://archive.globalfintechfest.com/2024/api/agenda,2026-08-25T06:35:40Z
32586,Pine Labs x VISA announcement,2024-08-28,11:45,12:15,Pavallion,"L2, L3, L4, L5, L6, L7, M2, M3, M4, M5",Product Launch,,,public,false,"Hosted by - Pine Labs Leading fintech Pine Labs and Visa, a world leader in global payments are coming together to announce a partnership to boost digital payments adoption in Bharat",,,Mr. Kush Mehra,"Mr. Kush Mehra, CBO, Pine Labs",2024,https://archive.globalfintechfest.com/2024/agenda,https://archive.globalfintechfest.com/2024/api/agenda,2026-08-25T06:35:40Z
29898,Navigating Challenges in Cross-Border Payments,2024-08-28,11:55,12:35,Hall 205A&B,,Panel Discussion,"Payments, Business, Cross Border",Payments;Business;Cross Border,public,false,,Mr. Channa De Silva;Ms. Angela Hull;Mr. Paras Kunwar;Mr. Deven Somaya;Mr. Sandeep Ubale,"Mr. Channa De Silva, Chief Executive Officer, LankaPay (Pvt) Limited;Ms. Angela Hull, VP Global Payment Partnerships, PPRO;Mr. Paras Kunwar, Chief Operating Officer, Fonepay Payment Service Limited;Mr. Deven Somaya, MD & Global Head of Emerging Commerce Solutions, Citibank N.A.;Mr. Sandeep Ubale, CGM & Dy. Chief Digital Officer, State Bank of India ( SBI )",Mr. Kunal Jhanji,"Mr. Kunal Jhanji, Managing Director and Partner, Boston Consulting Group",2024,https://archive.globalfintechfest.com/2024/agenda,https://archive.globalfintechfest.com/2024/api/agenda,2026-08-25T06:35:40Z
29899,Online Bond Platforms (OBP): Democratising the Indian Bonds Market,2024-08-28,11:55,12:35,Lotus3,,Panel Discussion,"Wealth, Business, Product Design",Wealth;Business;Product Design,public,false,,Introductory Remarks:;Mr. Mukesh Agarwal;Mr. Ajinkya Kulkarni;Mr. Vijay Krishnamurthy;Mr. Suresh Darak,"Introductory Remarks:, Shri. Pramod Rao, Executive Director, Securities and Exchange Board of India (SEBI);Mr. Mukesh Agarwal, Managing Director, NSE Indices Limited;Mr. Ajinkya Kulkarni, Co founder, Wint Wealth;Mr. Vijay Krishnamurthy, Interin CEO, India INX;Mr. Suresh Darak, Founder, Bondbazaar",Mr. Vishal Goenka,"Mr. Vishal Goenka, Co founder, IndiaBonds",2024,https://archive.globalfintechfest.com/2024/agenda,https://archive.globalfintechfest.com/2024/api/agenda,2026-08-25T06:35:40Z
29900,Payments: The Pulse of Finance in India,2024-08-28,11:55,12:35,Lotus1,,Panel Discussion,"Payments, Business, Financial Services",Payments;Business;Financial Services,public,false,,Mr. Anurag Gupta;Mr. Subhrajit Basu;Mr. Pankaj Gadgil;Ms. Santosh Dujari,"Mr. Anurag Gupta, Vice President (VP) & Head of Global Merchant & Network Services, American Express Banking Corp. India;Mr. Subhrajit Basu, Regional MD, APAC Business Development, Discover Financial Services;Mr. Pankaj Gadgil, MD & CEO, Aditya Birla Housing Finance Limited and Head, Digital Platforms and Payments Strategy, Aditya Birla Capital;Ms. Santosh Dujari, MD & Head India subcontinent, Treasury and Trade Solutions, Citibank N.A.",Mr. Anurag Sinha,"Mr. Anurag Sinha, Co founder & CEO, OneCard",2024,https://archive.globalfintechfest.com/2024/agenda,https://archive.globalfintechfest.com/2024/api/agenda,2026-08-25T06:35:40Z
30332,Digital Payment infrastructures of the future: Cross-border trends in payments and beyond,2024-08-28,11:55,12:35,Hall 204A&B,,Panel Discussion,"Financial Infra, Technology, Cross Border",Financial Infra;Technology;Cross Border,public,false,,Mr. Srinivasa Raghavan;Mr. Iain Allison;Mr. Chayan Hazra;Mr. Gaurav Shisodia;Mr. Shinichiro Nishikawa,"Mr. Srinivasa Raghavan, Director Product Management, ManageEngine Site24x7 | Zoho;Mr. Iain Allison, Global Head of Business Development, Pay10 Services;Mr. Chayan Hazra, Head of growth, mintoak innovations limited;Mr. Gaurav Shisodia, Vice President India, Payoneer Inc;Mr. Shinichiro Nishikawa, Head of Global Payments & Services Division, NTT DATA Japan Corporation",Mr. Ranadurjay Talukdar,"Mr. Ranadurjay Talukdar, Partner and Payments Sector Leader, EY LLP",2024,https://archive.globalfintechfest.com/2024/agenda,https://archive.globalfintechfest.com/2024/api/agenda,2026-08-25T06:35:40Z
30837,"Artificial Intelligence - The Next Frontier in Fraud, AML & Risk Management",2024-08-28,11:55,12:35,Hall 206A&B,,Panel Discussion,"Security, Risk, AI",Security;Risk;AI,public,false,,Mr. Rob Neely;Mr. Abhishek Bali;Mr. Sagar Tanna;Mr. Sandesh G S;Mr. Hemant Verma,"Mr. Rob Neely, Managing Director, Securely Holdings Pty Ltd.;Mr. Abhishek Bali, CEO and Co founder, ZIGRAM;Mr. Sagar Tanna, Founder & CEO, TSS Consultancy Pvt. Ltd.;Mr. Sandesh G S, Chief Technology Officer, Bureau;Mr. Hemant Verma, Chief General Manager, Punjab National Bank",Mr. Vinay Kumar Sankarapu,"Mr. Vinay Kumar Sankarapu, CEO & Founder, Arya.ai",2024,https://archive.globalfintechfest.com/2024/agenda,https://archive.globalfintechfest.com/2024/api/agenda,2026-08-25T06:35:40Z
31749,Building a Fintech in India Through Cycles of Uncertainty,2024-08-28,11:55,12:25,Lotus2,,Fireside Chat,"DPI, Fintech",DPI;Fintech,public,false,,Mr. Sabyasachi Goswami,"Mr. Sabyasachi Goswami, CEO, Perfios Software Solutions Pvt. Ltd.",Ms. Chandra R. Srikanth,"Ms. Chandra R. Srikanth, Deputy Executive Editor, Moneycontrol",2024,https://archive.globalfintechfest.com/2024/agenda,https://archive.globalfintechfest.com/2024/api/agenda,2026-08-25T06:35:40Z
30333,Payments Processing in the Cloud: No Longer a Dream,2024-08-28,12:00,12:20,Hall 104A&B,,Product Showcase,"Payments, Technology, Cloud",Payments;Technology;Cloud,public,false,,Mr. Varun Dudeja,"Mr. Varun Dudeja, Head Business Development APAC, Pismo",,,2024,https://archive.globalfintechfest.com/2024/agenda,https://archive.globalfintechfest.com/2024/api/agenda,2026-08-25T06:35:40Z
32207,India First DigiPOS - the only PoS App that transforms any device to a payment App,2024-08-28,12:05,12:15,Jasmine1,,Product Launch,,,public,false,,Mr. Jeethil Johny;Mr. Kunal Meghashayam Gothivarekar,"Mr. Jeethil Johny, Head of Strategy, Unicorn Infosolutions Pvt Ltd;Mr. Kunal Meghashayam Gothivarekar, Head of Offline Business , Razorpay",Mr. Rahul Kothari,"Mr. Rahul Kothari, COO, Razorpay",2024,https://archive.globalfintechfest.com/2024/agenda,https://archive.globalfintechfest.com/2024/api/agenda,2026-08-25T06:35:40Z
30270,Enhancing Open Source Adoption in Financial services - a Linux Foundation perspective,2024-08-28,12:15,13:15,Hall 202,,Masterclass,"Financial Infra, Technology, Inclusion",Financial Infra;Technology;Inclusion,public,false,,Dr. Hart Montgomery,"Dr. Hart Montgomery, CTO, Hyperledger Foundation, Linux Foundation",,,2024,https://archive.globalfintechfest.com/2024/agenda,https://archive.globalfintechfest.com/2024/api/agenda,2026-08-25T06:35:40Z
31396,Unlocking Potential: Bringing Women into Your Customer Base,2024-08-28,12:20,12:50,Hall 203,,Masterclass,"Business, Business",Business;Business,public,false,,Ms. Pallavi Madhok,"Ms. Pallavi Madhok, Lead Advisory Solution, WWB",,,2024,https://archive.globalfintechfest.com/2024/agenda,https://archive.globalfintechfest.com/2024/api/agenda,2026-08-25T06:35:40Z
29903,Scaling UPI: Overcoming Challenges and Unlocking Opportunities in Rural India,2024-08-28,12:30,13:10,Hall 104A&B,,Panel Discussion,"Payments, Business, Inclusion",Payments;Business;Inclusion,public,false,,Mr. Vasanth Jeyapaul;Mr. Saurabh Drolia;Mr. Pravin Tambe,"Mr. Vasanth Jeyapaul, CEO, CAMSPay, Computer Age Management Services Limited;Mr. Saurabh Drolia, Director of Product Manager, GPay;Mr. Pravin Tambe, Senior Vice President, Winjit Technologies Private Limited",Ms. Sarika Agarwal,"Ms. Sarika Agarwal, Chief Business Officer | FindiPay, Findi",2024,https://archive.globalfintechfest.com/2024/agenda,https://archive.globalfintechfest.com/2024/api/agenda,2026-08-25T06:35:40Z
29904,Designing Inclusive Fintech: Listening to the Female user,2024-08-28,12:30,13:30,Lotus2,,Panel Discussion,"Technology, Ecosystem, Women",Technology;Ecosystem;Women,public,false,,Ms. Chetna Vijay Sinha;Ms. Vanita Pise;Ms. Rupali Shinde;Ms. Taniya Biswas;Ms. Kalpana Mali;Ms. Kanikka Dewanii,"Ms. Chetna Vijay Sinha, Founder and Chairperson, Mann Deshi Foundation and Mann Deshi Bank;Ms. Vanita Pise, Co founder, Mann Deshi Kisan Producer Company, Community Leader and Entrepreneur;Ms. Rupali Shinde, Director of Digital Literacy Programme , Mann Deshi Foundation, Mann Deshi Foundation;Ms. Taniya Biswas, Co Founder, Suta;Ms. Kalpana Mali, Founder, KalpNil Cold Pressed Oil City;Ms. Kanikka Dewanii, Founder & Director, Mintree",Ms. Shinjini Kumar,"Ms. Shinjini Kumar, Co Founder, SALT",2024,https://archive.globalfintechfest.com/2024/agenda,https://archive.globalfintechfest.com/2024/api/agenda,2026-08-25T06:35:40Z
29908,Payments in B2B Space,2024-08-28,12:40,13:20,Lotus1,,Panel Discussion and Product Launch,"Payments, Business, Product Design",Payments;Business;Product Design,public,false,,Mr. Sachit Sahni;Mr. Shekhar Bhandari;Mr. Shrawan Saraogi;Mr. Sanjay Tripathy,"Mr. Sachit Sahni, Head of Cash Product & Head of Transaction Banking, India & South Asia, Standard Chartered Bank;Mr. Shekhar Bhandari, President & Business Head of SME Banking, Kotak Mahindra Bank;Mr. Shrawan Saraogi, APAC Head of Expansion, Wise;Mr. Sanjay Tripathy, Co founder & CEO, BRISKPE",Ms. Sonali Shelke,"Ms. Sonali Shelke, FinTech Sector Head, J.P. Morgan Payments",2024,https://archive.globalfintechfest.com/2024/agenda,https://archive.globalfintechfest.com/2024/api/agenda,2026-08-25T06:35:40Z
29909,The Role of Regulation: Impact on Bilateral and Multilateral Cross-Border Payment Systems,2024-08-28,12:40,13:20,Hall 205A&B,,Panel Discussion,"Payments, Policy, Cross Border",Payments;Policy;Cross Border,public,false,,Ms. Nilixa Devlukia;Mr. Alain Raes;Mr. Shergeran Roberto Naidoo;Mr. Abeneazer Wondwossen Lakew,"Ms. Nilixa Devlukia, CEO, Payments Solved;Mr. Alain Raes, Co founder and CCO, iPiD;Mr. Shergeran Roberto Naidoo, Head: Stakeholder Engagement, BankservAfrica;Mr. Abeneazer Wondwossen Lakew, Chief Portfolio Office, Ethswitch",Mr. Amit Talwar,"Mr. Amit Talwar, Exec. Vice President and Head Transaction Bank, IndusInd Bank",2024,https://archive.globalfintechfest.com/2024/agenda,https://archive.globalfintechfest.com/2024/api/agenda,2026-08-25T06:35:40Z
30190,Japanese Investment appetite in Indian fintechs,2024-08-28,12:40,13:20,Lotus3,,Panel Discussion,"Ecosystem, Investments, Business Strategy",Ecosystem;Investments;Business Strategy,public,false,,Mr. Nobutake Suzuki;Mr. Osamu Abe;Mr. Masakazu Osawa;Mr. Shashank Joshi,"Mr. Nobutake Suzuki, President and CEO, MUFG Innovation Partners;Mr. Osamu Abe, CEO and board member, Mars Equity M.C.;Mr. Masakazu Osawa, Chief Executive for Asia Pacific, MUFG Bank;Mr. Shashank Joshi, Deputy CEO & Head of Global Corporate & Investment Banking, India, MUFG Bank",Mr. Sachin Wagle,"Mr. Sachin Wagle, Managing Director, Morgan Stanley India Company Private Limited",2024,https://archive.globalfintechfest.com/2024/agenda,https://archive.globalfintechfest.com/2024/api/agenda,2026-08-25T06:35:40Z
30838,Real-Time AI - For the Financial Service Industry,2024-08-28,12:40,12:50,Hall 204A&B,,Product Showcase,AI,AI,public,false,,Mr. Himanshumali,"Mr. Himanshumali, Principal Solutions Architect, MongoDB",,,2024,https://archive.globalfintechfest.com/2024/agenda,https://archive.globalfintechfest.com/2024/api/agenda,2026-08-25T06:35:40Z
31065,Empowering Conversational Commerce: Enabling Seamless Native Payment Experiences through Banks and Payment Providers,2024-08-28,12:40,13:10,Hall 206A&B,,Panel Discussion,"Business, Payments",Business;Payments,public,false,,Mr. Amit Singh;Mr. Tushar Agnihotri;Ms. Aditi Mathur,"Mr. Amit Singh, Enterprise Portfolio Head, PayU;Mr. Tushar Agnihotri, Executive Vice President India & APAC, Route Mobile Limited;Ms. Aditi Mathur, Lead, Business Messaging, Payments, WhatsApp, India",Mr. Rajesh Dhuddu,"Mr. Rajesh Dhuddu, Partner Emerging Tech, PwC",2024,https://archive.globalfintechfest.com/2024/agenda,https://archive.globalfintechfest.com/2024/api/agenda,2026-08-25T06:35:40Z
32701,MSME Underwriting & Monitoring Solutions,2024-08-28,12:45,13:00,Pavallion,"P2, P3, P4, P5, P6, P7",Product Showcase,,,public,false,Hosted by - TransUnion CIBIL Product showcase of the solution,,,Ms. Manisha Sarkar,"Ms. Manisha Sarkar, Director, TransUnion CIBIL Limited",2024,https://archive.globalfintechfest.com/2024/agenda,https://archive.globalfintechfest.com/2024/api/agenda,2026-08-25T06:35:40Z
29912,Addressing Indias Credit Gap with ONDC,2024-08-28,12:55,13:35,Hall 204A&B,,Panel Discussion,"Lending, Ecosystem, Financial Services",Lending;Ecosystem;Financial Services,public,false,,Mr. Arindam Das;Mr. Abhijit Singh;Mr. Nilay Patel;Mr. Naveen Kukreja;Mr. Sunil Daga,"Mr. Arindam Das, Chief Executive Officer Consumer Credit and MSME Loans, DMI Finance;Mr. Abhijit Singh, Group Head Banking as a Service (BaaS), International Banking , and Digital Ecosystem Banking, HDFC Bank;Mr. Nilay Patel, Founder & MD, Easy Pay Ltd.;Mr. Naveen Kukreja, Co founder & CEO, Paisabazaar;Mr. Sunil Daga, President & Kotak Leadership Member, Kotak Mahindra Bank",Mr. Antriksh Parmar,"Mr. Antriksh Parmar, Product Manager, Open Network for Digital Commerce",2024,https://archive.globalfintechfest.com/2024/agenda,https://archive.globalfintechfest.com/2024/api/agenda,2026-08-25T06:35:40Z
31752,Global Fintech Alliances: Building Bridges for Cross-Border Innovation in Payments,2024-08-28,12:55,13:30,Jasmine1,,Panel Discussion,,,public,false,,Mr. Mohammad Alblooshi;Mr. Harish Natarajan;Mr. Ritesh Shukla,"Mr. Mohammad Alblooshi, Chief Executive Officer, DIFC Innovation Hub;Mr. Harish Natarajan, Practice Manager, Financial Inclusion & Infrastructure, The World Bank;Mr. Ritesh Shukla, Chief Executive Officer, NPCI International Payments Limited (NIPL)",Mr. Arjun Vir Singh,"Mr. Arjun Vir Singh, Partner, Arthur D. Little",2024,https://archive.globalfintechfest.com/2024/agenda,https://archive.globalfintechfest.com/2024/api/agenda,2026-08-25T06:35:40Z
29916,Early-Stage Investment Pitches,2024-08-28,13:10,14:40,Hall 102,,Investment Pitches,"Ecosystem, Investments, Pitches",Ecosystem;Investments;Pitches,public,false,,Mr. Elias Yazbeck;Mr. Nirmal Jain,"Mr. Elias Yazbeck, Managing Director, Head of Fintech & Finserv, Helios Investment Partners;Mr. Nirmal Jain, Founder, IIFL Group",Ms. Sagrika Shah Principal,"Ms. Sagrika Shah Principal, YAN Fund",2024,https://archive.globalfintechfest.com/2024/agenda,https://archive.globalfintechfest.com/2024/api/agenda,2026-08-25T06:35:40Z
30909,Prepaid Suite(PPI) by PayU,2024-08-28,13:15,13:25,Hall 206A&B,,Product Showcase,"Payments, Technology",Payments;Technology,public,false,,Mr. Dilip Modi;Mr. Swaroop Kulkarni;Mr. Nimit Bhatia,"Mr. Dilip Modi, Founder & CEO, Spice Money;Mr. Swaroop Kulkarni, Vice President Product, PayU Payments;Mr. Nimit Bhatia, Director Product, PayU Payments",,,2024,https://archive.globalfintechfest.com/2024/agenda,https://archive.globalfintechfest.com/2024/api/agenda,2026-08-25T06:35:40Z
29921,Large scale data Management for LLMs and modern AI Applications,2024-08-28,13:20,14:20,Hall 202,,Masterclass,"Technology, AI",Technology;AI,public,false,,Mr. Ugur Tigli,"Mr. Ugur Tigli , CTO, MinIO",,,2024,https://archive.globalfintechfest.com/2024/agenda,https://archive.globalfintechfest.com/2024/api/agenda,2026-08-25T06:35:40Z
30269,GIFT City – Emerging Fintech Capital of the World,2024-08-28,13:20,14:00,Hall 104A&B,,Panel Discussion,"Ecosystem, Fintech",Ecosystem;Fintech,public,false,,Mr. Shailesh Dhuri;Mr. Ashish Kashyap;Mr. Saurabh Singhal;Mr. Akash Arun,"Mr. Shailesh Dhuri, Chief Executive Officer, Decimal Point Analytics;Mr. Ashish Kashyap, Founder & CEO, INDmoney;Mr. Saurabh Singhal, Chief Commercial Officer & Chief Fintech Officer, Gujarat International Finance Tec City Company;Mr. Akash Arun, Founder & CEO, Glomopay",Mr. Sandip Shah,"Mr. Sandip Shah, Head IFSC Department, Gujarat International Finance Tec",2024,https://archive.globalfintechfest.com/2024/agenda,https://archive.globalfintechfest.com/2024/api/agenda,2026-08-25T06:35:40Z
29915,"Revolutionizing Card Network Technology: Scalability, Security and Cost Efficiency unleashed",2024-08-28,13:25,14:05,Lotus1,,Panel Discussion,"Payments, Business, Technology",Payments;Business;Technology,public,false,,Mr. Srinivas Rao;Smt. Vidya Krishnan;Mr. Ravindra Rai,"Mr. Srinivas Rao, Chairman, KL Hi Tech Secure Prints;Smt. Vidya Krishnan, DMD (IT), State Bank of India ( SBI );Mr. Ravindra Rai, DMD, BOB Cards",Mr. Bharat Panchal,"Mr. Bharat Panchal, Chief Regulatory Officer, Discover Financial Services",2024,https://archive.globalfintechfest.com/2024/agenda,https://archive.globalfintechfest.com/2024/api/agenda,2026-08-25T06:35:40Z
30061,Role of Scalability in Modern Payment Solutions,2024-08-28,13:25,14:05,Lotus3,,Panel Discussion,"Payments, DPI, Technology",Payments;DPI;Technology,public,false,,Mr. Manmeet Dhody;Dr. N Rajendran;Mr. Avinash Raghavendra;Mr. Parag Desai,"Mr. Manmeet Dhody, Chief Technology Officer, Paytm;Dr. N Rajendran, Chief Digital Officer, Multi Commodity Exchange of India Ltd;Mr. Avinash Raghavendra, President & CIO, Axis Bank Ltd.;Mr. Parag Desai, Chief Information Officer, Montran India, Montran Corporation (India) Pvt. Ltd.",Mr. Sai Ganesh,"Mr. Sai Ganesh, Head Online Applications, NPCI Bharat BillPay",2024,https://archive.globalfintechfest.com/2024/agenda,https://archive.globalfintechfest.com/2024/api/agenda,2026-08-25T06:35:40Z
30401,Evolving role of fintechs in payments,2024-08-28,13:25,14:05,Hall 205A&B,,Panel Discussion,"Payments, Technology",Payments;Technology,public,false,,Ms. Candy Ngula;Mr. Christophe Mariette;Mr. Jeremy Tan;Mr. Ani Sane,"Ms. Candy Ngula, Head: e Money, Bank Windhoek;Mr. Christophe Mariette, Chairman of Lyra India, Lyra Network;Mr. Jeremy Tan, CEO, Liquid Group Pte. Ltd.;Mr. Ani Sane, Co Founder and CBO, TerraPay",Ms. Sheetal Jain,"Ms. Sheetal Jain, Cofounder & CEO, LeRemitt",2024,https://archive.globalfintechfest.com/2024/agenda,https://archive.globalfintechfest.com/2024/api/agenda,2026-08-25T06:35:40Z
29926,Future of Fintech,2024-08-28,13:30,14:00,Jasmine2,,Trialogue,"Ecosystem, Business, Fintech",Ecosystem;Business;Fintech,public,false,,Mr. Shailendra Singh,"Mr. Shailendra Singh, Managing Director, Peak XV",Mr. Kunal Shah,"Mr. Kunal Shah, Founder, CRED",2024,https://archive.globalfintechfest.com/2024/agenda,https://archive.globalfintechfest.com/2024/api/agenda,2026-08-25T06:35:40Z
30271,Advancing Banking & Payments Technology: Preparing for the future,2024-08-28,13:35,14:15,Lotus2,,Panel Discussion and Report Launch,"Payments, Ecosystem, Banking",Payments;Ecosystem;Banking,public,false,,Mr. Sandeep Ghosh;Mr. Prashant Kumar;Mr. Gautam Aggarwal;Mr. Ashwini Kumar Tewari;Report Launch Mapping the FinTech Innovation Landscape in India and comparing it with global trends,"Mr. Sandeep Ghosh, Group Country Manager India and South Asia, Visa Inc.;Mr. Prashant Kumar, MD & CEO, Yes Bank;Mr. Gautam Aggarwal, Division President, South Asia & Country Corporate Officer, India, Mastercard;Mr. Ashwini Kumar Tewari, Managing Director, State Bank of India ( SBI );Report Launch Mapping the FinTech Innovation Landscape in India and comparing it with global trends,",Mr. Vivek Belgavi,"Mr. Vivek Belgavi, Partner, PricewaterhouseCoopers",2024,https://archive.globalfintechfest.com/2024/agenda,https://archive.globalfintechfest.com/2024/api/agenda,2026-08-25T06:35:40Z
33103,Empowering Bharat: Fintech’s role in redefining financial access and equity,2024-08-28,13:35,14:05,Jasmine1,,Trialogue,,,public,false,,Mr. Anand Daniel;Mr. Sanjay Aggarwal,"Mr. Anand Daniel, Partner, Accel;Mr. Sanjay Aggarwal, Co founder, Moneyview",Mr. Ashutosh Sinha,"Mr. Ashutosh Sinha, Senior Editor, The Economic Times",2024,https://archive.globalfintechfest.com/2024/agenda,https://archive.globalfintechfest.com/2024/api/agenda,2026-08-25T06:35:40Z
29913,AI Takes the Lead in Fraud Busting: Revolutionizing Cross-Border Payment Security,2024-08-28,13:40,14:20,Hall 204A&B,,Panel Discussion and Report Launch,"Payments, Technology, Cross Border",Payments;Technology;Cross Border,public,false,,Mr. Mayank Goyal;Mr. Nitin Motwani;Mr. Sayantan Chakraborty;Mr. Prashant Shah,"Mr. Mayank Goyal, Founder & CEO, moneyHOP;Mr. Nitin Motwani, Founder & CTO, BookMyForex Pvt. Ltd.;Mr. Sayantan Chakraborty, Global Head of Payments Rail, J.P. Morgan Payments;Mr. Prashant Shah, MD and Regional Head, Financial Institutions, South Asia, Standard Chartered Bank",Ms. Geetika Raheja,"Ms. Geetika Raheja, Partner, PricewaterhouseCoopers Services LLP",2024,https://archive.globalfintechfest.com/2024/agenda,https://archive.globalfintechfest.com/2024/api/agenda,2026-08-25T06:35:40Z
29917,Cross-Border Payments – Retail and B2B,2024-08-28,13:50,14:30,Hall 206A&B,,Panel Discussion,"Payments, Business, Cross Border",Payments;Business;Cross Border,public,false,,Mr. Guhaprasath Rajagopal;Mr. Sandeep Batra;Mr. Sudhir Sehgal;Ms. Prachi Dharani;Mr. Sriram Muthu Krishnan,"Mr. Guhaprasath Rajagopal, Managing Director, Head of Payments, J.P. Morgan Chase Bank N.A.;Mr. Sandeep Batra, Managing Director and Head of Wealth & Personal Banking, HSBC India;Mr. Sudhir Sehgal, Chief Business Officer, PayU Payments Private Limited;Ms. Prachi Dharani, Co founder & CEO, PayGlocal Technologies;Mr. Sriram Muthu Krishnan, Managing Director, Group Head Product Management, DBS",Mr. Gaurav Zutshi,"Mr. Gaurav Zutshi, Fintech Consultant, Independent Consultancy",2024,https://archive.globalfintechfest.com/2024/agenda,https://archive.globalfintechfest.com/2024/api/agenda,2026-08-25T06:35:40Z
31753,"Showcase of ""Drutam: Pioneering the Next Wave in Lending""",2024-08-28,14:00,14:20,Jasmine1,YF6,Product Showcase,,,public,false,"Hosted by - Netwin India Discover how Drutam, our cutting-edge Loan Origination System (LOS), is revolutionizing the lending process. This interactive showcase will highlight Drutam’s advanced features, including seamless integration capabilities, automated workflows, and real-time data analytics. Attendees will see live demonstrations of how Drutam can streamline loan origination from application to disbursement, reducing processing time and enhancing customer experience. Join us to explore the future of efficient, technology-driven lending operations.",,,Mr. Tejas Joshi,"Mr. Tejas Joshi, Product Lead, Netwin Systems & Software (I) Pvt Ltd",2024,https://archive.globalfintechfest.com/2024/agenda,https://archive.globalfintechfest.com/2024/api/agenda,2026-08-25T06:35:40Z
32209,Citi and Pine Labs Partnership Announcement (Spring by Citi),2024-08-28,14:00,14:20,Pavallion,"L2, L3, L4, L5, L6, L7, M2, M3, M4, M5",Product Launch,,,public,false,Hosted by - Pine Labs Citi and Pine Labs partnership announcement for Enterprise Acceptance Product Spring By Citi,Ms. Santosh Dujari;Ms. Tanya Naik;Ms. Anoushka Dua;Ms. Anoushka Dua;Mr. Amrish Rau,"Ms. Santosh Dujari, MD & Head India subcontinent, Treasury and Trade Solutions, Citibank N.A.;Ms. Tanya Naik, Business Head, Plural Pine Labs;Ms. Anoushka Dua, MD & Head - Singapore and Asia South Payments, Citibank N.A.;Ms. Anoushka Dua, MD & Head - Singapore and Asia South Payments, Citibank N.A.;Mr. Amrish Rau, CEO, Pine Labs",Ms. Mridula Iyer,"Ms. Mridula Iyer, MD & Head Asia South Treasury and Trade Solution, Citibank N.A.",2024,https://archive.globalfintechfest.com/2024/agenda,https://archive.globalfintechfest.com/2024/api/agenda,2026-08-25T06:35:40Z
32595,AML/Mule Identification,2024-08-28,14:00,14:30,Hall 203,,Masterclass,,,public,false,,Mr. Hardik Dixit;Mr. Prashant D,"Mr. Hardik Dixit, Head Fraud Risk Management, NPCI;Mr. Prashant D, Head AI/DS, National Payments Corporation of India ( NPCI )",,,2024,https://archive.globalfintechfest.com/2024/agenda,https://archive.globalfintechfest.com/2024/api/agenda,2026-08-25T06:35:40Z
29919,Technological Innovation vs. Regulatory Compliance: Striking the Right Balance for Sustainable Growth,2024-08-28,14:05,14:45,Hall 104A&B,,Panel Discussion & White Paper Release,"Technology, Business, Sustainability",Technology;Business;Sustainability,public,false,,Shri. Mayank;Mr. Baskar Babu Ramachandran;Mr. Sekhar Rao;Report Launch SuperApps: breaking down barriers,"Shri. Mayank, Scientist E / Director, Cyber Laws and Data Governance Division, Ministry of Electronics & Information Technology, Government of India;Mr. Baskar Babu Ramachandran, MD & CEO, Suryoday Small Finance Bank Ltd;Mr. Sekhar Rao, Executive Director, Karnataka Bank Ltd;Report Launch SuperApps: breaking down barriers, building bridges, ,",Mr. Amit Jain,"Mr. Amit Jain, Partner, Price Waterhouse & Co LLP",2024,https://archive.globalfintechfest.com/2024/agenda,https://archive.globalfintechfest.com/2024/api/agenda,2026-08-25T06:35:40Z
30672,Emerging Trends in Sustainable Finance: Fintech's Role in Driving the Shift Towards a Greener and More Equitable Future,2024-08-28,14:05,14:20,Jasmine2,,Special Address,Sustainability,Sustainability,public,false,,Mr. Allen Forlemu,"Mr. Allen Forlemu, Regional Industry Director, Financial Institutions Group, Asia and Pacific, International Finance Corporation",,,2024,https://archive.globalfintechfest.com/2024/agenda,https://archive.globalfintechfest.com/2024/api/agenda,2026-08-25T06:35:40Z
29923,Driving Financial Inclusion through Digital Lending: Opportunities and Strategies,2024-08-28,14:10,15:00,Hall 205A&B,,Panel Discussion,"Lending, Business, Inclusion",Lending;Business;Inclusion,public,false,,Mr. Darshan Hemant Pandit;Ms. Dipali Padia;Mr. Bhupesh Kumar;Mr. Deepak Jain;Mr. Ajay Kumar Chaurasia,"Mr. Darshan Hemant Pandit, Presales Head, Temenos [Bahwan Cybertek];Ms. Dipali Padia, Director of Business Development, Neokred;Mr. Bhupesh Kumar, Global Head Transformation, Nucleus Software Exports Limited;Mr. Deepak Jain, Co founder, FlexiLoans;Mr. Ajay Kumar Chaurasia, Vice President, RupeeRedee",Ms. Nipa Modi,"Ms. Nipa Modi, Director & Chief Revenue Officer, Equifax Credit Information Services Private Limited",2024,https://archive.globalfintechfest.com/2024/agenda,https://archive.globalfintechfest.com/2024/api/agenda,2026-08-25T06:35:40Z
30673,The India Fintech Dream - Unlocking Financial Inclusion & Fueling Economic Transformation,2024-08-28,14:10,14:40,Jasmine1,,Fireside Chat,"DPI, Infrastructure",DPI;Infrastructure,public,false,,Mr. Ambarish Kenghe,"Mr. Ambarish Kenghe, VP/GM, Google Pay, Google",Mr. Tamal Bandyopadhyay,"Mr. Tamal Bandyopadhyay, Consulting Editor, Business Standard",2024,https://archive.globalfintechfest.com/2024/agenda,https://archive.globalfintechfest.com/2024/api/agenda,2026-08-25T06:35:40Z
30841,Innovation in Fintech Regulation: Balancing Innovation and Regulation in Global Financial Services,2024-08-28,14:10,14:50,Lotus3,,Panel Discussion,"Regulatory, Policy, Fintech",Regulatory;Policy;Fintech,public,false,,Ms. Daranee Saeju;Mr. Joseph Joshy;Mr. Gitau Mburu;Mr. Ryosuke Ushida;Report Launch Indian Payments Handbook,"Ms. Daranee Saeju, Assistant Governor, Bank of Thailand;Mr. Joseph Joshy, Chief Technology Officer, International Financial Services Centres Authority;Mr. Gitau Mburu, Head of National Payments Policy Development, Regulation and Data Analysis, Central Bank of Kenya (CBK);Mr. Ryosuke Ushida, Chief Fintech Officer, Financial Services Agency of Japan;Report Launch Indian Payments Handbook,",Ms. Gayathri Parthasarathy,"Ms. Gayathri Parthasarathy, India Financial Services Sector Leader and Global Financial Services Technology Leader, PwC",2024,https://archive.globalfintechfest.com/2024/agenda,https://archive.globalfintechfest.com/2024/api/agenda,2026-08-25T06:35:40Z
32370,How Innovation is creating a safer and Inclusive financial ecosystem,2024-08-28,14:10,14:45,Lotus1,,Trialogue,,,public,false,,Mr. Ashish Agrawal;Mr. Rajnish Kumar,"Mr. Ashish Agrawal, Managing Director, Peak XV Partners;Mr. Rajnish Kumar, Chairman, Mastercard India",Mr. Himanshu Chandra,"Mr. Himanshu Chandra, CO FOUNDER, Progcap",2024,https://archive.globalfintechfest.com/2024/agenda,https://archive.globalfintechfest.com/2024/api/agenda,2026-08-25T06:35:40Z
32589,*PhonePe PG - New Product Launch*,2024-08-28,14:15,14:45,Pavallion,"H2, H3, H4, H5, H6, H7",Product Launch,,,public,false,Hosted by - PhonePe PhonePe Payment Gateway is set to launch a groundbreaking solution that will empower businesses by enhancing their payment experience. Join us for the product launch to get an in-depth walkthrough and discover all the exciting new features at PhonePe.,,,,,2024,https://archive.globalfintechfest.com/2024/agenda,https://archive.globalfintechfest.com/2024/api/agenda,2026-08-25T06:35:40Z
30334,Payment experience in omnichannel world,2024-08-28,14:20,15:00,Lotus2,,Panel Discussion,"Ecosystem, Business, Payments",Ecosystem;Business;Payments,public,false,,Mr. Anuvrat Jain;Mr. K Vijayakumar;Mr. Rahul Kothari;Mr. Kush Mehra,"Mr. Anuvrat Jain, Growth & Late stage Investor, Lightspeed;Mr. K Vijayakumar, General Manager DPSS, Reserve Bank of India;Mr. Rahul Kothari, COO, Razorpay;Mr. Kush Mehra, CBO, Pine Labs",Mr. Umang Singh Chauhan,"Mr. Umang Singh Chauhan, National Payments Corporation of India ( NPCI )",2024,https://archive.globalfintechfest.com/2024/agenda,https://archive.globalfintechfest.com/2024/api/agenda,2026-08-25T06:35:40Z
29937,Building a Large Scale AI Platform,2024-08-28,14:25,15:25,Hall 202,,Masterclass,"Technology, AI",Technology;AI,public,false,,Mr. Sathyan Sethumadhavan;Mr. Jayprasad Hegde,"Mr. Sathyan Sethumadhavan, AI ML Consultant, Thoughtworks;Mr. Jayprasad Hegde, Head AI/DS, National Payments Corporation of India ( NPCI )",,,2024,https://archive.globalfintechfest.com/2024/agenda,https://archive.globalfintechfest.com/2024/api/agenda,2026-08-25T06:35:40Z
30055,Responsible AI & Responsible Quantum Computing in Digital Banking: Balancing Innovation & Ethics,2024-08-28,14:25,15:05,Jasmine2,,Trialogue,"Technology, Business, Banking",Technology;Business;Banking,public,false,,Mr. Ray Harishankar;Mr. Nitin Chugh,"Mr. Ray Harishankar, IBM Fellow, IBM Quantum Safe, IBM;Mr. Nitin Chugh, Deputy Managing Director and Head (Digital Banking & Transformation), State Bank of India ( SBI )",Mr. Prabhu Rangarajan,"Mr. Prabhu Rangarajan, Co founder, M2P Fintech",2024,https://archive.globalfintechfest.com/2024/agenda,https://archive.globalfintechfest.com/2024/api/agenda,2026-08-25T06:35:40Z
29924,"Geopolitical Threats, Future Government Regulations, and Fintech Preparedness",2024-08-28,14:30,15:15,Hall 204A&B,,Panel Discussion,"Regulatory, Policy, Risk",Regulatory;Policy;Risk,public,false,,Mr. Sandeep Khanna;Lt. Gen. M U Nair;Dr. Sanjay Bahl,"Mr. Sandeep Khanna, CISO, UIDAI;Lt. Gen. M U Nair, AVSM, SM, National Cyber Security Coordinator, Government of India;Dr. Sanjay Bahl, Director General, Indian Computer Emergency Response Team",Mr. Pravin Kumar,"Mr. Pravin Kumar, CMISO and DPO, National Payment Corporation of India",2024,https://archive.globalfintechfest.com/2024/agenda,https://archive.globalfintechfest.com/2024/api/agenda,2026-08-25T06:35:40Z
32371,Launch of Worldline One Commerce,2024-08-28,14:30,14:50,Pavallion,"F16, F17",Product Launch,,,public,false,Hosted by - Worldline Launching Worldline's Omnichannel platform that unifies instore and online products.,,,,,2024,https://archive.globalfintechfest.com/2024/agenda,https://archive.globalfintechfest.com/2024/api/agenda,2026-08-25T06:35:40Z
32372,FinSecure India: Fraud Landscape Report Launch,2024-08-28,14:30,15:00,Pavallion,,Report Launch,,,public,false,Hosted by - Data Sutram We're launching a landscape report on Fraud and the future trends in India.,,,Mr. Rajit Bhattacharya,"Mr. Rajit Bhattacharya, Founder & Chief Executive Officer, Data Sutram",2024,https://archive.globalfintechfest.com/2024/agenda,https://archive.globalfintechfest.com/2024/api/agenda,2026-08-25T06:35:40Z
31066,Introducing Tap and Transit by Airtel Payments Bank,2024-08-28,14:35,14:55,Hall 206A&B,,Product Showcase,"Technology, Payments",Technology;Payments,public,false,,Mr. Denny V Thomas;Mr. Utsav Malhotra;Mr. Vivek Singh,"Mr. Denny V Thomas, Head Transit, NPCI;Mr. Utsav Malhotra, COO, Noise;Mr. Vivek Singh, VP Payments Product, Airtel Payments Bank",,,2024,https://archive.globalfintechfest.com/2024/agenda,https://archive.globalfintechfest.com/2024/api/agenda,2026-08-25T06:35:40Z
32590,EFRM Architecture,2024-08-28,14:35,15:05,Hall 203,,Masterclass,,,public,false,,Mr. Sateesh Palagiri,"Mr. Sateesh Palagiri, Chief of Mobility Solutions, National Payments Corporation of India",Mr. Saiprasad Nabar,"Mr. Saiprasad Nabar, Head Technology, National Payments Corporation of India",2024,https://archive.globalfintechfest.com/2024/agenda,https://archive.globalfintechfest.com/2024/api/agenda,2026-08-25T06:35:40Z
29918,Future of DPI and Lessons from Successful examples,2024-08-28,14:45,15:30,Jasmine1,,Panel Discussion,"Ecosystem, DPI, Digital Transformation",Ecosystem;DPI;Digital Transformation,public,false,,Mr. Alexandre Stervinou;Ms. Ana Maria Prieto;Mr. Solomon Damtew Birhanu;Shri. Suvendu Pati;Mr. Stanislav Korop,"Mr. Alexandre Stervinou, Director, Cash & Retail Payments Policy and Oversight Directorate, Banque de France;Ms. Ana Maria Prieto, Director at the Payment System Department, Central Bank of Colombia;Mr. Solomon Damtew Birhanu, Director, National Bank of Ethiopia;Shri. Suvendu Pati, Chief General Manager, FinTech Department, Reserve Bank of India;Mr. Stanislav Korop, Acting Director FinTech Department, Bank of Russia",Mr. Navin Surya,"Mr. Navin Surya, Chairman Emeritus, PCI and Founder & Strategic Partner, Beams VC",2024,https://archive.globalfintechfest.com/2024/agenda,https://archive.globalfintechfest.com/2024/api/agenda,2026-08-25T06:35:40Z
30074,"Fast Forward, Rewind: A Look Back at India s Golden Decade in Fintech",2024-08-28,14:45,15:15,Hall 102,,Panel Discussion and Report Launch,"Ecosystem, Fintech",Ecosystem;Fintech,public,false,,Mr. George Sam;Mr. Vamsi Madhav;Report Launch;Mr. Pankaj Gupta,"Mr. George Sam, Co founder & Business Head, Mindgate Solutions Private Limited;Mr. Vamsi Madhav, CEO, Finvu AA;Report Launch,;Mr. Pankaj Gupta, Chief Digital & Marketing Officer, Karnataka Bank Limited",Mr. Ishan Shah,"Mr. Ishan Shah, Lead Research, The Fintech Meetup",2024,https://archive.globalfintechfest.com/2024/agenda,https://archive.globalfintechfest.com/2024/api/agenda,2026-08-25T06:35:40Z
30842,How can central banks build a more inclusive fintech ecosystem,2024-08-28,14:50,15:20,Hall 104A&B,,Special Address,"Policy, Ecosystem, Banking",Policy;Ecosystem;Banking,public,false,,Mr. Jeremy Wilmot,"Mr. Jeremy Wilmot, President & CEO, Interac Corp.",,,2024,https://archive.globalfintechfest.com/2024/agenda,https://archive.globalfintechfest.com/2024/api/agenda,2026-08-25T06:35:40Z
31171,Global Fintech Synergies: Building Interconnected Financial Ecosystem,2024-08-28,14:50,15:30,Lotus1,,Panel Discussion,,,public,false,,Mr. Kiran Shetty;Ms. Paroma Chatterjee;Mr. Angaj Bhandari;Mr. Dewang Neralla;Ms. Karen L Miller,"Mr. Kiran Shetty, Chief Executive Officer and Regional Head Swift India, Swift;Ms. Paroma Chatterjee, CEO, Revolut India;Mr. Angaj Bhandari, Senior Vice President Europe, Middle East & Africa, Fime;Mr. Dewang Neralla, Founder and CEO, HiWiPay;Ms. Karen L Miller, Head of Strategy and Special Projects, Women's World Banking",Mr. Gautam Ganjawala,"Mr. Gautam Ganjawala, Senior Partner, AZB & Partners",2024,https://archive.globalfintechfest.com/2024/agenda,https://archive.globalfintechfest.com/2024/api/agenda,2026-08-25T06:35:40Z
29925,Innovative Solutions to Foster Digital Financial Inclusion – Global & Local Experience,2024-08-28,14:55,15:35,Lotus3,,Panel Discussion,"Financial Infra, Inclusion",Financial Infra;Inclusion,public,false,,Ms. Carrie Suen;Mr. Kamal Quadir;Dr. Abhishek Agrawal,"Ms. Carrie Suen, Senior Advisor Global Affairs & Sustainability Strategies, Ant International;Mr. Kamal Quadir, Founder & CEO, bKash Ltd;Dr. Abhishek Agrawal, Managing Partner, Accion",Ms. Fangfang Jiang,"Ms. Fangfang Jiang, Regional Lead of Digital Financial Service, IFC FIG US and AS APAC, IFC",2024,https://archive.globalfintechfest.com/2024/agenda,https://archive.globalfintechfest.com/2024/api/agenda,2026-08-25T06:35:40Z
29960,Solutions for New Age clients,2024-08-28,15:00,15:20,Hall 206A&B,,Product Showcase,Product Launch,Product Launch,public,false,,Mr. Naman Kapoor,"Mr. Naman Kapoor, MD & Head Indian Subcontinent Payments Liquidity, Citibank N.A.",,,2024,https://archive.globalfintechfest.com/2024/agenda,https://archive.globalfintechfest.com/2024/api/agenda,2026-08-25T06:35:40Z
32592,India's first UPI-focused payments platform by Pine Labs,2024-08-28,15:00,15:15,Pavallion,"L2, L3, L4, L5, L6, L7, M2, M3, M4, M5",Product Launch,,,public,false,Hosted by - Pine Labs UPI Setu is built for enterprises and developers to embed multiple UPI products into any workflow,,,Mr. Nikhil Kumar,"Mr. Nikhil Kumar, Co founder & Chief Evangelist, Setu",2024,https://archive.globalfintechfest.com/2024/agenda,https://archive.globalfintechfest.com/2024/api/agenda,2026-08-25T06:35:40Z
32593,HDFC Smart Gateway Launch,2024-08-28,15:00,15:30,Pavallion,"Z2, Z3",Product Launch,,,public,false,"Hosted by - JUSPAY HDFC & Juspay will launch HDFC ‘Smart Gateway’, powered by Juspay, the Payments solution designed to simplify payments for new-age businesses. The launch will include a video showcase along with addresses from leaders of HDFC and Juspay.",Mr. Rajanish Prabhu,"Mr. Rajanish Prabhu, $, EVP, HDFC Bank",Mr. Sheetal Lalwani,"Mr. Sheetal Lalwani, $, COO, Juspay",2024,https://archive.globalfintechfest.com/2024/agenda,https://archive.globalfintechfest.com/2024/api/agenda,2026-08-25T06:35:40Z
32594,Product launch announcement and Demo of product at the Booth,2024-08-28,15:00,15:30,Pavallion,YD4,Product Launch,,,public,false,"Hosted by - Mobicule Mobicule is excited to announce groundbreaking advancements in debt resolution with the launch of our comprehensive, full-stack debt resolution solution. Our latest innovation features a fully secure and automated Intelligent ""Print-to-Post"" service, setting a new standard in loan collection efficiency and reliability.",,,,,2024,https://archive.globalfintechfest.com/2024/agenda,https://archive.globalfintechfest.com/2024/api/agenda,2026-08-25T06:35:40Z
32702,Beer-O- Clock,2024-08-28,15:00,17:00,Pavallion,"Z12, J24, J26",Networking,,,public,false,Hosted by - CRED,,,,,2024,https://archive.globalfintechfest.com/2024/agenda,https://archive.globalfintechfest.com/2024/api/agenda,2026-08-25T06:35:40Z
30843,Improving the customer experience in Financial Industry,2024-08-28,15:05,15:40,Lotus2,,Panel Discussion,"Technology, Business, Customer Service",Technology;Business;Customer Service,public,false,,Mr. Shivakumar Ganesan;Mr. Pushkar Mukewar;Mr. Milind Pathak;Mr. Sandeep Malhotra;Ms. Charu Mathur,"Mr. Shivakumar Ganesan, Co founder & CEO, Exotel;Mr. Pushkar Mukewar, CEO & Co founder, Drip Capital Inc.;Mr. Milind Pathak, Executive VP Product & Marketing, Route Mobile Limited;Mr. Sandeep Malhotra, Executive Vice President, Products & Innovation, Asia Pacific, Mastercard;Ms. Charu Mathur, Chief Digital Officer, IndusInd Bank",Mr. Nitya Sharma,"Mr. Nitya Sharma, Founder & CEO, Simpl",2024,https://archive.globalfintechfest.com/2024/agenda,https://archive.globalfintechfest.com/2024/api/agenda,2026-08-25T06:35:40Z
32076,Whitepaper on : Small is BIG - How Fintech are Revolutionising Lending,2024-08-28,15:05,15:15,Hall 205A&B,,Whitepaper Launch,,,public,false,,Mr. Abhinav Thakur;Report Launch,"Mr. Abhinav Thakur, Head of Analytics CoE, Experian India;Report Launch,",Mr. Abhinav Thakur,"Mr. Abhinav Thakur, Head of Analytics CoE, Experian India",2024,https://archive.globalfintechfest.com/2024/agenda,https://archive.globalfintechfest.com/2024/api/agenda,2026-08-25T06:35:40Z
32703,Advanced Analytics Solution suite,2024-08-28,15:15,15:30,Pavallion,"P2, P3, P4, P5, P6, P7",Product Showcase,,,public,false,Hosted by - TransUnion CIBIL Showcase of capabilities,,,Ms. Deepti Garg,"Ms. Deepti Garg, Director, TransUnion CIBIL",2024,https://archive.globalfintechfest.com/2024/agenda,https://archive.globalfintechfest.com/2024/api/agenda,2026-08-25T06:35:40Z
30844,Future of Fintech Incubation,2024-08-28,15:20,16:00,Hall 204A&B,,Announcement & Panel Discussion,"Business, Startups",Business;Startups,public,false,,Mr. Yamini Bhushan Pandey;Mr. Santosh Kumar;Mr. Vignesh Mohan;Dr. Supriya Sharma;Mr. N Anand Sri Ganesh,"Mr. Yamini Bhushan Pandey, Managing Director, IIML EIC;Mr. Santosh Kumar, Director, SPJIMR;Mr. Vignesh Mohan, Chief Executive Officer, IIT Jodhpur Technology Innovation and Startup Center;Dr. Supriya Sharma, Partner, IIMA Ventures;Mr. N Anand Sri Ganesh, CEO, NSRCEL IIM Bangalore",Mr. Aakarsh Naidu,"Mr. Aakarsh Naidu, Head of Fintech and Startups, Reserve Bank Innovation Hub",2024,https://archive.globalfintechfest.com/2024/agenda,https://archive.globalfintechfest.com/2024/api/agenda,2026-08-25T06:35:40Z
29936,Fireside Chat with Mr. Adeeb Ahamed,2024-08-28,15:25,15:55,Hall 104A&B,,Fireside Chat,,,public,false,,Mr. Adeeb Ahamed,"Mr. Adeeb Ahamed, Managing Director, Lulu Financial Holdings",Mr. Kishan Srinivas,"Mr. Kishan Srinivas, Incharge Business Development, NPCI International Limited",2024,https://archive.globalfintechfest.com/2024/agenda,https://archive.globalfintechfest.com/2024/api/agenda,2026-08-25T06:35:40Z
30599,Digital Banks : Time is Now,2024-08-28,15:25,16:05,Hall 206A&B,,Panel Discussion,"Technology, DPI, Neo Banks",Technology;DPI;Neo Banks,public,false,,Mr. Vinay Bagri;Mr. Manish Agarwal;Mr. Anuj Kacker;Mr. Anand Kumar Bajaj,"Mr. Vinay Bagri, Co Founder and CEO, Niyo;Mr. Manish Agarwal, Business Head, Kotak 811;Mr. Anuj Kacker, Co founder, Freo;Mr. Anand Kumar Bajaj, Founder, MD & CEO, PayNearby",Mr. Sujith Narayanan,"Mr. Sujith Narayanan, Co founder and Chief Product & Technology Officer at Epifi Technologies Private Ltd. Epifi Technologies Private Limited (Fi/ Fi Money)",2024,https://archive.globalfintechfest.com/2024/agenda,https://archive.globalfintechfest.com/2024/api/agenda,2026-08-25T06:35:40Z
31754,Introducing QR-Based Offer Discovery and Personalization in the Offline Market,2024-08-28,15:30,15:45,Pavallion,W1,Product Launch,,,public,false,Hosted by - Razorpay Introducing solutions for QR-based offer discovery and personalization in the offline market enhances customer engagement and drives sales.,,,Mr. Khilan Haria,"Mr. Khilan Haria , SVP and Head of Payments Product , Razorpay",2024,https://archive.globalfintechfest.com/2024/agenda,https://archive.globalfintechfest.com/2024/api/agenda,2026-08-25T06:35:40Z
32373,"Large Language Models: Capabilities, Challenges, and Opportunities",2024-08-28,15:30,16:30,Hall 202,,Masterclass,Emerging Technology,Emerging Technology,public,false,,Prof. Danish Pruthi,"Prof. Danish Pruthi, Professor, IISc Bangalore",,,2024,https://archive.globalfintechfest.com/2024/agenda,https://archive.globalfintechfest.com/2024/api/agenda,2026-08-25T06:35:40Z
30064,"If Content is King, Who is Queen? : Leveraging AI, ChatGPT, and Innovative Content for Hyper-Personalized Demand Generation",2024-08-28,15:35,16:05,Lotus1,,Panel Discussion,"Technology, Business, AI",Technology;Business;AI,public,false,,Mr. Pramod Kumar Dubey;Ms. Niharika Bhargava;Mr. Ravi Santhanam,"Mr. Pramod Kumar Dubey, General Manager, Punjab National Bank;Ms. Niharika Bhargava, Co Inventor, ConfirmU;Mr. Ravi Santhanam, Group Head, Chief Marketing Officer & Head â€“ Direct to Consumer Business, HDFC Bank",Mr. Amit Goel,"Mr. Amit Goel, Managing Partner, 77 Capital",2024,https://archive.globalfintechfest.com/2024/agenda,https://archive.globalfintechfest.com/2024/api/agenda,2026-08-25T06:35:40Z
30845,Fintech in India: Opportunities and Challenges,2024-08-28,15:35,16:05,Jasmine1,,Fireside Chat,"Ecosystem, Fintech",Ecosystem;Fintech,public,false,,Mr. Sameer Nigam,"Mr. Sameer Nigam, Founder & CEO, PhonePe Pvt Ltd",Ms. Shereen Bhan,"Ms. Shereen Bhan, Managing Editor, CNBC TV18",2024,https://archive.globalfintechfest.com/2024/agenda,https://archive.globalfintechfest.com/2024/api/agenda,2026-08-25T06:35:40Z
29930,Building Sustainable consumer loyalty,2024-08-28,15:40,16:20,Lotus3,,Panel Discussion,"Ecosystem, Business, Innovation",Ecosystem;Business;Innovation,public,false,,Mr. Mohit Gorisariya;Ms. Anuradha Aggarwal;Mr. Bhargav Errangi;Mr. Abhishek Saxena;Mr. Jaswinder Sodhi,"Mr. Mohit Gorisariya, Co Founder, SalarySe;Ms. Anuradha Aggarwal, Director User Growth & CMO, Amazon Pay India Private Limited;Mr. Bhargav Errangi, Founder, POP;Mr. Abhishek Saxena, Managing Director, OmniCard (Eroute Technologies);Mr. Jaswinder Sodhi, Head of Marketing, Digital and Customers for HSBC Wealth & Personal Banking in India, HSBC India",Mr. Amit Koshal,"Mr. Amit Koshal, Founder & CEO, TWID",2024,https://archive.globalfintechfest.com/2024/agenda,https://archive.globalfintechfest.com/2024/api/agenda,2026-08-25T06:35:40Z
29935,Finternet: Transforming Financial Services through Digital Innovation,2024-08-28,15:45,16:15,Jasmine2,,Keynote,"Financial Infra, Technology, Innovation",Financial Infra;Technology;Innovation,public,false,,Mr. Nandan Nilekani,"Mr. Nandan Nilekani, Co founder & Chairman, Infosys Technologies",,,2024,https://archive.globalfintechfest.com/2024/agenda,https://archive.globalfintechfest.com/2024/api/agenda,2026-08-25T06:35:40Z
29938,Leveraging Artificial Intelligence to Combat Digital Financial Frauds,2024-08-28,15:45,16:15,Lotus2,,Dialogue,"Security, Technology, AI",Security;Technology;AI,public,false,,Mr. Vaidyanathan Vembu;Mr. Sumnesh Joshi,"Mr. Vaidyanathan Vembu, MD & CEO, IDFC FIRST Bank;Mr. Sumnesh Joshi, Deputy Director General ( Joint Secretary level), Ministry of Communications, Government of India",Mr. Rajesh Bansal,"Mr. Rajesh Bansal, Chief Executive Officer, Reserve Bank Innovation Hub",2024,https://archive.globalfintechfest.com/2024/agenda,https://archive.globalfintechfest.com/2024/api/agenda,2026-08-25T06:35:40Z
31172,Launch of BICRI(Business Indicator for Credit Rating in India) Score,2024-08-28,15:45,16:30,Jasmine1,YG4,Product Launch,,,public,false,"Hosted by - LoanTap Business Indicator for Credit Rating in India (BICRI) is an AI-based retailer trade and credit limit recommendation engine for Distributors and Lenders. The BICRI score enables a distributor to establish total business potential, stability, and a trade credit limit with a retail outlet. A lender will be able to use the BICRI score and its detailed recommendation engine to onboard a new retailer for invoice financing and working capital facility for up to a year. We will be launching this at the GFF by explaining them how it works and its impact and benefits for lenders, retailers and distributors.",Mr. Satyam Kumar,"Mr. Satyam Kumar, CEO and Co founder, LoanTap Financial Technologies",Mr. Aditya Raut,"Mr. Aditya Raut, Product Head, LoanTap",2024,https://archive.globalfintechfest.com/2024/agenda,https://archive.globalfintechfest.com/2024/api/agenda,2026-08-25T06:35:40Z
32704,Private Meeting - RBI & SAMA,2024-08-28,15:45,16:45,Hall 105B,,Private Meetings,,,public,false,,,,,,2024,https://archive.globalfintechfest.com/2024/agenda,https://archive.globalfintechfest.com/2024/api/agenda,2026-08-25T06:35:40Z
31969,AI in CX: Moving beyond buzzwords to real-business Impact,2024-08-28,15:50,16:50,Hall 203,,Masterclass,,,public,false,,Mr. Angira Agrawal;Mr. Ajay Vernekar,"Mr. Angira Agrawal, India Business Head, Exotel;Mr. Ajay Vernekar, Chief Information Officer, SBI Life Insurance Co. Ltd.",,,2024,https://archive.globalfintechfest.com/2024/agenda,https://archive.globalfintechfest.com/2024/api/agenda,2026-08-25T06:35:40Z
29934,Angel Wings: Taking Flight with Early-Stage Investments,2024-08-28,15:55,16:55,Hall 102,,Panel Discussion & Networking,"Investments, Networking",Investments;Networking,public,false,,Mr. Rajat Mehta;Mr. Abhay Agarwal;Mr. Dhruv Bahl;Ms. Sweta Rau;Mr. Jeet Marwadi,"Mr. Rajat Mehta, COO PMS, Mehta Equities;Mr. Abhay Agarwal, Founder & Fund Manager, Piper Serica Advisors;Mr. Dhruv Bahl, Managing Partner, Eternal Capital;Ms. Sweta Rau, General Partner, White Venture Capital;Mr. Jeet Marwadi, Founder & Managing Director, 1 Finance",Mr. Husain Rangoonwala,"Mr. Husain Rangoonwala, Fund Manager, YAN Angel Fund",2024,https://archive.globalfintechfest.com/2024/agenda,https://archive.globalfintechfest.com/2024/api/agenda,2026-08-25T06:35:40Z
30058,B reaking Barriers: The role of Women in shaping the Future of Finance,2024-08-28,16:00,16:40,Hall 104A&B,,Panel Discussion,"Ecosystem, Policy, Women",Ecosystem;Policy;Women,public,false,,Ms. Harsha Thadhani Rodrigues;Ms. Deepti Sanghi;Ms. Lizzie Chapman;Ms. Nilufer Mullanfiroze,"Ms. Harsha Thadhani Rodrigues, Global Head, Regional Client Services, Women's World Banking;Ms. Deepti Sanghi, Co founder, CEO, Kodo;Ms. Lizzie Chapman, Co Founder, SwiffyLabs;Ms. Nilufer Mullanfiroze, Founder CEO, FinArth Consultancy",Ms. Neetu Chitkara,"Ms. Neetu Chitkara, Managing Director Partner, Boston Consulting Group",2024,https://archive.globalfintechfest.com/2024/agenda,https://archive.globalfintechfest.com/2024/api/agenda,2026-08-25T06:35:40Z
32212,Edtech,2024-08-28,16:00,16:30,Pavallion,D1,Product Launch,,,public,false,Hosted by - HDFC Launch of Edtech solutions to enable cross border education fees to universities in partnership with education consultants and aggregators,,,Mr. Jatinder Gupta,"Mr. Jatinder Gupta, Executive Vice President & Business Head Retail Trade and Forex, HDFC Bank",2024,https://archive.globalfintechfest.com/2024/agenda,https://archive.globalfintechfest.com/2024/api/agenda,2026-08-25T06:35:40Z
32374,Launching Worldline's Merchant Engagement Programme -Maitri,2024-08-28,16:00,16:35,Pavallion,"F16, F17",Product Launch,,,public,false,Hosted by - Worldline Worldline Maitri is an industry-first program for Banks that will enable the Banks to activate dormant merchants etc.,,,,,2024,https://archive.globalfintechfest.com/2024/agenda,https://archive.globalfintechfest.com/2024/api/agenda,2026-08-25T06:35:40Z
32375,Alternate Data Based Risk Management,2024-08-28,16:00,17:00,Pavallion,"T13, T15",Product Showcase,,,public,false,Hosted by - Digitap. AI Explore how you can use Alternate Data for automated decisioning in your lending journeys,,,,,2024,https://archive.globalfintechfest.com/2024/agenda,https://archive.globalfintechfest.com/2024/api/agenda,2026-08-25T06:35:40Z
32596,Cashfree Secure ID Product Launch,2024-08-28,16:00,16:30,Pavallion,"M25, M27",Product Launch,,,public,false,Hosted by - Cashfree We're unveiling our 360-degree identity verification solution for fintechs,,,,,2024,https://archive.globalfintechfest.com/2024/agenda,https://archive.globalfintechfest.com/2024/api/agenda,2026-08-25T06:35:40Z
30068,Transforming B2B Payments: Innovations and Trends,2024-08-28,16:05,16:45,Hall 204A&B,,Panel Discussion,"Payments, Technology, Innovation",Payments;Technology;Innovation,public,false,,Mr. Anand Balaji;Ms. Rashmi Satpute;Mr. Ajay Adiseshann;Mr. Movin Jain,"Mr. Anand Balaji, CEO and Co founder, Xflow Payments India Pvt Ltd;Ms. Rashmi Satpute, Country Director of India, EBANX;Mr. Ajay Adiseshann, CEO, PayMate;Mr. Movin Jain, Founder, Skydo",Ms. Shweta Shetty. Partner and Chief Talent Officer,"Ms. Shweta Shetty. Partner and Chief Talent Officer, Deloitte India",2024,https://archive.globalfintechfest.com/2024/agenda,https://archive.globalfintechfest.com/2024/api/agenda,2026-08-25T06:35:40Z
29940,Unified Platform Approach: Merging FS and Non-FS Services for SME & MSMEs,2024-08-28,16:10,16:50,Lotus1,,Panel Discussion,"Ecosystem, Business, SME Finance",Ecosystem;Business;SME Finance,public,false,,Mr. Bhavesh Jain;Mr. Rai Rohit Prasad;Mr. Ajay Rajan;Ms. Pallavi Shrivastava,"Mr. Bhavesh Jain, Chief Revenue Officer, TransUnion CIBIL;Mr. Rai Rohit Prasad, Founder & CEO, Easebuzz Private Limited;Mr. Ajay Rajan, Country Head Government, Multinational & International Business, Transaction Banking & Knowledge Units, Yes Bank;Ms. Pallavi Shrivastava, Co Founder, Progcap",Mr. Vineet Singh,"Mr. Vineet Singh, Founder & CEO, Castler",2024,https://archive.globalfintechfest.com/2024/agenda,https://archive.globalfintechfest.com/2024/api/agenda,2026-08-25T06:35:40Z
29941,Leveraging Alternate Data Points to increase access and affordability of Credit Solutions,2024-08-28,16:10,16:50,Hall 206A&B,,Panel Discussion,"Lending, Technology, Credit Risk",Lending;Technology;Credit Risk,public,false,,Ms. Presha Paragash;Mr. Avijit Jain;Ms. Anoushka Dua;Mr. Sangram Singh,"Ms. Presha Paragash, Wholetime Director & CEO, Credit Saison India;Mr. Avijit Jain, Chief Operating Officer, Lending, Paytm;Ms. Anoushka Dua, MD & Head Singapore and Asia South Payments, Citibank N.A.;Mr. Sangram Singh, CEO, Indifi Technologies Pvt Ltd",Mr. Chinmay Pol,"Mr. Chinmay Pol, Head Banking Alliances, NPCI Bharat BillPay",2024,https://archive.globalfintechfest.com/2024/agenda,https://archive.globalfintechfest.com/2024/api/agenda,2026-08-25T06:35:40Z
30539,Digital Lending: Revolutionizing Credit Distribution in the Modern Economy,2024-08-28,16:20,17:05,Lotus2,,Panel Discussion,"Lending, Technology, Credit Risk",Lending;Technology;Credit Risk,public,false,,Mr. Vikrant Bangia;Mr. Srikanth Bureddy;Mr. Souparno Bagchi;Ms. Neha Shivran;Mr. Sanket Deodhar,"Mr. Vikrant Bangia, Chief Operating Officer, Lending, Paytm;Mr. Srikanth Bureddy, Co Founder, Buddy Loan;Mr. Souparno Bagchi, Chief Operating Officer, Balancehero;Ms. Neha Shivran, Chief Data Scientist, RING;Mr. Sanket Deodhar, Vice President and Head of Digital Natives, SAP India",Ms. Gowri Thyagarajan Mukherjee,"Ms. Gowri Thyagarajan Mukherjee, Co Founder, CreditMantri",2024,https://archive.globalfintechfest.com/2024/agenda,https://archive.globalfintechfest.com/2024/api/agenda,2026-08-25T06:35:40Z
30405,"Why the Linux Foundation Decentralized Trust: Understanding these technologies, communities and specifications that are critical to the macro shift to decentralized technologies",2024-08-28,16:25,17:25,Hall 205A&B,,Masterclass,"Technology, Security",Technology;Security,public,false,,Mr. Julian Gordon,"Mr. Julian Gordon, VP, Asia Pacific and Middle East, Hyperledger Foundation",,,2024,https://archive.globalfintechfest.com/2024/agenda,https://archive.globalfintechfest.com/2024/api/agenda,2026-08-25T06:35:40Z
31756,Face Authentication for Savings Account & Frictionless Finance for Women,2024-08-28,16:30,17:00,Pavallion,"K2, K3, K4, K5, K6, K7",Product Launch,,,public,false,Hosted by - Paynearby,,,,,2024,https://archive.globalfintechfest.com/2024/agenda,https://archive.globalfintechfest.com/2024/api/agenda,2026-08-25T06:35:40Z
32213,Launch of Citi's Enhanced Supplier Analysis & Onboarding solutions,2024-08-28,16:30,17:00,Pavallion,"A8, A9, A10, A11",Product Launch,,,public,false,Hosted by - Citi Citi will be launching it latest stack for onboarding and supplier analysis,Mr. Mayank Gupta,"Mr. Mayank Gupta, MD & Head for Trade Business, Citi Bank",Mr. Ilyas Khan,"Mr. Ilyas Khan, Citi Global Head, Supplier Onboarding Trade Payables, Citi",2024,https://archive.globalfintechfest.com/2024/agenda,https://archive.globalfintechfest.com/2024/api/agenda,2026-08-25T06:35:40Z
31214,WestBridge X Finvu: Account Aggregator Co-Lab,2024-08-28,16:35,17:35,Hall 202,,Hackathon,,,public,false,,,,,,2024,https://archive.globalfintechfest.com/2024/agenda,https://archive.globalfintechfest.com/2024/api/agenda,2026-08-25T06:35:40Z
30846,FinTech Innovations for India@100: Shaping the Future of India's Financial Landscape,2024-08-28,17:00,17:30,Jasmine2,,Keynote,"Financial Infra, Ecosystem, Innovation",Financial Infra;Ecosystem;Innovation,public,false,,Mr. Kris Gopalakrishnan;Guest of Honor,"Mr. Kris Gopalakrishnan, Chair GFF2024, Co;Guest of Honor , Shri. Shaktikanta Das, Governor, Reserve Bank of India",,,2024,https://archive.globalfintechfest.com/2024/agenda,https://archive.globalfintechfest.com/2024/api/agenda,2026-08-25T06:35:40Z
33104,"Lyra, Connecting culture ( Indo-French ) - Enabling UPI Globally",2024-08-28,17:30,18:00,Hall 205A&B,,Product Launch,,,public,false,,Mr. Christophe Mariette;Mr. Patrick Branco Ruivo;Mr. Hemant Mediratta,"Mr. Christophe Mariette, Chairman of Lyra India, Lyra Network;Mr. Patrick Branco Ruivo, Directeur général, SETE Société d'Exploitation de la tour Eiffel;Mr. Hemant Mediratta, Chief Executive Officer, HMC",,,2024,https://archive.globalfintechfest.com/2024/agenda,https://archive.globalfintechfest.com/2024/api/agenda,2026-08-25T06:35:40Z
29943,Product Launches by the Governor,2024-08-28,17:40,18:10,Jasmine2,,Product Launch,"Product Launch, Business, Product Design",Product Launch;Business;Product Design,public,false,,Mr. Avdhoot Kajarekar,"Mr. Avdhoot Kajarekar, Lead UPI Product Development, National Payments Corporation of India ( NPCI )",,,2024,https://archive.globalfintechfest.com/2024/agenda,https://archive.globalfintechfest.com/2024/api/agenda,2026-08-25T06:35:40Z
29944,Fintech Leaders’ Dialogues - SAP,2024-08-28,18:00,21:00,Hall 105B,,Networking,"Invite Only, Networking",Invite Only;Networking,invite-only,true,,,,,,2024,https://archive.globalfintechfest.com/2024/agenda,https://archive.globalfintechfest.com/2024/api/agenda,2026-08-25T06:35:40Z
31757,BFSI Leadership Exchange - IBM,2024-08-28,18:00,20:40,Hall 102,,Round Table,,,invite-only,true,,,,,,2024,https://archive.globalfintechfest.com/2024/agenda,https://archive.globalfintechfest.com/2024/api/agenda,2026-08-25T06:35:40Z
29945,CEOs Dinner,2024-08-28,18:30,21:30,Lotus3,,Networking,Networking,Networking,invite-only,true,,,,,,2024,https://archive.globalfintechfest.com/2024/agenda,https://archive.globalfintechfest.com/2024/api/agenda,2026-08-25T06:35:40Z
32214,GFF Night Fest,2024-08-28,19:30,22:30,BKC,,Networking,,,public,false,Hosted by -,,,,,2024,https://archive.globalfintechfest.com/2024/agenda,https://archive.globalfintechfest.com/2024/api/agenda,2026-08-25T06:35:40Z
29946,Global Fintech Women - Power B reakfast,2024-08-29,08:00,11:00,Hall 206A&B,,Networking,"Ecosystem, Networking",Ecosystem;Networking,invite-only,true,,Report Launch Diversity Pulse Check: Women in Indian Fintech,"Report Launch Diversity Pulse Check: Women in Indian Fintech,",Release of GFW Impact Report,Release of GFW Impact Report,2024,https://archive.globalfintechfest.com/2024/agenda,https://archive.globalfintechfest.com/2024/api/agenda,2026-08-25T06:35:40Z
32077,"Smart Farming : Emerging Trends and Opportunities for Agri-tech Startups, Hosted by NABVENTURES",2024-08-29,09:30,10:20,Hall 104B,,Panel Discussion,Agritech,Agritech,invite-only,true,,Mr. Rahul Rai;Dr. Sat Kumar Tomer;Dr. Ninad Gujarathi;Mr. Srivatsa (Sri) Sreenivasarao,"Mr. Rahul Rai, Partner, Incofin;Dr. Sat Kumar Tomer, Founder & CEO, Satyukt Analytics Private Limited;Dr. Ninad Gujarathi, Founder, Environalgae;Mr. Srivatsa (Sri) Sreenivasarao, Founder & CEO, TraceX Technologies",Mr. Ashish Choudhury,"Mr. Ashish Choudhury, Chief Investment Officer, NABVENTURES Ltd",2024,https://archive.globalfintechfest.com/2024/agenda,https://archive.globalfintechfest.com/2024/api/agenda,2026-08-25T06:35:40Z
29947,Collection as a challenge for Credit Penetration and Emerging Trends,2024-08-29,10:00,10:40,Lotus3,,Panel Discussion,"Lending, Business, Collection",Lending;Business;Collection,public,false,,Mr. Jairam Sridharan;Mr. Mahesh Sharma;Mr. Nicholas Soo;Mr. Rakesh Singh,"Mr. Jairam Sridharan, Managing Director, Piramal Capital & Housing Finance Ltd;Mr. Mahesh Sharma, Deputy Managing Director (Transaction Banking & New Initiatives), State Bank of India ( SBI );Mr. Nicholas Soo, MD & Regional Head of Payment Products,, HSBC;Mr. Rakesh Singh, Managing Director and Chief Executive Officer, Aditya Birla Finance Ltd.",Ms. Ipsita Sur,"Ms. Ipsita Sur, Head Financial Services, National Payments Corporation of India ( NPCI )",2024,https://archive.globalfintechfest.com/2024/agenda,https://archive.globalfintechfest.com/2024/api/agenda,2026-08-25T06:35:40Z
29948,Driving Digital Transformation: Leveraging AI and Innovation to Enhance Customer Experience,2024-08-29,10:00,10:40,Lotus1,,Panel Discussion,"Regulatory, DPI, Digital Transformation",Regulatory;DPI;Digital Transformation,public,false,,Mr. Ofer Tziperman;Mr. Sunil Pandita;Shri. Brijesh Singh;Mr. Anuj Bajpai;Mr. Thomas Schickler,"Mr. Ofer Tziperman, Senior VP; Former CEO of ANAGOG, Intent HQ (ANAGOG);Mr. Sunil Pandita, Vice President Sales (India and South Asia), Newgen Software;Shri. Brijesh Singh, Principal Secretary to the Chief Minister, Government of Maharashtra;Mr. Anuj Bajpai, Co Founder & CEO, Liquide;Mr. Thomas Schickler, Chief Revenue Officer, Zafin",Mr. Ravi Shankar,"Mr. Ravi Shankar, Head of CX BFSI, Gupshup",2024,https://archive.globalfintechfest.com/2024/agenda,https://archive.globalfintechfest.com/2024/api/agenda,2026-08-25T06:35:40Z
29949,Technology for Depositories: Enhancing Transparency and Security using Distributed Ledger Technology (DLT),2024-08-29,10:00,10:40,Lotus2,,Trialogue,"Wealth, Technology, Deep Tech",Wealth;Technology;Deep Tech,public,false,,Mr. Kothandaraman Prabhakaran;Mr. Soumendu Shekhar Ganguly,"Mr. Kothandaraman Prabhakaran, Executive Vice President CTO, NSDL;Mr. Soumendu Shekhar Ganguly, Deputy Chief Operating Officer & Chief Product Officer, Computer Age Management Services",Mr. Amit Mahajan,"Mr. Amit Mahajan, Chief Technology Officer, Central Depository Services (India) Limited",2024,https://archive.globalfintechfest.com/2024/agenda,https://archive.globalfintechfest.com/2024/api/agenda,2026-08-25T06:35:40Z
29950,"The Future of Fintechs through Partnerships: Open API, Payments and Remittance",2024-08-29,10:00,10:40,Hall 205A&B,,Panel Discussion,"Payments, Technology, Financial Services",Payments;Technology;Financial Services,public,false,,Mr. Neelesh Man Singh Pradhan;Ms. Stavroula Kampouridou;Mr. Oleg Chanchikov;Mr. Paul van Sint Fiet,"Mr. Neelesh Man Singh Pradhan, Chief Executive Officer, Nepal Clearing House Ltd. (NCHL);Ms. Stavroula Kampouridou, CEO, DIAS S.A.;Mr. Oleg Chanchikov, CEO, CapyGroup;Mr. Paul van Sint Fiet, Head of APAC cross currency solutions, J.P. Morgan Payments",Ms. Sheryl Chen,"Ms. Sheryl Chen, Head of Content, Asia, Money20/20",2024,https://archive.globalfintechfest.com/2024/agenda,https://archive.globalfintechfest.com/2024/api/agenda,2026-08-25T06:35:40Z
30112,Building Better Financial Systems: The Transformative Potential of Fintech,2024-08-29,10:00,11:00,Hall 202,,Masterclass,"Ecosystem, Fintech",Ecosystem;Fintech,public,false,,Prof. Douglas W Arner,"Prof. Douglas W Arner, Kerry Holdings Professor in Law, University of Hong Kong",,,2024,https://archive.globalfintechfest.com/2024/agenda,https://archive.globalfintechfest.com/2024/api/agenda,2026-08-25T06:35:40Z
30272,Building for the Next Decade,2024-08-29,10:00,10:40,Hall 204A&B,,Panel Discussion,"Technology, Business, Investments",Technology;Business;Investments,public,false,,Ms. Supriya Singh;Mr. Tej Kapoor;Mr. Elias Yazbeck,"Ms. Supriya Singh, Head of South Asia Investments, JAFCO Investment (Asia Pacific);Mr. Tej Kapoor, Director / Partner, ICICI Venture;Mr. Elias Yazbeck, Managing Director, Head of Fintech & Finserv, Helios Investment Partners",Mr. Pankaj Singh,"Mr. Pankaj Singh, Partner, YAN Fund",2024,https://archive.globalfintechfest.com/2024/agenda,https://archive.globalfintechfest.com/2024/api/agenda,2026-08-25T06:35:40Z
32597,"Navigating Commercial Cards: Trends, Innovations, and Technology",2024-08-29,10:00,10:30,Hall 203,,Masterclass,"Payments, Technology",Payments;Technology,public,false,,Mr. Abhishek Swarnkar,"Mr. Abhishek Swarnkar, Incharge RuPay Products, National Payments Corporation of India ( NPCI )",,,2024,https://archive.globalfintechfest.com/2024/agenda,https://archive.globalfintechfest.com/2024/api/agenda,2026-08-25T06:35:40Z
32598,"Reimagining Credit and Financial Inclusion: Innovations, Challenges, and Policy Perspectives",2024-08-29,10:00,10:35,Jasmine1,,Trialogue,,,public,false,,Mr. Neelkanth Mishra;Ms. Ashima Goyal,"Mr. Neelkanth Mishra, Chief Economist Axis Bank & Head of Global Research & Managing Director;Ms. Ashima Goyal, Professor, Indira Gandhi Institute of Development Research",Mr. Kunal Shah,"Mr. Kunal Shah, Founder, CRED",2024,https://archive.globalfintechfest.com/2024/agenda,https://archive.globalfintechfest.com/2024/api/agenda,2026-08-25T06:35:40Z
32078,"Nuances of Digital Lending (leveraging AI / ML, etc.) : Need for robust risk management and regulatory oversight, Hosted by NABARD",2024-08-29,10:25,11:25,Hall 104B,,Panel Discussion,"Regulatory, Risk",Regulatory;Risk,invite-only,true,,Mr. Mohit Jain;Mr. Manoj Mohan;Mr. Vishal Ahuja;Mr. Pradip Gupta;Smt. Nilanjana Mukherjee;Mr. Manoj Kumar K V;Mr. Kushal Rastogi,"Mr. Mohit Jain, Executive Vice President, Axis Bank;Mr. Manoj Mohan, ED & Head, WISE Tech, SP Jain Institute of Management & Research, SP Jain Institute of Management & Research;Mr. Vishal Ahuja, Director, CRISIL Research;Mr. Pradip Gupta, Vice President, Northern Arc Capital Limited;Smt. Nilanjana Mukherjee, Director, Deloitte LLP;Mr. Manoj Kumar K V, Deputy General Manager, National Bank of Agriculture and Rural Development (NABARD);Mr. Kushal Rastogi, Founder and CEO, Knight Fintech",Shri. G Ramesh Kumar,"Shri. G Ramesh Kumar, General Manager, National Bank for Agriculture and Rural Development ( NABARD )",2024,https://archive.globalfintechfest.com/2024/agenda,https://archive.globalfintechfest.com/2024/api/agenda,2026-08-25T06:35:40Z
30207,Role of Fintech in Ease of Doing Business,2024-08-29,10:30,11:00,Jasmine2,,Keynote,"Ecosystem, Business, Fintech",Ecosystem;Business;Fintech,public,false,,Smt. Madhabi Puri Buch,"Smt. Madhabi Puri Buch, Chairperson, Securities and Exchange Board of India (SEBI)",Mr. Srinivas Jain,"Mr. Srinivas Jain, Executive Director & Head of Strategy, SBI Mutual Fund",2024,https://archive.globalfintechfest.com/2024/agenda,https://archive.globalfintechfest.com/2024/api/agenda,2026-08-25T06:35:40Z
32705,What are Banks looking for when choosing technology & business service partners ?,2024-08-29,10:30,11:00,Pavallion,"R20, R22",Talk,,,public,false,"Hosted by - Vayana As banks evolve, so do their needs for technology and business partners. Banks are increasingly looking for partners who offer flexibility, scalability, and a deep understanding of regulatory requirements. Discover what makes a successful partnership in our upcoming fireside chat. Join Aman Singla from CSB Limited and CK Venkatesh from Vayana as they share their insights on selecting technology and business service partners in the modern banking landscape.",,,,,2024,https://archive.globalfintechfest.com/2024/agenda,https://archive.globalfintechfest.com/2024/api/agenda,2026-08-25T06:35:40Z
29973,Bringing Affordability in UPI with EMI,2024-08-29,10:35,11:05,Hall 203,,Masterclass,"Payments, Consumer Credit",Payments;Consumer Credit,public,false,,Mr. Adarsh Kumar Rathore,"Mr. Adarsh Kumar Rathore, Lead UPI Product, National Payments Corporation of India",,,2024,https://archive.globalfintechfest.com/2024/agenda,https://archive.globalfintechfest.com/2024/api/agenda,2026-08-25T06:35:40Z
31215,Driving Growth through Interoperable Innovations in Cross-Border Payments,2024-08-29,10:40,11:20,Jasmine1,,Panel Discussion,"Payments, Cross Border",Payments;Cross Border,public,false,,Mr. Mehdi Manaa;Mr. Owureku Asare;Mr. Harsha Bhowmik;Ms. Sonja Davidovic;Mr. Angelo M Duarte;Mr. Abhishek Srivastava,"Mr. Mehdi Manaa, Chief Executive Officer, Buna;Mr. Owureku Asare, Head, Group Digital Solutions, Ecobank;Mr. Harsha Bhowmik, Director (Fintech), Government of India;Ms. Sonja Davidovic, Advisor, Bank for International Settlements;Mr. Angelo M Duarte, Head of Department, Central Bank of Brazil;Mr. Abhishek Srivastava, Advocacy and Communications Specialist, Asia Pacific (Better Than Cash Alliance), United Nations Capital Development Fund (UNCDF)",Mr. Camilo Tellez Merchan,"Mr. Camilo Tellez Merchan, Deputy Managing Director, UN_based Better Than Cash Alliance, United Nations",2024,https://archive.globalfintechfest.com/2024/agenda,https://archive.globalfintechfest.com/2024/api/agenda,2026-08-25T06:35:40Z
29952,ONDCs role in protecting India: Insurance for everyone,2024-08-29,10:45,11:25,Hall 204A&B,,Panel Discussion,"Insurance, Business, Inclusion",Insurance;Business;Inclusion,public,false,,Mr. Jagjeet Singh Siddhu;Mr. Dheepak Rajoo;Mr. Sridhar Srinivasan;Mr. Ankit Agrawal,"Mr. Jagjeet Singh Siddhu, Chief Distribution Officer, Zurich Kotak GIC;Mr. Dheepak Rajoo, CIO, Royal Sundaram Insurance;Mr. Sridhar Srinivasan, Co Founder & CTO, Nivesh;Mr. Ankit Agrawal, Founder & CEO, InsuranceDekho",Mr. Mohit Monga,"Mr. Mohit Monga, Vice President, Financial Services Products, Open Network for Digital Commerce",2024,https://archive.globalfintechfest.com/2024/agenda,https://archive.globalfintechfest.com/2024/api/agenda,2026-08-25T06:35:40Z
29953,"Driving Financial Inclusion in the Country: Triad of DPI, Bank and Fintech",2024-08-29,10:45,11:25,Lotus1,,Panel Discussion,"Payments, Technology, Inclusion",Payments;Technology;Inclusion,public,false,,Mr. Suresh Sethi;Mr. Vivek Gupta;Mr. Anjani Rathor;Ms. Sonika Chandra,"Mr. Suresh Sethi, Managing Director & CEO, Protean eGov Technologies Limited;Mr. Vivek Gupta, President, Axis Bank;Mr. Anjani Rathor, Chief Digital Experience Officer, HDFC Bank Ltd;Ms. Sonika Chandra, Chief Business Officer, PhonePe Pvt Ltd",Ms. Noopur Chaturvedi,"Ms. Noopur Chaturvedi, CEO, NPCI Bharat Bill Payment Systems Ltd.",2024,https://archive.globalfintechfest.com/2024/agenda,https://archive.globalfintechfest.com/2024/api/agenda,2026-08-25T06:35:40Z
29955,Leveraging Technology and Innovation for Growth of the Mutual Fund industry,2024-08-29,10:45,11:25,Lotus3,,Panel Discussion,"Wealth, Technology, Capital Markets",Wealth;Technology;Capital Markets,public,false,,Mr. Nilesh Shah;Mr. Anuj Kumar;Mr. Nithin Kamath,"Mr. Nilesh Shah, Managing Director, Kotak Mahindra Asset Management Company;Mr. Anuj Kumar, Managing Director, Computer Age Management services (CAMS);Mr. Nithin Kamath, Founder and CEO, Zerodha",Shri. Amarjeet Singh,"Shri. Amarjeet Singh, Whole Time Member, Securities and Exchange Board of India (SEBI)",2024,https://archive.globalfintechfest.com/2024/agenda,https://archive.globalfintechfest.com/2024/api/agenda,2026-08-25T06:35:40Z
31758,Launch of Make in India Soundbox by Razorpay POS,2024-08-29,10:45,11:00,Pavallion,W1,Product Demo,,,public,false,"Hosted by - Razorpay Razorpay POS proudly introduces the Make in India Soundbox, designed to enhance payment processing with superior sound quality and performance. This innovative device reflects our commitment to supporting local manufacturing while empowering businesses across the country",,,Mr. Kunal Meghashayam Gothivarekar,"Mr. Kunal Meghashayam Gothivarekar, Head of Offline Business , Razorpay",2024,https://archive.globalfintechfest.com/2024/agenda,https://archive.globalfintechfest.com/2024/api/agenda,2026-08-25T06:35:40Z
29954,Does one size fit all?: BCs for Digital and Phygital Lending,2024-08-29,10:50,11:30,Hall 205A&B,,Panel Discussion,"Lending, Technology, Financial Services",Lending;Technology;Financial Services,public,false,,Dr. Ajay Kumar Sood;Mr. Anand Kumar Bajaj;Mr. Arindam Dasgupta;Mr. Alok Mittal;Mr. Ketan Doshi,"Dr. Ajay Kumar Sood, Deputy Managing Director, National bank for Agriculture and Rural Development (NABARD);Mr. Anand Kumar Bajaj, Founder, MD & CEO, PayNearby;Mr. Arindam Dasgupta, Interim Chief Program Officer & Director Innovations in Digital Finance, Grameen Foundation for Social Impact;Mr. Alok Mittal, Founder and Exec Chairman, Indifi Technologies;Mr. Ketan Doshi, Managing Director, Pay Point India Network Pvt. Ltd.",Mr. Sunil Kulkarni,"Mr. Sunil Kulkarni, CEO, Business Correspondent Federation Of India",2024,https://archive.globalfintechfest.com/2024/agenda,https://archive.globalfintechfest.com/2024/api/agenda,2026-08-25T06:35:40Z
29956,Use of Technology in creating Investor Awareness,2024-08-29,10:50,11:30,Lotus2,,Panel Discussion,"Wealth, Technology, Deep Tech",Wealth;Technology;Deep Tech,public,false,,Mr. Krishnan Iyer;Mr. Rajneesh Jaswal;Mr. Rishi Nathany;Mr. Avinash Mohan,"Mr. Krishnan Iyer, Senior Vice President, National Stock Exchange;Mr. Rajneesh Jaswal, Co founder, CADRE;Mr. Rishi Nathany, Chief Business Officer, Multi Commodity Exchange of India;Mr. Avinash Mohan, Chief Risk Officer, National Commodity and Derivatives Exchange",Shri. G P Garg,"Shri. G P Garg, Executive Director, Securities and Exchange Board of India",2024,https://archive.globalfintechfest.com/2024/agenda,https://archive.globalfintechfest.com/2024/api/agenda,2026-08-25T06:35:40Z
31759,Showcasing Strategy Dragon - Decision Tree Software Made In India For the World,2024-08-29,11:00,12:00,Jasmine1,YD8,Product Demo,,,public,false,"Hosted by - Discrete Kernel Please come attend the demo of a cutting edge credit risk policy and business strategy builder. It is ideal for lending along with marketing, collections and other business divisions as an end to end solution from development to deployment.",,,Mr. Subbu Venkataramanan,"Mr. Subbu Venkataramanan, Founder & CEO, DiscreteKernel Systems",2024,https://archive.globalfintechfest.com/2024/agenda,https://archive.globalfintechfest.com/2024/api/agenda,2026-08-25T06:35:40Z
32215,Citi Payment Express Launch,2024-08-29,11:00,11:30,Pavallion,"A8, A9, A10, A11",Product Launch,,,public,false,Hosted by - Citi Citi will be launching its new cloud enabled payments platform - Citi Payment Express,Mr. Vasanth Jeyapaul,"Mr. Vasanth Jeyapaul, CEO, CAMSPay, Computer Age Management Services Limited",Mr. Naman Kapoor,"Mr. Naman Kapoor, MD & Head Indian Subcontinent Payments Liquidity, Citibank N.A.",2024,https://archive.globalfintechfest.com/2024/agenda,https://archive.globalfintechfest.com/2024/api/agenda,2026-08-25T06:35:40Z
32216,Loan Journey via Website,2024-08-29,11:00,11:30,Pavallion,YB4,Product Demo,,,public,false,"Hosted by - iDigiCloud Our Product is designed for Retail, SME, Corporate Banking Conversational Originations Straight Through Processing Control for bank via BWB Channel Screens",,,,,2024,https://archive.globalfintechfest.com/2024/agenda,https://archive.globalfintechfest.com/2024/api/agenda,2026-08-25T06:35:40Z
32599,Account Aggregator^AI,2024-08-29,11:00,11:15,Pavallion,"L2, L3, L4, L5, L6, L7, M2, M3, M4, M5",Product Launch,,,public,false,Hosted by - Pine labs Fetch Account Aggregator data and enrich it with insights powered by localised LLMs and ML,,,,,2024,https://archive.globalfintechfest.com/2024/agenda,https://archive.globalfintechfest.com/2024/api/agenda,2026-08-25T06:35:40Z
32609,DigiSense Product Launch,2024-08-29,11:00,12:00,Pavallion,"C8, C9, C10, C11",Product Launch,,,public,false,"Hosted by - Winjit Technologies We would be launching DigiSense at booth C08. It will start off with a video followed by a brief about the product and Q&A session. This launch will showcase how DigiSense platform is a groundbreaking solution designed to offer comprehensive transaction monitoring, token management, and wallet maintenance for both users and merchants. This platform provides a robust and user-friendly dashboard that allows for complete oversight of all transactions and tokens in circulation. The DigiSense platform ensures efficient management of user and merchant wallets, making it an essential tool for the evolving digital financial landscape.",,,Mr. Pravin Tambe,"Mr. Pravin Tambe, Senior Vice President, Winjit Technologies Private Limited",2024,https://archive.globalfintechfest.com/2024/agenda,https://archive.globalfintechfest.com/2024/api/agenda,2026-08-25T06:35:40Z
32706,Credit & Supplier Risk Assessment & Monitoring using Alternate Data,2024-08-29,11:00,11:30,Pavallion,"R20, R22",Talk,,,public,false,"Hosted by - Vayana We understand that managing a business begins with a clear recognition and understanding of all kinds of risks that businesses face. The levels of those risks vary from one business to another, and so does their impact. Further, unexpected risks in cross border transactions are like blind spots that may hamper business performance, with both parties operating in different parts of the world. Adopting Information-based strong risk assessment strategies that can enable institutions to confidently.",Mr. Kaushal Sampat. Founder,"Mr. Kaushal Sampat. Founder, Rubix Data Sciences",,,2024,https://archive.globalfintechfest.com/2024/agenda,https://archive.globalfintechfest.com/2024/api/agenda,2026-08-25T06:35:40Z
29957,Recent Developments in Digital Finance - Experiences from German and EU Regulation,2024-08-29,11:05,11:35,Jasmine2,,Fireside Chat,"Regulatory, Regulation, Regtech",Regulatory;Regulation;Regtech,public,false,,Dr. Florian Toncar,"Dr. Florian Toncar, Parliamentary State Secretary, German Federal Ministry of Finance",Dr. Bijna Kotak Dasani,"Dr. Bijna Kotak Dasani, MBE, FRSA, Managing Director, ArthAum Group",2024,https://archive.globalfintechfest.com/2024/agenda,https://archive.globalfintechfest.com/2024/api/agenda,2026-08-25T06:35:40Z
32600,Connecting the world through local payments,2024-08-29,11:10,11:30,Hall 202,,Presentation,"Ecosystem, Payments",Ecosystem;Payments,public,false,,Mr. Motie Bring,"Mr. Motie Bring, CEO, PPRO",,,2024,https://archive.globalfintechfest.com/2024/agenda,https://archive.globalfintechfest.com/2024/api/agenda,2026-08-25T06:35:40Z
29959,Pioneering a New Era: Connecting Economies with CBDC,2024-08-29,11:25,12:05,Jasmine1,,Panel Discussion,"Ecosystem, Business, CBDC",Ecosystem;Business;CBDC,public,false,,Mr. Harish Natarajan;Shri. Suvendu Pati;Mr. Ryosuke Ushida,"Mr. Harish Natarajan, Practice Manager, Financial Inclusion & Infrastructure, The World Bank;Shri. Suvendu Pati, Chief General Manager, FinTech Department, Reserve Bank of India;Mr. Ryosuke Ushida, Chief Fintech Officer, Financial Services Agency of Japan",Mr. Ari Sarker,"Mr. Ari Sarker, President, Asia Pacific, Mastercard",2024,https://archive.globalfintechfest.com/2024/agenda,https://archive.globalfintechfest.com/2024/api/agenda,2026-08-25T06:35:40Z
29961,Supply Chain financing using Smart App,2024-08-29,11:30,12:10,Hall 204A&B,,Panel Discussion,"Lending, Technology, Supply Chain",Lending;Technology;Supply Chain,public,false,,Mr. Bertram D’Souza;Mr. Mayank Gupta;Mr. Anurag Chadha;Mr. Raja Debnath,"Mr. Bertram D’Souza, Chief Product & Innovation Officer, Protean eGov Technologies Limited;Mr. Mayank Gupta, MD & Head for Trade Business, Citi Bank;Mr. Anurag Chadha, Partner, Mckinsey & Co;Mr. Raja Debnath, Managing Director, Veefin Solutions Ltd.",Mr. Akshat Birla,"Mr. Akshat Birla, Founder & CEO, BharatNXT",2024,https://archive.globalfintechfest.com/2024/agenda,https://archive.globalfintechfest.com/2024/api/agenda,2026-08-25T06:35:40Z
29964,Building Trust and Ensuring Consumer Protection in Digital Lending: The Role of Technology and Regulatory Measures,2024-08-29,11:30,12:10,Lotus3,,Panel Discussion,"Lending, Technology, Customer Protection",Lending;Technology;Customer Protection,public,false,,Mr. Harshvardhan Lunia;Mr. Vibhav Hathi;Shri. Vaibhav Chaturvedi,"Mr. Harshvardhan Lunia, Chair, Fintech Convergence Council and Founder & CEO, Lendingkart;Mr. Vibhav Hathi, Co founder & CBO, OneCard;Shri. Vaibhav Chaturvedi, Chief General Manager, Reserve Bank of India",Mr. Sumit Gwalani,"Mr. Sumit Gwalani, Co founder, Epifi Technologies (Fi/Fi Money)",2024,https://archive.globalfintechfest.com/2024/agenda,https://archive.globalfintechfest.com/2024/api/agenda,2026-08-25T06:35:40Z
31398,AI Powered Connected Banking,2024-08-29,11:30,12:00,Lotus1,,Product Launch,AI,AI,public,false,,Ms. Shraddha Kapoor;Mr. Prabhu Kumar,"Ms. Shraddha Kapoor, Indian Actress;Mr. Prabhu Kumar, Founder & CEO, Wegofin",,,2024,https://archive.globalfintechfest.com/2024/agenda,https://archive.globalfintechfest.com/2024/api/agenda,2026-08-25T06:35:40Z
32707,Enabling credit decisions for New to Credit customers,2024-08-29,11:30,11:45,Pavallion,"P2, P3, P4, P5, P6, P7",Product Showcase,,,public,false,Hosted by - TransUnion CIBIL Showcase of Transunion CIBIL NTC Score,,,Ms. Priti Parab,"Ms. Priti Parab, Director, TransUnion CIBIL",2024,https://archive.globalfintechfest.com/2024/agenda,https://archive.globalfintechfest.com/2024/api/agenda,2026-08-25T06:35:40Z
29962,The Changing Landscape for Financial Services,2024-08-29,11:35,12:25,Hall 205A&B,,Panel Discussion,"Ecosystem, Regulation, Emerging Technology",Ecosystem;Regulation;Emerging Technology,public,false,,Mr. Chris Yeo;Mr. Vibhor Mundhada;Mr. Rahul R Mutha;Mr. Muzaffer Hamid,"Mr. Chris Yeo, CEO, Doku;Mr. Vibhor Mundhada, Chief Executive Officer, NEOPAY;Mr. Rahul R Mutha, CEO, Aurus Inc.;Mr. Muzaffer Hamid, Chief Executive Officer, Mercury",Mr. Sridhar Narayan,"Mr. Sridhar Narayan, Chief Business Officer, Perfios Software Solutions Pvt. Ltd.",2024,https://archive.globalfintechfest.com/2024/agenda,https://archive.globalfintechfest.com/2024/api/agenda,2026-08-25T06:35:40Z
29963,BSE StAR Mutual Fund,2024-08-29,11:35,11:55,Lotus2,,Product Showcase,Wealth,Wealth,public,false,,Mr. Ashutosh Singh,"Mr. Ashutosh Singh, Managing Director & CEO, Asia Index Pvt. Ltd. a BSE group company",,,2024,https://archive.globalfintechfest.com/2024/agenda,https://archive.globalfintechfest.com/2024/api/agenda,2026-08-25T06:35:40Z
30191,The potential of Quantum Computing in Finance,2024-08-29,11:40,12:40,Hall 202,,Masterclass,Deep Tech,Deep Tech,public,false,,Mr. Ray Harishankar;Ms. Mary Ann Francis,"Mr. Ray Harishankar, IBM Fellow, IBM Quantum Safe, IBM;Ms. Mary Ann Francis, Executive Advisor, Industry Consultant & Mentor, Global Payments & Strategic Initiatives Advisory",,,2024,https://archive.globalfintechfest.com/2024/agenda,https://archive.globalfintechfest.com/2024/api/agenda,2026-08-25T06:35:40Z
29987,Advancing Scalability of Distributed Ledgers/Blockchain,2024-08-29,11:45,12:45,Hall 203,,Masterclass,"Financial Infra, Technology, Blockchain",Financial Infra;Technology;Blockchain,public,false,,Dr. Gugan Chandrashekhar Mallika Thoppe;Mr. Kshitij Pratihast,"Dr. Gugan Chandrashekhar Mallika Thoppe, Assistant Professor, Indian Institute of Science;Mr. Kshitij Pratihast, Specialist Blockchain, National Payments Corporation of India (NPCI)",,,2024,https://archive.globalfintechfest.com/2024/agenda,https://archive.globalfintechfest.com/2024/api/agenda,2026-08-25T06:35:40Z
30858,Navigating the FinTech Landscape: Best Practices and Common Pitfalls,2024-08-29,11:45,12:15,Jasmine2,,Keynote & Fireside Chat,"Financial Infra, Business, Fintech",Financial Infra;Business;Fintech,public,false,,Shri. P Vasudevan,"Shri. P Vasudevan, Executive Director, Reserve Bank of India",Mr. Chetan Krishnaswamy,"Mr. Chetan Krishnaswamy, Vice President, Amazon",2024,https://archive.globalfintechfest.com/2024/agenda,https://archive.globalfintechfest.com/2024/api/agenda,2026-08-25T06:35:40Z
32079,"Banking on Green : Transforming Financial Landscapes with Innovative Models, Hosted by NABARD",2024-08-29,11:45,12:35,Hall 104B,,Panel Discussion,Green Finance,Green Finance,invite-only,true,,Mr. Alok Shukla;Mr. Yogesh Patil;Mr. V Chandrasekar;Mr. Sreyamsa Bairiganjan,"Mr. Alok Shukla, Head of Underwriting, Munich Re;Mr. Yogesh Patil, Chief Executive Officer, Skymet Weather Services Pvt. Ltd.;Mr. V Chandrasekar, Senior Advisor, Corporate & International Banking, Indian Bankers Association;Mr. Sreyamsa Bairiganjan, Chief of Programmes, Shakti Sustainable Energy Foundation",Mr. Anurag Agrawal,"Mr. Anurag Agrawal, Partner, Aavishkaar Capital",2024,https://archive.globalfintechfest.com/2024/agenda,https://archive.globalfintechfest.com/2024/api/agenda,2026-08-25T06:35:40Z
29967,AA Ecosystem - Creating inclusive growth,2024-08-29,11:55,12:35,Hall 206A&B,,Panel Discussion,"Financial Infra, DPI, Inclusion",Financial Infra;DPI;Inclusion,public,false,,Mr. Nikhil Kurhe;Mr. BG Mahesh;Mr. Aiyappa KC,"Mr. Nikhil Kurhe, CEO, Finarkein Analytics;Mr. BG Mahesh, CEO, DigiSahamati Foundation;Mr. Aiyappa KC, Chief business officer, Perfios Account Aggregation Services",Mr. Nirav Prajapati,"Mr. Nirav Prajapati, Founder, Ignosis",2024,https://archive.globalfintechfest.com/2024/agenda,https://archive.globalfintechfest.com/2024/api/agenda,2026-08-25T06:35:40Z
29969,Harnessing Regtech and Suptech: Developing Compliance Monitoring System in the Indian Securities Market,2024-08-29,12:00,12:40,Lotus2,,Panel Discussion,"Regulatory, Policy, Regtech",Regulatory;Policy;Regtech,public,false,,Mr. Suhas Tuljapurkar;Dr. Kailash Nadh;Mr. Neeraj Singh,"Mr. Suhas Tuljapurkar, Founder Director, Legasis Private Limited;Dr. Kailash Nadh, Chief Technology Officer, Zerodha;Mr. Neeraj Singh, Co founder & CTO, Groww",Shri. V S Sundaresan,"Shri. V S Sundaresan, Executive Director, Securities and Exchange Board of India (SEBI)",2024,https://archive.globalfintechfest.com/2024/agenda,https://archive.globalfintechfest.com/2024/api/agenda,2026-08-25T06:35:40Z
31760,Meet Razorpay's R.A.Y.: Your 24/7 On-Demand AI Concierge,2024-08-29,12:00,12:15,Pavallion,W1,Product Showcase,,,public,false,"Hosted by - Razorpay Launch of AI-RAY R.A.Y – (Razorpay Assistant for You) is designed to unlock your business’s full potential by leveraging cutting-edge AI to bring about efficiency and innovation. By monitoring trends, offering proactive interventions, and delivering personalized recommendations, it helps grow your business effortlessly. R.A.Y goes beyond traditional chatbots, and offers a comprehensive suite of experiences tailored specifically to the needs of businesses. Thanks to R.A.Y., you can ‘Consider it done’!",,,,,2024,https://archive.globalfintechfest.com/2024/agenda,https://archive.globalfintechfest.com/2024/api/agenda,2026-08-25T06:35:40Z
31761,CredAble - Product Launch and Talk Show,2024-08-29,12:00,13:00,Pavallion,"J16, J17",Product Launch,,,public,false,Hosted by - Credable We will be having our latest product launch for our new product for MSME Financing and have invited industry fintech leaders for the inauguration followed by an exclusive talk show at our booth.,,,,,2024,https://archive.globalfintechfest.com/2024/agenda,https://archive.globalfintechfest.com/2024/api/agenda,2026-08-25T06:35:40Z
32601,Introducing eKYC Setu - the easiest way to verify Aadhaar,2024-08-29,12:00,12:15,Pavallion,"L2, L3, L4, L5, L6, L7, M2, M3, M4, M5",Product Showcase,,,public,false,Hosted by - Pine labs Learn how to improve your Aadhaar KYC process with multiple redundancies,,,Mr. Nikhil Kumar,"Mr. Nikhil Kumar, Co founder & Chief Evangelist, Setu",2024,https://archive.globalfintechfest.com/2024/agenda,https://archive.globalfintechfest.com/2024/api/agenda,2026-08-25T06:35:40Z
32602,NCMC SoftPOS - Enhancing NCMC experience for last-mile consumers,2024-08-29,12:00,13:00,Pavallion,"O2, O3, O4, O5, O6, O7",Product Launch,,,public,false,"Hosted by - In-Solutions Global The features of ISG Consumer Choice Payments through Rupay NCMC SoftPOS allow every consumer the flexibility to make payments every time, everywhere. This marquee innovation being introduced for the first time in India is a step towards achieving the vision of Digital India of enabling a digitally empowered society. The key features of the RuPay NCMC SoftPOS on consumers’ mobile devices include: - Activating the RuPay NCMC capability of the card by creating the service area on the card - Empowering the cardholder to access the information of the available balance on the offline wallet of the card - Enabling the customer to fetch the balance from the online wallet and make the same available on the offline wallet of RuPay NCMC Card - Recharging the online virtual wallet instantly through UPI, Saving Accounts, Credit Cards, Prepaid wallets",,,,,2024,https://archive.globalfintechfest.com/2024/agenda,https://archive.globalfintechfest.com/2024/api/agenda,2026-08-25T06:35:40Z
29968,Berlin meets Mumbai - Building Bridges between Fintech Ecosystems in Germany and India,2024-08-29,12:05,12:45,Lotus1,,Keynote and Panel Discussion,"Ecosystem, Business, Fintech",Ecosystem;Business;Fintech,public,false,,Dr. Florian Toncar;Mr. Dirk van Quaquebeke;Mr. Rajesh Bansal,"Dr. Florian Toncar, Parliamentary State Secretary, German Federal Ministry of Finance;Mr. Dirk van Quaquebeke, Managing Partner, Beenext;Mr. Rajesh Bansal, Chief Executive Officer, Reserve Bank Innovation Hub",Ms. Seema Bhardwaj,"Ms. Seema Bhardwaj, Director India, GTAI Germany Trade & Invest",2024,https://archive.globalfintechfest.com/2024/agenda,https://archive.globalfintechfest.com/2024/api/agenda,2026-08-25T06:35:40Z
31407,Diplomacy in the Digital Age: Leveraging Fintech for Global Economic Cooperation,2024-08-29,12:10,12:30,Jasmine1,,Special Address,,,public,false,,Shri. Mahaveer Singhvi,"Shri. Mahaveer Singhvi, Joint Secretary (New Emerging and Strategic Technologies Division), Ministry of External Affairs, Government of India",,,2024,https://archive.globalfintechfest.com/2024/agenda,https://archive.globalfintechfest.com/2024/api/agenda,2026-08-25T06:35:40Z
29975,The Role of Fintech in Mitigating MSME Credit Risk: Opportunities and Challenges,2024-08-29,12:15,13:00,Lotus3,,Panel Discussion and Report Launch,"Lending, Risk, SME Finance",Lending;Risk;SME Finance,public,false,,Mr. Kartik Bakshi;Mr. Omkar Shirhatti;Report Launch Digitizing supply chain finance Opportunities amidst constraints;Mr. Hemang Dattani;Mr. Vinod Parmar;Mr. Nishant Jasapara,"Mr. Kartik Bakshi, Head Merchant Lending, BharatPe;Mr. Omkar Shirhatti, Chief Product Officer, Perfios Software Solutions Pvt. Ltd.;Report Launch Digitizing supply chain finance Opportunities amidst constraints,;Mr. Hemang Dattani, Chief Operations Officer & Head of Data, PayU Payments;Mr. Vinod Parmar, Group CFO, Vayana;Mr. Nishant Jasapara, CBO, Credit Saison India",Mr. Rajdeep Saha,"Mr. Rajdeep Saha, Partner, PwC India",2024,https://archive.globalfintechfest.com/2024/agenda,https://archive.globalfintechfest.com/2024/api/agenda,2026-08-25T06:35:40Z
30847,India s First Futuristic Content Manager,2024-08-29,12:15,12:30,Hall 204A&B,,Product Launch,"Product Launch, Technology",Product Launch;Technology,public,false,,Mr. Vivek Sridhar,"Mr. Vivek Sridhar, Director Global Markets & Strategy, Neokred",,,2024,https://archive.globalfintechfest.com/2024/agenda,https://archive.globalfintechfest.com/2024/api/agenda,2026-08-25T06:35:40Z
32603,Live Demo of Cross-Border Payments,2024-08-29,12:15,12:45,Pavallion,Z7,Product Demo,,,public,false,Hosted by - BRISKPE The audience can see the complete digital onboarding flow and the process of getting instant global accounts in 6 currencies within 5 minutes and the payment request flow end-to-end for an Indian MSME/exporter/freelancer for receiving international payments.,,,,,2024,https://archive.globalfintechfest.com/2024/agenda,https://archive.globalfintechfest.com/2024/api/agenda,2026-08-25T06:35:40Z
32792,"FinTech, AI, and Digital Payments: Shaping the Future of Finance",2024-08-29,12:25,12:45,Jasmine2,,Keynote,,,public,false,,Mr. Ajay Kumar Choudhary,"Mr. Ajay Kumar Choudhary, Non Executive Chairman and Independent Director, National Payments Corporation of India ( NPCI )",,,2024,https://archive.globalfintechfest.com/2024/agenda,https://archive.globalfintechfest.com/2024/api/agenda,2026-08-25T06:35:40Z
30336,Role of AI in fostering safe payments at scale: Preparing for Billion a Day Architecture (BAD),2024-08-29,12:30,13:10,Hall 205A&B,,Panel Discussion,"Payments, Technology, AI",Payments;Technology;AI,public,false,,Mr. Milan Naik;Mr. Karthik Ganapathy;Mr. Rupesh Kumar,"Mr. Milan Naik, Founder & CEO, Goals101;Mr. Karthik Ganapathy, Co founder & VP Operations, Billdesk;Mr. Rupesh Kumar, Co Founder, FPL Technologies Pvt Ltd",Mr. P Shankar,"Mr. P Shankar, CEO, FRSLABS",2024,https://archive.globalfintechfest.com/2024/agenda,https://archive.globalfintechfest.com/2024/api/agenda,2026-08-25T06:35:40Z
32378,Predictive AI : Customer Intelligence,2024-08-29,12:30,13:30,Pavallion,"T13, T15",Product Showcase,,,public,false,Hosted by - Digitap. AI Learn more about how to use Account Aggregator and Device Data for enhanced customer profiling,,,,,2024,https://archive.globalfintechfest.com/2024/agenda,https://archive.globalfintechfest.com/2024/api/agenda,2026-08-25T06:35:40Z
32587,HyperVerge Deepfake Shield,2024-08-29,12:30,13:00,Pavallion,"K8, K9, K10, K11",Product Launch,,,public,false,Hosted by - HyperVerge 1. Discuss the challenges of deepfakes and image injections. 2. We discuss how the problem of deepfake and image injection affects the industry. 3. HyperVerge solution for combatting deepfakes.,,,,,2024,https://archive.globalfintechfest.com/2024/agenda,https://archive.globalfintechfest.com/2024/api/agenda,2026-08-25T06:35:40Z
30075,Beyond Traditional Advisory: Transforming Wealth Advice with Technology,2024-08-29,12:35,13:15,Hall 204A&B,,Panel Discussion and Report Launch,"Wealth, Technology",Wealth;Technology,public,false,,Mr. Pravin Jadhav;Mr. Sandeep Jethwani;Report Launch Money in Motion: Navigating India’s Evolving Financial Landscape with WealthTech;Ms. Priti Rathi Gupta,"Mr. Pravin Jadhav, Founder & CEO, Raise;Mr. Sandeep Jethwani, Co founder, Dezerv;Report Launch Money in Motion: Navigating India’s Evolving Financial Landscape with WealthTech, ,;Ms. Priti Rathi Gupta, Founder, LXME India's First Financial Platform for Women",Mr. Saurabh Joshi,"Mr. Saurabh Joshi, Partner, Ernst & Young LLP",2024,https://archive.globalfintechfest.com/2024/agenda,https://archive.globalfintechfest.com/2024/api/agenda,2026-08-25T06:35:40Z
31069,Push Provisioning,2024-08-29,12:40,12:50,Hall 206A&B,,Product Showcase,"Payments, DPI",Payments;DPI,public,false,,Mr. Swaroop Kulkarni;Mr. Amit Thakur,"Mr. Swaroop Kulkarni, Vice President Product, PayU Payments;Mr. Amit Thakur, Director Products, PayU Payments",,,2024,https://archive.globalfintechfest.com/2024/agenda,https://archive.globalfintechfest.com/2024/api/agenda,2026-08-25T06:35:40Z
32081,"Social Stock Exchange (SSE) : A catalyst to achieve Sustainable Development Goals (SDGs), Hosted by NABARD",2024-08-29,12:40,13:30,Hall 104B,,Panel Discussion,Sustainability,Sustainability,invite-only,true,,Ms. Pushpa Aman Singh;Mr. Harish Ahuja;Mr. Hemant Gupta,"Ms. Pushpa Aman Singh, Founder, GuideStar India;Mr. Harish Ahuja, Head, Sustainability, Product & Strategy Development (PSD), Power & Carbon markets), Listing, Investor Awareness & Services, and Social Stock Exchange, National Stock Exchange;Mr. Hemant Gupta, MD & CEO, EQUIPPP DESI Investments Pvt Ltd",Mr. Ramesh Swamy,"Mr. Ramesh Swamy, Founder & CEO, SGBS Unnati Foundation",2024,https://archive.globalfintechfest.com/2024/agenda,https://archive.globalfintechfest.com/2024/api/agenda,2026-08-25T06:35:40Z
31970,Financial empowerment through embedded payments and services,2024-08-29,12:45,13:05,Jasmine1,,Address,,,public,false,,Ms. Praveena Rai,"Ms. Praveena Rai, Chief Operating Officer, National Payments Corporation of India ( NPCI )",,,2024,https://archive.globalfintechfest.com/2024/agenda,https://archive.globalfintechfest.com/2024/api/agenda,2026-08-25T06:35:40Z
32218,Citi Direct Next Gen Launch,2024-08-29,12:45,13:15,Pavallion,"A8, A9, A10, A11",Product Launch,,,public,false,Hosted by - Citi,,,Ms. Soumya Thomas,"Ms. Soumya Thomas, Director, Head of Platform & Data Services Indian Subcontinent, Citi India",2024,https://archive.globalfintechfest.com/2024/agenda,https://archive.globalfintechfest.com/2024/api/agenda,2026-08-25T06:35:40Z
30848,The future of AI : Pioneering the next frontier,2024-08-29,12:50,13:20,Lotus2,,Address,AI,AI,public,false,,Dr. Manish Gupta,"Dr. Manish Gupta, Director of Google DeepMind, Google India",,,2024,https://archive.globalfintechfest.com/2024/agenda,https://archive.globalfintechfest.com/2024/api/agenda,2026-08-25T06:35:40Z
31070,Path to 10x for Account Aggregators,2024-08-29,12:50,13:50,Hall 202,,Masterclass,"Technology, Financial Services",Technology;Financial Services,public,false,,Mr. Vamsi Madhav,"Mr. Vamsi Madhav, CEO, Finvu AA",,,2024,https://archive.globalfintechfest.com/2024/agenda,https://archive.globalfintechfest.com/2024/api/agenda,2026-08-25T06:35:40Z
31762,Future of Gig economy and Fintech Synergies,2024-08-29,12:50,13:45,Lotus1,D1,Product Launch,,,public,false,Hosted by - HDFC Panel discussion on the above topic with four panelist followed by giga launch,,,Ms. Sunali Rohra,"Ms. Sunali Rohra, Senior Executive Vice President Head Government & Institutional Business, Start",2024,https://archive.globalfintechfest.com/2024/agenda,https://archive.globalfintechfest.com/2024/api/agenda,2026-08-25T06:35:40Z
31768,Navigating Financial Crimes,2024-08-29,12:50,13:20,Hall 203,,Fireside Chat,FinCrime,FinCrime,public,false,,Shri. Rajesh Kumar,"Shri. Rajesh Kumar, Chief Executive Officer, Indian Cybercrime Coordination Centre (I4C)",Mr. Viswanath Krishnamurthy,"Mr. Viswanath Krishnamurthy, Chief Risk Officer, National Payments Corporation of India ( NPCI )",2024,https://archive.globalfintechfest.com/2024/agenda,https://archive.globalfintechfest.com/2024/api/agenda,2026-08-25T06:35:40Z
32219,The Future of Work : The GIG economy and Fintech Synergies,2024-08-29,12:50,13:25,Lotus1,,Panel Discussion,,,public,false,,Ms. Nruthya Madappa;Ms. Sunali Rohra;Mr. Pravin Agarwala;Mr. Bhaskar Ramesh;Mr. Shashank Kumar,"Ms. Nruthya Madappa, Partner and Head of Growth and Capital Development, 3one4 Capital;Ms. Sunali Rohra, Senior Executive Vice President Head Government & Institutional Business, Start;Mr. Pravin Agarwala, Group CEO & Co Founder, Betterplace Safety Solutions Pvt Ltd.;Mr. Bhaskar Ramesh, Director Omnichannel Businesses, Google India;Mr. Shashank Kumar, MD & Co Founder, Razorpay Software Pvt Ltd",Ms. Aparna Piramal Raje,"Ms. Aparna Piramal Raje, Writer & public speaker, Independent",2024,https://archive.globalfintechfest.com/2024/agenda,https://archive.globalfintechfest.com/2024/api/agenda,2026-08-25T06:35:40Z
31763,"The evolution of banking – Past, Present and Future",2024-08-29,13:00,13:20,Jasmine2,,Special Address,,,public,false,,Shri. Dinesh Kumar Khara,"Shri. Dinesh Kumar Khara, Former Chairperson, State Bank of India ( SBI )",Ms. Ritu Singh,"Ms. Ritu Singh, Deputy Editor & Anchor, CNBC TV18",2024,https://archive.globalfintechfest.com/2024/agenda,https://archive.globalfintechfest.com/2024/api/agenda,2026-08-25T06:35:40Z
32927,Fractopay and Fracto OCR product demo,2024-08-29,13:00,14:00,Pavallion,O19,Product Launch,,,public,false,Hosted by - Fracto Would like users to test the product,,,Mr. Tanishq Khurana,"Mr. Tanishq Khurana, Sales Head, Fracto",2024,https://archive.globalfintechfest.com/2024/agenda,https://archive.globalfintechfest.com/2024/api/agenda,2026-08-25T06:35:40Z
29983,Role of AI & Data : Securing Banking and Enabling Sustainable Growth for the next 300 Million Indians,2024-08-29,13:05,13:45,Lotus3,,Panel Discussion,"Technology, Risk, AI",Technology;Risk;AI,public,false,,Mr. Rohit Vyas;Mr. Sanket Pradhan;Mr. Rajit Bhattacharya;Mr. Aditya Agarwal;Mr. Sudharsan Aravamuthan,"Mr. Rohit Vyas, Head of Solutions Engineering, India, Confluent;Mr. Sanket Pradhan, Senior Vice President, HDFC Bank;Mr. Rajit Bhattacharya, Founder & Chief Executive Officer, Data Sutram;Mr. Aditya Agarwal, Head of Operations & Business Transformation, Experian India;Mr. Sudharsan Aravamuthan, Head, Systems Engineering, India, Pure Storage",Mr. Vishnu Pillai,"Mr. Vishnu Pillai, Partner Head of Financial Service Technology, KPMG",2024,https://archive.globalfintechfest.com/2024/agenda,https://archive.globalfintechfest.com/2024/api/agenda,2026-08-25T06:35:40Z
29978,Navigating Financial Stability: Challenges and Opportunities in a Dynamic Global Economy,2024-08-29,13:10,13:50,Jasmine1,,Panel Discussion,"Ecosystem, Technology, Economy",Ecosystem;Technology;Economy,public,false,,Mr. Rajesh Kumar;Mr. Jay Surti;Report Launch Empowering Financial Freedom: The Rise of Credit Self;Mr. Michael Spiegel,"Mr. Rajesh Kumar, Managing Director & Chief Executive Officer, TransUnion CIBIL;Mr. Jay Surti, Division Chief, International Monetary Fund;Report Launch Empowering Financial Freedom: The Rise of Credit Self;Mr. Michael Spiegel, Global Head, Transaction Banking, Standard Chartered Bank",Ms. Latha Venkatesh,"Ms. Latha Venkatesh, Executive Editor, CNBC TV18",2024,https://archive.globalfintechfest.com/2024/agenda,https://archive.globalfintechfest.com/2024/api/agenda,2026-08-25T06:35:40Z
29980,Advancing Cross-Border Payments and Financial Inclusion,2024-08-29,13:15,13:55,Hall 205A&B,,Panel Discussion,"Payments, Business, Inclusion",Payments;Business;Inclusion,public,false,,Mr. Jens Seidl;Mr. Martin MCcann;Ms. Le Lan Chi;Mr. Trevor Tay,"Mr. Jens Seidl, CEO, Currency Research;Mr. Martin MCcann, Senior Vice President Partnerships; North America, OTT Pay Inc.;Ms. Le Lan Chi, CEO, Zalopay;Mr. Trevor Tay, Senior Vice President, Nuvei",Mr. Parag Mukherjee,"Mr. Parag Mukherjee, Director Digital Enablement Financial Services, KPMG",2024,https://archive.globalfintechfest.com/2024/agenda,https://archive.globalfintechfest.com/2024/api/agenda,2026-08-25T06:35:40Z
30910,Investment Landscape in InsurTech vis-a-vis FinTech,2024-08-29,13:20,14:00,Hall 204A&B,,Panel Discussion,Investments,Investments,public,false,,Mr. Ganesh Rengaswamy;Mr. Kaushik Anand;Mr. Anup Kumar Agarwal;Mr. Anand Datta,"Mr. Ganesh Rengaswamy, Managing Partner, Quona Capital;Mr. Kaushik Anand, Partner, A91 Partners;Mr. Anup Kumar Agarwal, South Asia Fintech Lead, International Finance Corporation;Mr. Anand Datta, Partner, Nexus Venture Partners",Ms. Treasa Mathew,"Ms. Treasa Mathew, Director, Investments Financial Inclusion, Omidyar Network India",2024,https://archive.globalfintechfest.com/2024/agenda,https://archive.globalfintechfest.com/2024/api/agenda,2026-08-25T06:35:40Z
30407,Computer Vision & Edge AI use cases for the Indian fintech story,2024-08-29,13:25,14:25,Hall 203,,Masterclass,AI,AI,public,false,,Mr. Jigar Halani,"Mr. Jigar Halani, Director Solution Architect & Engg. NVIDIA",,,2024,https://archive.globalfintechfest.com/2024/agenda,https://archive.globalfintechfest.com/2024/api/agenda,2026-08-25T06:35:40Z
29984,The Role of Digital Financial Services in Driving Financial Inclusion: Global Perspectives,2024-08-29,13:30,14:10,Hall 206A&B,,Panel Discussion,"Association, DPI, Inclusion",Association;DPI;Inclusion,public,false,,Mr. Diego Perez Martin de Almeida;Mr. Fares M Alsaleh;Mr. Lito Villanueva;Mr. Nasir Zubairi,"Mr. Diego Perez Martin de Almeida, $, President, ABFintechs Associação Brasileira de Fintechs;Mr. Fares M Alsaleh, Fintech Development Division Manager, Saudi Central Bank;Mr. Lito Villanueva, Executive Vice President and Chief Innovations & Inclusion Officer, RCBC;Mr. Nasir Zubairi, CEO, LHoFT Foundation",Mr. Wriju Ray,"Mr. Wriju Ray, Chief Business Officer, IDfy",2024,https://archive.globalfintechfest.com/2024/agenda,https://archive.globalfintechfest.com/2024/api/agenda,2026-08-25T06:35:40Z
31071,Product Launch HDFC Bank - GIGA,2024-08-29,13:30,13:45,Lotus1,,Product Launch,"Product Launch, Banking",Product Launch;Banking,public,false,,Ms. Sunali Rohra,"Ms. Sunali Rohra, Senior Executive Vice President Head Government & Institutional Business, Start",Ms. Sunali Rohra,"Ms. Sunali Rohra, Senior Executive Vice President - Head Government & Institutional Business, Start-ups & Gig Banking, HDFC Bank Ltd",2024,https://archive.globalfintechfest.com/2024/agenda,https://archive.globalfintechfest.com/2024/api/agenda,2026-08-25T06:35:40Z
31400,Imagining Fintech opportunities in a USD 10 trillion economy,2024-08-29,13:30,14:00,Lotus2,,Panel Discussion and Report Launch,"Ecosystem, Investments",Ecosystem;Investments,public,false,,Mr. Gaurav Kumar;Mr. Gopal Srinivasan;Report Launch Imagining Fintech opportunities in a USD 10 trillion economy;Mr. Ritesh Kumar,"Mr. Gaurav Kumar, Founder & CEO, Yubi Group;Mr. Gopal Srinivasan, Chairman & MD, TVS Capital Funds;Report Launch Imagining Fintech opportunities in a USD 10 trillion economy, ,;Mr. Ritesh Kumar, Former MD & CEO, HDFC ERGO General Insurance",Mr. Shishir Mankad,"Mr. Shishir Mankad, Partner, EY Parthenon",2024,https://archive.globalfintechfest.com/2024/agenda,https://archive.globalfintechfest.com/2024/api/agenda,2026-08-25T06:35:40Z
30040,Role of Technology in Shaping the Future of Global Finance,2024-08-29,13:35,14:05,Jasmine2,,Fireside Chat,"Technology, Business, Digital Transformation",Technology;Business;Digital Transformation,public,false,,Mr. Sopnendu Mohanty,"Mr. Sopnendu Mohanty, Chief Fintech Officer, Monetary Authority of Singapore",Mr. David Finch,"Mr. David Finch, Global Managing Director Fintech, TransUnion CIBIL",2024,https://archive.globalfintechfest.com/2024/agenda,https://archive.globalfintechfest.com/2024/api/agenda,2026-08-25T06:35:40Z
32129,How Urban India Pays,2024-08-29,13:45,13:55,Lotus1,,Report Review,,,public,false,,Mr. Shashwat Sharma;Ms. Nidhi Tiwari,"Mr. Shashwat Sharma, Partner and Financial Services leader at India, Kearney;Ms. Nidhi Tiwari, Partner, India, Kearney",Mr. Vikas Bansal,"Mr. Vikas Bansal, Chief Executive Officer, Amazon Pay India",2024,https://archive.globalfintechfest.com/2024/agenda,https://archive.globalfintechfest.com/2024/api/agenda,2026-08-25T06:35:40Z
31755,Empowering Traditional Banking with Fintech Innovation: PNBs Vision and Strategy,2024-08-29,13:50,14:20,Lotus3,,Fireside Chat,"Plenary, Policy, Banking",Plenary;Policy;Banking,public,false,,Shri. Kalyan Kumar,"Shri. Kalyan Kumar, Executive Director, Punjab National Bank",Mr. Sujai Raina,"Mr. Sujai Raina, Country Manager, India, Visa",2024,https://archive.globalfintechfest.com/2024/agenda,https://archive.globalfintechfest.com/2024/api/agenda,2026-08-25T06:35:40Z
29970,Revolutionizing E-Commerce and Financial Services with Digital Public Infrastructure,2024-08-29,13:55,14:25,Jasmine1,,Trialogue,"Financial Infra, DPI, Ecommerce",Financial Infra;DPI;Ecommerce,public,false,,Mr. Neelkanth Mishra;Mr. T Koshy,"Mr. Neelkanth Mishra, Chief Economist Axis Bank & Head of Global Research & Managing Director;Mr. T Koshy, MD & CEO, Open Network for Digital Commerce",Ms. Avanne Dubash,"Ms. Avanne Dubash, Anchor, ET Now",2024,https://archive.globalfintechfest.com/2024/agenda,https://archive.globalfintechfest.com/2024/api/agenda,2026-08-25T06:35:40Z
29985,Driving Trends in Payments,2024-08-29,14:00,14:40,Lotus1,,Panel Discussion,"Payments, Technology, Innovation",Payments;Technology;Innovation,public,false,,Ms. Mridula Iyer;Mr. Sandeep Indurkar;Mr. Vishal Dalal;Mr. Omar Halabieh,"Ms. Mridula Iyer, MD & Head Asia South Treasury and Trade Solution, Citibank N.A.;Mr. Sandeep Indurkar, CEO Resilient Payments Pvt. Ltd. (A BharatPe Group Company), BharatPe;Mr. Vishal Dalal, CEO International Markets, Pismo;Mr. Omar Halabieh, Director Technology, Payments MEA, Amazon",Mr. James Lloyd,"Mr. James Lloyd, Senior Director, International, JUSPAY",2024,https://archive.globalfintechfest.com/2024/agenda,https://archive.globalfintechfest.com/2024/api/agenda,2026-08-25T06:35:40Z
29990,Fintech Regulation - Complexities & Opportunities,2024-08-29,14:00,14:30,Hall 205A&B,,Book Review,"Ecosystem, Regulation, Fintech",Ecosystem;Regulation;Fintech,public,false,,Ms. Maha El Dimachki,"Ms. Maha El Dimachki, Centre Head, BIS Innovation Hub Singapore Centre",Ms. Camilla Bullock,"Ms. Camilla Bullock, CEO, Emerging Payments Association Asia",2024,https://archive.globalfintechfest.com/2024/agenda,https://archive.globalfintechfest.com/2024/api/agenda,2026-08-25T06:35:40Z
30208,Lets Beat The Funding Winter This Monsoon,2024-08-29,14:00,15:00,Hall 202,,Masterclass,"Investments, Networking",Investments;Networking,public,false,,Mr. Ishan Shah;Ms. Visa Kannan;Mr. Rahul Chandra,"Mr. Ishan Shah, Lead Research, The Fintech Meetup;Ms. Visa Kannan, Managing Partner, Saison Capital;Mr. Rahul Chandra, Managing Director, Arkam Ventures",Mr. Ishan Shah,"Mr. Ishan Shah, Lead - Research, The Fintech Meetup",2024,https://archive.globalfintechfest.com/2024/agenda,https://archive.globalfintechfest.com/2024/api/agenda,2026-08-25T06:35:40Z
31072,Investing in the Future: Enhancing Mutual Fund Accessibility in Bharat,2024-08-29,14:00,15:00,Pavallion,"K2, K3, K4, K5, K6, K7",Talk,,,public,false,Hosted by - Paynearby Workshop: Mutual Fund,,,,,2024,https://archive.globalfintechfest.com/2024/agenda,https://archive.globalfintechfest.com/2024/api/agenda,2026-08-25T06:35:40Z
31764,Launch of EMI² by Razorpay,2024-08-29,14:00,14:15,Pavallion,W1,Product Launch,,,public,false,Hosted by - Razorpay Razorpay launches EMI² with double the benefits than any usual EMI program. Come witness the launch to experience next-gen EMI solutions,,,Mr. Kunal Meghashayam Gothivarekar,"Mr. Kunal Meghashayam Gothivarekar, Head of Offline Business , Razorpay",2024,https://archive.globalfintechfest.com/2024/agenda,https://archive.globalfintechfest.com/2024/api/agenda,2026-08-25T06:35:40Z
31765,Investor’s view on FinTechs,2024-08-29,14:00,15:00,Hall 102,,Masterclass,,,invite-only,true,,Mr. Sudhir Sethi;Mr. Kaushik Basu;Mr. Ramaswamy Iyer,"Mr. Sudhir Sethi, Founder & Chairman, Chiratae Ventures;Mr. Kaushik Basu, President Investment Planning, Mount Intra Finance;Mr. Ramaswamy Iyer, Founder & CEO, Vayana Network",,,2024,https://archive.globalfintechfest.com/2024/agenda,https://archive.globalfintechfest.com/2024/api/agenda,2026-08-25T06:35:40Z
32220,"Video Demo of ""Drutam: Pioneering the Next Wave in Lending""",2024-08-29,14:00,14:20,Jasmine1,YF6,Product Demo,,,public,false,"Hosted by - Netwin India Join us for an exclusive demonstration of Drutam, our cutting-edge Loan Origination System (LOS). In this, we will showcase through an engaging video how Drutam is designed to revolutionize every aspect of the lending process. Experience firsthand how our intelligent automation, advanced data analytics, and seamless user interface set a new benchmark for efficiency and growth in the competitive lending landscape. Don’t miss your chance to be among the first to see how Drutam can transform your operations and drive success.",Mr. Aniket Bagad,"Mr. Aniket Bagad, Senior Business Analyst, Netwin System's & Software (I) Pvt Ltd",,,2024,https://archive.globalfintechfest.com/2024/agenda,https://archive.globalfintechfest.com/2024/api/agenda,2026-08-25T06:35:40Z
32604,Insta Loan by Pine Labs,2024-08-29,14:00,14:15,Pavallion,"L2, L3, L4, L5, L6, L7, M2, M3, M4, M5",Product Showcase,,,public,false,Hosted by - Pine Labs Democratising consumer credit for In-Store purchase backed by leading lenders,Mr. Ujjwal Gupta,"Mr. Ujjwal Gupta, Associate Director Product Strategy, Pine labs",Mr. Saurabh Jain. EVP & Head of Bank Partnership,"Mr. Saurabh Jain. EVP & Head of Bank Partnership, Pine labs",2024,https://archive.globalfintechfest.com/2024/agenda,https://archive.globalfintechfest.com/2024/api/agenda,2026-08-25T06:35:40Z
29989,Bima Trinity: Is this the UPI moment for insurance?,2024-08-29,14:05,14:45,Hall 204A&B,,Panel Discussion and Report Launch,"Insurance, Business, Digital Transformation",Insurance;Business;Digital Transformation,public,false,,Mr. Ankit Agrawal;Mr. Mayank Bathwal;Mr. Balachander Sekhar;Mr. Chiranth Patil,"Mr. Ankit Agrawal, Founder & CEO, InsuranceDekho;Mr. Mayank Bathwal, CEO, Aditya Birla Health Insurance Co Ltd;Mr. Balachander Sekhar, CEO, RenewBuy;Mr. Chiranth Patil, Co founder & Director, Riskcovry",Ms. Shruti Ladwa,"Ms. Shruti Ladwa, Partner & Leader Insurance Consulting, Ernst & Young",2024,https://archive.globalfintechfest.com/2024/agenda,https://archive.globalfintechfest.com/2024/api/agenda,2026-08-25T06:35:40Z
29986,Real Estate Investment Trusts (REITS) and Infrastructure Investment Trusts (InvITs) - Journey so far,2024-08-29,14:10,14:50,Lotus2,,Panel Discussion,"Wealth, Business, Product Design",Wealth;Business;Product Design,public,false,,Mr. Mathew George;Mr. Harsh Shah;Mr. Ankit Gupta;Ms. Preeti Chheda,"Mr. Mathew George, Chief Financial Officer, National Highways Infra Investment Managers Pvt. Ltd.;Mr. Harsh Shah, Chief Executive Officer and Whole time Director, India Grid Trust;Mr. Ankit Gupta, President, Brookfield Properties;Ms. Preeti Chheda, Chief Financial Officer, Mindspace REIT",Shri. Pramod Rao. Executive Director,"Shri. Pramod Rao. Executive Director, Department of Debt and Hybrid Securities (DDHS), Securities and Exchange Board of India",2024,https://archive.globalfintechfest.com/2024/agenda,https://archive.globalfintechfest.com/2024/api/agenda,2026-08-25T06:35:40Z
32379,Reimagine Aadhaar : Digital Frontiers,2024-08-29,14:10,14:30,Jasmine2,,Address,,,public,false,,Mr. Manish Bhardwaj,"Mr. Manish Bhardwaj, Deputy Director General, UIDAI",,,2024,https://archive.globalfintechfest.com/2024/agenda,https://archive.globalfintechfest.com/2024/api/agenda,2026-08-25T06:35:40Z
30850,MSME Loans 2.0: Lending the Digital Way,2024-08-29,14:15,14:35,Hall 206A&B,,Product Showcase,Lending,Lending,public,false,,Mr. Gaurav Mehta;Mr. Lov Loothra,"Mr. Gaurav Mehta, Head (Sr. VP) Direct & Alternate Lending;Mr. Lov Loothra, Senior Vice President, Credit Saison",,,2024,https://archive.globalfintechfest.com/2024/agenda,https://archive.globalfintechfest.com/2024/api/agenda,2026-08-25T06:35:40Z
32708,Creditview Dashboard showcase,2024-08-29,14:15,14:30,Pavallion,"P2, P3, P4, P5, P6, P7",Product Showcase,,,public,false,Hosted by - TransUnion CIBIL Product showcase - Credit monitoring,,,Ms. Jayanti Kalyani,"Ms. Jayanti Kalyani, Head of Marketing Direct to Consumer, TransUnion CIBIL",2024,https://archive.globalfintechfest.com/2024/agenda,https://archive.globalfintechfest.com/2024/api/agenda,2026-08-25T06:35:40Z
31766,Credit for Bharat,2024-08-29,14:20,14:45,Pavallion,"K2, K3, K4, K5, K6, K7",Product Launch,,,public,false,Hosted by - Paynearby Making credit accessible and affordable for last-mile borrowers,,,,,2024,https://archive.globalfintechfest.com/2024/agenda,https://archive.globalfintechfest.com/2024/api/agenda,2026-08-25T06:35:40Z
30852,Trust in Finance,2024-08-29,14:25,14:45,Lotus3,,Address,"Security, Technology, Financial Services",Security;Technology;Financial Services,public,false,,Mr. Rajesh Bansal,"Mr. Rajesh Bansal, Chief Executive Officer, Reserve Bank Innovation Hub",Mr. Nikunj Dalmia,"Mr. Nikunj Dalmia, Editor in Chief, ET Now & ET Now Swadesh",2024,https://archive.globalfintechfest.com/2024/agenda,https://archive.globalfintechfest.com/2024/api/agenda,2026-08-25T06:35:40Z
30011,Democratizing credit - Credit line on UPI,2024-08-29,14:30,15:00,Hall 203,,Masterclass,"Financial Infra, Payments",Financial Infra;Payments,public,false,,Mr. Rahul Solanki;Mr. Avishkar Ghogare,"Mr. Rahul Solanki, Senior Lead UPI Product, National Payments Corporation of India;Mr. Avishkar Ghogare, Senior Lead Credit Pod, National Payments Corporation Of India (NPCI)",,,2024,https://archive.globalfintechfest.com/2024/agenda,https://archive.globalfintechfest.com/2024/api/agenda,2026-08-25T06:35:40Z
32605,"Launch of Instant, Digital FD",2024-08-29,14:30,15:00,Pavallion,"E2, E3, E4, E5, E6, E7",Product Launch,,,public,false,"Hosted by - Falcon Unveiling a new era in Banking - Join us for the launch of Instant, Digital Fixed Deposits. This innovative product is set to redefine the Fixed Deposit landscape, and we can't wait to share it with you. The event will feature a special unveiling by industry leaders, followed by a demonstration of the product's key features and benefits.",,,Mr. Inderjit Camotra,"Mr. Inderjit Camotra, MD & CEO, Unity Small Finance Bank",2024,https://archive.globalfintechfest.com/2024/agenda,https://archive.globalfintechfest.com/2024/api/agenda,2026-08-25T06:35:40Z
30335,Shaping the Future of Digital Payments for Tomorrow's Consumer,2024-08-29,14:35,15:05,Jasmine2,,Fireside Chat,"Payments, Business, Technology",Payments;Business;Technology,public,false,,Mr. Jorn Lambert,"Mr. Jorn Lambert, Chief Product Officer, Mastercard",Mr. Anirban Mukherjee,"Mr. Anirban Mukherjee, CEO, PayU",2024,https://archive.globalfintechfest.com/2024/agenda,https://archive.globalfintechfest.com/2024/api/agenda,2026-08-25T06:35:40Z
30337,Interoperability of Clearing Corporations and Exchanges,2024-08-29,14:35,15:15,Hall 205A&B,,Panel Discussion,"Wealth, Technology, Cross Border",Wealth;Technology;Cross Border,public,false,,Mr. Piyush Chourasia;Introductory Remarks:;Ms. Usha Sharma;Mr. Huzefa Mahuvawala,"Mr. Piyush Chourasia, Chief Regulatory Officer, National Stock Exchange of India Ltd;Introductory Remarks:, Dr. Ruchi Chojer, Executive Director & Head, AIF and FPI Department (AFD), Securities and Exchange Board of India;Ms. Usha Sharma, Senior General Manager, BSE;Mr. Huzefa Mahuvawala, Chief Risk Officer, National Securities Clearing Corporation Ltd",Ms. Anita Bhatia,"Ms. Anita Bhatia, Chief Regulatory & Compliance Officer, Indian Clearing Corporation Ltd.",2024,https://archive.globalfintechfest.com/2024/agenda,https://archive.globalfintechfest.com/2024/api/agenda,2026-08-25T06:35:40Z
32380,Evolution of India Digital Payments: From a Fledgling to being the Global Leader,2024-08-29,14:35,15:15,Jasmine1,,Panel Discussion,,,public,false,,Shri. Gunveer Singh;Mr. Amarjit Singh Walia;Ms. Deeksha Kaushal;Mr. Vikas Bansal,"Shri. Gunveer Singh, Chief General Manager in;Mr. Amarjit Singh Walia, Head Consumer & Commercial Cards, ICICI Bank;Ms. Deeksha Kaushal, Director, Partnerships, Google Pay, Google;Mr. Vikas Bansal, Chief Executive Officer, Amazon Pay India",Mr. Srinivasu MN,"Mr. Srinivasu MN, Co founder, Director, BillDesk",2024,https://archive.globalfintechfest.com/2024/agenda,https://archive.globalfintechfest.com/2024/api/agenda,2026-08-25T06:35:40Z
31402,NBBL Rebrand,2024-08-29,14:40,15:25,Hall 206A&B,,Product Showcase,,,public,false,,Ms. Aditi Trivedi,"Ms. Aditi Trivedi, Incharge Strategy, NPCI Bharat BillPay",,,2024,https://archive.globalfintechfest.com/2024/agenda,https://archive.globalfintechfest.com/2024/api/agenda,2026-08-25T06:35:40Z
31767,Global Payments Ecosystems: Bridging Regional Innovations and Universal Standards,2024-08-29,14:45,15:15,Lotus1,,Trialogue,,,public,false,,Mr. Ramakrishnan Gopalan;Mr. Sharath Bulusu,"Mr. Ramakrishnan Gopalan, Vice President & Head of Products, India & South Asia, Visa;Mr. Sharath Bulusu, Director, Product Management Director, Google",Mr. Rajesh Desai,"Mr. Rajesh Desai, Founder & CEO Lyra India, Lyra Network",2024,https://archive.globalfintechfest.com/2024/agenda,https://archive.globalfintechfest.com/2024/api/agenda,2026-08-25T06:35:40Z
29999,"New frontiers in Insurance, AI, Embedded and what else?",2024-08-29,14:50,15:30,Hall 204A&B,,Panel Discussion,"Insurance, Regulation, Technology",Insurance;Regulation;Technology,public,false,,Mr. Srinidhi Shama Rao;Mr. Chris Bayley;Mr. Kulin Shah;Mr. Abhishek Poddar,"Mr. Srinidhi Shama Rao, Chief Strategy Officer, Bandhanlife;Mr. Chris Bayley, Co Founder, Cover Genius & Deck2.vc;Mr. Kulin Shah, Co founder and Chief Operating Officer, Onsurity;Mr. Abhishek Poddar, CEO & Co founder, Plum Benefits",Mr. Pranshu Diwan,"Mr. Pranshu Diwan, Chief Business Officer, Paytm Insurance",2024,https://archive.globalfintechfest.com/2024/agenda,https://archive.globalfintechfest.com/2024/api/agenda,2026-08-25T06:35:40Z
30001,Financialization of Household Savings - Instruments and Platform,2024-08-29,14:50,15:30,Lotus3,,Panel Discussion,"Wealth, Business, Capital Markets",Wealth;Business;Capital Markets,public,false,,Dr. Pawan Bakhshi;Mr. Miten Sampat;Mr. Sandeep Moonka;Ms. Bhargavi Sridharan,"Dr. Pawan Bakhshi, India Country lead, Inclusive Financial Systems, Bill & Melinda Gates Foundation;Mr. Miten Sampat, CRED;Mr. Sandeep Moonka, Business Head UPI & New Initiatives, Google Pay;Ms. Bhargavi Sridharan, Head ABC One, Aditya Birla Capital Digital",Ms. Shuvi Shrivastava,"Ms. Shuvi Shrivastava, Partner, Lightspeed",2024,https://archive.globalfintechfest.com/2024/agenda,https://archive.globalfintechfest.com/2024/api/agenda,2026-08-25T06:35:40Z
29992,National Securities Depository Limited (NSDL) - Product Showcase : Blockchain based Platform for Corporate Bond Markets,2024-08-29,14:55,15:15,Lotus2,,Product Showcase,Wealth,Wealth,public,false,,Mr. Vishal Gupta,"Mr. Vishal Gupta, Vice President Digital Transformation, NSDL",,,2024,https://archive.globalfintechfest.com/2024/agenda,https://archive.globalfintechfest.com/2024/api/agenda,2026-08-25T06:35:40Z
31067,Beer-O-Clock,2024-08-29,15:00,17:00,Pavallion,"Z12, J24, J26",Networking,Payments,Payments,public,false,Hosted by - CRED,,,,,2024,https://archive.globalfintechfest.com/2024/agenda,https://archive.globalfintechfest.com/2024/api/agenda,2026-08-25T06:35:40Z
32591,HyperVerge Docs AI,2024-08-29,15:00,15:15,Pavallion,"K8, K9, K10, K11",Product Launch,,,public,false,"Hosted by - HyperVerge 1. Discuss the challenges of capturing information from unstructured documents and lack of standard templates which make implementing OCR difficult. 2. HyperVerge Docs AI can make the process of digitizing documents fast, accurate and bring structure to unstructured documents.",,,,,2024,https://archive.globalfintechfest.com/2024/agenda,https://archive.globalfintechfest.com/2024/api/agenda,2026-08-25T06:35:40Z
30010,The Future of Bank-tech: Building Scalable & Resilient Fintech Infrastructure,2024-08-29,15:10,15:50,Jasmine2,,Trialogue,"Financial Infra, Technology, Open Banking",Financial Infra;Technology;Open Banking,public,false,,Mr. William Hockey;Mr. Harshil Mathur,"Mr. William Hockey, CEO and Founder, Column;Mr. Harshil Mathur, CEO & Co founder, Razorpay",Mr. Vikram Vaidyanathan,"Mr. Vikram Vaidyanathan, Managing Director, Z47",2024,https://archive.globalfintechfest.com/2024/agenda,https://archive.globalfintechfest.com/2024/api/agenda,2026-08-25T06:35:40Z
30678,Beyond Borders: Reimagining B2B Cross-Border Payments,2024-08-29,15:10,16:10,Hall 202,,Masterclass,"Payments, Cross Border",Payments;Cross Border,public,false,,Mr. Nilesh Pathak;Mr. Indunath Chaudhary,"Mr. Nilesh Pathak, Co founder & CPTO, BRISKPE;Mr. Indunath Chaudhary, Co founder & COO, BRISKPE",,,2024,https://archive.globalfintechfest.com/2024/agenda,https://archive.globalfintechfest.com/2024/api/agenda,2026-08-25T06:35:40Z
31773,Open Source Adoption,2024-08-29,15:10,15:40,Hall 203,,Masterclass,,,public,false,,,,Mr. Arul Kumar,"Mr. Arul Kumar, Deputy Chief Enterprise Architecture & Governance, National Payments Corporation of India ( NPCI )",2024,https://archive.globalfintechfest.com/2024/agenda,https://archive.globalfintechfest.com/2024/api/agenda,2026-08-25T06:35:40Z
30007,Global Trends in Fintech: Innovation and Ecosystem Growth,2024-08-29,15:20,16:00,Hall 205A&B,,Panel Discussion,"Association, Ecosystem, Innovation",Association;Ecosystem;Innovation,public,false,,Mr. Reuben Lim;Mr. Takeshi Kito;Mr. Leandro Santos;Mr. Mattia Musetti,"Mr. Reuben Lim, Chief Executive Officer, Singapore Fintech Association;Mr. Takeshi Kito, Co founder & CEO, Elevandi Japan;Mr. Leandro Santos, Senior Manager (Digital Payments, Emerging Markets), Amazon;Mr. Mattia Musetti, Business Development Adviser, Luxembourg for Finance",Mr. Vipul Jain,"Mr. Vipul Jain, Partner, AZB & Partners",2024,https://archive.globalfintechfest.com/2024/agenda,https://archive.globalfintechfest.com/2024/api/agenda,2026-08-25T06:35:40Z
30081,Building Bridges: Creating a Global Fintech Ecosystem,2024-08-29,15:20,16:00,Jasmine1,,Panel Discussion,"Association, Business, Infrastructure",Association;Business;Infrastructure,public,false,,Ms. Chihiro Ban;Ms. Daranee Saeju;Mr. Khaled M Albasias;Mr. Angelo M Duarte,"Ms. Chihiro Ban, Section Chief, Financial Services Agency of Japan;Ms. Daranee Saeju, Assistant Governor, Bank of Thailand;Mr. Khaled M Albasias, Director Financial Sector Development, Saudi Central Bank;Mr. Angelo M Duarte, Head of Department, Central Bank of Brazil",Mr. Arjun Vir Singh,"Mr. Arjun Vir Singh, Partner, Arthur D. Little",2024,https://archive.globalfintechfest.com/2024/agenda,https://archive.globalfintechfest.com/2024/api/agenda,2026-08-25T06:35:40Z
30543,Standardization of Data in Indian Securities Markets - Milestones Achieved,2024-08-29,15:20,16:00,Lotus2,,Panel Discussion,"Wealth, Policy, Capital Markets",Wealth;Policy;Capital Markets,public,false,,Ms. Rana Usman;Mr. Prashant Vagal;Mr. Tejash A Somaiya,"Ms. Rana Usman, Chief Operations Officer Clearing & Settlement, National Stock Exchange of India Clearing;Mr. Prashant Vagal, Chief Operating Officer, NSDL;Mr. Tejash A Somaiya, General Manager, BSE Ltd. (Bombay Stock Exchange)",Shri. Prabhas Kumar Rath,"Shri. Prabhas Kumar Rath, Chief General Manager, Securities and Exchange Board of India (SEBI)",2024,https://archive.globalfintechfest.com/2024/agenda,https://archive.globalfintechfest.com/2024/api/agenda,2026-08-25T06:35:40Z
30851,Scaling Fintech Startups: Insights and Strategies,2024-08-29,15:20,15:50,Lotus1,,Trialogue,"Business, Fintech",Business;Fintech,public,false,,Mr. Mohit Bhatnagar;Mr. Sandeep Patil,"Mr. Mohit Bhatnagar, Managing Director, Peak XV;Mr. Sandeep Patil, Partner, QED",Mr. Jitendra Gupta,"Mr. Jitendra Gupta, CEO & Founder at Jupiter, Jupiter Money",2024,https://archive.globalfintechfest.com/2024/agenda,https://archive.globalfintechfest.com/2024/api/agenda,2026-08-25T06:35:40Z
31073,Risk Suite by PayU,2024-08-29,15:30,15:40,Hall 206A&B,,Product Showcase,"Payments, Risk",Payments;Risk,public,false,,Mr. Saurabh Kumar;Ms. Shubhra Saxena;Mr. Rahul Singhal;Mr. Sudhindra Magadi,"Mr. Saurabh Kumar, Director Product, PayU Payments;Ms. Shubhra Saxena, Vice President Product, PayU Payments Private Limited;Mr. Rahul Singhal, Director Product, PayU Payments;Mr. Sudhindra Magadi, CTO, Wibmo",,,2024,https://archive.globalfintechfest.com/2024/agenda,https://archive.globalfintechfest.com/2024/api/agenda,2026-08-25T06:35:40Z
32222,Real Time Liquidity Solutions Launch,2024-08-29,15:30,16:00,Pavallion,"A8, A9, A10, A11",Product Launch,,,public,false,Hosted by - Citi Real Time Liquidity Management for Institutional Client,,,Ms. Rupa Mankad,"Ms. Rupa Mankad, MD & Head South Asia & Singapore Liquidity Management Services Head, Citibank N.A.",2024,https://archive.globalfintechfest.com/2024/agenda,https://archive.globalfintechfest.com/2024/api/agenda,2026-08-25T06:35:40Z
32709,Evolving Landscape of Credit Self-Monitoring,2024-08-29,15:30,15:45,Pavallion,"P2, P3, P4, P5, P6, P7",Product Showcase,,,public,false,Hosted by - TransUnion CIBIL Insights showcase,,,Vipul Mahajan,"Vipul Mahajan, Business Head – Commercial, Fintech and Direct to Consumer, TransUnion CIBIL",2024,https://archive.globalfintechfest.com/2024/agenda,https://archive.globalfintechfest.com/2024/api/agenda,2026-08-25T06:35:40Z
30009,Innovating Collection Strategies through Embedded Finance,2024-08-29,15:35,16:15,Lotus3,,Panel Discussion,"Lending, Technology, Embedded Finance",Lending;Technology;Embedded Finance,public,false,,Mr. Prashant Mehra;Mr. Anish Achuthan;Mr. Chandan Khaitan;Mr. Vivek Sridhar,"Mr. Prashant Mehra, Group Head, Retail Portfolio Management & Fraud Control, HDFC Bank, HDFC Bank Ltd;Mr. Anish Achuthan, CEO, Open Financial Technologies;Mr. Chandan Khaitan, Chief Executive Officer, Muthoot FinCorp ONE;Mr. Vivek Sridhar, Director Global Markets & Strategy, Neokred",Ms. Aditi Trivedi,"Ms. Aditi Trivedi, Incharge Strategy, NPCI Bharat BillPay",2024,https://archive.globalfintechfest.com/2024/agenda,https://archive.globalfintechfest.com/2024/api/agenda,2026-08-25T06:35:40Z
30017,How do we bring Users closer to their Credit Line discovery and utilizations,2024-08-29,15:35,16:15,Hall 204A&B,,Panel Discussion,"Lending, Business, Consumer Credit",Lending;Business;Consumer Credit,public,false,,Mr. Vaibhav Tambe;Smt. Aarti Nihalani;Mr. Ashish Mehrotra;Dr. Ashish Desai,"Mr. Vaibhav Tambe, Founder & CEO, TransBnk Solutions Pvt Ltd;Smt. Aarti Nihalani, Partner and Co Lead, Oliver Wyman;Mr. Ashish Mehrotra, MD & CEO, Northern Arc Capital;Dr. Ashish Desai, Associate Professor, SP Jain Institute of Management and Research",Ms. Shehnaz Ahmed,"Ms. Shehnaz Ahmed, Lead, Law & Technology, Vidhi Centre for Legal Policy",2024,https://archive.globalfintechfest.com/2024/agenda,https://archive.globalfintechfest.com/2024/api/agenda,2026-08-25T06:35:40Z
30005,Innovation Meets Tradition: The Evolution of Wealth Management,2024-08-29,15:45,16:25,Hall 206A&B,,Panel Discussion,Wealth,Wealth,public,false,,Mr. Yoshi Yokokawa;Mr. Swastik Nigam;Mr. Saurabh Jain;Mr. Manish Hingar;Mr. Pranit Arora,"Mr. Yoshi Yokokawa, Co founder & CEO, Alpaca;Mr. Swastik Nigam, CEO and Founder, Winvesta;Mr. Saurabh Jain, Co Founder, Stable Money;Mr. Manish Hingar, Founder & CEO, Fintoo, Fintoo;Mr. Pranit Arora, Co Founder & CEO, Univest communication technologies private limited",Mr. Nitin Mathur,"Mr. Nitin Mathur, CEO, Tavaga",2024,https://archive.globalfintechfest.com/2024/agenda,https://archive.globalfintechfest.com/2024/api/agenda,2026-08-25T06:35:40Z
30062,Efficiency vs Inclusivity: Examining Bilateral and Multilateral Cross-Border Payments Systems,2024-08-29,15:55,16:35,Hall 203,,Panel Discussion,"Payments, Policy, Cross Border",Payments;Policy;Cross Border,public,false,,Mr. Sujit Misra;Mr. Praveen Regmi;Mr. Roshan Regmi;Mr. Harris Mygdalis,"Mr. Sujit Misra, Director, Head of Payments, APAC, Amazon;Mr. Praveen Regmi, Chief Executive Officer, IME Pay;Mr. Roshan Regmi, Chief Officer, NMB Bank Limited;Mr. Harris Mygdalis, Group Chief Digital Officer, Eurobank",Mr. Zubin Tafti,"Mr. Zubin Tafti, Managing Director, PwC India",2024,https://archive.globalfintechfest.com/2024/agenda,https://archive.globalfintechfest.com/2024/api/agenda,2026-08-25T06:35:40Z
30178,Decluttering financial services experience through Digital banking,2024-08-29,15:55,16:25,Lotus1,,Trialogue,"Technology, Business, Digital Transformation",Technology;Business;Digital Transformation,public,false,,Mr. Jay Kotak;Mr. Anubrata Biswas,"Mr. Jay Kotak, Co Head at Kotak811 & SVP Conglomerate Relationships, Kotak Mahindra Bank;Mr. Anubrata Biswas, MD & CEO, Airtel Payments Bank",Mr. Jungkiu Choi,"Mr. Jungkiu Choi, Managing Director & Senior Partner, Boston Consulting Group (BCG)",2024,https://archive.globalfintechfest.com/2024/agenda,https://archive.globalfintechfest.com/2024/api/agenda,2026-08-25T06:35:40Z
32381,The Future of Data Democracy by Equal & One Money AA,2024-08-29,15:55,16:25,Jasmine2,,Product Launch,,,public,false,,Mr. Krishna Prasad Atluri;Shri;Shri;Mr. Rajeev Ranjan;Shri,"Mr. Krishna Prasad Atluri, Founder, OneMoney;Shri, Anand Sinha, Former Deputy Governor, Reserve Bank of India (RBI);Shri, Ajay Prakash Sawhney, Former Secretary, Ministry of Electronics and Information Technology (MeitY);Mr. Rajeev Ranjan, Co Founder, Equal;Shri, Jagdish Capoor, Former Deputy Governor, Reserve Bank of India (RBI)",Mr. Keshav Reddy,"Mr. Keshav Reddy, Founder, Equal",2024,https://archive.globalfintechfest.com/2024/agenda,https://archive.globalfintechfest.com/2024/api/agenda,2026-08-25T06:35:40Z
32211,DigiBank: Customer View & Maintenance,2024-08-29,16:00,16:15,Pavallion,YB4,Product Demo,,,public,false,"Hosted by - iDigiCloud Our Product is designed for Retail, SME, Corporate Banking Day0 Setup (Cover Key modules at high level) Demo will show, how easy it is to Setup Product & Parameters",,,,,2024,https://archive.globalfintechfest.com/2024/agenda,https://archive.globalfintechfest.com/2024/api/agenda,2026-08-25T06:35:40Z
32606,"JP Morgan and ISG partner to bring ONDC Seller proposition to Corporates- ""ONDC made easy!""",2024-08-29,16:00,16:30,Pavallion,"O2, O3, O4, O5, O6, O7",Product Launch,,,public,false,"Hosted by - In-Solutions Global In-Solutions Global Ltd (ISG), in partnership with J.P. Morgan Payments, is launching its “ONDC made easy” solution at the Global Fintech Festival 2024. The partnership creates a “one stop shop” solution for digital commerce by leveraging ISG’s ONDC tech stack, powered by its ecosystem partner Protean, and the banking capabilities of J.P. Morgan in India. The solution will empower corporate clients to become sellers by offering direct access to the Open Network for Digital Commerce (ONDC) network.",,,,,2024,https://archive.globalfintechfest.com/2024/agenda,https://archive.globalfintechfest.com/2024/api/agenda,2026-08-25T06:35:40Z
32607,Products to help you Scale up your AA usage.,2024-08-29,16:00,16:45,Pavallion,V1,Product Showcase,,,public,false,"Hosted by - Finvu Showcase suite of products for speedy rollouts, optimal success, a short compliance and effective customer support.",,,Mr. Vamsi Madhav,"Mr. Vamsi Madhav, CEO, Finvu AA",2024,https://archive.globalfintechfest.com/2024/agenda,https://archive.globalfintechfest.com/2024/api/agenda,2026-08-25T06:35:40Z
30008,Longevity Finance,2024-08-29,16:05,16:45,Jasmine1,,Panel Discussion,WealthTech,WealthTech,public,false,,Ms. Kaku Nakhate;Mr. Aditya Chatterjee;Ms. Chaojung Chen,"Ms. Kaku Nakhate, President & India Country Head, Bank of America;Mr. Aditya Chatterjee, MD, Equifax Credit Information;Ms. Chaojung Chen, Managing Director & Senior Partner, Boston Consulting Group (BCG)",Mr. Nitin Jaiswal,"Mr. Nitin Jaiswal, Head of Asia Pac, Bloomberg L.P",2024,https://archive.globalfintechfest.com/2024/agenda,https://archive.globalfintechfest.com/2024/api/agenda,2026-08-25T06:35:40Z
30014,Technology and the Evolution of Settlement Procedures in the Indian Securities market,2024-08-29,16:05,16:55,Lotus2,,Keynote and Panel Discussion,"Wealth, Business, Customer Service",Wealth;Business;Customer Service,public,false,,Mr. Motilal Oswal;Introductory Remarks:;Mr. Vikram Kothari;Ms. Vaisshali J Babu;Mr. Nehal Vora,"Mr. Motilal Oswal, Co founder & CEO, Motilal Oswal Financial Services;Introductory Remarks:, Shri. Ananth Narayan, Whole Time Member, Securities and Exchange Board of India (SEBI);Mr. Vikram Kothari, Managing Director & CEO, NSE Clearing;Ms. Vaisshali J Babu, MD & CEO, Indian Clearing Corp Ltd.;Mr. Nehal Vora, MD & CEO, Central Depository Services (India) Limited",Mr. Srinivas Jain,"Mr. Srinivas Jain, Executive Director & Head of Strategy, SBI Mutual Fund",2024,https://archive.globalfintechfest.com/2024/agenda,https://archive.globalfintechfest.com/2024/api/agenda,2026-08-25T06:35:40Z
30016,Empowering the Next Billion: Global collaboration to advance Financial Inclusion in Emerging Economies,2024-08-29,16:05,16:45,Hall 205A&B,,Panel Discussion,"Association, Ecosystem, Inclusion",Association;Ecosystem;Inclusion,public,false,,Mr. Sajan Sharma;Mr. Manoj Varma;Mr. Fahim Mashroor;Ms. Jaclyn Tsai,"Mr. Sajan Sharma, Founder & CEO, Citytech Group;Mr. Manoj Varma, Director, Lyra Networks;Mr. Fahim Mashroor, Coordinator of Fintech Society Bangladesh & CEO, Delivery Tiger;Ms. Jaclyn Tsai, Honorary Chairperson / Executive Director, Taiwan FinTech Association / Asia FinTech Alliance",Mr. Syed Musheer Ahmed,"Mr. Syed Musheer Ahmed, Founder & MD, Finstep Asia",2024,https://archive.globalfintechfest.com/2024/agenda,https://archive.globalfintechfest.com/2024/api/agenda,2026-08-25T06:35:40Z
30861,The vision of a future financial market infrastructure,2024-08-29,16:20,17:00,Lotus3,,Panel Discussion,"Financial Infra, Technology, Infrastructure",Financial Infra;Technology;Infrastructure,public,false,,Mr. Alan Lim;Mr. Siddharth Shetty;Ms. Maha El Dimachki,"Mr. Alan Lim, Director, FinTech Infrastructure Office, Monetary Authority of Singapore;Mr. Siddharth Shetty, Chief Technology Officer, Sahamati;Ms. Maha El Dimachki, Centre Head, BIS Innovation Hub Singapore Centre",Ms. Sonja Davidovic,"Ms. Sonja Davidovic, Advisor, Bank for International Settlements",2024,https://archive.globalfintechfest.com/2024/agenda,https://archive.globalfintechfest.com/2024/api/agenda,2026-08-25T06:35:40Z
31173,Risk Assessment and Credit Scoring for MSMEs: Innovative approaches,2024-08-29,16:20,17:00,Hall 204A&B,,Panel Discussion,,,public,false,,Mr. Vineet Sukumar;Mr. Satyam Kumar;Mr. Gurjodhpal Singh;Mr. Anil K Pinapala,"Mr. Vineet Sukumar, Founder & Managing Director, Vivriti Capital & Vivriti Asset Management;Mr. Satyam Kumar, CEO and Co founder, LoanTap Financial Technologies;Mr. Gurjodhpal Singh, CEO, Tide (India);Mr. Anil K Pinapala, CEO & Founder, FlexPay by Vivifi",Mr. Rohit Taneja,"Mr. Rohit Taneja, Founder & CEO, Decentro",2024,https://archive.globalfintechfest.com/2024/agenda,https://archive.globalfintechfest.com/2024/api/agenda,2026-08-25T06:35:40Z
29996,How can central banks build a more inclusive fintech ecosystem?,2024-08-29,16:30,17:10,Hall 206A&B,,Panel Discussion,"Regulatory, Policy, Inclusion",Regulatory;Policy;Inclusion,public,false,,Mr. Sanjib Subba;Mr. Lawrence Chan;Ms. Rossana Varesi,"Mr. Sanjib Subba, Founder Chair, Fintech Alliance Nepal;Mr. Lawrence Chan, Group CEO, NETS;Ms. Rossana Varesi, Planning and Project Chief of Department, Banco Central del Uruguay",Ms. Maria Francis,"Ms. Maria Francis, Incharge Americas & Canada, NPCI International Payments Ltd.",2024,https://archive.globalfintechfest.com/2024/agenda,https://archive.globalfintechfest.com/2024/api/agenda,2026-08-25T06:35:40Z
30853,Leveraging India's Digital Public Infrastructure: Lessons for Global Adoption,2024-08-29,16:30,17:00,Jasmine2,,Keynote,DPI,DPI,public,false,,Shri. T Rabi Sankar,"Shri. T Rabi Sankar, Deputy Governor, Reserve Bank of India",Mr. G Padmanabhan,"Mr. G Padmanabhan, Former Executive Director, Reserve Bank of India, Ex ED RBI and Ex Chairman, Bank of India",2024,https://archive.globalfintechfest.com/2024/agenda,https://archive.globalfintechfest.com/2024/api/agenda,2026-08-25T06:35:40Z
32223,CC Avenue - Citi: NACH service launch,2024-08-29,16:30,17:00,Pavallion,"Z4, Z5, Z6",Product Launch,,,public,false,Hosted by - Infibeam Avenues,Ms. Santosh Dujari;Mr. Naman Kapoor,"Ms. Santosh Dujari, MD & Head India subcontinent, Treasury and Trade Solutions, Citibank N.A.;Mr. Naman Kapoor, MD & Head - Indian Subcontinent Payments Liquidity, Citibank N.A.",Mr. Bhanu Vora,"Mr. Bhanu Vora, MD & Head Citi India Commercial Banking, Citi",2024,https://archive.globalfintechfest.com/2024/agenda,https://archive.globalfintechfest.com/2024/api/agenda,2026-08-25T06:35:40Z
31769,moneyHOP product launch: The Zepto moment in cross-border payments,2024-08-29,16:50,17:05,Hall 205A&B,,Product Showcase,"Product Launch, Payments",Product Launch;Payments,public,false,,Mr. Mayank Goyal,"Mr. Mayank Goyal, Founder & CEO, moneyHOP",,,2024,https://archive.globalfintechfest.com/2024/agenda,https://archive.globalfintechfest.com/2024/api/agenda,2026-08-25T06:35:40Z
32928,Protecting 1Bn+ Users from Digital Frauds,2024-08-29,16:50,17:30,Jasmine1,,Fireside & Panel Discussion,,,public,false,,Dr. Neena R Jain;Mr. Sunil Bajpai;Mr. Arvind Natrajan;Smt. Vidya Krishnan;Mr. Anuj Bhansali,"Dr. Neena R Jain, Chief General Manager (Consumer Education and Protection), Reserve Bank of India;Mr. Sunil Bajpai, Chief Trust Officer, Tanla Platforms Limited;Mr. Arvind Natrajan , BSG Head Liabilities/Payments and MSME, Yes Bank;Smt. Vidya Krishnan, DMD (IT), State Bank of India ( SBI );Mr. Anuj Bhansali, VP Trust and Safety, PhonePe",Mr. Ramdoss Seetharaman,"Mr. Ramdoss Seetharaman, Senior Partner, McKinsey and Company",2024,https://archive.globalfintechfest.com/2024/agenda,https://archive.globalfintechfest.com/2024/api/agenda,2026-08-25T06:35:40Z
29951,Personalising experiences with UPI,2024-08-29,16:55,17:25,Hall 203,,Masterclass,Payments,Payments,public,false,,Mr. Nitheesh S Kumar;Mr. Avdhoot Kajarekar,"Mr. Nitheesh S Kumar, Lead Product Manager, UPI, National Payments Corporation of India ( NPCI );Mr. Avdhoot Kajarekar, Lead UPI Product Development, National Payments Corporation of India ( NPCI )",,,2024,https://archive.globalfintechfest.com/2024/agenda,https://archive.globalfintechfest.com/2024/api/agenda,2026-08-25T06:35:40Z
30019,Evolution of ASBA in Secondary Markets: Going Beyond the Primary Market,2024-08-29,17:00,17:40,Lotus2,,Panel Discussion,"Wealth, Business, Product Design",Wealth;Business;Product Design,public,false,,Mr. Akshat Chaturvedi;Ms. Rana Usman;Mr. Rahul Chari,"Mr. Akshat Chaturvedi, General Manager, Indian Clearing Corporation Limited;Ms. Rana Usman, Chief Operations Officer Clearing & Settlement, National Stock Exchange of India Clearing;Mr. Rahul Chari, Co founder & CTO, PhonePe Pvt Ltd",Shri,"Shri, Shashikumar Valsakumar, Chief General Manager, Securities and Exchange Board of India",2024,https://archive.globalfintechfest.com/2024/agenda,https://archive.globalfintechfest.com/2024/api/agenda,2026-08-25T06:35:40Z
30021,"High-Tea Networking, by Premji Invest",2024-08-29,17:00,20:00,Hall 202,,Networking,Networking,Networking,invite-only,true,,,,,,2024,https://archive.globalfintechfest.com/2024/agenda,https://archive.globalfintechfest.com/2024/api/agenda,2026-08-25T06:35:40Z
31395,Agri Fintech: Leveraging technology for farm-to-table finance,2024-08-29,17:05,17:35,Jasmine2,,Fireside Chat,"Technology, Agritech",Technology;Agritech,public,false,,Mr. Shaji K V,"Mr. Shaji K V, Chairman, National Bank for Agriculture and Rural Development (NABARD)",Mr. Ashish Garg,"Mr. Ashish Garg, Managing Director & Senior Partner, Boston Consulting Group (BCG)",2024,https://archive.globalfintechfest.com/2024/agenda,https://archive.globalfintechfest.com/2024/api/agenda,2026-08-25T06:35:40Z
32608,Mobility Redefined- NCMC for an integrated multimodal ticketing system,2024-08-29,17:15,17:45,Hall 206A&B,,Panel Discussion & White Paper Release,,,public,false,,Dr. Amit Kumar Jain;Shri. Sudhir Chiplunkar;Mr. Ganesh Ananthanarayanan;Shri. Rajeev Kumar;Report Release: RuPay NCMC Leading the way in Smart Mobility Payments,"Dr. Amit Kumar Jain, Director Operations, DMRC;Shri. Sudhir Chiplunkar, COO, L&T Hyderabad Metro Rail;Mr. Ganesh Ananthanarayanan, Chief Operating Officer, Airtel Payments Bank;Shri. Rajeev Kumar , Principal Executive Director, Mumbai Metro Rail Corporation;Report Release: RuPay NCMC Leading the way in Smart Mobility Payments,",Mr. Denny V Thomas,"Mr. Denny V Thomas, Head Transit, NPCI",2024,https://archive.globalfintechfest.com/2024/agenda,https://archive.globalfintechfest.com/2024/api/agenda,2026-08-25T06:35:40Z
30022,National Meet for Business Correspondents by BCFI,2024-08-29,17:25,19:25,Hall 205A&B,,Networking,"Business, Networking",Business;Networking,invite-only,true,,,,,,2024,https://archive.globalfintechfest.com/2024/agenda,https://archive.globalfintechfest.com/2024/api/agenda,2026-08-25T06:35:40Z
32431,ART Tool Masterclass,2024-08-29,17:30,18:00,Hall 203,,Workshop,,,public,false,,Mr. Krishnaiah Medipally,"Mr. Krishnaiah Medipally, Incharge Quality Management & Monitoring Systems, NPCI",,,2024,https://archive.globalfintechfest.com/2024/agenda,https://archive.globalfintechfest.com/2024/api/agenda,2026-08-25T06:35:40Z
30027,NPCI Partners Program (NPP),2024-08-29,17:40,19:55,Lotus1,,Networking,"Ecosystem, Networking",Ecosystem;Networking,invite-only,true,,,,,,2024,https://archive.globalfintechfest.com/2024/agenda,https://archive.globalfintechfest.com/2024/api/agenda,2026-08-25T06:35:40Z
29998,Central Depository Services (India) Ltd. (CDSL),2024-08-29,17:45,18:05,Lotus2,,Product Showcase,Wealth,Wealth,public,false,,Mr. Avinash Shere,"Mr. Avinash Shere, Assistant Vice President, Central Depository Services (India) Limited",Mr. Avinash Share,"Mr. Avinash Share, Assistant Vice President- Business Development, Central Depository Services India LImited",2024,https://archive.globalfintechfest.com/2024/agenda,https://archive.globalfintechfest.com/2024/api/agenda,2026-08-25T06:35:40Z
30025,Community of Practice - post whitepaper launch event,2024-08-29,17:50,18:50,Hall 206A&B,,Networking,Networking,Networking,public,false,,Ms. Shefali Rastogi,"Ms. Shefali Rastogi, Senior Lead, National Payments Corporation of India ( NPCI )",,,2024,https://archive.globalfintechfest.com/2024/agenda,https://archive.globalfintechfest.com/2024/api/agenda,2026-08-25T06:35:40Z
30023,Global Fintech Awards 2024,2024-08-29,18:00,20:00,Jasmine1,,Awards,Awards,Awards,public,false,,,,,,2024,https://archive.globalfintechfest.com/2024/agenda,https://archive.globalfintechfest.com/2024/api/agenda,2026-08-25T06:35:40Z
32432,Revolutionizing Cross Border Remittances and Bill Payments,2024-08-29,18:05,18:35,Hall 203,,Panel Discussion,"Business, Cross Border",Business;Cross Border,public,false,,Mr. Indraneel Pandit;Mr. Hare Krishna Jena;Mr. Philip Glickman;Mr. Venkataramani Prakash,"Mr. Indraneel Pandit, Chief Digital Officer, The Federal Bank Ltd;Mr. Hare Krishna Jena, Managing Director, The Clearing Corporation of India Ltd.;Mr. Philip Glickman, Managing Director International, In;Mr. Venkataramani Prakash, Senior Director Payments, Flywire",Mr. Amit Pansare,"Mr. Amit Pansare, Head of Digital Alliances, Cash Management Capital Market and Custody Sales, Yes Bank",2024,https://archive.globalfintechfest.com/2024/agenda,https://archive.globalfintechfest.com/2024/api/agenda,2026-08-25T06:35:40Z
30024,BBPS-Business Platform Showcase,2024-08-29,18:15,19:15,Lotus2,,Product Showcase,"Payments, Business",Payments;Business,public,false,,Mr. Subhradeep B,"Mr. Subhradeep B, Incharge, NPCI Bharat BillPay",,,2024,https://archive.globalfintechfest.com/2024/agenda,https://archive.globalfintechfest.com/2024/api/agenda,2026-08-25T06:35:40Z
31175,Accel Leaders Dinner,2024-08-29,19:00,22:00,Lotus3,,Networking,,,invite-only,true,,,,,,2024,https://archive.globalfintechfest.com/2024/agenda,https://archive.globalfintechfest.com/2024/api/agenda,2026-08-25T06:35:40Z
32610,Address by Chief Guest,2024-08-30,10:30,12:30,Jasmine2,,Keynote,,,public,false,,Shri. Narendra Modi,"Shri. Narendra Modi, Honourable Prime Minister of India",,,2024,https://archive.globalfintechfest.com/2024/agenda,https://archive.globalfintechfest.com/2024/api/agenda,2026-08-25T06:35:40Z
32224,"Expert Talk with Mr. Arvind Mahapatra, Co-founder & Director, Netwin: Revolutionizing Lending with Digital Infrastructure""",2024-08-30,11:30,12:00,Jasmine1,YF6,Talk,,,public,false,"Hosted by - Netwin India Explore the profound impact of Drutam, our advanced Loan Origination System (LOS), on modern lending practices. This comprehensive talk will cover how Drutam’s features—such as automated loan processing, sophisticated risk management, and data-driven analytics—are revolutionizing the lending process. Mr. Arvind Mahapatra, our Director has over two decades of experience in Banking Software Solutions & Services, has a distinguished career that includes strategic roles in global financial software development. He will provide a detailed analysis of Drutam’s benefits, including its ability to optimize operations, ensure compliance, and drive business growth. Gain valuable insights on how Drutam is leading the way in lending technology.",,,Mr. Arvind Mahapatra,"Mr. Arvind Mahapatra, Co founder & Director, Netwin",2024,https://archive.globalfintechfest.com/2024/agenda,https://archive.globalfintechfest.com/2024/api/agenda,2026-08-25T06:35:40Z
31750,Digital Lending for India: Salesforce Product Showcase,2024-08-30,12:00,12:30,Pavallion,"B8, B9, B10, B11",Product Showcase,,,public,false,"Hosted by - Salesforce Listen, Learn, Engage and win some cool Salesforce swag on Booth B8 as we introduce you to the latest product launch from Salesforce - ""Digital Lending for India."" Discover how leading lenders are reducing ""time to yes"" and enhancing customer experiences through seamless digital integration. Learn about the benefits of a unified loan origination platform that accelerates decision-making, reduces costs, and empowers underwriters with comprehensive data and automation.",Ms. Reshma Chawla,"Ms. Reshma Chawla, Lead Solution Engineer, Salesforce",Mr. Jishnu Jairaj,"Mr. Jishnu Jairaj, Solution Engineer, Salesforce",2024,https://archive.globalfintechfest.com/2024/agenda,https://archive.globalfintechfest.com/2024/api/agenda,2026-08-25T06:35:40Z
32225,Product Showcase by iDigiCloud,2024-08-30,12:00,12:30,Pavallion,YB4,Product Demo,,,public,false,"Hosted by - iDigiCloud Enabling banking for people who have challenge in writing or visual limitation Our Product is designed for Retail, SME, Corporate Banking Local Language Support e.g. Hindi, English",,,,,2024,https://archive.globalfintechfest.com/2024/agenda,https://archive.globalfintechfest.com/2024/api/agenda,2026-08-25T06:35:40Z
32710,Early Risk Score for Fraudulent Loan Detection,2024-08-30,12:15,12:30,Pavallion,"P2, P3, P4, P5, P6, P7",Product Showcase,,,public,false,Hosted by - TransUnion CIBIL Product showcase,,,Mr. Anurag Anand,"Mr. Anurag Anand, Vice President and Head of Fraud Products, TransUnion CIBIL",2024,https://archive.globalfintechfest.com/2024/agenda,https://archive.globalfintechfest.com/2024/api/agenda,2026-08-25T06:35:40Z
29886,Innovations in Digital Identity: Market Opportunities & Challenges,2024-08-30,12:45,13:25,Hall 104A,,Panel Discussion,"Technology, DPI, Blockchain",Technology;DPI;Blockchain,public,false,,Mr. Ashok Hariharan;Mr. Satish Mohan;Shri. Amod Kumar;Mr. Metesh Bhati,"Mr. Ashok Hariharan, Chief Executive Officer, IDfy;Mr. Satish Mohan, Founder and CEO, Dhiway;Shri. Amod Kumar, Deputy Director General, UIDAI;Mr. Metesh Bhati, Chief Digital Officer, Protean eGov Technologies Limited",Mr. Krishna Tyagi,"Mr. Krishna Tyagi, Head of Web 3.0, KPMG",2024,https://archive.globalfintechfest.com/2024/agenda,https://archive.globalfintechfest.com/2024/api/agenda,2026-08-25T06:35:40Z
30034,Global Trade Currency: Expanding the Reach of the Indian Rupee,2024-08-30,12:45,13:15,Jasmine1,,Presentation,"Payments, Ecosystem, Cross Border",Payments;Ecosystem;Cross Border,public,false,,Ms. Zarin Daruwala,"Ms. Zarin Daruwala, Cluster CEO, India & South Asia, Standard Chartered Bank",,,2024,https://archive.globalfintechfest.com/2024/agenda,https://archive.globalfintechfest.com/2024/api/agenda,2026-08-25T06:35:40Z
30036,The Future of IPOs: Streamlining Processes and Enhancing Evaluation with Technology,2024-08-30,12:45,13:25,Lotus2,,Panel Discussion,"Wealth, Technology, Capital Markets",Wealth;Technology;Capital Markets,public,false,,Mr. Ganeshan Murugaiyan;Mr. Vijay Chandok;Mr. Vishal Kampani,"Mr. Ganeshan Murugaiyan, Managing Director, Head Investment Banking, BNP Paribas;Mr. Vijay Chandok, MD & CEO, ICICI Securities;Mr. Vishal Kampani, Non Executive Vice Chairman, JM Financials",Shri. Ashwani Bhatia,"Shri. Ashwani Bhatia, Whole Time Member, Securities and Exchange Board of India (SEBI)",2024,https://archive.globalfintechfest.com/2024/agenda,https://archive.globalfintechfest.com/2024/api/agenda,2026-08-25T06:35:40Z
30038,RFQ Platforms,2024-08-30,12:45,13:25,Lotus3,,Panel Discussion,"Wealth, Business, Product Design",Wealth;Business;Product Design,public,false,,Mr. Rohit Mandhotra;Mr. Tirth Shah;Ms. Aditi Mittal;Mr. Nikhil Aggarwal,"Mr. Rohit Mandhotra , Vice President , National Stock Exchange;Mr. Tirth Shah, Founder, Techwealth Capital Services Private Limited;Ms. Aditi Mittal, Director, A K Group and Co founder, IndiaBonds;Mr. Nikhil Aggarwal, Founder, Group CEO, Grip Invest",Mr. Vijay Krishnamurthy,"Mr. Vijay Krishnamurthy, Interin CEO, India INX",2024,https://archive.globalfintechfest.com/2024/agenda,https://archive.globalfintechfest.com/2024/api/agenda,2026-08-25T06:35:40Z
30465,How does AI infrastructure look in 2024 and beyond for Fintech,2024-08-30,12:45,13:25,Hall 204A&B,,Panel Discussion,"Financial Infra, Technology, AI",Financial Infra;Technology;AI,public,false,,Mr. Gopan Vijayan Nair;Mr. Parag Mehta;Mr. Srikanth Velamakanni;Mr. Satyadarshi Behera,"Mr. Gopan Vijayan Nair, Head Enterprise Business, NVIDIA;Mr. Parag Mehta, CEO & Co Founder, Evolute Group;Mr. Srikanth Velamakanni, Co founder, Group Chief Executive & Vice;Mr. Satyadarshi Behera, Head Data Science, CRED",Mr. Jayprasad Hegde,"Mr. Jayprasad Hegde, Head AI/DS, National Payments Corporation of India ( NPCI )",2024,https://archive.globalfintechfest.com/2024/agenda,https://archive.globalfintechfest.com/2024/api/agenda,2026-08-25T06:35:40Z
30541,New form factors on credit and the changing requirements of Ecosystem from TSPs,2024-08-30,12:45,13:25,Hall 206A&B,,Panel Discussion,"Payments, Technology, Consumer Credit",Payments;Technology;Consumer Credit,public,false,,Mr. Guhan M;Mr. Prashant Kumar. Founder & CeO;Mr. Ajay Pandey;Mr. Deepak Sharma,"Mr. Guhan M, Director & Founding Member, Mindgate;Mr. Prashant Kumar. Founder & CeO, Kredit.Pe;Mr. Ajay Pandey, CEO and Co Founder, CARD91;Mr. Deepak Sharma, Board Member, Independent Director, Suryoday Small Finance Bank",Mr. Gaurav Ramdev,"Mr. Gaurav Ramdev, Chief Growth and Marketing Officer, Protean eGov Technologies Ltd.",2024,https://archive.globalfintechfest.com/2024/agenda,https://archive.globalfintechfest.com/2024/api/agenda,2026-08-25T06:35:40Z
30855,Leveraging Tech Beyond Payments,2024-08-30,12:45,13:25,Hall 202,,Workshop,"Technology, Payments",Technology;Payments,public,false,,Mr. Lawrence Chan,"Mr. Lawrence Chan, Group CEO, NETS",,,2024,https://archive.globalfintechfest.com/2024/agenda,https://archive.globalfintechfest.com/2024/api/agenda,2026-08-25T06:35:40Z
31176,AI for Responsible Lending: Regulatory Challenges and Innovations,2024-08-30,12:45,13:25,Hall 205A&B,,Panel Discussion,,,public,false,,Mr. Aabhinna Suresh Khare;Mr. Sandeep Kunkunuru;Mr. Nalin Agrawal;Mr. Natarajan Ramani,"Mr. Aabhinna Suresh Khare, Chief Digital & Marketing Officer, Bajaj Capital Ltd.;Mr. Sandeep Kunkunuru, CTO & Co Founder, ProFinTech Technologies Private Limtied;Mr. Nalin Agrawal, Co founder & Director, Snapmint Credit Advisory Private Limited;Mr. Natarajan Ramani, Chief Product Officer, TRANSUNION CIBIL",Mr. S Anand,"Mr. S Anand, Founder & CEO, PaySprint",2024,https://archive.globalfintechfest.com/2024/agenda,https://archive.globalfintechfest.com/2024/api/agenda,2026-08-25T06:35:40Z
31770,Identifying Collaboration Opportunities between India and the UK in the Fintech Sector,2024-08-30,12:45,13:25,Lotus1,,Keynote and Panel Discussion,,,public,false,,Mr. Amit Sahni;Ms. Nadia Sood;Keynote by;Mr. Nilkanth Hariharan,"Mr. Amit Sahni, Founder & CEO, Croftz Limited, UK;Ms. Nadia Sood, Founder and Group CEO, CreditEnable;Keynote by , Mr. Harjinder Kang, His Majesty's Trade Commissioner for South Asia and the British Deputy High Commissioner for Western India, UK Department for Business and Trade;Mr. Nilkanth Hariharan, SVP & Country Manager, KX",Mr. Edward Bass,"Mr. Edward Bass, Inward Investment Manager, UK Department for Business and Trade",2024,https://archive.globalfintechfest.com/2024/agenda,https://archive.globalfintechfest.com/2024/api/agenda,2026-08-25T06:35:40Z
31971,"Anticipating the unanticipated: Future proofing the ecosystem, challenges and opportunities",2024-08-30,12:45,13:15,Jasmine2,,Keynote & Fireside Chat,,,public,false,,Shri. Vivek Deep,"Shri. Vivek Deep, Executive Director, Reserve Bank of India",Mr. Harshil Mathur,"Mr. Harshil Mathur, CEO & Co founder, Razorpay",2024,https://archive.globalfintechfest.com/2024/agenda,https://archive.globalfintechfest.com/2024/api/agenda,2026-08-25T06:35:40Z
32226,Mobile Banking,2024-08-30,13:00,13:30,Pavallion,YB4,Product Demo,,,public,false,"Hosted by - iDigiCloud Our Product is designed for Retail, SME, Corporate Banking Customer Landing Page Ease of doing transaction & Straight Through Processing",,,,,2024,https://archive.globalfintechfest.com/2024/agenda,https://archive.globalfintechfest.com/2024/api/agenda,2026-08-25T06:35:40Z
32426,"IndiaStack: Pushing global frontiers with payments, identity, data and commerce",2024-08-30,13:20,13:50,Jasmine2,,Panel Discussion,,,public,false,,Mr. T Koshy;Shri. Amitabh Nag;Shri. Abhishek Singh. Additional Secretary,"Mr. T Koshy, MD & CEO, Open Network for Digital Commerce;Shri. Amitabh Nag, CEO , BHASHINI, Digital India Bhashini Division;Shri. Abhishek Singh. Additional Secretary, Ministry of Electronics & Information Technology",Mr. Suresh Sethi,"Mr. Suresh Sethi, Managing Director & CEO, Protean eGov Technologies Limited",2024,https://archive.globalfintechfest.com/2024/agenda,https://archive.globalfintechfest.com/2024/api/agenda,2026-08-25T06:35:40Z
32611,Empowering Independence: Building an Inclusive Payment Ecosystem for All,2024-08-30,13:25,13:55,Jasmine1,,Trialogue,,,public,false,,Ms. Arundhati Bhattacharya,"Ms. Arundhati Bhattacharya, Chairperson & CEO, Salesforce",Mr. James Lloyd,"Mr. James Lloyd, Senior Director, International, JUSPAY",2024,https://archive.globalfintechfest.com/2024/agenda,https://archive.globalfintechfest.com/2024/api/agenda,2026-08-25T06:35:40Z
30035,Leveraging DPI to Build an Engaging consumer experience that Delights,2024-08-30,13:30,14:10,Hall 206A&B,,Panel Discussion,"Technology, DPI, Customer Service",Technology;DPI;Customer Service,public,false,,Mr. Ajay Row;Mr. Ankur Gattani;Mr. Timmana Gouda D,"Mr. Ajay Row, Founder & Chairman, Customer Capital;Mr. Ankur Gattani, CGO, Webengage;Mr. Timmana Gouda D, Founder CEO, WhatsLoan",Mr. Milan Naik,"Mr. Milan Naik, Founder & CEO, Goals101",2024,https://archive.globalfintechfest.com/2024/agenda,https://archive.globalfintechfest.com/2024/api/agenda,2026-08-25T06:35:40Z
30051,From Savings to Shareholding: Unlocking India s Investment Potential,2024-08-30,13:30,14:10,Hall 204A&B,,Panel Discussion,"Wealth, Investments, Capital Markets",Wealth;Investments;Capital Markets,public,false,,Mr. Anchal Jajodia;Mr. Saugata Chatterjee;Mr. Subho Moulik;Mr. Ashish Gawali,"Mr. Anchal Jajodia, Co Founder and CEO, Cybrilla Technologies Private Limited;Mr. Saugata Chatterjee, Chief Business Officer, Nippon Life India Asset Management Ltd.;Mr. Subho Moulik, Founder and CEO, Appreciate;Mr. Ashish Gawali, Founder & CEO, ATX Labs",Mr. Kapish Kaushal,"Mr. Kapish Kaushal, Vice President, Open Network for Digital Commerce",2024,https://archive.globalfintechfest.com/2024/agenda,https://archive.globalfintechfest.com/2024/api/agenda,2026-08-25T06:35:40Z
30054,Financial Infrastructure for the next decade,2024-08-30,13:30,14:10,Hall 104A,,Panel Discussion,"Financial Infra, Technology, Financial Services",Financial Infra;Technology;Financial Services,public,false,,Mr. Pranay Jhaveri;Ms. Sirirat Junwongsasin;Ms. Georgia Kyprianou,"Mr. Pranay Jhaveri, Managing Director India & South Asia, Euronet Worldwide;Ms. Sirirat Junwongsasin, Deputy Director Payments and Fintech, Bank of Thailand;Ms. Georgia Kyprianou, Senior Director Product Development, TSYS, a Global Payments company",Mr. Nilesh Naker,"Mr. Nilesh Naker, Partner Technology",2024,https://archive.globalfintechfest.com/2024/agenda,https://archive.globalfintechfest.com/2024/api/agenda,2026-08-25T06:35:40Z
30077,Innovations in Cooperative Banking: Driving Sustainable Growth,2024-08-30,13:30,14:10,Lotus1,,Panel Discussion & Product Launch,"Ecosystem, Business, Sustainability",Ecosystem;Business;Sustainability,public,false,,Mr. Sumnesh Joshi;Mr. Mohan Tanksale;Ms. Subbalakshmi Shirali;Launch of Payment Hardware Security Module;Mr. Jagdish Kashyap,"Mr. Sumnesh Joshi, Deputy Director General ( Joint Secretary level), Ministry of Communications, Government of India;Mr. Mohan Tanksale, Strategic Consultant, SWIFT India Domestic Services;Ms. Subbalakshmi Shirali, Managing Director & CEO, TJSB Sahakari Bank Ltd;Launch of Payment Hardware Security Module,;Mr. Jagdish Kashyap, Chief Executive Officer, Janata Sahakari Bank",Ms. Isha Oswal,"Ms. Isha Oswal, Chief Executive Officer, JISA Softech",2024,https://archive.globalfintechfest.com/2024/agenda,https://archive.globalfintechfest.com/2024/api/agenda,2026-08-25T06:35:40Z
30856,Venture Capital Strategies for the New Normal,2024-08-30,13:30,14:10,Hall 205A&B,,Panel Discussion,"Payments, Business, Investments",Payments;Business;Investments,public,false,,Mr. Ravi Kaushik;Mr. Apoorva Goyal;Mr. Nandan Venkatachalam;Mr. Shashank Pandey,"Mr. Ravi Kaushik, Executive Director, Head of Asia, Flourish Ventures;Mr. Apoorva Goyal, Vice President, Investments, Insight Partners;Mr. Nandan Venkatachalam, Principal, Axilor Ventures;Mr. Shashank Pandey, Managing Director Consumer & FIG, o3 Capital Global Advisory Pvt Ltd",Mr. Anish Patil,"Mr. Anish Patil, Vice President, Z47",2024,https://archive.globalfintechfest.com/2024/agenda,https://archive.globalfintechfest.com/2024/api/agenda,2026-08-25T06:35:40Z
30863,Harnessing AI for Enhanced Cybersecurity and Customer Engagement in Financial Services,2024-08-30,13:30,14:10,Lotus2,,Panel Discussion,"Security, Technology, Customer Service",Security;Technology;Customer Service,public,false,,Mr. Harshad Salvi;Mr. Deval Sheth;Mr. Shriram Sekar;Ms. Janet Salem,"Mr. Harshad Salvi, Technical Director India and APJ, XM Cyber;Mr. Deval Sheth, Managing Director Asia Pacific, Utimaco;Mr. Shriram Sekar , Head Pre sales, India, Biocatch;Ms. Janet Salem, Founder, Footprint Labs",Mr. Ruchin Kumar,"Mr. Ruchin Kumar, VP Sales South Asia, Futurex",2024,https://archive.globalfintechfest.com/2024/agenda,https://archive.globalfintechfest.com/2024/api/agenda,2026-08-25T06:35:40Z
32433,The Future of Fintech and the AI Digital Transformation in India,2024-08-30,13:30,14:00,Hall 202,,Panel Discussion,AI,AI,public,false,,Smt. Pinky Jowel;Shri;Shri. Ravikiran T,"Smt. Pinky Jowel, IAS, Secretary, Health, Government of Uttar Pradesh;Shri, Manuj Jindal, IAS, Joint Managing Director, MSRDC;Shri. Ravikiran T, IFS, Commissioner, ESD MeeSeva, Govt. of Telangana",Mr. Sampathkumar Rangasamy,"Mr. Sampathkumar Rangasamy, Chief of Online Payment Products, NPCI",2024,https://archive.globalfintechfest.com/2024/agenda,https://archive.globalfintechfest.com/2024/api/agenda,2026-08-25T06:35:40Z
32711,Leveraging DPI to adopt a digital credit infrastructure,2024-08-30,13:30,14:00,Pavallion,"R20, R22",Talk,,,public,false,"Hosted by - Vayana India’s evolving digital infrastructure is creating new pathways to solve the longstanding MSME credit challenge. Financial Institutions can now tap into data-driven solutions, supported by DPIs like NPCI's payments stack, Aadhaar, GSTN, and ONDC, to close the credit gap at scale. This fireside chat will cover how DPI can be leveraged to adopt a Digital Credit Infrastructure.",,,Mr. Hrushikesh Mehta,"Mr. Hrushikesh Mehta, Senior Vice President Financial Services, Open Network for Digital Commerce",2024,https://archive.globalfintechfest.com/2024/agenda,https://archive.globalfintechfest.com/2024/api/agenda,2026-08-25T06:35:40Z
30080,Credit Card on UPI: Emerging opportunity for banks and fintechs,2024-08-30,13:35,14:05,Lotus3,,Panel Discussion,"Payments, Business, Fintech",Payments;Business;Fintech,public,false,,Mr. Sanjeev Moghe;Mr. Rajat Mangla;Mr. Sandeep Indurkar,"Mr. Sanjeev Moghe, President & Head Cards and Payments, Axis Bank;Mr. Rajat Mangla, General Atlantic, Vice President;Mr. Sandeep Indurkar, CEO Resilient Payments Pvt. Ltd. (A BharatPe Group Company), BharatPe",Mr. Deep Agrawal,"Mr. Deep Agrawal, Vice President and Head of Payments, PhonePe Pvt Ltd",2024,https://archive.globalfintechfest.com/2024/agenda,https://archive.globalfintechfest.com/2024/api/agenda,2026-08-25T06:35:40Z
32382,Deposit Mobilization in a Digital-First Banking Economy,2024-08-30,13:55,14:30,Jasmine2,,Trialogue,,,public,false,,Mr. Amitabh Chaudhry,"Mr. Amitabh Chaudhry, MD & CEO, Axis Bank Limited",Ms. Praveena Rai,"Ms. Praveena Rai, Chief Operating Officer, National Payments Corporation of India ( NPCI )",2024,https://archive.globalfintechfest.com/2024/agenda,https://archive.globalfintechfest.com/2024/api/agenda,2026-08-25T06:35:40Z
32588,e-RUPI - Powered by Pine Labs,2024-08-30,14:00,14:15,Pavallion,"L2, L3, L4, L5, L6, L7, M2, M3, M4, M5",Product Launch,,,public,false,Hosted by - Pine Labs Purpose bound prepaid voucher with universal acceptance,Mr. Anupam Adhikari,"Mr. Anupam Adhikari, Senior Product Manager, Pine Labs",,,2024,https://archive.globalfintechfest.com/2024/agenda,https://archive.globalfintechfest.com/2024/api/agenda,2026-08-25T06:35:40Z
32929,Outlook on SCF in India - 2024 & Beyond,2024-08-30,14:00,14:30,Pavallion,"R20, R22",Talk,,,public,false,"Hosted by - Vayana With the rise of digital platforms and regulatory support, Supply Chain Finance (SCF) in India is set for transformative growth. The landscape is shifting with growing adoption among Financial Institutions, increased regulatory support, and a rise in digital platforms. Yet, challenges remain in reaching SMEs and integrating across supply chains. Join us for a fireside chat with Kumkum Jain from Federal Bank and Rahul Khanna from Vayana as they delve into SCF trends, challenges, and opportunities.",Mr. Rahul Khanna,"Mr. Rahul Khanna, SVP, Product and Operations, Vayana",Ms. Kumkum Jain,"Ms. Kumkum Jain, Head Supply Chain Finance, Federal Bank",2024,https://archive.globalfintechfest.com/2024/agenda,https://archive.globalfintechfest.com/2024/api/agenda,2026-08-25T06:35:40Z
32227,Innovating for the Future: Transforming Global Banking through Fintech Partnerships,2024-08-30,14:05,14:45,Jasmine1,,Panel Discussion,,,public,false,,Mr. Arjun Vir Singh;Mr. Mahmoud Abuebeid;Mr. Abhijit Singh,"Mr. Arjun Vir Singh, Partner, Arthur D. Little;Mr. Mahmoud Abuebeid, Chief Executive Officer & Co founder, Global Software Solutions Group;Mr. Abhijit Singh, Group Head Banking as a Service (BaaS), International Banking , and Digital Ecosystem Banking, HDFC Bank",Mr. Madhusudanan R,"Mr. Madhusudanan R, Co founder, M2P Fintech",2024,https://archive.globalfintechfest.com/2024/agenda,https://archive.globalfintechfest.com/2024/api/agenda,2026-08-25T06:35:40Z
32434,Regulatory Framework in States & Fintech Innovations,2024-08-30,14:05,14:35,Hall 202,,Address & Fireside,,,public,false,,Shri. Harshdeep Kamble,"Shri. Harshdeep Kamble, IAS, Principal Secretary, Government of Maharashtra, Industries & Commerce",Mr. Ravikant Sharma,"Mr. Ravikant Sharma, Incharge Central Government, National Payments Corporation of India ( NPCI )",2024,https://archive.globalfintechfest.com/2024/agenda,https://archive.globalfintechfest.com/2024/api/agenda,2026-08-25T06:35:40Z
30045,Remittance: Conquering Cross-Border Challenges,2024-08-30,14:15,14:55,Hall 206A&B,,Panel Discussion,"Payments, Business, Cross Border",Payments;Business;Cross Border,public,false,,Mr. Jan Pilbauer;Ms. Maha El Dimachki;Mr. Ambar Sur;Mr. Mehdi Manaa,"Mr. Jan Pilbauer, Chief Executive Officer, Al Etihad Payments;Ms. Maha El Dimachki, Centre Head, BIS Innovation Hub Singapore Centre;Mr. Ambar Sur, Founder and Chief Executive Officer, TerraPay;Mr. Mehdi Manaa, Chief Executive Officer, Buna",Mr. Nehal Shah,"Mr. Nehal Shah, Head Africa & Middle East International Business Development, National Payments Corporation Of India (NPCI)",2024,https://archive.globalfintechfest.com/2024/agenda,https://archive.globalfintechfest.com/2024/api/agenda,2026-08-25T06:35:40Z
30049,"Future Money - Fintech, AI & Web3",2024-08-30,14:15,14:45,Hall 205A&B,,Book Review,"Technology, AI",Technology;AI,public,false,,Mr. Ronit Ghose,"Mr. Ronit Ghose, Global Head of Future of Finance, Citibank N.A",Mr. Syed Musheer Ahmed,"Mr. Syed Musheer Ahmed, Founder & MD, Finstep Asia",2024,https://archive.globalfintechfest.com/2024/agenda,https://archive.globalfintechfest.com/2024/api/agenda,2026-08-25T06:35:40Z
30072,Advent of the New Generation of TSPs and the Role of Emerging Technologies,2024-08-30,14:15,14:55,Hall 104A,,Panel Discussion,"Payments, Technology, Deep Tech",Payments;Technology;Deep Tech,public,false,,Mr. Rajesh Londhe;Mr. Atul Mehta;Ms. Aishwarya Jaishankar;Mr. Gaurav Mittal,"Mr. Rajesh Londhe, Co Founder & Head;Mr. Atul Mehta, Chief Executive Officer, Pay10 Services;Ms. Aishwarya Jaishankar, Co founder & COO, Hyperface Technologies;Mr. Gaurav Mittal, CEO, Vegapay",Mr. Aamol Komar Chaudhary,"Mr. Aamol Komar Chaudhary, Partner Digital Advisory, KPMG",2024,https://archive.globalfintechfest.com/2024/agenda,https://archive.globalfintechfest.com/2024/api/agenda,2026-08-25T06:35:40Z
30130,Technology first bank powering a billion dreams,2024-08-30,14:15,14:45,Lotus1,,Special Address,"Technology, Digital Transformation",Technology;Digital Transformation,public,false,,Mr. Vaidyanathan Vembu,"Mr. Vaidyanathan Vembu, MD & CEO, IDFC FIRST Bank",,,2024,https://archive.globalfintechfest.com/2024/agenda,https://archive.globalfintechfest.com/2024/api/agenda,2026-08-25T06:35:40Z
30338,Managing Liquidity: The Dynamics of Pledging and Re-pledging Securities,2024-08-30,14:15,14:55,Lotus2,,Panel Discussion,"Wealth, Technology, Financial Services",Wealth;Technology;Financial Services,public,false,,Mr. Sundararaman Ramamurthy;Mr. Nithin Kamath;Mr. Harsh Jain,"Mr. Sundararaman Ramamurthy, MD & CEO, BSE Ltd;Mr. Nithin Kamath, Founder and CEO, Zerodha;Mr. Harsh Jain, Co Founder & COO, Groww",Shri. Kamlesh Chandra Varshney,"Shri. Kamlesh Chandra Varshney, Whole Time Member, Securities and Exchange Board of India",2024,https://archive.globalfintechfest.com/2024/agenda,https://archive.globalfintechfest.com/2024/api/agenda,2026-08-25T06:35:40Z
30859,Agriculture Data Exchange: Empowering India’s AgriTech Ecosystem with Data and Solutions,2024-08-30,14:15,14:55,Hall 204A&B,,Panel Discussion,"Agri, Ecosystem, Agritech",Agri;Ecosystem;Agritech,public,false,,Shri. Goverdhan Singh Rawat;Mr. Hiren Doshi;Mr. Shantanu Pendsey;Mr. Vishal Sharma;Shri. Anantha Krishnan R K,"Shri. Goverdhan Singh Rawat, Deputy Managing Director, National Bank for Agriculture and Rural Development ( NABARD );Mr. Hiren Doshi, General Manager (Business Head BFSI & Agri), SatSure;Mr. Shantanu Pendsey, CGM (ABU & GSS), State Bank of India ( SBI );Mr. Vishal Sharma, Co founder & CEO, Advarisk;Shri. Anantha Krishnan R K, Principal Consultant, Emerging Technologies, Department of Information Technology, Electronics & Communication, Govt. of Telangana",Mr. Hemendra Mathur,"Mr. Hemendra Mathur, Advisor, International Finance Corporation",2024,https://archive.globalfintechfest.com/2024/agenda,https://archive.globalfintechfest.com/2024/api/agenda,2026-08-25T06:35:40Z
30864,"Digital Payment, Literacy & Education",2024-08-30,14:15,14:45,Lotus3,,Trialogue,"Payments, Ecosystem, Financial Literacy",Payments;Ecosystem;Financial Literacy,public,false,,Mr. Inderjit Camotra;Mr. Venkatesh Naidu,"Mr. Inderjit Camotra, MD & CEO, Unity Small Finance Bank;Mr. Venkatesh Naidu, CEO, Bajaj Capital Insurance Broking Limited",Mr. Joydeep Roy,"Mr. Joydeep Roy, India FS Advisory Leader Global Health Insurance Practice Leader, PwC",2024,https://archive.globalfintechfest.com/2024/agenda,https://archive.globalfintechfest.com/2024/api/agenda,2026-08-25T06:35:40Z
32712,Seamless Banking for the next billion customers,2024-08-30,14:35,15:05,Jasmine2,,Fireside Chat,,,public,false,,Shri. C S Setty,"Shri. C S Setty, Chairperson, State Bank of India ( SBI )",Mr. Amol Dethe,"Mr. Amol Dethe, Editor, ETBFSI & ETCFO, The Economic Times, (Times Internet Ltd)",2024,https://archive.globalfintechfest.com/2024/agenda,https://archive.globalfintechfest.com/2024/api/agenda,2026-08-25T06:35:40Z
32435,Reshaping the future of Bus Transport payment in India,2024-08-30,14:40,15:10,Hall 202,,Panel Discussion,,,public,false,,Shri. Navdeep Singh Virk;Shri. Alby John;Smt. Shilpa Shinde,"Shri. Navdeep Singh Virk, IPS, Principal Secretary, Transport, Government of Haryana;Shri. Alby John, IAS, Managing Director, Metropolitan Transport Corporation (MTC);Smt. Shilpa Shinde, IAS, Managing Director, Delhi Transport Corporation (DTC)",Mr. Sandesh Kunder,"Mr. Sandesh Kunder, Incharge Transit and Mobility, NPCI",2024,https://archive.globalfintechfest.com/2024/agenda,https://archive.globalfintechfest.com/2024/api/agenda,2026-08-25T06:35:40Z
30086,"QR based payments in Lending, Investments and Insurance space",2024-08-30,14:50,15:30,Lotus1,,Panel Discussion,"Payments, Technology, Ecosystem",Payments;Technology;Ecosystem,public,false,,Mr. Ramesh Lakshminarayanan;Mr. Rajiv Anand;Mr. Ratan Kumar Kesh;Mr. Rama Mohan Rao Amara;Mr. Rishi Gupta,"Mr. Ramesh Lakshminarayanan, Chief Information Officer (CIO), HDFC Bank;Mr. Rajiv Anand, Deputy Managing Director, Axis Bank Ltd;Mr. Ratan Kumar Kesh, Interim MD, Bandhan Bank;Mr. Rama Mohan Rao Amara, DMD & CRO, State Bank of India ( SBI );Mr. Rishi Gupta, Managing Director & CEO, Fino Payments Bank",Mr. Ajay Jha,"Mr. Ajay Jha, Partner FS Technology Enablement, KPMG",2024,https://archive.globalfintechfest.com/2024/agenda,https://archive.globalfintechfest.com/2024/api/agenda,2026-08-25T06:35:40Z
30878,Revamping Wealth Management Practice Through Technology Transformation,2024-08-30,14:50,15:05,Lotus3,,Product Showcase,Wealth,Wealth,public,false,,Mr. G Senthil,"Mr. G Senthil, Chief Business Development Officer, KFin Technologies",,,2024,https://archive.globalfintechfest.com/2024/agenda,https://archive.globalfintechfest.com/2024/api/agenda,2026-08-25T06:35:40Z
31404,Tech & Touch enabled Microfinance for Viksit Bharat,2024-08-30,14:50,15:30,Hall 205A&B,,Panel Discussion,,,public,false,,Ms. Bhawna Sangwan;Mr. K. Venkatesh;Mr. Vineet Chattree,"Ms. Bhawna Sangwan, Chief Legal & Strategy Officer, Slice;Mr. K. Venkatesh, Executive Vice President, HDFC Bank;Mr. Vineet Chattree, Managing Director, Svatantra Microfin Pvt Ltd",Dr. Alok Misra,"Dr. Alok Misra, CEO & Director, MFIN",2024,https://archive.globalfintechfest.com/2024/agenda,https://archive.globalfintechfest.com/2024/api/agenda,2026-08-25T06:35:40Z
31406,"New Gen Finance: New Products, Behaviors and Dilemmas in the Social Media Age",2024-08-30,14:50,15:30,Jasmine1,,Panel Discussion,,,public,false,,Mr. Pranjal Kamra;Mr. Neil Borate;Mr. Nithin Kamath,"Mr. Pranjal Kamra, Founder, Finology Ventures Pvt. Ltd.;Mr. Neil Borate, Editor, Personal Finance, Mint;Mr. Nithin Kamath, Founder and CEO, Zerodha",Ms. Tanvi Ratna,"Ms. Tanvi Ratna, Founder, Policy 4.0.",2024,https://archive.globalfintechfest.com/2024/agenda,https://archive.globalfintechfest.com/2024/api/agenda,2026-08-25T06:35:40Z
29906,Embedded Finance : The Driver towards - Invisible Experiences,2024-08-30,15:00,15:40,Hall 104A,,Panel Discussion,"Technology, Ecosystem, Embedded Finance",Technology;Ecosystem;Embedded Finance,public,false,,Mr. Sashank Rishyasringa;Mr. Kashinath Hariharan;Mr. Gaurav Hazrati;Mr. Kunal Rana,"Mr. Sashank Rishyasringa, Co founder and MD, Axio;Mr. Kashinath Hariharan, MD & CEO, Jio Payment Solutions Limited;Mr. Gaurav Hazrati, CEO, Tata Payments;Mr. Kunal Rana, Director, Merchant Services Partnership, Google India Private Limited",Ms. Preety Pandey,"Ms. Preety Pandey, COO, super.money",2024,https://archive.globalfintechfest.com/2024/agenda,https://archive.globalfintechfest.com/2024/api/agenda,2026-08-25T06:35:40Z
30052,Investor and Regulator Confidence in P2P Lending: Building Trust and Transparency,2024-08-30,15:00,15:40,Hall 206A&B,,Panel Discussion,"Regulatory, Investments, Lending",Regulatory;Investments;Lending,public,false,,Mr. Rajat Gandhi;Mr. Achal Mittal;Ms. Neha Juneja;Mr. Bhavin Patel,"Mr. Rajat Gandhi, CEO & Founder, Fairassets Technologies India Pvt. Ltd.;Mr. Achal Mittal, Founder & CEO, Liquiloans;Ms. Neha Juneja, CEO, IndiaP2P;Mr. Bhavin Patel, Co founder & CEO, LenDen Club Techserve Pvt Ltd",Ms. Anisha Jain,"Ms. Anisha Jain, Anchor and Deputy Editor, ET NOW",2024,https://archive.globalfintechfest.com/2024/agenda,https://archive.globalfintechfest.com/2024/api/agenda,2026-08-25T06:35:40Z
30067,How TPAPs can enable Agri-sector through digitisation?,2024-08-30,15:00,15:40,Hall 204A&B,,Panel Discussion,"Agri, Ecosystem, Technology",Agri;Ecosystem;Technology,public,false,,Ms. Sweta Satya;Mr. Ashish Lone;Mr. Shyam Sundar Singh;Mr. Harish Swaminathan,"Ms. Sweta Satya, Joint Director (Credit), Department of Agriculture & Farmers Welfare, Ministry of Agriculture, Government of India;Mr. Ashish Lone, Founder & CEO, Kheti Badi.com;Mr. Shyam Sundar Singh, Co Founder, DeHaat;Mr. Harish Swaminathan, Vice President, Ninjakart",Mr. Abhay Pareek,"Mr. Abhay Pareek, Lead, Fourth Industrial Revolution for Agriculture, World Economic Forum",2024,https://archive.globalfintechfest.com/2024/agenda,https://archive.globalfintechfest.com/2024/api/agenda,2026-08-25T06:35:40Z
30073,Functioning of KYC Registration Agencies (KRAs) - Achievements and Goals,2024-08-30,15:00,15:40,Lotus2,,Panel Discussion,"Wealth, Technology, Customer Protection",Wealth;Technology;Customer Protection,public,false,,Mr. Praveen Shankaran;Introductory Remarks:;Mr. Vijay Gupta;Mr. Abhishek Mishra;Mr. Prabhakar Tiwari,"Mr. Praveen Shankaran, Chief Operating Officer Domestic Fund Services, KFin Technologies Limited;Introductory Remarks:, Shri. Manoj Kumar, Executive Director, Securities and Exchange Board of India (SEBI);Mr. Vijay Gupta, Executive Vice President, NSDL Database Management Limited (NDML);Mr. Abhishek Mishra, Chief Risk Officer, Computer Age Management Services (CAMS);Mr. Prabhakar Tiwari, Chief Growth Officer, Angel One Ltd",Shri. Bithin Mahanta,"Shri. Bithin Mahanta, General Manager, Securities and Exchange Board of India (SEBI)",2024,https://archive.globalfintechfest.com/2024/agenda,https://archive.globalfintechfest.com/2024/api/agenda,2026-08-25T06:35:40Z
30542,Future directions in AI for society,2024-08-30,15:00,15:40,Hall 102,,Masterclass,Fintech,Fintech,public,false,,Dr. Ketan Virendrabhai Kotecha,"Dr. Ketan Virendrabhai Kotecha, Dean, FOE & Head, SCAAI Centre, Symbiosis Institute of Technology",,,2024,https://archive.globalfintechfest.com/2024/agenda,https://archive.globalfintechfest.com/2024/api/agenda,2026-08-25T06:35:40Z
32612,Gift card Marketplace Platform,2024-08-30,15:00,15:15,Pavallion,"L2, L3, L4, L5, L6, L7, M2, M3, M4, M5",Product Showcase,,,public,false,Hosted by - Pine Labs Rapidly Launch and Scale your Accelerated Rewards & Online Shopping Site for Instant Vouchers,Mr. Anupam Adhikari,"Mr. Anupam Adhikari, Senior Product Manager, Pine Labs",,,2024,https://archive.globalfintechfest.com/2024/agenda,https://archive.globalfintechfest.com/2024/api/agenda,2026-08-25T06:35:40Z
30862,The Future of Fraud Prevention and Consumer Safety in digital Payment,2024-08-30,15:10,15:40,Jasmine2,,Trialogue,"Security, Risk, Payments",Security;Risk;Payments,public,false,,Mr. John Munn;Shri. Sudhanshu Prasad,"Mr. John Munn, SVP, Predictive Fraud Intelligence, Visa, Inc;Shri. Sudhanshu Prasad, Chief General Manager, Department of Payments and Settlement Systems, Reserve Bank of India",Mr. G Padmanabhan,"Mr. G Padmanabhan, Former Executive Director, Reserve Bank of India, Ex ED RBI and Ex Chairman, Bank of India",2024,https://archive.globalfintechfest.com/2024/agenda,https://archive.globalfintechfest.com/2024/api/agenda,2026-08-25T06:35:40Z
31076,Computer Age Management Services (CAMS),2024-08-30,15:10,15:25,Lotus3,,Product Showcase,Wealth,Wealth,public,false,,Mr. Soumendu Shekhar Ganguly;Mr. Anish Sawlani,"Mr. Soumendu Shekhar Ganguly, Deputy Chief Operating Officer & Chief Product Officer, Computer Age Management Services;Mr. Anish Sawlani, CEO, CAMSKRA",,,2024,https://archive.globalfintechfest.com/2024/agenda,https://archive.globalfintechfest.com/2024/api/agenda,2026-08-25T06:35:40Z
32132,Credit on Cards vs Credit on UPI: Opportunities and Threats,2024-08-30,15:30,16:10,Lotus3,,Panel Discussion,,,public,false,,Mr. Amarjit Singh Walia;Mr. Vinit Bajaj;Mr. Anil Singh;Mr. Prem Anup Sinha,"Mr. Amarjit Singh Walia, Head Consumer & Commercial Cards, ICICI Bank;Mr. Vinit Bajaj, EVP & Head Credit Cards,Debit Cards & Prepaid Cards, Axis Bank;Mr. Anil Singh, Country Head Credit Cards & Merchant Acquiring, Yes Bank;Mr. Prem Anup Sinha, Deputy Managing Director, State Bank of India ( SBI )",Mr. Bhavin Turakhia,"Mr. Bhavin Turakhia, CEO & Co founder, Zeta",2024,https://archive.globalfintechfest.com/2024/agenda,https://archive.globalfintechfest.com/2024/api/agenda,2026-08-25T06:35:40Z
30069,Fueling Fintech: Strategies and Trends in Venture Capital Investment,2024-08-30,15:35,16:15,Hall 205A&B,,Panel Discussion,"Financial Infra, Investments, Fintech",Financial Infra;Investments;Fintech,public,false,,Ms. Melissa C Frakman;Ms. Manasi Shah;Mr. Shubhanga Prasad;Ms. Visa Kannan,"Ms. Melissa C Frakman, CEO & Founding Partner, Emphasis Ventures;Ms. Manasi Shah, Vice President, Accel;Mr. Shubhanga Prasad, Partner, BetaPlus;Ms. Visa Kannan, Managing Partner, Saison Capital",Mr. Dinesh Pai,"Mr. Dinesh Pai, Investments, Zerodha",2024,https://archive.globalfintechfest.com/2024/agenda,https://archive.globalfintechfest.com/2024/api/agenda,2026-08-25T06:35:40Z
30070,Navigating the Future: Strategic Investments in Fintech Amid Economic Uncertainty and Technological Disruption,2024-08-30,15:35,16:15,Lotus1,,Panel Discussion and Report Launch,"Technology, Business, Investments",Technology;Business;Investments,public,false,,Report Launch Investing in Indian Fintech Disruption;Mr. Bhavani Rana;Mr. Siddarth Pai;Ms. Anuradha Ramachandran;Mr. Pavel Gurianov,"Report Launch Investing in Indian Fintech Disruption, ,;Mr. Bhavani Rana, Technology Venture Investor, Susquehanna Asia Venture Capital;Mr. Siddarth Pai, Founding Partner | CFO | ESG Officer, 3one4 Capital;Ms. Anuradha Ramachandran, Managing Partner, TVS Capital Funds;Mr. Pavel Gurianov, Principal, FinSight Ventures",Mr. Amit Nawka,"Mr. Amit Nawka, Partner, Deals, PwC",2024,https://archive.globalfintechfest.com/2024/agenda,https://archive.globalfintechfest.com/2024/api/agenda,2026-08-25T06:35:40Z
30060,Building Trust in Digital Wealth Platforms: Security and Compliance,2024-08-30,15:45,16:25,Hall 206A&B,,Panel Discussion,"Wealth, Regulation, Security",Wealth;Regulation;Security,public,false,,Mr. Ajay Lakhotia;Mr. Shobhit Mathur;Mr. Vishranth Suresh;Mr. Vasanth Kamath,"Mr. Ajay Lakhotia, Founder & CEO, StockGro;Mr. Shobhit Mathur, Co founder, Angel One Wealth;Mr. Vishranth Suresh, Co Founder & CEO, AssetPlus;Mr. Vasanth Kamath, Founder & CEO, smallcase",Mr. Kartik Shinde,"Mr. Kartik Shinde, Partner, EY",2024,https://archive.globalfintechfest.com/2024/agenda,https://archive.globalfintechfest.com/2024/api/agenda,2026-08-25T06:35:40Z
30412,The Evolution and Future of Indian Fintech: From Early Growth to IPO Success,2024-08-30,15:45,16:35,Lotus2,,Panel Discussion and Report Launch,"Ecosystem, Business, Capital Markets",Ecosystem;Business;Capital Markets,public,false,,Mr. Abhishek Bhagat;Mr. Gopal Srinivasan;Report Launch Indian Fintech Journey: From Evolution to Mega Public Listings;Mr. Alok Bansal;Mr. Raj Narayanam;Mr. Arpit Chug,"Mr. Abhishek Bhagat, Managing Director, Digital & Technology Investment Banking, JM Financial Ltd;Mr. Gopal Srinivasan, Chairman & MD, TVS Capital Funds;Report Launch Indian Fintech Journey: From Evolution to Mega Public Listings,;Mr. Alok Bansal, Co founder & Vice Chairman, PB Fintech;Mr. Raj Narayanam, Founder & Executive Chairman, Zaggle Prepaid Ocean Services Limited;Mr. Arpit Chug, Chief Financial Officer, Razorpay",Mr. Sagar Agarvwal,"Mr. Sagar Agarvwal, Co Founder & Managing Partner, Beams Fintech Fund",2024,https://archive.globalfintechfest.com/2024/agenda,https://archive.globalfintechfest.com/2024/api/agenda,2026-08-25T06:35:40Z
32085,"Cybersecurity, State Policy and Digital Payments",2024-08-30,15:45,16:15,Hall 104A,,Panel Discussion,"Security, Payments",Security;Payments,public,false,,Mr. Sanjay Kumar Das;Shri. Sameer Verma;Shri. Mahankali Srinivas Rao,"Mr. Sanjay Kumar Das, Additional Secretary, State Information Security Officer & MD WEBEL, Department of Information Technology & Electronics, Government of West Bengal;Shri. Sameer Verma, IAS, Special Secretary, Finance, Government of Uttar Pradesh;Shri. Mahankali Srinivas Rao, CEO, T Hub",Mr. Kunal Pande,"Mr. Kunal Pande, Partner, KPMG",2024,https://archive.globalfintechfest.com/2024/agenda,https://archive.globalfintechfest.com/2024/api/agenda,2026-08-25T06:35:40Z
32228,Reimagining Microfinance in a Digital Environment: Potentials and Pitfalls,2024-08-30,15:45,16:25,Hall 204A&B,,Panel Discussion,,,public,false,,Mr. Ganesh Rao;Mr. Rajeev Ahuja;Mr. Vivek Tiwari,"Mr. Ganesh Rao, MD & CEO, New Opportunity Credit;Mr. Rajeev Ahuja, Executive Director, RBL Bank;Mr. Vivek Tiwari, MD, CEO & CIO, SATYA MicroCapital Limited",Mr. Sasidhar Thumuluri,"Mr. Sasidhar Thumuluri, MD & CEO, Sub K Imapct Solutions",2024,https://archive.globalfintechfest.com/2024/agenda,https://archive.globalfintechfest.com/2024/api/agenda,2026-08-25T06:35:40Z
33376,"Address By Minister of Commerce & Industry, Consumer Affairs. & Food & Public Distribution and Textiles",2024-08-30,15:45,16:15,Jasmine2,,Keynote,,,public,false,,Shri. Piyush Goyal,"Shri. Piyush Goyal, Honourable Minister of Commerce and Industry, Government of India",,,2024,https://archive.globalfintechfest.com/2024/agenda,https://archive.globalfintechfest.com/2024/api/agenda,2026-08-25T06:35:40Z
33821,Address By,2024-08-30,15:45,16:15,Jasmine2,,Keynote,,,public,false,,Guest of Honor;Mr. G Padmanabhan,"Guest of Honor , Shri. Piyush Goyal, Honourable Minister of Commerce & Industry, Government of India;Mr. G Padmanabhan, Former Executive Director, Reserve Bank of India, Ex ED RBI and Ex Chairman, Bank of India",,,2024,https://archive.globalfintechfest.com/2024/agenda,https://archive.globalfintechfest.com/2024/api/agenda,2026-08-25T06:35:40Z
31772,NPCI Design Lab,2024-08-30,16:00,19:00,Hall 104B,,Networking,,,invite-only,true,,,,,,2024,https://archive.globalfintechfest.com/2024/agenda,https://archive.globalfintechfest.com/2024/api/agenda,2026-08-25T06:35:40Z
32926,Global Regulations and Risks in Emerging Digital Asset Class,2024-08-30,16:15,16:45,Lotus3,,Product Launch,,,public,false,,Mr. Navin Gupta;Mr. K V Karthik,"Mr. Navin Gupta, CEO, Viventium;Mr. K V Karthik, Partner & Lead Forensic & Financial Crime, Deloitte",,,2024,https://archive.globalfintechfest.com/2024/agenda,https://archive.globalfintechfest.com/2024/api/agenda,2026-08-25T06:35:40Z
30083,Transforming credit accessibility: The role of UPI in Expanding credit lines,2024-08-30,16:20,17:00,Lotus1,,Panel Discussion,"Payments, DPI, Consumer Credit",Payments;DPI;Consumer Credit,public,false,,Mr. Niraj Tralshawala;Mr. Naveen Chaluvadi;Mr. Srinivas Iyer,"Mr. Niraj Tralshawala, Head Payment Solutions, Consumer Finance & PayLater, ICICI Bank Limited;Mr. Naveen Chaluvadi, Chief Digital Officer, Yes Bank;Mr. Srinivas Iyer, Head Digital Lending & Partnerships, Axis Bank",Mr. Mohit Bedi,"Mr. Mohit Bedi, Co founder and Chief Business Officer, Kiwi",2024,https://archive.globalfintechfest.com/2024/agenda,https://archive.globalfintechfest.com/2024/api/agenda,2026-08-25T06:35:40Z
32084,Public-Private Partnerships in Digital Payment Infrastructure,2024-08-30,16:20,16:50,Hall 202,,Panel Discussion,"DPI, Payments",DPI;Payments,public,false,,Shri. Naveen Kumar;Shri. Kaustubh Dhavse,"Shri. Naveen Kumar, IAS, Secretary Revenue, Government of Uttar Pradesh;Shri. Kaustubh Dhavse, Joint Secretary, Dy.CMO, Government of Maharashtra",Mr. Chaitanya Bal,"Mr. Chaitanya Bal, Incharge State Government, NPCI",2024,https://archive.globalfintechfest.com/2024/agenda,https://archive.globalfintechfest.com/2024/api/agenda,2026-08-25T06:35:40Z
33105,Special Address,2024-08-30,17:00,18:00,Jasmine2,,Special Address,,,public,false,,Mr. Harsh Jain;Mr. Vishwas Patel;Guest of Honor,"Mr. Harsh Jain, Founder CEO, Dream11;Mr. Vishwas Patel, Joint Managing Director, Infibeam Avenues;Guest of Honor , Shri. Devendra Fadnavis, $, Honourable Deputy Chief Minister of Maharashtra",,,2024,https://archive.globalfintechfest.com/2024/agenda,https://archive.globalfintechfest.com/2024/api/agenda,2026-08-25T06:35:40Z
30094,RuPay Signature Sign-Off: Marketeers’ Meet,2024-08-30,18:00,21:00,Lotus1,,Networking,Payments,Payments,invite-only,true,,,,,,2024,https://archive.globalfintechfest.com/2024/agenda,https://archive.globalfintechfest.com/2024/api/agenda,2026-08-25T06:35:40Z
30093,Infibeam Team Dinner,2024-08-30,19:20,22:20,Jasmine2,,Networking,Networking,Networking,invite-only,true,,,,,,2024,https://archive.globalfintechfest.com/2024/agenda,https://archive.globalfintechfest.com/2024/api/agenda,2026-08-25T06:35:40Z
