name,title,org,country,bio,linkedin,headshotUrl,sessionTitle,sessionCodes,sourceUrl,lastSeenAt,status,year,nameKey,recordId
CA Manish Hingar,Founder & CEO,Fintoo,,"CA Manish P. Hingar is Founder & CEO of Fintoo, India's first dedicated personal finance advisory platform and a pioneer of Robo Advisory in the country. Starting as a one-man practice in 2004, he has built Fintoo into a SEBI-RIA Tech platform with 100+ professionals across 4 offices in India and Dubai, managing assets under tracking of over ₹5,000 crore. At Global Fintech Fest 2026, he will launch Fintoo's Robo Advisory platform for the masses. He is also Founder of Matcap Wealth Advisors Pvt. Ltd., focused on global portfolio advisory. A Chartered Accountant, speaker, and 20-year meditator, Manish has featured on Forbes India, CNBC-TV18, and The Economic Times.",,https://event-engine-prod-media.s3.ap-south-1.amazonaws.com/uploads/254a401d-7654-4bf5-87a8-620b05a2312d-ca-manish-hingar-website-photo.png,From Access to Outcomes: The Next Chapter of WealthTech,A1131,https://www.globalfintechfest.com/speakers,2026-08-12T13:58:49Z,active,2026,manish hingar,6a7c768616afc6a8747c9aa7
Dr. Ajay K Sood,Deputy Managing Director,National Bank for Agriculture and Rural Development,India,"Dr. Ajay Kumar Sood is the Deputy Managing Director of National Bank for Agriculture and Rural Development (NABARD), an apex government institution dedicated to agriculture and rural development in India. Dr. Sood earned his PhD in Agricultural Economics and possesses extensive experience in agricultural development and rural banking. Throughout his long tenure at NABARD, where he has served in various capacities, Dr. Sood has made significant contributions to rural and agricultural infrastructure development, strengthening of rural financial institutions, and promotion of grassroots and community groups. His efforts have been instrumental in creating a conducive ecosystem that fosters inclusive development.",https://www.linkedin.com/in/ajay-kumar-sood-79827759,https://event-engine-prod-media.s3.ap-south-1.amazonaws.com/uploads/705616d6-6ba2-4638-933f-f3b03c52654a-ajay-sood-website-photo.png,,,https://www.globalfintechfest.com/speakers,2026-08-12T13:58:49Z,active,2026,ajay k sood,6a7c768616afc6a8747c9aa8
Dr. Amit Kumar Jain,Director (Operations & Services),Delhi Metro Rail Corporation,India,"Dr. Amit Kumar Jain is Director (Operations & Services) of Delhi Metro Rail Corporation (DMRC) and (ex. CEO) & Director of DMIL (Delhi Metro International Limited). An Indian Railway Traffic Service (IRTS) officer of the year 2000, Dr. Jain has over two decades of experience in numerous key leadership positions. Prior to taking up this role, he was working as General Manager, Centre for Railway Information Systems (CRIS). Dr. Jain has authored books titled “ LEAD SMART in the AI ERA”, ‘Excellence in Metro Operations and Management’ - Best Practices world over , ‘Exploring Life@2050’ and ‘Intelligent Transportation Systems’. He is a regular contributor to newspaper columns and journals. Latterly, Dr. Amit Kumar Jain has been bestowed upon with the Chief Minister's Award for Excellence and Innovation in Governance and Public Service Delivery on the occasion of Civil Services Day 2026.",,https://event-engine-prod-media.s3.ap-south-1.amazonaws.com/uploads/7b35403d-c76d-423a-ae7f-4ab99d43a359-mr.-amit-kumar-jain-website-photo.png,"Seamless Urban Movement: Integrating Payments, Platforms & Infrastructure",A0710,https://www.globalfintechfest.com/speakers,2026-08-12T13:58:49Z,active,2026,amit kumar jain,6a7c768616afc6a8747c9aa9
Dr. Anuradha Bhatia,CTO,Standard Chartered,India,,,https://event-engine-prod-media.s3.ap-south-1.amazonaws.com/uploads/91aeee88-0b77-45c5-9eae-b8e28c661167-dr.-anuradha-bhatia-website-photo.png,"Cross‑Border at Scale: Re‑Engineering India's Forex Payments for Speed, Compliance, and Trust",A1014,https://www.globalfintechfest.com/speakers,2026-08-12T13:58:49Z,active,2026,anuradha bhatia,6a7c768616afc6a8747c9aaa
Dr. Atul Mehta,CEO,Pay10,India,"Dr. Atul Mehta, CEO of Pay10 India, is a global business leader, changemaker, and passionate mentor with over 19 years of experience in Fintech, Enterprise Sales, Strategy, and Business Intelligence. An alumnus of IIM Ahmedabad and PEC Chandigarh, Atul also holds an honorary PhD in Enterprise Sales Management from Maryland State University. Having led high-impact teams across sectors like Digital Payments, Telecom, Travel, FMCG, and Government, Atul has built a career around transforming challenges into growth opportunities. But what truly defines Atul is his relentless spirit. A firm believer in the motto: “Live life to the fullest and try to do something for society in whatever way you can,” A widely respected mentor and speaker, Atul has shared his insights at premier institutions such as IIMA, IIMB, MDI, FMS, TISS, IIM Indore, Chinese University of Hong Kong, and many more.",https://www.linkedin.com/in/atulmehta07/,https://event-engine-prod-media.s3.ap-south-1.amazonaws.com/uploads/fd4877eb-9cef-41a7-b20c-c4a96aec8246-atul-mehta-website-photo.png,Outward Remittances: Serving India's Global Citizens with Smarter Cross-Border Money Movement,A0750,https://www.globalfintechfest.com/speakers,2026-08-12T13:58:49Z,active,2026,atul mehta,6a7c768616afc6a8747c9aab
Dr. Debadatta Chand,Managing Director & CEO,Bank of Baroda,India,,,https://event-engine-prod-media.s3.ap-south-1.amazonaws.com/uploads/5d74faf0-b4d8-4620-97bb-eb5dde109bd8-dr.-debadatta-chand-website-photo.png,From Financial Inclusion to Financial Empowerment: The Next Chapter of India's Digital Transformation,A0289,https://www.globalfintechfest.com/speakers,2026-08-12T13:58:49Z,active,2026,debadatta chand,6a7c768616afc6a8747c9aac
Dr. Dipesh Shah,Executive Director,International Financial Services Centres Authority,India,"Dr. Dipesh Shah, Executive Director at IFSCA, has over 23 years of experience in international business, project development, and policy. He played a key role in setting up GIFT City—India’s first Smart City and IFSC. He led major regulatory and business reforms attracting global banks, exchanges, and insurers. He holds a Ph.D. in IFSCs and is a Chartered Secretary and MBA in International Business & Finance.",https://www.linkedin.com/in/dr-dipesh-shah-38606118/?originalSubdomain=in,https://event-engine-prod-media.s3.ap-south-1.amazonaws.com/uploads/88a53a5f-2415-4b18-be18-38146d3bce72-dr.-dipesh-shah-website-photo.png,What's New at GIFT IFSC: The Next Chapter of Global Financial Innovation,A1063,https://www.globalfintechfest.com/speakers,2026-08-12T13:58:49Z,active,2026,dipesh shah,6a7c768616afc6a8747c9aad
Dr. Innocent Matshe,Deputy Governor,Reserve Bank of Zimbabwe,Zimbabwe,$32,,https://event-engine-prod-media.s3.ap-south-1.amazonaws.com/uploads/321df2df-95f6-4dd8-b8eb-a28bbd2ad410-dr.-innocent-matshe-website-photo.png,Digital Public Infrastructure: A Model for Transformation,A0674,https://www.globalfintechfest.com/speakers,2026-08-12T13:58:49Z,active,2026,innocent matshe,6a7c768616afc6a8747c9aae
Dr. Kisukyabo Simwaka,Deputy Governor - Operations,Reserve Bank of Malawi,Malawi,AS ATTACHED,,https://event-engine-prod-media.s3.ap-south-1.amazonaws.com/uploads/5c5e7b52-e85a-4e73-a975-ee7d262161c9-dr.-kisukyabo-simwaka-website-photo.png,Driving Sovereignty and Proliferation of New Payment Methods – A Central Bank Perspective,A0690,https://www.globalfintechfest.com/speakers,2026-08-12T13:58:49Z,active,2026,kisukyabo simwaka,6a7c768616afc6a8747c9aaf
Dr. Kopal Vyas Dhage,Chief Business Officer,NexNebula Technologies (Zrika),India,$7f,https://www.linkedin.com/in/dr-kopalvyas/,https://event-engine-prod-media.s3.ap-south-1.amazonaws.com/uploads/2e7fee98-290e-47e8-a84c-bdf567e68156-kopal-vyas---dhage-website-photo.png,,,https://www.globalfintechfest.com/speakers,2026-08-12T13:58:49Z,active,2026,kopal vyas dhage,6a7c768616afc6a8747c9ab0
Dr. Nigel Fulchan,Chairman,National Payment & Innovation Company of Trinidad & Tobago,Trinidad and Tobago,$3e,,https://event-engine-prod-media.s3.ap-south-1.amazonaws.com/uploads/585fb08e-e931-4ae7-8a47-2dda12f99d37-dr.-nigel-fulchan-website-photo.png,Inspiration from UPI in India: Sovereign Payment Systems,A0670,https://www.globalfintechfest.com/speakers,2026-08-12T13:58:49Z,active,2026,nigel fulchan,6a7c768616afc6a8747c9ab1
Dr. Rajappa Tadepalli,CEO,ASPIRE - IITB Research Park Foundation,India,"A seasoned innovation leader with over two decades of experience across global R&D, technology commercialization, and industry–academia collaboration, he currently serves as CEO of ASPIRE IIT Bombay Research Park. He has led large, cross-functional teams across India and the US, driving product innovation, digital transformation, and business growth across sectors including advanced materials, manufacturing, and digital technologies. His work spans building high-impact R&D portfolios, accelerating time-to-market, and enabling industry-relevant research ecosystems. He has also been instrumental in fostering strategic partnerships between academia and industry to translate research into real-world applications. He initiated the first “One IITB” FinTech program through GFF 2025 and IITB FinEdge 2025, resulting in 5+ BFSI companies signing MoUs for long-term research partnerships.",https://www.linkedin.com/in/rajappa-tadepalli/,https://event-engine-prod-media.s3.ap-south-1.amazonaws.com/uploads/d78dd3c0-f4de-44c3-820e-c35506bff67c-dr.-rajappa-tadepalli-website-photo.png,"Shaping the Next Wave— How Industry, Research and Regulation are Evolving Together",A0857,https://www.globalfintechfest.com/speakers,2026-08-12T13:58:49Z,active,2026,rajappa tadepalli,6a7c768616afc6a8747c9ab2
Dr. Rajendran Narayanan,Executive Advisor,Nextent Labs,India,"Dr. N. Rajendran is a distinguished digital payments and technology leader, co-inventor of India’s Unified Payments Interface (UPI), and a founding technology member and former Chief Technology Officer of NPCI. During his decade at NPCI, he played a pivotal role in building and scaling national payment platforms including UPI, RuPay, IMPS, AEPS, NACH, BHIM and NETC. He subsequently served as CEO and Director of IFTAS, the Reserve Bank of India’s technology subsidiary, and as Chief Digital Officer and Chief Technology Officer of the Multi Commodity Exchange of India. With more than 25 years of leadership experience, he has contributed to digital public infrastructure, financial-market technology, cybersecurity, operational resilience and AI-led transformation. Based in Sydney, he advises organisations on fintech, AI, digital trust and post-quantum technologies. He is Executive Advisor at Nextent Labs, which develops AI/ML-driven platforms for predictive groundwater intelligence.",,https://event-engine-prod-media.s3.ap-south-1.amazonaws.com/uploads/f8581a43-7c38-4db6-817f-38b2b5394c43-dr.-rajendran-narayanan-website-photo.png,,,https://www.globalfintechfest.com/speakers,2026-08-12T13:58:49Z,active,2026,rajendran narayanan,6a7c768616afc6a8747c9ab3
Dr. Ruchi Chojer,Executive Director (AFD),Securities and Exchange Board of India,India,,,https://event-engine-prod-media.s3.ap-south-1.amazonaws.com/uploads/b1fe8c7d-2d17-43cb-9d07-de86eb3e0b71-dr.-ruchi-chojer-website-photo.png,Access for the Global Capital: India on the World Map - Harmonising Regulations for Global Investors,A0796,https://www.globalfintechfest.com/speakers,2026-08-12T13:58:49Z,active,2026,ruchi chojer,6a7c768616afc6a8747c9ab4
Dr. Shaji Krishnan V,Chairman,National Bank for Agriculture and Rural Development,India,"Dr. Shaji Krishnan V. is the Chairman of NABARD, India’s apex development finance institution for agriculture and rural development. With over three decades of experience spanning commercial banking, development finance, rural banking, digital transformation, and financial inclusion, he has played a pivotal role in advancing technology-led development and inclusive finance. At NABARD, he has championed initiatives in fintech engagement, data analytics, climate finance, digitalization, and innovation-driven rural development. He serves on the boards of DICGC, ONDC, and NCDC, and chairs NABVENTURES, NABARD’s venture capital arm supporting agri-tech and rural innovation. A former Board Member of NPCI and former Chairman of Kerala Gramin Bank, Dr. Shaji is widely recognized for his thought leadership on digital public infrastructure, fintech, sustainable finance, and inclusive growth. Dr. Shaji earned a Ph.D. in Finance from IIM Kozhikode and a PGDM in Public Policy from IIM Ahmedabad.",https://www.linkedin.com/mwlite/profile/in/shajikrishnanv?utm_source=share_via&utm_content=profile&utm_medium=member_ios,https://event-engine-prod-media.s3.ap-south-1.amazonaws.com/uploads/185fb7dd-a845-43df-88bf-b592b608e8fa-shaji-v-website-photo.png,,,https://www.globalfintechfest.com/speakers,2026-08-12T13:58:49Z,active,2026,shaji krishnan v,6a7c768616afc6a8747c9ab5
Dr. Vijayakumar Bharathi S,Professor,Symbiosis Centre for Information Technology,India,$a9,,https://event-engine-prod-media.s3.ap-south-1.amazonaws.com/uploads/d81cdede-f303-42a7-81f9-8f9f026cef01-dr.-s-vijayakumar-bharathi-website-photo.png,The Future of GCCs: Design Thinking for the Next Generation of Financial Innovators,A0551,https://www.globalfintechfest.com/speakers,2026-08-12T13:58:49Z,active,2026,vijayakumar bharathi s,6a7c768616afc6a8747c9ab6
Dr. Yanan Wu,Chairman/CEO,Surfin,Singapore,"Dr. Yanan Wu: Chairman & CEO, Surfin Group: Dr. Yanan Wu is the Chairman and CEO of Surfin Group, a Singapore-based fintech powerhouse operating in 12+ countries across Asia, Africa, and Latin America. A rare blend of scientist, investor, and entrepreneur, Dr. Wu has spent over 26 years at the intersection of global finance, AI, and innovation, working extensively with institutional investors, hedge funds, and innovative fintech products across international markets. With a Ph.D. in Statistical Physics and a background as a nuclear physicist at Los Alamos National Laboratory, Dr. Wu transitioned into global investing before founding Surfin in 2017. Under his leadership, Surfin has become a rapidly expanding ecosystem driven by AI and big data, serving tens of millions of users in emerging markets. Today, the group’s global network reflects Dr. Wu’s vision of combining technology and purpose to reshape the future of inclusive finance.",https://www.linkedin.com/in/yananwu/,https://event-engine-prod-media.s3.ap-south-1.amazonaws.com/uploads/6460699e-4903-4aed-8002-bbf661808a97-yanan-wu-website-photo.png,,,https://www.globalfintechfest.com/speakers,2026-08-12T13:58:49Z,active,2026,yanan wu,6a7c768616afc6a8747c9ab7
Mr. Abeneazer Wondwossen Lakew,Chief Portfolio Officer,Ethswitch,Ethiopia,$49,https://www.linkedin.com/in/abeneazer-lakew-1ab45b124/,https://event-engine-prod-media.s3.ap-south-1.amazonaws.com/uploads/23d11542-4953-43b1-954c-29a8e6fe296e-mr.-abeneazer-wondwossen-lakew-website-photo.png,Digital Public Infrastructure: A Model for Transformation,A0674,https://www.globalfintechfest.com/speakers,2026-08-12T13:58:49Z,active,2026,abeneazer wondwossen lakew,6a7c768616afc6a8747c9ab8
Mr. Abhinav Parashar,CEO and Co-Founder,Digio,India,$4a,https://in.linkedin.com/in/abhinavparashar,https://event-engine-prod-media.s3.ap-south-1.amazonaws.com/uploads/cfdcd664-c6a5-45e9-8e8c-d2aecfc67256-mr.-abhinav-parashar-website-photo.png,"Agentic AI in Finance: Multi-Agent Systems, Trust and Data Governance",A0888,https://www.globalfintechfest.com/speakers,2026-08-12T13:58:49Z,active,2026,abhinav parashar,6a7c768616afc6a8747c9ab9
Mr. Abhishek Dwivedi,Managing Director & CEO,Navi,India,"Abhishek Dwivedi has over 15 years of experience in financial services and fintech, with a proven track record in scaling businesses and driving profitability. He has been associated with the Navi Group since its inception in 2019, and is currently the Managing Director & Chief Executive Officer of Navi Finserv Limited. Previously, he held leadership roles at Navi Limited (formerly Navi Technologies Limited), and at Navi General Insurance. Abhishek is also a former Co-Founder & CEO of Treemendous.in and Vice President at BankBazaar.com. He holds an MBA from S.P. Jain Institute, a Master’s in IT from Virginia Tech - Pamplin College of Business, and a Bachelor’s in Engineering from Punjab Technical University.",https://www.linkedin.com/in/abhishekd4u/,https://event-engine-prod-media.s3.ap-south-1.amazonaws.com/uploads/d9351b0f-baed-42df-b9ba-044d937bcd3a-abhishek-dwivedi-website-photo.png,,,https://www.globalfintechfest.com/speakers,2026-08-12T13:58:49Z,active,2026,abhishek dwivedi,6a7c768616afc6a8747c9aba
Mr. Abhishek Gandhi,Co-founder and Chief Business Officer,FatakPay Digital,India,"An entrepreneur at heart and a financial expert by training, FatakPay is the third company that Abhishek has cofounded over the years. Abhishek is a sought after expert in the Financial domain and has landed coverage in broadcast and digital outlets around the country, including the Economic Times, Radio City, Business Standard, The New Indian Standard, DNA India, Money Control, The Week, Financial Express, YourStory and Inc42 to name a few. More recently, he was awarded the '40 Under 40 for the year 2020' by IAAIF and 101 Top most influential BFSI leaders and 'India's inspiring leaders' award 2021 by ELETS. Abhishek holds a CFA and an MBA from Erasmus University, a BE in Comp Science and has 18+ Yrs of experience in Financial consulting & strategy with Infosys, Nidera and Kalpataru Group.",https://in.linkedin.com/in/abhishekmgandhi,https://event-engine-prod-media.s3.ap-south-1.amazonaws.com/uploads/b4b1de56-4028-413c-b626-a658abb1f95e-mr.-abhishek-gandhi-website-photo.png,"Beyond the Bureau Score: Are Alternative Data Models Actually Better, or Just Different?",A0827,https://www.globalfintechfest.com/speakers,2026-08-12T13:58:49Z,active,2026,abhishek gandhi,6a7c768616afc6a8747c9abb
Mr. Abhishek Kumar Pandey,Founder and CEO,Mobisafar,India,,,https://event-engine-prod-media.s3.ap-south-1.amazonaws.com/uploads/d8becc1d-f63d-4940-af3c-97793d184e99-mr.-abhishek-kumar-pandey-website-photo.png,,,https://www.globalfintechfest.com/speakers,2026-08-12T13:58:49Z,active,2026,abhishek kumar pandey,6a7c768616afc6a8747c9abc
Mr. Abhishek Poddar,Chief Product & Growth Officer,Reserve Bank Innovation Hub,India,"I am an entrepreneurial and impact-driven product leader with 22+ years of experience building and scaling fintech, digital payments and commerce products across India, Latin America and global markets. I have been fortunate to build ngpay, be part of the founding team at Ezetap, and launch Cashi, Walmart’s digital financial services business in Mexico. Today, as Chief Product Officer at the Reserve Bank Innovation Hub (RBIH), I am focused on building digital public infrastructure that can create meaningful impact at scale. I enjoy solving complex problems, building products that matter, and making hard things work.",https://www.linkedin.com/in/abhishekpoddar/,https://event-engine-prod-media.s3.ap-south-1.amazonaws.com/uploads/8a18a975-59e0-4570-87c2-96b765b724dc-mr.-abhishek-poddar-website-photo.png,,,https://www.globalfintechfest.com/speakers,2026-08-12T13:58:49Z,active,2026,abhishek poddar,6a7c768616afc6a8747c9abd
Mr. Abhishek Saraf,Chief Operating Officer,Prudential Health India,India,"Abhishek Saraf brings over 25 years of insurance experience within the Prudential ecosystem, spanning actuarial, risk, capital management, and enterprise leadership roles. Prior to taking over as COO of Prudential Health India, he was the Group Chief Actuary and played a pivotal role in shaping Prudential's actuarial strategy, strengthening governance frameworks, and providing oversight on complex risk and capital decisions across global markets. Throughout his career, Abhishek has been instrumental in navigating evolving regulatory landscapes, driving capital efficiency, and supporting strategic transactions that enable sustainable growth. His deep expertise and global perspective continue to contribute to Prudential's long-term resilience and success.",,https://event-engine-prod-media.s3.ap-south-1.amazonaws.com/uploads/039da48a-a438-418e-939b-7e999ba1c461-mr.-abhishek-saraf-website-photo.png,,,https://www.globalfintechfest.com/speakers,2026-08-12T13:58:49Z,active,2026,abhishek saraf,6a7c768616afc6a8747c9abe
Mr. Abhishek Saxena,Founder,OmniCard,,"Abhishek Saxena is the Founder of OmniCard and Managing Director of Taisys India, with over 19 years of experience in business and technology. An IIT-BHU alumnus, he has worked with global majors like HTC (Taiwan) and Samsung, and holds 8 patents in advanced technologies, including artificial intelligence. He is driving innovations in digital payments, fleet spend management, and IoT-led financial solutions for enterprises.",,https://event-engine-prod-media.s3.ap-south-1.amazonaws.com/uploads/742544d6-6e1f-4ab9-96db-d5b7714c1923-mr.-abhishek-saxena-website-photo.png,,,https://www.globalfintechfest.com/speakers,2026-08-12T13:58:49Z,active,2026,abhishek saxena,6a7c768616afc6a8747c9abf
Mr. Abraham J,Vice President Director,Rintis,Indonesia,,,https://event-engine-prod-media.s3.ap-south-1.amazonaws.com/uploads/6f356b22-0d44-4ac7-9b07-9efe9d40e265-mr.-abraham-j-website-photo.png,,,https://www.globalfintechfest.com/speakers,2026-08-12T13:58:49Z,active,2026,abraham j,6a7c768616afc6a8747c9ac0
Mr. Adeeb Ahamed,Managing Director,LuLu Financial Holdings,United Arab Emirates,"Adeeb Ahamed is the Managing Director of LuLu Financial Holdings, a leading financial services company operating across the GCC, India and APAC, driving innovation in cross-border payments and digital financial solutions. He also leads Twenty14 Holdings, an investment firm with a diversified portfolio in luxury hospitality. A prominent voice on digital innovation and financial inclusion, Mr. Ahamed actively contributes to global economic discourse through platforms such as the World Economic Forum. He occupies several leadership positions, including Chair of FICCI's Middle East Council and Board Member of the UAE International Investors Council. He is also a member of The Wall Street Journal CEO Council and the Washington Post Intelligence Council, reflecting his growing influence in global business, economic and policy discourse.",,https://event-engine-prod-media.s3.ap-south-1.amazonaws.com/uploads/7f2f557f-6043-43c6-a589-5cd8bd0c2aa8-mr.-adeeb-ahamed-website-photo.png,Cross-Border Payments 2.0 to Meet Regulatory Goals,A0678,https://www.globalfintechfest.com/speakers,2026-08-12T13:58:49Z,active,2026,adeeb ahamed,6a7c768616afc6a8747c9ac1
Mr. Aditya Agarwal,Co-founder,Wealthy.in,India,"Aditya Agarwal is the Co-founder of Wealthy.in, India’s leading wealth-tech platform for mutual fund distributors and wealth professionals. He brings experience across capital markets, investment research and business strategy. Before founding Wealthy.in, he helped grow his family business fivefold and advised Fortune 500 companies during his tenure at Monitor Group. He is an alumnus of IIT Bombay. Wealthy.in works with over 10,000 Wealth Partners and mutual fund distributors serving more than 1,00,000 clients across 1,000+ pin codes",https://www.linkedin.com/in/adagarwal/,https://event-engine-prod-media.s3.ap-south-1.amazonaws.com/uploads/55dfe6bc-cfca-46d8-abe8-99b1561eb825-mr.-aditya-agarwal-website-photo.png,From Access to Outcomes: The Next Chapter of WealthTech,A1131,https://www.globalfintechfest.com/speakers,2026-08-12T13:58:49Z,active,2026,aditya agarwal,6a7c768616afc6a8747c9ac2
Mr. Aditya Bhamidipaty,Founder & CEO,FirstHive,United States of America,"Aditya is the Founder and CEO of FirstHive, a global Customer Data Platform (CDP) company. He is a seasoned technology entrepreneur with a track record of solving marketing challenges using advanced technology. Aditya began his career at Procter & Gamble, where he successfully turned around a lossmaking region into a profitable, high-growth area. He later worked at iGate in Europe before co-founding Emart Solutions, one of India's leading loyalty and engagement companies, which he exited in 2015. Since founding FirstHive in 2016, Aditya has scaled the company into one of the few fullstack AI-powered CDPs globally. Today, FirstHive enables enterprises to achieve significant improvements in marketing ROI through hyper-personalized customer experiences powered by data and AI.",https://www.linkedin.com/in/adityabhamidipaty/,https://event-engine-prod-media.s3.ap-south-1.amazonaws.com/uploads/d7204ecd-f725-44eb-a249-d086ad600976-aditya-bhamidipaty-website-photo.png,Real-Time Decisioning: How AI Agents Deliver Contextual Banking,A0491,https://www.globalfintechfest.com/speakers,2026-08-12T13:58:49Z,active,2026,aditya bhamidipaty,6a7c768616afc6a8747c9ac3
Mr. Aditya Khullar,Managing Director India,Adyen,India,"Aditya Khullar is the Managing Director of Adyen India, leading the company’s growth and strategy in one of the world’s fastest-growing digital payments markets. Since launching Adyen’s India business, he has built the company into a trusted payments partner for many of the world’s leading enterprises, helping them navigate India’s unique payments ecosystem while scaling globally. Prior to Adyen, Aditya held senior commercial leadership roles across Asia Pacific with SWISS International Air Lines. He brings over 20 years of experience in payments, technology, digital commerce and international business.",,https://event-engine-prod-media.s3.ap-south-1.amazonaws.com/uploads/b63f4886-36b3-40f2-a6b7-619f74424c81-mr.-aditya-khullar-website-photo.png,,,https://www.globalfintechfest.com/speakers,2026-08-12T13:58:49Z,active,2026,aditya khullar,6a7c768616afc6a8747c9ac4
Mr. Aditya Singh,Chief Executive Officer,TapFin,India,"Aditya Singh is a seasoned entrepreneur with over 20 years of expertise spanning EV and mobility technology, financing, consulting, banking and business development. As the Co-founder & CEO of TapFin, he is driving innovative solutions across technology and financing, to accelerate the adoption of electric vehicles in India. An MBA graduate from XLRI Jamshedpur and an IT graduate from Delhi University, Aditya co-founded CreditMate, successfully leading it for five years until its acquisition by Paytm. His professional journey includes pivotal roles in data science, strategy consulting, international banking and payments at organizations like EY, KPMG, Cedar Consulting, and ICICI Bank. With a data-driven mindset and a proven track record of building enterprises from scratch and delivering results, Aditya is at the forefront of advancing EV technology and financing solutions across India, leveraging his diverse experience to create sustainable and scalable impact.",,https://event-engine-prod-media.s3.ap-south-1.amazonaws.com/uploads/4b251023-a531-4af0-9cc7-8d56f454d8de-mr.-aditya-singh-website-photo.png,Cyber Secure Finance: Building Trust in India's Digital Economy,A1034,https://www.globalfintechfest.com/speakers,2026-08-12T13:58:49Z,active,2026,aditya singh,6a7c768616afc6a8747c9ac5
Mr. Ajay Agarwal,Company Secretary and Group Head – Secretarial & Group Oversight,HDFC Bank Limited,India,"Mr. Agarwal is the Company Secretary and Group Head – Secretarial and Group Oversight at HDFC Bank Limited. A seasoned governance professional with over 28 years of experience, he has led complex mergers and corporate restructurings, including the landmark merger of HDFC Ltd. with HDFC Bank. He is an expert in corporate and securities law, governance, and regulatory compliance, and also serves as the Compliance Officer of HDFC Bank, under SEBI (Listing Obligations and Disclosure Requirements) Regulations, 2015 and SEBI (Prohibition of Insider Trading) Regulations, 2015. Mr. Agarwal is a Fellow Member of ICSI, a law graduate, has contributed to several Confederation of Indian Industry (CII) committees and has been a member of certain SEBI working groups/ Committees. Mr. Agarwal continues to contribute meaningfully to the governance and regulatory ecosystem through his role, industry engagements and participation in key policy shaping forums.",,https://event-engine-prod-media.s3.ap-south-1.amazonaws.com/uploads/dee407e0-c066-49e3-b2d7-6c6d7597b30a-mr.-ajay-agarwal-website-photo.png,Disclosure 2.0: Rethinking Transparency in the Age of Information Overload,A0782,https://www.globalfintechfest.com/speakers,2026-08-12T13:58:49Z,active,2026,ajay agarwal,6a7c768616afc6a8747c9ac6
Mr. Ajay Kanwal,Managing Director & CEO,Jana SFB,India,,,https://event-engine-prod-media.s3.ap-south-1.amazonaws.com/uploads/95fe9ec6-8064-4486-9241-9e2bc8b81f6f-mr.-ajay-kanwal-website-photo.png,Real-Time Decisioning: How AI Agents Deliver Contextual Banking,A0491,https://www.globalfintechfest.com/speakers,2026-08-12T13:58:49Z,active,2026,ajay kanwal,6a7c768616afc6a8747c9ac7
Mr. Ajay Kaushal,Co-Founder & CEO,BillDesk,India,,,https://event-engine-prod-media.s3.ap-south-1.amazonaws.com/uploads/4f63e196-3db9-47ca-9843-9c8322f1d0f5-ajay-kaushal-website-photo.png,,,https://www.globalfintechfest.com/speakers,2026-08-12T13:58:49Z,active,2026,ajay kaushal,6a7c768616afc6a8747c9ac8
Mr. Ajay Rajan,Managing Director & CEO,Protean eGov Technologies,India,,,https://event-engine-prod-media.s3.ap-south-1.amazonaws.com/uploads/bd9f0a6e-658f-46d4-9ddd-33b930336055-mr.-ajay-rajan-website-photo.png,Depositories as Digital public infrastructure- The next phase of Market Infrastructure,A0978,https://www.globalfintechfest.com/speakers,2026-08-12T13:58:49Z,active,2026,ajay rajan,6a7c768616afc6a8747c9ac9
Mr. Ajay Thomas John,Chief Digital Officer,Shriram Capital,India,"Mr. Ajay Thomas John is the Group Chief Digital Officer at Shriram Capital, leading enterprise-wide digital transformation across the Shriram Group's financial services businesses. With over 22 years of experience in banking, fintech, and digital innovation, he has spearheaded large-scale initiatives spanning digital lending, payments, AI, customer experience, and platform transformation. Previously, he held leadership roles at Bajaj Finance, HDFC Bank, ICICI Bank, and CitiFinancial, and is recognized for driving technology-led business growth and innovation across the BFSI sector.",,https://event-engine-prod-media.s3.ap-south-1.amazonaws.com/uploads/35080276-837a-4c84-9757-81df2c04f4b1-mr.-ajay-thomas-john-website-photo.png,Compliance by Design: Embedding Governance into Financial Products,A0841,https://www.globalfintechfest.com/speakers,2026-08-12T13:58:49Z,active,2026,ajay thomas john,6a7c768616afc6a8747c9aca
Mr. Ajinkya Kulkarni,Cofounder and CEO,Wint Wealth,India,"Ajinkya Kulkarni is the Co-founder and CEO of Wint Wealth, a leading Indian fixed-income investment platform focused on democratizing access to bonds for retail investors. Wint has enabled over 400,000 investors to access fixed-income products and has facilitated more than ₹10,000 crore in investments. He also leads Ambium Finserve, an RBI-regulated NBFC, and actively contributes to industry policy through the Online Bond Platform Providers Association (OBPP). Ajinkya is passionate about leveraging technology to broaden access to savings, investments, and credit.",,https://event-engine-prod-media.s3.ap-south-1.amazonaws.com/uploads/aaeeea68-3f23-4916-9c35-6b7e535b3e6d-mr.-ajinkya-kulkarni-website-photo.png,Retailisation of Bond Markets,A0980,https://www.globalfintechfest.com/speakers,2026-08-12T13:58:49Z,active,2026,ajinkya kulkarni,6a7c768616afc6a8747c9acb
Mr. Akash Sinha,Co-founder & CEO,Cashfree Payments India,India,"Akash Sinha is the CEO & Co-founder of Cashfree Payments, India’s leading AI-native payments infrastructure and intelligence platform that empowers businesses with seamless digital payment solutions. A tech enthusiast, Akash’s approach to innovation revolves around leveraging technology to solve real-world challenges, creating substantial value, and enabling businesses to scale faster and more effectively.",https://www.linkedin.com/in/sinhaakash/,https://event-engine-prod-media.s3.ap-south-1.amazonaws.com/uploads/bb08c1b6-76ef-4dbe-83fd-df022e569622-akash-sinha-website-photo.png,,,https://www.globalfintechfest.com/speakers,2026-08-12T13:58:49Z,active,2026,akash sinha,6a7c768616afc6a8747c9acc
Mr. Akhil Devmurari,"FinTech Sector Head, Asia Pacific, J.P. Morgan Payments",J.P. Morgan,Singapore,"Akhil Devmurari serves as the Fintech Sector Head at J.P. Morgan Payments, bringing unparalleled expertise and a forward-thinking approach to this ever-evolving segment. With a proven track record of driving business growth and building lasting client relationships, Akhil brings a strategic and client-centric approach to the team. With a keen understanding of both financial services and technological advancements, Akhil has successfully led coverage teams to capitalize on emerging opportunities in the rapidly evolving fintechs & digital assets landscape in APAC. His passion for innovation and commitment to delivering tailored solutions make him an instrumental leader in positioning J.P. Morgan as a key player in the intersection of finance and technology.",,https://event-engine-prod-media.s3.ap-south-1.amazonaws.com/uploads/cd10603a-4f64-499f-99b2-34e90fc79809-mr.-akhil-devmurari-website-photo.png,The Economics of the Next Payment Era,A0676,https://www.globalfintechfest.com/speakers,2026-08-12T13:58:49Z,active,2026,akhil devmurari,6a7c768616afc6a8747c9acd
Mr. Akshat Birla,Founder & CEO,BharatNXT,India,"Akshat Birla is the Founder & CEO of BharatNXT, a fintech platform driving financial inclusion for India’s small businesses. A serial entrepreneur, Akshat earlier built Finovate Capital, a supply chain financing fintech, and spearheaded Samsung Pay’s global expansion into 20+ countries, including India. His career spans supply chain (i2), banking (Credit Suisse), and corporate strategy in Samsung’s Chairman’s Office, Korea HQ. He is also an active angel investor and Leads INSEAD Angels India.",https://www.linkedin.com/in/akshatbirla,https://event-engine-prod-media.s3.ap-south-1.amazonaws.com/uploads/f29ed451-bafe-4865-b24f-1c902220c63a-mr.-akshat-birla-website-photo.png,Beyond Bill Payments: Building India's Digital Collection Ecosystem,A0746,https://www.globalfintechfest.com/speakers,2026-08-12T13:58:49Z,active,2026,akshat birla,6a7c768616afc6a8747c9ace
Mr. Akshat Mathur,"Head of Account Management, India",Unlimit,India,"Akshat Mathur is a seasoned expert in cross-border growth and financial infrastructure, specialising in helping businesses navigate global expansion. As Head of Account Management for India at Unlimit, he empowers organisations to reach their potential in global markets, including India, APAC, LATAM and beyond. A recognised industry thought leader and frequent speaker at premier events, such as the Global Fintech Fest 2025, Akshat focuses on the intersection of emerging technologies, payments, AI and the borderless agentic economy. His 12-year career includes pivotal roles at dLocal, Microsoft, and HP, where he developed deep expertise in mapping hyper-local ecosystems into scalable, primary-layer growth strategies.",,https://event-engine-prod-media.s3.ap-south-1.amazonaws.com/uploads/b94a95df-27c6-401c-9d2c-9950d3fb9447-mr.-akshat-mathur-website-photo.png,From UPI to Global Commerce: Building Trusted Digital Payment Acceptance Across Borders,A0742,https://www.globalfintechfest.com/speakers,2026-08-12T13:58:49Z,active,2026,akshat mathur,6a7c768616afc6a8747c9acf
Mr. Akshay Mehrotra,MD & Group CEO,Fibe,India,"Akshay Mehrotra, Co-founder & Group CEO of Fibe, has built the company into one of India’s most profitable fintech enterprises. With a mission to enhance young India’s financial well-being, he has scaled Fibe to 25M+ users and disbursed ₹33,000 crore+ in loans. He combines strategic foresight with a deep understanding of consumer behaviour, honed over two decades in leadership roles, making him a key voice in digital lending.",https://in.linkedin.com/in/akshay-mehrotra-b671925,https://event-engine-prod-media.s3.ap-south-1.amazonaws.com/uploads/64a75a73-c43b-47db-a1f1-f5dc9dd8fbc0-mr.-akshay-mehrotra-website-photo.png,Building India's Next-Generation Credit Infrastructure,A0764;A1080,https://www.globalfintechfest.com/speakers,2026-08-12T13:58:49Z,active,2026,akshay mehrotra,6a7c768616afc6a8747c9ad0
Mr. Akshay Sapru,Group CEO,FundsIndia,India,,,https://event-engine-prod-media.s3.ap-south-1.amazonaws.com/uploads/8f937699-59e6-4e21-9255-0db25f6608c5-mr.-akshay-sapru-website-photo.png,AI in Asset Management: From Portfolio Construction to Investor Engagement,A0487,https://www.globalfintechfest.com/speakers,2026-08-12T13:58:49Z,active,2026,akshay sapru,6a7c768616afc6a8747c9ad1
Mr. Akshay Yadava,Director,"Unique Identification Authority of India , MeITY",India,"Akshay Yadava is a distinguished government affairs and public policy leader, serving as Director at the Unique Identification Authority of India (UIDAI), Regional Office, Mumbai. An alumnus of IIM Calcutta specialising in Fintech and Financial Blockchain, he brings extensive cross-sector experience across the Ministry of Defence, Ministry of Home Affairs and MeitY. At the helm of India's digital identity transformation, he steers Aadhaar-led Digital Benefit Transfers, champions Face Authentication in the BFSI sector, shapes the Offline Verification Seeking Entity (OVSE) framework redefining secure, paperless financial onboarding. A recognised voice in fintech, identity governance and cybersecurity, Akshay partners with regulators, banks and technology players to architect robust frameworks for identity-based fraud prevention, strengthening India's Digital Public Infrastructure, advancing financial inclusion and reinforcing secure, citizen-centric governance across the Western Region.",https://linkedin.com/in/akshay-yadava,https://event-engine-prod-media.s3.ap-south-1.amazonaws.com/uploads/1dc0e98f-88eb-49d6-8f81-b8d4c7e03f03-mr.-akshay-yadava--website-photo.png,How Offline Verification is Reshaping Tomorrow - Stakeholders meet with Offline Verification Seeking Entities (OVSEs),A0967,https://www.globalfintechfest.com/speakers,2026-08-12T13:58:49Z,active,2026,akshay yadava,6a7c768616afc6a8747c9ad2
Mr. Alexander Bruce,Head of International Strategic Priorities Advocacy,Vanguard,United Kingdom,$4c,https://uk.linkedin.com/in/alex-bruce-8b186263,https://event-engine-prod-media.s3.ap-south-1.amazonaws.com/uploads/046c2b97-0fd8-4960-ae8d-e2aac32621e6-mr.-alexander-bruce-website-photo.png,Access for the Global Capital: India on the World Map - Harmonising Regulations for Global Investors,A0796,https://www.globalfintechfest.com/speakers,2026-08-12T13:58:49Z,active,2026,alexander bruce,6a7c768616afc6a8747c9ad3
Mr. Alexandre Kech,Chief Executive Officer,Global Legal Entity Identifier Foundation (GLEIF),Switzerland,$4d,https://www.linkedin.com/in/alexandrekech/,https://event-engine-prod-media.s3.ap-south-1.amazonaws.com/uploads/abf130b2-e1a2-4a51-889c-61968b8352ac-alexandre-kech-website-photo.png,Verifiable Organizational Identity: Enabling Trusted Digital Ecosystems and Cross-Border Interoperability,A0634,https://www.globalfintechfest.com/speakers,2026-08-12T13:58:49Z,active,2026,alexandre kech,6a7c768616afc6a8747c9ad4
Mr. Alexandre Stervinou,Director Currency and Retail Payments,Banque de France,France,"Alexandre Stervinou is currently Director in the Cash and Retail Payments Policy and Oversight Directorate at the Banque de France, a 55+ staff directorate in charge of strategic policy, oversight and security of all types of retail payments, with a focus on fostering innovations in those fields (e.g. CBDC with the digital euro). The Directorate also has a direct responsibility on cash anti-counterfeiting matters. Prior to this, Alexandre held a Deputy Director role in the Market Infrastructures and Innovations Directorate and, between 2019 and 2021, he was a member of the Financial Stability Board (FSB) Secretariat, where he mostly dealt with innovation related matters on the G20 agenda for financial services, and more specifically on cutting-edge topics such as cross-border payments, cybersecurity, crypto-assets and stablecoins, BigTechs, cloud services, artificial intelligence and machine learning.",,https://event-engine-prod-media.s3.ap-south-1.amazonaws.com/uploads/a0adfac2-44c9-4a8e-bd99-9cea2c88710c-mr.-alexandre-stervinou-website-photo.png,Driving Sovereignty and Proliferation of New Payment Methods – A Central Bank Perspective,A0690,https://www.globalfintechfest.com/speakers,2026-08-12T13:58:49Z,active,2026,alexandre stervinou,6a7c768616afc6a8747c9ad5
Mr. Alok Kumar,Principal Secretary,Government. of U.P.,India,$4e,,https://event-engine-prod-media.s3.ap-south-1.amazonaws.com/uploads/450da2ab-b34a-4e71-913d-f2def8d11740-mr.-alok-kumar-website-photo.png,,,https://www.globalfintechfest.com/speakers,2026-08-12T13:58:49Z,active,2026,alok kumar,6a7c768616afc6a8747c9ad6
Mr. Alok Mittal,Co-founder and CEO,Indifi,,"Alok is Co-founder and Executive Chairman of Indifi, India's leading full-stack platform for enabling debt financing for small businesses. Alok is also an active angel investor, and currently on the Global Board of The Indus Entrepreneurs.",https://www.linkedin.com/in/alok-mittal-590a/,https://event-engine-prod-media.s3.ap-south-1.amazonaws.com/uploads/515fa1c1-a815-44ea-a611-ca26793e537a-mr.-alok-mittal-website-photo.png,,,https://www.globalfintechfest.com/speakers,2026-08-12T13:58:49Z,active,2026,alok mittal,6a7c768616afc6a8747c9ad7
Mr. Amarjit Singh Walia,Senior Vice President,Mastercard,India,,,https://event-engine-prod-media.s3.ap-south-1.amazonaws.com/uploads/2abcecaa-a383-4477-8854-c733e7a56004-mr.-amarjit-singh-walia-website-photo.png,,,https://www.globalfintechfest.com/speakers,2026-08-12T13:58:49Z,active,2026,amarjit singh walia,6a7c768616afc6a8747c9ad8
Mr. Ambar Sur,Founder & CEO,TerraPay,United Arab Emirates,"Ambar Sur is the Founder and Chief Executive Officer of TerraPay, a global digital payments infrastructure company established in 2015. With over two decades of experience across telecommunications, technology and mobile payments, he has played a pivotal role in expanding TerraPay’s presence across Africa, Europe, Asia and other global markets. Before founding TerraPay, Ambar spent more than 13 years at Comviva Technologies, where he served as Whole-time Director and Senior Vice President. He previously founded CellCloud Technologies, a prepaid solutions company that later merged with Mahindra Comviva. He began his career with LCC in Washington, D.C., working on wireless networks worldwide, before joining BPL Mobile in India. Ambar holds an MS in Electrical Engineering from New York University and a bachelor’s degree from Virginia Tech. Outside work, he is an avid reader and enjoys music and travel.",,https://event-engine-prod-media.s3.ap-south-1.amazonaws.com/uploads/649d8e1a-353b-44e5-9467-795d7c5bb962-mr.-ambar-sur-website-photo.png,Interoperability as Strategy: Who Will Connect the New Financial System?,A0987,https://www.globalfintechfest.com/speakers,2026-08-12T13:58:49Z,active,2026,ambar sur,6a7c768616afc6a8747c9ad9
Mr. Ambarish Kenghe,Group Chief Executive Officer,Angel One,,$39,,https://event-engine-prod-media.s3.ap-south-1.amazonaws.com/uploads/1bc5cfc3-357a-4beb-9b80-f5e4ebbeb216-mr.-ambarish-kenghe-website-photo.png,Algorithmic Trading & Market Integrity: The Next Regulatory Challenge,A0778,https://www.globalfintechfest.com/speakers,2026-08-12T13:58:49Z,active,2026,ambarish kenghe,6a7c768616afc6a8747c9ada
Mr. Amir Nagammy,Founder & Group CEO,Wizz Financial,United Arab Emirates,"AMIR NAGAMMY is an entrepreneur and investor with extensive international experience and expertise in emerging markets (particularly the CIS, Middle East, Africa, and India). He has a twenty-five year record in launching and running start-ups across multiple industry sectors across the globe, transforming them into profitable, large-scale businesses that consistently produce impressive returns for their stakeholders. Having worked in highly complex regional environments, Amir is respected for his crisis management skills in fast-changing situations and for his extensive background in deal structuring. He is able to fulfil a portfolio of management roles with cross-industry capabilities, including fundraising, project finance, and management, trading and business development. He is currently a Co-Founder and Chairman of Prism Group AG and Global Fintech Investments Holding AG.",https://www.linkedin.com/in/amirnagammy,https://event-engine-prod-media.s3.ap-south-1.amazonaws.com/uploads/d9b2165e-bb59-426a-bb13-ec7fab8e83b7-mr.-amir-nagammy-website-photo.png,From UPI to Global Commerce: Building Trusted Digital Payment Acceptance Across Borders,A0742,https://www.globalfintechfest.com/speakers,2026-08-12T13:58:49Z,active,2026,amir nagammy,6a7c768616afc6a8747c9adb
Mr. Amirali Zubin Valliani,"Vice President, Interenational Growth Markets","PayPal, Pte",Singapore,"Amir Valliani joined PayPal in 2025 and is the Vice President for Middle East and Africa, Southeast Asia, India and Korea at PayPal. He oversees all commercial aspects of PayPal’s business and leads strategic growth initiatives across these markets.",,https://event-engine-prod-media.s3.ap-south-1.amazonaws.com/uploads/3dbeb3ad-b287-4e7b-a765-be56e05dfd3b-mr.-amirali-zubin-valliani-website-photo.png,Reimagining Merchant Payments: From Acceptance to Intelligent Commerce Infrastructure,A0997,https://www.globalfintechfest.com/speakers,2026-08-12T13:58:49Z,active,2026,amirali zubin valliani,6a7c768616afc6a8747c9adc
Mr. Amit Kumar,CTO & Executive Director,Easebuzz,India,"Amit Kumar is the CTO and Executive Director of Easebuzz, an RBI-authorised Payment Aggregator, where he drives technology, product innovation and the company’s vision for building the next generation of financial infrastructure. With 18 years of experience across technology, banking and fintech, he brings deep expertise in payments, data, AI and scalable technology platforms. Amit believes that “Verticalization-over-Payments” is the way forward to create greater value by combining embedded payments with intelligent, domain-specific financial workflows. He is focused on leveraging AI and data-led technology to make financial services more intelligent, accessible and deeply embedded, while building trusted and compliant infrastructure for the evolving digital economy.",https://www.linkedin.com/in/amit-kumar-5b675931/,https://event-engine-prod-media.s3.ap-south-1.amazonaws.com/uploads/b7833690-29a2-4150-9df5-1a48874a8e7b-mr.-amit-kumar-website-photo.png,"Building Compliant, Scalable Businesses with Evolving Regulations",A0738,https://www.globalfintechfest.com/speakers,2026-08-12T13:58:49Z,active,2026,amit kumar,6a7c768616afc6a8747c9add
Mr. Amit Lakhotia,Chief Executive Officer,Park Plus,,,,https://event-engine-prod-media.s3.ap-south-1.amazonaws.com/uploads/af9ea7a5-be83-4112-9104-6a7c7a34205f-mr.-amit-lakhotia-website-photo.png,"Seamless Urban Movement: Integrating Payments, Platforms & Infrastructure",A0710,https://www.globalfintechfest.com/speakers,2026-08-12T13:58:49Z,active,2026,amit lakhotia,6a7c768616afc6a8747c9ade
Mr. Amit Talwar,Chief Executive Officer,Kanji Forex Pvt. Ltd.,,"Professional with over 27 years of experience across 2 mainstream commercial banks with rich experience of Transaction Banking Products (Cross Border & Domestic Payments, Cash Management Services, Trade Finance & Trade Services) as well as Retail Banking (Liabilities & Assets). Now working with a licensed non-bank, tech-driven entity with focus on FOREX products & Solutions",https://www.linkedin.com/in/amit-talwar-6196a83/,https://event-engine-prod-media.s3.ap-south-1.amazonaws.com/uploads/1d8405f2-166e-4711-92e3-c574626477b6-mr.-amit-talwar-website-photo.png,The Future of Cross-Border Treasury: Powering the Next Generation of Global Payments,A0744,https://www.globalfintechfest.com/speakers,2026-08-12T13:58:49Z,active,2026,amit talwar,6a7c768616afc6a8747c9adf
Mr. Amitabh Chaudhry,MD & CEO,Axis Bank Limited,India,"Amitabh Chaudhry is the MD&CEO of Axis Bank. In a long and distinguished career, Amitabh has been unafraid to take risks, challenge norms and push the boundaries of conventional thinking across industries. Amitabh runs Axis Bank, a financial conglomerate, together with a world class leadership team and a clearly defined vision of being a bank that fulfils the aspirations of a new, resurgent India through smart banking solutions.",,https://event-engine-prod-media.s3.ap-south-1.amazonaws.com/uploads/0e2bbe30-2846-43c0-8a2b-83015bc5f47c-mr.-amitabh-chaudhry-website-photo.png,,,https://www.globalfintechfest.com/speakers,2026-08-12T13:58:49Z,active,2026,amitabh chaudhry,6a7c768616afc6a8747c9ae0
Mr. Amitava Chatterjee,Managing Director & CEO,J&K Bank,India,"Mr. Amitava Chatterjee is the second MD & CEO of Jammu and Kashmir Bank Limited. Mr. Chatterjee was Deputy Managing Director, SBI and has also served as MD&CEO of SBICAPS. Mr. Chatterjee has an illustrious career in banking spanning over more than three decades in diverse geographical locations and strategic positions. His diverse experience includes heading the SBI’s operation as CGM New Delhi, circle and Jaipur Circle with high end clientele like PSUs, NBFCs, and DISCOMs. He has shouldered responsibilities that included Business Development, Risk & Compliance Management, HR Functions with his previous employer besides interacting and participating in various Industry and Government forums. He has completed his Master’s in Business Administration from ICFAI University Hyderabad besides having qualified the CAIIB offered by IIBF. Beyond his professional pursuits, he is a passionate sports enthusiast and follows tennis, football and cricket.",,https://event-engine-prod-media.s3.ap-south-1.amazonaws.com/uploads/a3ea3e91-e0af-40b1-b63c-a3f12d30369f-mr.-amitava-chatterjee-website-photo.png,End-to-End AI in Credit: Faster Underwriting & Smarter Collections,A0831,https://www.globalfintechfest.com/speakers,2026-08-12T13:58:49Z,active,2026,amitava chatterjee,6a7c768616afc6a8747c9ae1
Mr. Anand Agarwal,"Executive Director, Head - Cash Product, India",Standard Chartered Bank,India,"With over 25 years of experience in banking, I specialize in payments, product management and development, and client solutioning. My work spans managing complex projects related to payments and settlement systems. Driven by a passion for continual learning, I actively explore new products, processes, and trends within the financial services sector.",,https://event-engine-prod-media.s3.ap-south-1.amazonaws.com/uploads/d6bfeccf-6c0f-4f65-b863-9ed3e74a55eb-mr.-anand-agarwal-website-photo.png,"Shared Intelligence, Zero Data Exposure: Reinventing AI Collaboration in Banking",A0493,https://www.globalfintechfest.com/speakers,2026-08-12T13:58:49Z,active,2026,anand agarwal,6a7c768616afc6a8747c9ae2
Mr. Anchal Jajodia,CEO,Cybrilla,,"Anchal Jajodia is the Co-founder of Cybrilla, where he leads the company's business and strategic partnerships. Under his leadership, Cybrilla partnered with ONDC to launch India's first decentralized mutual fund distribution network, bringing together 30+ mutual funds and 140+ digital distributors on a single open network. More recently, Cybrilla partnered with NCDEX to power its mutual fund platform and mutual fund clearing infrastructure. Anchal works closely with asset managers, financial institutions, exchanges, and ecosystem partners to build the next generation of investment infrastructure in India.",https://www.linkedin.com/in/anchaljajodia/,https://event-engine-prod-media.s3.ap-south-1.amazonaws.com/uploads/bbf7445d-e355-401d-854e-bfa023b551f7-mr.-anchal-jajodia-website-photo.png,Building Bharat's Investments Infrastructure: FY26 and Beyond,A1082,https://www.globalfintechfest.com/speakers,2026-08-12T13:58:49Z,active,2026,anchal jajodia,6a7c768616afc6a8747c9ae3
Mr. Ani Sane,Co-Founder and Chief Business Officer,TerraPay,,$55,,https://event-engine-prod-media.s3.ap-south-1.amazonaws.com/uploads/78dc7e31-8e5b-4969-8901-98668f87c7c4-mr.-ani-sane-website-photo.png,Building Trust in Cross-Border Payments,A0680,https://www.globalfintechfest.com/speakers,2026-08-12T13:58:49Z,active,2026,ani sane,6a7c768616afc6a8747c9ae4
Mr. Anil Goteti,Founder,Scapia,India,,,https://event-engine-prod-media.s3.ap-south-1.amazonaws.com/uploads/6c8afce9-5641-44ae-9d5b-37e0163a3b14-mr.-anil-goteti-website-photo.png,"Intelligent Credit: Building Trust, Access & Scale in the Platform Economy",A0702,https://www.globalfintechfest.com/speakers,2026-08-12T13:58:49Z,active,2026,anil goteti,6a7c768616afc6a8747c9ae5
Mr. Anil Pinapala,Founder & MD,Vivifi India Finance,India,$51,https://www.linkedin.com/in/anil-k-pinapala-57aaa5,https://event-engine-prod-media.s3.ap-south-1.amazonaws.com/uploads/9c3f230b-53cf-498c-8041-dec47c13340d-mr.-anil-pinapala-website-photo.png,"Agentic AI in Finance: Multi-Agent Systems, Trust and Data Governance",A0888,https://www.globalfintechfest.com/speakers,2026-08-12T13:58:49Z,active,2026,anil pinapala,6a7c768616afc6a8747c9ae6
Mr. Anirudh Arun,CEO,Agentic Universe,India,"Left college to build Agentic Universe; scaled an earlier product to $22M annual GMV in 18 months before pivoting to enterprise AI agents, now past $1M+ ARR.",,https://event-engine-prod-media.s3.ap-south-1.amazonaws.com/uploads/d765cde5-72f1-4b04-b024-42d3992ddccd-mr.-anirudh-arun-website-photo.png,,,https://www.globalfintechfest.com/speakers,2026-08-12T13:58:49Z,active,2026,anirudh arun,6a7c768616afc6a8747c9ae7
Mr. Anish Achuthan,Co-founder and CEO,Open Financial Technologies,India,,,https://event-engine-prod-media.s3.ap-south-1.amazonaws.com/uploads/b09e2724-aff6-4c53-9167-470ade05afee-mr.-anish-achuthan-website-photo.png,The Merchant Intelligence Stack: From Transaction Data to Intelligent Payments,A0754,https://www.globalfintechfest.com/speakers,2026-08-12T13:58:49Z,active,2026,anish achuthan,6a7c768616afc6a8747c9ae8
Mr. Anjani Kumar Rathor,Group Head - Digital and Customer Experience,HDFC BANK,India,"Anjani Rathor is the Group Head for Digital and Customer Experience at HDFC Bank. He heads Digital Banking, Customer Experience, Data and Process Excellence at the Bank. Anjani joined HDFC Bank in 2020. Prior to joining the Bank, he worked with Bharti Airtel and served as the Chief Information Officer (CIO) of Airtel's Consumer Business. An industry veteran with over 20+ years of experience, Anjani brings with him rich and diverse experience across sectors such as Banking, Telecom, Consulting and Aviation. Anjani holds a degree in Bachelor of Technology from IIT Kharagpur and a Post Graduate Diploma in Management from IIM Calcutta..",,https://event-engine-prod-media.s3.ap-south-1.amazonaws.com/uploads/ddf10faa-7f16-4ddd-b29b-1a50dbbc0bd3-mr.-anjani-kumar-rathor-website-photo.png,"The Future of Bill Payments: Intelligent, Tokenised, and Always-On",A0740,https://www.globalfintechfest.com/speakers,2026-08-12T13:58:49Z,active,2026,anjani kumar rathor,6a7c768616afc6a8747c9ae9
Mr. Ankit Durga,Chief Executive Officer,Fundamento AI,India,"Ankit Durga is the Founder and CEO of Fundamento, where he is building the infrastructure layer for how financial institutions engage, qualify, convert, and retain customers through AI-native communication systems. Under his leadership, Fundamento has evolved beyond voice automation into an outcome-driven agentic AI platform purpose-built for banks, NBFCs, and fintechs - combining multilingual voice intelligence, journey orchestration, and propensity-led decisioning to help enterprises improve speed-to-contact, operational efficiency, and lifecycle performance across the lending funnel. A serial entrepreneur with over a decade of experience, Ankit co-founded Leap Skills before pivoting to build Fundamento, driven by the conviction that AI could unlock access to financial services at the last mile. He is an alumnus of Harvard's Executive Program and an INK Fellow.",https://www.linkedin.com/in/ankitdurga/,https://event-engine-prod-media.s3.ap-south-1.amazonaws.com/uploads/e9748815-599c-47f6-bb47-7603887addcb-ankit-durga-website-photo.png,,,https://www.globalfintechfest.com/speakers,2026-08-12T13:58:49Z,active,2026,ankit durga,6a7c768616afc6a8747c9aea
Mr. Ankit Jain,Group Head of Product- Inperson payment and currency solutions,Network international,United Arab Emirates,Payment professional with over 20 years of experience working in MNC banks and payment companies,,https://event-engine-prod-media.s3.ap-south-1.amazonaws.com/uploads/8cdd23b9-ce75-47ba-a94d-6a0e31c69149-mr.-ankit-jain-website-photo.png,From QR Codes to Global Commerce: The Next Leap in Merchant Payments,A0682,https://www.globalfintechfest.com/speakers,2026-08-12T13:58:49Z,active,2026,ankit jain,6a7c768616afc6a8747c9aeb
Mr. Ankit Ratan,Co-founder & CEO,Signzy,United States of America,,https://www.linkedin.com/in/ankitratan/,https://event-engine-prod-media.s3.ap-south-1.amazonaws.com/uploads/8e32fc2a-408a-410c-8094-e37931cfaac1-mr.-ankit-ratan-website-photo.png,,,https://www.globalfintechfest.com/speakers,2026-08-12T13:58:49Z,active,2026,ankit ratan,6a7c768616afc6a8747c9aec
Mr. Ankur Agrawal,Chief Business Officer,Sinch,India,$53,https://www.linkedin.com/in/ankur-agrawal-3a09b37/,https://event-engine-prod-media.s3.ap-south-1.amazonaws.com/uploads/6ae15b49-b58d-4c19-a6c6-a01a05754685-mr.-ankur-agrawal-website-photo.png,,,https://www.globalfintechfest.com/speakers,2026-08-12T13:58:49Z,active,2026,ankur agrawal,6a7c768616afc6a8747c9aed
Mr. Anshu Kapoor,CEO&MD,Nuvama Asset Management,India,$5b,,https://event-engine-prod-media.s3.ap-south-1.amazonaws.com/uploads/98de8b8c-6b59-4992-bdd9-e8409104ce13-mr.-anshu-kapoor--website-photo.png,"Reimagining Asset Management: Redefining Distribution, Advisory, and Trust through AI in a Hybrid World",A0784,https://www.globalfintechfest.com/speakers,2026-08-12T13:58:49Z,active,2026,anshu kapoor,6a7c768616afc6a8747c9aee
Mr. Antony Vendhan,Co-founder,identy.io,India,,,https://event-engine-prod-media.s3.ap-south-1.amazonaws.com/uploads/8ec7a56d-0adb-4fda-a778-d2eb03024aaf-mr.-antony-vendhan-website-photo.png,AI Observability and Monitoring at Scale,A0906,https://www.globalfintechfest.com/speakers,2026-08-12T13:58:49Z,active,2026,antony vendhan,6a7c768616afc6a8747c9aef
Mr. Antriksh Parmar,Vice President,Open Network For Digital Commerce (ONDC),India,"Antriksh Parmar is Vice President – Financial Services at ONDC, where he leads the Credit vertical and is building open, interoperable digital infrastructure for lending in India. He has over 13 years of experience across SaaS and fintech, having previously worked at Goldman Sachs, Morgan Stanley, Atlassian, and high-growth startups. At ONDC, he focuses on enabling scalable, inclusive credit through open network standards and ecosystem collaboration",,https://event-engine-prod-media.s3.ap-south-1.amazonaws.com/uploads/236a8611-c07a-47de-b97b-1e45cda1d77f-mr.-antriksh-parmar-website-photo.png,Building India's Next-Generation Credit Infrastructure,A1080,https://www.globalfintechfest.com/speakers,2026-08-12T13:58:49Z,active,2026,antriksh parmar,6a7c768616afc6a8747c9af0
Mr. Anubrata Biswas,MD and CEO,Airtel Payments Bank,India,"Anubrata Biswas, Managing Director and Chief Executive Officer of Airtel Payments Bank, is an industry stalwart with over two decades of experience in banking and financial services. In his current role, he has been instrumental in shaping the Bank's journey in India's digital banking landscape. Under his leadership, Airtel Payments Bank has emerged as the largest Payments Bank in the country. The Bank has built a strong portfolio of businesses, with sustained profitability since FY22. Today, the Bank is one of the fastest-growing digital bank in the country. He serves on leading industry bodies and is currently the co-chair of the Payments Bank committee by the Payments Council of India (PCI) and a member of the FICCI National Committee on Fintech and CII National Committee on Banking. In the past, Anubrata has been the co-chair of the CII Financial Inclusion and Fintech Committee for FY24 and the Co-Chair of the CII Task Force on Fintech for FY 21.",,https://event-engine-prod-media.s3.ap-south-1.amazonaws.com/uploads/a8fbc455-48d8-4262-95e0-9700e9e4e3a5-anubrata-biswas-website-photo.png,,,https://www.globalfintechfest.com/speakers,2026-08-12T13:58:49Z,active,2026,anubrata biswas,6a7c768616afc6a8747c9af1
Mr. Anugrah Jain,Cofounder & CEO,Bachatt,India,$79,,https://event-engine-prod-media.s3.ap-south-1.amazonaws.com/uploads/293db723-f068-40c1-bdfd-39c62032c1bc-mr.-anugrah-jain-website-photo.png,Building Bharat's Investments Infrastructure: FY26 and Beyond,A1082,https://www.globalfintechfest.com/speakers,2026-08-12T13:58:49Z,active,2026,anugrah jain,6a7c768616afc6a8747c9af2
Mr. Anuj Khosla,Chief Executive Officer,Hitachi Payments,India,$7e,,https://event-engine-prod-media.s3.ap-south-1.amazonaws.com/uploads/52254523-29e5-492b-8e16-358d2fc33242-mr.-anuj-khosla-website-photo.png,Reimagining Merchant Payments: From Acceptance to Intelligent Commerce Infrastructure,A0997,https://www.globalfintechfest.com/speakers,2026-08-12T13:58:49Z,active,2026,anuj khosla,6a7c768616afc6a8747c9af3
Mr. Anupam Vasdani,Group Chief Financial Officer,True Balance India,India,"As Chief Financial Officer of True Balance, Anupam Vasdani drives the financial strategy and fiscal health of the company’s expanding digital ecosystem. With over 20 years of expertise in corporate finance, treasury management, and fundraising, he builds the structural foundation necessary for large-scale growth. Anupam balances disciplined financial planning with modern risk management, using AI to optimize asset-liability management and market forecasting. Previously, as CFO at Toyota Financial Services India, Anupam led a robust funding unit raising ₹200 billion annually via NCDs, commercial paper, and offshore markets. His career features key roles at Habitat Housing Finance, Deutsche Postbank Home Finance, and FiNoble Advisors, overseeing treasury operations and private equity advisory. A Chartered Accountant (ICAI), Anupam blends institutional expertise with fintech agility. He ensures seamless capital flows and regulatory compliance, providing financial stability to scale operations across India.",https://www.linkedin.com/in/anupam-vasdani-14594a6/,https://event-engine-prod-media.s3.ap-south-1.amazonaws.com/uploads/13290193-0c81-42c7-bcbd-146953d67fec-mr.-anupam-vasdani-website-photo.png,"Cheaper to Run, Not Cheaper to Fund: Confronting NBFC Lending's Unsolved Capital Cost Problem",A0795,https://www.globalfintechfest.com/speakers,2026-08-12T13:58:49Z,active,2026,anupam vasdani,6a7c768616afc6a8747c9af4
Mr. Anurag Ramdasan,Partner,3one4 Capital,India,$4f,,https://event-engine-prod-media.s3.ap-south-1.amazonaws.com/uploads/4c4fad87-8085-423c-b7c3-524ecbdc76dc-mr.-anurag-ramdasan-website-photo.png,Where Will the Next $100 Billion in Fintech Capital Go?,A1043,https://www.globalfintechfest.com/speakers,2026-08-12T13:58:49Z,active,2026,anurag ramdasan,6a7c768616afc6a8747c9af5
Mr. Anurag Sinha,Co-founder & CEO,FPL Technologies,India,$3a,https://www.linkedin.com/in/anuragsinha2,https://event-engine-prod-media.s3.ap-south-1.amazonaws.com/uploads/be998032-8fc9-4f9d-9886-1525d161ee9c-mr.-anurag-sinha-website-photo.png,From Wallets to Wealth Rails: How Payment Platforms Are Becoming Credit and Investment Infrastructure,A1021,https://www.globalfintechfest.com/speakers,2026-08-12T13:58:49Z,active,2026,anurag sinha,6a7c768616afc6a8747c9af6
Mr. Apoorva Goyal,Principal,Insight Partners,United States of America,"Apoorva Goyal is a Principal at Insight Partners, a global software investor, which he joined in 2021. He invests in high-growth fintech, internet, and software companies from Series A through pre-IPO, with a particular focus on helping Indian SaaS and tech startups build for global markets. He has led or served on the boards of investments including Yubi, M2P, Chargebee, and Slice, and partners closely with founders on product, finance, and strategy.",https://www.linkedin.com/in/apoorvagoyal/,https://event-engine-prod-media.s3.ap-south-1.amazonaws.com/uploads/e3d4154e-8fe0-48e0-b3fa-5d16cb98dec6-mr.-apoorva-goyal-website-photo.png,"Fintech IPOs, M&A and the Next Wave of Exits",A1044,https://www.globalfintechfest.com/speakers,2026-08-12T13:58:49Z,active,2026,apoorva goyal,6a7c768616afc6a8747c9af7
Mr. Arif Khan,Chief Innovation Officer,Razorpay Software,India,$52,,https://event-engine-prod-media.s3.ap-south-1.amazonaws.com/uploads/7cc34a2c-7fc6-40af-98cf-c02f80ee1975-mr.-arif-khan-website-photo.png,India's Next-Gen Merchant Stack: Tokenisation Tap-to-Pay and Contextual Credit at the Point of Sale,A0455,https://www.globalfintechfest.com/speakers,2026-08-12T13:58:49Z,active,2026,arif khan,6a7c768616afc6a8747c9af8
Mr. Arindam Banerrji,Executive Vice President & Country Head India,State Street,India,$5c,,https://event-engine-prod-media.s3.ap-south-1.amazonaws.com/uploads/b5cee7b2-0d11-4cb0-813c-8384f822d4d9-mr.-arindam-banerrji-website-photo.png,Access for the Global Capital: India on the World Map - Harmonising Regulations for Global Investors,A0796,https://www.globalfintechfest.com/speakers,2026-08-12T13:58:49Z,active,2026,arindam banerrji,6a7c768616afc6a8747c9af9
Mr. Arindam Das,Chief Executive Officer,DMI Finance,India,"Arindam Das currently serves as the CEO of DMI Finance Pvt. Ltd. He joined in January 2017. He launched DMI Finance’s Retail lending business which is Consumer and MSME Finance, making DMI one of the largest digital lending NBFCs in the country today in terms of disbursed loans and customers acquired. Additionally, he sits on the board of DMI’s Payment Business (Appnit Technologies) and is an Investment Committee Member of DMI's Venture Capital Fund (Sparkle). Before joining DMI Finance, he held leadership positions at Capital First, IIFL Finance Merrill Lynch and Citigroup. He also co-founded an on-demand local services marketplace. He is post graduate in Business Management from K J Somaiya Institute of Management, Mumbai, and a graduate degree in Economics, he brings over two decades of experience across Business Development, Credit and Risk Management, Product, Distribution, and Operations",,https://event-engine-prod-media.s3.ap-south-1.amazonaws.com/uploads/e960c965-fc8c-41cf-a368-647bcbe20a80-mr.-arindam-das--website-photo.png,Building the Next Generation Digital Economy: Policy Priorities for Fintech Growth,A0817,https://www.globalfintechfest.com/speakers,2026-08-12T13:58:49Z,active,2026,arindam das,6a7c768616afc6a8747c9afa
Mr. Arun Kohli,Managing Director and Country Head of India,Morgan Stanley,India,$5e,,https://event-engine-prod-media.s3.ap-south-1.amazonaws.com/uploads/3ee23b4c-61a6-47ae-ab81-5660e06606af-mr.-arun-kohli-website-photo.png,Access for the Global Capital: India on the World Map - Harmonising Regulations for Global Investors,A0796,https://www.globalfintechfest.com/speakers,2026-08-12T13:58:49Z,active,2026,arun kohli,6a7c768616afc6a8747c9afb
Mr. Ashish Kashyap,Founder & CEO,INDmoney,India,"Ashish Kashyap is a serial technology entrepreneur and the Founder of INDmoney, a leading wealth management and investment App. INDmoney empowers users to track and grow their NetWorth and at the same time enables investments across US and Indian markets from a single platform. Prior to launching INDmoney in 2019, Ashish previously founded leading travel group, ibibo Group (Goibibo, redBus) and payments fintech platform PayU India. Ashish is also an x-Googler.",,https://event-engine-prod-media.s3.ap-south-1.amazonaws.com/uploads/b8345d72-b030-4815-8b5b-43f31ab2f817-mr.-ashish-kashyap-website-photo.png,From Wallets to Wealth Rails: How Payment Platforms Are Becoming Credit and Investment Infrastructure,A1021,https://www.globalfintechfest.com/speakers,2026-08-12T13:58:49Z,active,2026,ashish kashyap,6a7c768616afc6a8747c9afc
Mr. Ashish Runwal,Chief Executive Officer,Ruloans Financial Services,India,"Mr. Ashish Runwal is a visionary business leader with a distinguished career spanning banking, financial services and business transformation. Having led organizations through growth and change, he has been instrumental in building multiple business verticals, launching innovative lending solutions and scaling high performing teams across sales, credit, operations and strategy. His leadership has driven profitable growth, strengthened governance, optimized operational efficiency and forged strategic partnerships that create long term value. Renowned for converting vision into execution, he has successfully built businesses from the ground up, spearheaded market expansion initiatives and championed technology led transformation. With a leadership philosophy rooted in innovation, customer trust and sustainable growth, he continues to inspire teams, shape industry excellence and create meaningful impact across the financial ecosystem.",,https://event-engine-prod-media.s3.ap-south-1.amazonaws.com/uploads/61bdd5dd-2bca-4873-ac7e-40a7942ea224-mr.-ashish-runwal-website-photo.png,,,https://www.globalfintechfest.com/speakers,2026-08-12T13:58:49Z,active,2026,ashish runwal,6a7c768616afc6a8747c9afd
Mr. Ashish Shah,Deputy Managing Director,BOBCARD,India,,,https://event-engine-prod-media.s3.ap-south-1.amazonaws.com/uploads/c67519cc-7f70-4c1f-ae1e-a290512fa7ac-mr.-ashish-shah-website-photo.png,AI-Driven Credit Scoring for Underserved MSMEs,A1000,https://www.globalfintechfest.com/speakers,2026-08-12T13:58:49Z,active,2026,ashish shah,6a7c768616afc6a8747c9afe
Mr. Ashok Chandra,MD & CEO,Punjab National Bank,India,"Shri Ashok Chandra assumed charge as Managing Director & Chief Executive Officer of Punjab National Bank on 16th January 2025 bringing over 34 years of rich banking experience Prior to his current assignment, Shri Chandra was Executive Director of Canara Bank. In this capacity, he has overseen various Verticals including Digital Banking and Information Technology, Strategy and Planning, Marketing,Financial Inclusion, MSME, Retail Asset,etc. He was also a Director in the Board of Canara HSBC Life Insurance Company Limited, PSB Alliance Ltd. and Canara Venture Capital Fund Ltd . Earlier, as Chief General Manager at Union Bank of India, he headed the Recovery, Legal, and Stressed Asset Management Vertical and served on the Board of NARCL Shri Chandra holds a Master’s in Economics and is also a Certified Associate of Indian Institute of Bankers. He was chosen to be a part of the leadership programme designed by the Banks Board Bureau and conducted by IIM Bangalore during 2019-2020.",,https://event-engine-prod-media.s3.ap-south-1.amazonaws.com/uploads/5c5692cf-8bb0-4c73-b233-baf7cba2ea13-ashok-chandra-website-photo.png,,,https://www.globalfintechfest.com/speakers,2026-08-12T13:58:49Z,active,2026,ashok chandra,6a7c768616afc6a8747c9aff
Mr. Ashwini Kumar Tewari,Managing Director (CB&S),State Bank of India,India,,,https://event-engine-prod-media.s3.ap-south-1.amazonaws.com/uploads/93133750-f0cc-46ca-a864-f7624a9a9ba9-ashwini-tewari-website-photo.png,,,https://www.globalfintechfest.com/speakers,2026-08-12T13:58:49Z,active,2026,ashwini kumar tewari,6a7c768616afc6a8747c9b00
Mr. Atis Ivanovs,"Head of Business Growth, Europe",Unlimit,United Kingdom,"Atis Ivanovs is Head of Business Growth for Europe and the UK at Unlimit. With over a decade of experience across sales, finance, customer care, and e-payment processes, he has held key roles in the financial sector, including at Citadele Banka and Amway Europe. Since joining Unlimit in 2020, Atis has served in various positions – including Business Growth Lead, Senior Customer Success Manager, and Client Relations Manager – playing a vital role in the company’s expansion across the European market. His expertise in cross-border payment challenges and alternative payment methods has been highlighted in industry discussions. In addition to speaking at the iFX Expo Dubai, Atis is a regular attendee at leading international fintech events such as Money20/20, Shoptalk, Consensus, and Mobile World Congress (MWC), where he keeps up with the latest trends and innovations in the industry.",https://www.linkedin.com/in/atis-ivanovs-8b57aa86/,https://event-engine-prod-media.s3.ap-south-1.amazonaws.com/uploads/328828d3-7a8f-42dd-87dd-64bfae743765-mr.-atis-ivanovs-website-photo.png,,,https://www.globalfintechfest.com/speakers,2026-08-12T13:58:49Z,active,2026,atis ivanovs,6a7c768616afc6a8747c9b01
Mr. Avinash Karn,Senior Director of AI Strategy,PayPal India,India,"Avinash Karn is Senior Director of AI Strategy at PayPal, where he leads AI strategy and engineering within PayPal's central AI group and builds AI products — both customer facing and internal — that shape how the company operates in the age of Agentic AI. His portfolio spans Business AI Transformation programs that tie AI investment to measurable business outcomes; Agentic Commerce, positioning PayPal as the economic operating system for the agent economy; an AI Fluency Index measuring enterprise adoption maturity; and foundational AI Research advancing PayPal's frontier AI capabilities. A first-principles, frameworks-driven leader, Avinash sits at PayPal's leadership table on AI positioning and competitive strategy, and shapes academic and industry dialogue across India on the future of AI-native enterprises.",https://www.linkedin.com/in/avinashkarn/,https://event-engine-prod-media.s3.ap-south-1.amazonaws.com/uploads/10d42a1e-cc6b-4c25-97a9-e57a5920a26a-mr.-avinash-karn-website-photo.png,,,https://www.globalfintechfest.com/speakers,2026-08-12T13:58:49Z,active,2026,avinash karn,6a7c768616afc6a8747c9b02
Mr. Avinash Raghavendra,President & CIO,Axis Bank,India,,,https://event-engine-prod-media.s3.ap-south-1.amazonaws.com/uploads/ce5168a0-20a5-44b2-839f-e237130b1609-mr.-avinash-raghavendra-website-photo.png,"Shared Intelligence, Zero Data Exposure: Reinventing AI Collaboration in Banking",A0493,https://www.globalfintechfest.com/speakers,2026-08-12T13:58:49Z,active,2026,avinash raghavendra,6a7c768616afc6a8747c9b03
Mr. Balaji Koustubha,Founder and CEO,CredResolve,India,"Balaji Koustubha is the Founder and CEO of CredResolve, an Indian technology company redefining collections in one of the most misunderstood corners of financial services. An IIT Roorkee alumnus, Balaji spent his earlier years at WheelsEye building unsecured credit lines for retail fleet owners and supply-chain financing for SMEs, an experience that seeded his conviction that technology could transform India's most fragmented, operationally heavy corners of credit.",,https://event-engine-prod-media.s3.ap-south-1.amazonaws.com/uploads/812a2075-f097-4251-a15d-cfa615142f31-mr.-balaji-koustubha-website-photo.png,Cyber Secure Finance: Building Trust in India's Digital Economy,A1034,https://www.globalfintechfest.com/speakers,2026-08-12T13:58:49Z,active,2026,balaji koustubha,6a7c768616afc6a8747c9b04
Mr. Balaji Narayanamurthy,Chief Data Officer,IndusInd Bank,India,$92,,https://event-engine-prod-media.s3.ap-south-1.amazonaws.com/uploads/6f390000-263e-49a8-bff5-075a7e122d14-mr.-balaji-narayanmurthy-website-photo.png,Frictionless Customer Onboarding with AI,A1015,https://www.globalfintechfest.com/speakers,2026-08-12T13:58:49Z,active,2026,balaji narayanamurthy,6a7c768616afc6a8747c9b05
Mr. Basu Agarwal,Founder & CEO,Simplifin.ai,India,"Basu Agarwal is the Founder & CEO of Simplifin.ai, an AI-powered wealthtech platform focused on democratizing mutual fund distribution through ONDC and the latest technology stack. With over a decade of experience in fintech and AI, he has built and delivered digital AI solutions for multiple leading financial institutions and fintech companies. He is driving the next generation of mutual fund infrastructure by leveraging AI, open digital networks, and intelligent automation to enable seamless investing at scale. Basu's vision is to make mutual fund investing accessible to every corner of India, empowering distributors, advisors, and digital platforms to reach millions of underserved investors. He believes AI will play a transformative role in helping individuals achieve their financial goals through personalized, inclusive, and technology-driven wealth management.",,https://event-engine-prod-media.s3.ap-south-1.amazonaws.com/uploads/09dfa5a2-09c6-49bf-aaf2-68809dd65c41-mr.-basu-agarwal-website-photo.png,Building Bharat's Investments Infrastructure: FY26 and Beyond,A1082,https://www.globalfintechfest.com/speakers,2026-08-12T13:58:49Z,active,2026,basu agarwal,6a7c768616afc6a8747c9b06
Mr. Benjamin Lee,Chief Operating Officer,Nexus Global Payments,Singapore,"Benjamin Lee is the Interim Chief Operating Officer of Nexus Global Payments (NGP), where he leads the operationalisation of Nexus, a pioneering multilateral arrangement connecting domestic fast payment systems for seamless cross-border payments. Involved from inception, he previously served as Product Owner and Implementation Lead, helping progress Nexus from a BIS Innovation Hub experiment into a Singapore-headquartered, not-for-profit company co-owned by participating central banks. Before NGP, Benjamin was a senior member of the BIS Innovation Hub Singapore Centre, including as Acting Centre Head, and held senior roles at the Monetary Authority of Singapore and Ministry of Finance. He was also based in Washington, DC, representing Singapore on the World Bank Group Executive Board. He regularly speaks on payments innovation, cross-border collaboration and financial infrastructure.",,https://event-engine-prod-media.s3.ap-south-1.amazonaws.com/uploads/5eb8cca1-7e33-4b24-8add-37eea07a3c69-mr.-benjamin-lee-website-photo.png,Interoperability as Strategy: Who Will Connect the New Financial System?,A0987,https://www.globalfintechfest.com/speakers,2026-08-12T13:58:49Z,active,2026,benjamin lee,6a7c768616afc6a8747c9b07
Mr. Bharat Joshi,Co-founder & Chief Product Officer,VuNet Systems,India,"Bharat Joshi is the Co-founder and Chief Product Officer at VuNet Systems, where he leads product strategy, customer success, and business operations to deliver impactful observability solutions at scale. With over 25 years of experience in building secure, scalable software for infrastructure, networking, and observability, Bharat blends technical depth with business leadership. Before VuNet, Bharat was part of Infosys, with expertise spanning software architecture, project leadership, and product development. He is a co-founder of the India Internet Engineering Society (IIESoc) and an active contributor to the IETF, with several RFCs to his credit. Bharat is also a frequent speaker at industry forums and panel events, and he hosts VuNet’s podcast “Observability Talk.” An Electrical Engineering graduate from HBTI Kanpur, Bharat remains passionate about using technology to solve complex business problems while contributing actively to open-source and standards communities.",https://www.linkedin.com/in/bharatjosh/,https://event-engine-prod-media.s3.ap-south-1.amazonaws.com/uploads/461b589a-d05d-4ea0-b412-6e2561fe75fd-mr.-bharat-joshi-website-photo.png,AI Observability and Monitoring at Scale,A0906,https://www.globalfintechfest.com/speakers,2026-08-12T13:58:49Z,active,2026,bharat joshi,6a7c768616afc6a8747c9b08
Mr. Bhavin Patel,CEO & Co-Founder,LenDenClub,India,"Bhavin Patel is the Co-Founder & CEO of Vartis Platforms, the parent of LenDenClub, InstaMoney, and Vartis One. With over a decade of experience in the lending domain, he has built one of India's most trusted and innovative fintech ecosystems. Journey & Achievements Pioneered Peer-to-Peer Lending in India: Built LenDenClub, now the country's leading RBI-regulated NBFC-P2P platform. Driving Financial Inclusion: Created access to credit for thousands of underserved borrowers while enabling lakhs of investors to diversify into alternate assets. Profitability & Scale: Led the company to become EBITDA positive in 4 of the last 5 years, achieving 236 cr in revenue and 34 cr PAT in FY25. Innovation in Lending: Developed a proprietary AI-driven credit assessment model using 600+ data points, ensuring NPAs consistently below 4%. Diversified Businesses: Expanded into InstaMoney (Loan Service Platform) and Vartis One (Technology Service Provider), serving both consumers and enterprises.",https://www.linkedin.com/in/bhavinpatel2022/,https://event-engine-prod-media.s3.ap-south-1.amazonaws.com/uploads/b7b3b6cf-6b44-4fcd-9c6a-070177fdc7ab-bhavin-patel-website-photo.png,End-to-End AI in Credit: Faster Underwriting & Smarter Collections,A0831,https://www.globalfintechfest.com/speakers,2026-08-12T13:58:49Z,active,2026,bhavin patel,6a7c768616afc6a8747c9b09
Mr. Biju Raj,COO and Head of Strategy,Broadridge Financial Solutions,India,"Biju Raj is the Chief Operating Officer & Head of Strategy at Broadridge India, where he leads business strategy and operations with a focus on driving efficiency, innovation, and sustainable long-term impact. With over 20 years of leadership experience across organizations including Shell, SAP, Al Futtaim, and entrepreneurial ventures in IT consulting and climate technology, he has led multi-billion-dollar transformation programs, built global Centers of Excellence, and leveraged emerging technologies to enhance customer experience and business agility. As the co-founder of climate-tech startup deCarbon AI, Biju brings an entrepreneurial mindset and a passion for sustainability and innovation.",,https://event-engine-prod-media.s3.ap-south-1.amazonaws.com/uploads/46d56408-2afa-483e-b5c6-409f157aa884-mr.-biju-raj-website-photo.png,From Access to Outcomes: The Next Chapter of WealthTech,A1131,https://www.globalfintechfest.com/speakers,2026-08-12T13:58:49Z,active,2026,biju raj,6a7c768616afc6a8747c9b0a
Mr. Bikramjeet Singh Ghuman,Executive Vice President,SBI Card and Payment Services Limited,India,"Bikramjeet Ghuman is a senior financial services and payments leader with over two decades of experience spanning product management, payment innovations, revenue management, digital marketing and customer-centric growth. As Executive Vice President at SBI Card, he has played a key role in shaping products, partnerships and innovations that have contributed to the evolution of India’s credit card and payments ecosystem. His experience covers the full spectrum of the payments value chain, with a strong focus on creating differentiated customer propositions and driving sustainable business growth.",,https://event-engine-prod-media.s3.ap-south-1.amazonaws.com/uploads/adf73e21-6b83-4e60-b482-69237098af5a-mr.-bikramjeet-singh-ghuman--website-photo.png,,,https://www.globalfintechfest.com/speakers,2026-08-12T13:58:49Z,active,2026,bikramjeet singh ghuman,6a7c768616afc6a8747c9b0b
Mr. Bipin Preet Preet Singh,"Co-Founder, MD and CEO",MobiKwik,India,"Bipin Preet Singh is the Managing Director, Co-Founder, and CEO of One MobiKwik Systems Ltd. He founded MobiKwik with a vision to transform the digital payments landscape in India. Bipin is a product enthusiast who loves good tech and smart engineers. He holds a bachelor’s degree in electrical engineering from the Indian Institute of Technology, Delhi, and has 20+ years of experience in technology, payments, and financial services.",,https://event-engine-prod-media.s3.ap-south-1.amazonaws.com/uploads/c3beff2f-f16d-4843-adb3-5847e636f91d-mr.-bipin-preet-preet-singh-website-photo.png,Intelligent Credit Management: From Risk Monitoring to Debt Resolution,A0770,https://www.globalfintechfest.com/speakers,2026-08-12T13:58:49Z,active,2026,bipin preet preet singh,6a7c768616afc6a8747c9b0c
Mr. Brajesh Khandelwal,EVP & Business Head Lending,Intellect Design Arena,India,$96,https://www.linkedin.com/in/brajesh-khandelwal-839b291a?originalSubdomain=in,https://event-engine-prod-media.s3.ap-south-1.amazonaws.com/uploads/855b2f9a-5466-4f2e-a3a5-149e84c85b3f-mr.-brajesh-khandelwal-website-photo.png,Commercial Lending Reimagined - How AI is Powering Commercial & Retail Lending,A1027,https://www.globalfintechfest.com/speakers,2026-08-12T13:58:49Z,active,2026,brajesh khandelwal,6a7c768616afc6a8747c9b0d
Mr. Brijesh Singh,"Principal Secretary, Directorate of Information & Public Relations",Government of Maharashtra,India,$38,,https://event-engine-prod-media.s3.ap-south-1.amazonaws.com/uploads/6f2eaf03-a387-4725-9d6c-6f36e826d072-mr.-brijesh-rajesh-singh-website-photo.png,Agentic AI vs Cyber Crime: Automation on Both Sides,A1010,https://www.globalfintechfest.com/speakers,2026-08-12T13:58:49Z,active,2026,brijesh singh,6a7c768616afc6a8747c9b0e
Mr. Carlin Crasto,Chief Technology Officer,86400,India,"Carlin Crasto is the Chief Technology Officer at 86400, bringing nearly two decades of experience in designing and scaling enterprise-grade digital payments infrastructure. Having progressed through multiple technology leadership roles within the organization, he has been instrumental in architecting high-performance platforms that power secure, resilient, and high-volume payment ecosystems. His expertise spans UPI, IMPS, BBPS, API Banking, cloud-native architecture, enterprise integration, and payment security. As CTO, Carlin leads the company's technology strategy, product architecture, innovation, and engineering teams, driving the development of next-generation payment infrastructure that enables financial institutions to deliver seamless, scalable, and future-ready digital payment experiences.",https://www.linkedin.com/in/carlincrasto/,https://event-engine-prod-media.s3.ap-south-1.amazonaws.com/uploads/f1f59715-0848-414c-93f1-dcba020dd393-mr.-carlin-crasto-website-photo.png,,,https://www.globalfintechfest.com/speakers,2026-08-12T13:58:49Z,active,2026,carlin crasto,6a7c768616afc6a8747c9b0f
Mr. Challa Sreenivasulu Setty,Chairman,State Bank of India,,"Mr. Challa Sreenivasulu Setty took over as Chairman of State Bank of India on 28th August 2024. He joined the Board of SBI as Managing Director in January 2020 and headed Retail & Digital Banking, International Banking, Global Markets & Technology verticals. A Bachelor of Science in Agriculture and also, a Certified Associate of Indian Institute of Bankers, he started his career with State Bank of India in 1988 as a Probationary Officer. Across a career spanning over three decades, he has rich experience in Corporate credit, Retail, Digital and International banking and banking in developed markets. Mr. Setty has held key assignments in State Bank of India in Stressed Assets Management, Corporate banking, Mid-Corporate banking, Global Markets and Technology both in India and abroad.",,https://event-engine-prod-media.s3.ap-south-1.amazonaws.com/uploads/6f9222ff-9784-44ff-a227-1549e4104388-mr.-challa-sreenivasulu-setty-website-photo.png,,,https://www.globalfintechfest.com/speakers,2026-08-12T13:58:49Z,active,2026,challa sreenivasulu setty,6a7c768616afc6a8747c9b10
Mr. Chandan Khaitan,Chief Executive Officer,Muthoot FinCorp ONE,India,"Chandan Khaitan is a seasoned leader with over 20 years of experience in building successful businesses across FMCG, Retail, Commerce and Financial Services. Chandan is a Harvard Business School alumni and a Chartered Accountant. He specializes in creating technologybased businesses and P&L Management. He has held various leadership positions across the Commerce, Technology, Strategy and Finance domain. He holds the honour of being selected as one of the sixteen high-potential associates globally, across the Walmart International program to develop future leaders, under the direct mentorship of the Walmart International CEO. He has a keen interest in sports and plays tennis regularly, while also being an avid trekker and a mountaineering enthusiast. His previous stints also include working in organizations like Flipkart, Walmart, Reckitt Benckiser Group, Nestle India Ltd. and Perfetti Van Melle.",https://www.linkedin.com/in/chandan-khaitan-79153423/,https://event-engine-prod-media.s3.ap-south-1.amazonaws.com/uploads/56369f0c-261c-442b-aeb5-9fe68fb71c41-mr.-chandan-khaitan-website-photo.png,"Intelligent Credit: Building Trust, Access & Scale in the Platform Economy",A0702,https://www.globalfintechfest.com/speakers,2026-08-12T13:58:49Z,active,2026,chandan khaitan,6a7c768616afc6a8747c9b11
Mr. Chandershekhar Sharma,DMD (Transaction Banking),State Bank of India,India,,,https://event-engine-prod-media.s3.ap-south-1.amazonaws.com/uploads/24919e7b-f292-419b-b06b-0ce11d2481b9-mr.-chandershekhar-sharma-website-photo.png,"AI as a Growth Engine for Banking: Sales Intelligence, Cross-Sell, and Customer Reach Across Segments",A1016,https://www.globalfintechfest.com/speakers,2026-08-12T13:58:49Z,active,2026,chandershekhar sharma,6a7c768616afc6a8747c9b12
Mr. Chetan Krishnaswamy,VP Public Policy,Amazon,India,"Chetan Krishnaswamy is the Vice President of Public Policy at Amazon India, where he leads policy engagement and strategic advocacy across India’s fast-evolving digital economy. With over two decades of experience spanning public policy, corporate affairs, technology, and media, Chetan has held leadership roles at Google, Dell Technologies, and Intel. He is widely recognized for building strong public-private partnerships and for shaping conversations around technology, innovation, and inclusive digital growth in India. Prior to his corporate career, he worked as a journalist covering technology and business.",https://in.linkedin.com/in/chetan-krishnaswamy-87280210,https://event-engine-prod-media.s3.ap-south-1.amazonaws.com/uploads/f4a51ff1-ccc2-4c4f-a834-5340890950ce-mr.-chetan-krishnaswamy-website-photo.png,,,https://www.globalfintechfest.com/speakers,2026-08-12T13:58:49Z,active,2026,chetan krishnaswamy,6a7c768616afc6a8747c9b13
Mr. Chinmaya Golecha,Principal,PeakXV Partners,India,,,https://event-engine-prod-media.s3.ap-south-1.amazonaws.com/uploads/a55db9d5-3f66-48b1-a2f6-1b799f0b4b08-mr.-chinmaya-golecha-website-photo.png,"Fintech IPOs, M&A and the Next Wave of Exits",A1044,https://www.globalfintechfest.com/speakers,2026-08-12T13:58:49Z,active,2026,chinmaya golecha,6a7c768616afc6a8747c9b14
Mr. Christophe Mariette,Director & Partner,Lyra,,"Christophe Mariette is a Director Partner of Lyra Group. He is also the co-founder and Chairman of Lyra India since 2007. For 20 years, he has been managing the business of Lyra Group and the growth of Lyra in the landscape of innovative and secure payment which is dealing with more than 20 billion payments per year. Thanks to the Lyra’s links between France and India, he has been introducing the Indian Instant payment method UPI in Europe on Iconic places such as Eiffel Tower, Galeries Lafayette, Extime (French Airports), Bicester Village .... Passionate of international development, Christophe Mariette has travelled all around the world to develop Lyra. He has been also nominated French Foreign Trade Adviser by French Prime Minister. Before joining Lyra, he has been working for Thales in R&D and then in international business for telecom and aircraft systems. Christophe Mariette has studied in software and Aircraft engineering schools",,https://event-engine-prod-media.s3.ap-south-1.amazonaws.com/uploads/80f7bb37-d676-40d4-9cc0-fd3a0fdd1100-mr.-christophe-mariette-website-photo.png,,,https://www.globalfintechfest.com/speakers,2026-08-12T13:58:49Z,active,2026,christophe mariette,6a7c768616afc6a8747c9b15
Mr. D Surendran,Executive Director,Punjab National Bank,India,"Shri D. Surendran is a Post Graduate in Agriculture from Annamalai University and also a Certified Associate of the Indian Institute of Bankers. He has also undergone Leadership Development Programme for Senior Executives by Banks Board Bureau at Indian Institute of Management, Bengaluru.He started his career in Canara Bank as an Agriculture Extension Officer (AEO) in the year 1990 and has served the Bank for last 34 years in various capacities in the States of Karnataka, Tamil Nadu, West Bengal, New Delhi and Andhra Pradesh. He has headed Very Large Branches and Exceptionally Large Branches. He has worked as General Manager in Karnataka Gramin Bank and has headed Canara Bank Circle Office, Madurai. His experience includes Branch Banking, Priority Credit, MSME, Retail Credit, Recovery and Human Resources. Currently, he is the Non-Executive Chairman on the Board of PNB Cards and Services Limited and is also on the Board of PNB Housing Finance Limited.",,https://event-engine-prod-media.s3.ap-south-1.amazonaws.com/uploads/d35a1f65-425b-499f-a3cc-d88b61f0e2ba-mr.-d-surendran-website-photo.png,Credit for Gig Workers: Designing Consumer Loan Products for Irregular Income Profiles,A0839,https://www.globalfintechfest.com/speakers,2026-08-12T13:58:49Z,active,2026,d surendran,6a7c768616afc6a8747c9b16
Mr. David Watson,President & CEO,The Clearing House,United States of America,$3c,,https://event-engine-prod-media.s3.ap-south-1.amazonaws.com/uploads/c0778260-2277-4a03-b0c5-755440bbe978-mr.-david-watson-website-photo.png,Balancing Domestic Control and Global Reach: How Established Clearing and Settlement Infrastructure and Emerging Digital Asset Interoperability will Shape the Future of Payments,A0658,https://www.globalfintechfest.com/speakers,2026-08-12T13:58:49Z,active,2026,david watson,6a7c768616afc6a8747c9b17
Mr. Debiprasad Sarangi,Chief Executive Officer,IServeU Techonologies,India,"Debiprasad Sarangi is a fintech visionary and payments evangelist, serving as the Co-founder and CEO of iServeU, a leading Banking-as-a-Service (BaaS) provider. An engineer by training, he began his career at GI Technology, where he played a key role in building India's first wallet infrastructure, iCash. In 2016, he founded iServeU to modernize banking infrastructure through cloud-native, microservices-based technology. Under his leadership, iServeU has built a robust payments platform processing over 3 million transactions daily and supporting 1,000+ TPS, with capabilities spanning UPI, card issuance, fraud management, and embedded lending. Sarangi has led the company in onboarding over 15 banks globally while advancing financial inclusion through secure, scalable banking solutions. A recognized thought leader, he has been a speaker at Global Fintech Fest (GFF) 2025 and IAMAI India Digital Summit (IDS) 2026, and a panelist at Bharat Startup Summit (BSS) 2026.",https://www.linkedin.com/in/debiprasad-sarangi-isu/?lipi=urn%3Ali%3Apage%3Ad_flagship3_detail_base%3BhuytKxg2T6yoZbHbi7COrw%3D%3D,https://event-engine-prod-media.s3.ap-south-1.amazonaws.com/uploads/f0534c8a-3f89-4c13-a631-247bcd499ee2-mr.-debiprasad-sarangi-website-photo.png,"Intelligent Payments Operations: AI, Automation and the Future of Payment Reliability",A0760,https://www.globalfintechfest.com/speakers,2026-08-12T13:58:49Z,active,2026,debiprasad sarangi,6a7c768616afc6a8747c9b18
Mr. Deep Agrawal,Head of Payments,PhonePe,India,"A technologist at heart, Deep has passionately driven the adoption of digital platforms and products at population scale over the course of his 15 years’ experience across consumer technology, banking and payments. At PhonePe, he oversees the entire payments suite of offerings and has been instrumental in driving PhonePe’s foray into multiple business lines and products which are first of their kind. An early proponent of UPI, his expertise lies in identifying white space opportunities and creating innovative offerings utilising open platforms and by forging strategic partnerships. Prior to this, Deep was Executive Vice President, Digital Banking at YES Bank where he was responsible for setting up the emerging digital payments vertical. At YES Bank, he was also responsible for incubating and launching products such as YES Bank’s UPI and Aadhaar based payment solutions along with YES SIMsePAY with industry first solutions and partnerships resulting in market leadership for YES Bank in digital payments.",,https://event-engine-prod-media.s3.ap-south-1.amazonaws.com/uploads/6b8999f8-5ed8-4ebc-855f-95b90cf24544-mr.-deep-agrawal-website-photo.png,Programmable Money: When Payments Become Intelligent & Context Aware,A1023,https://www.globalfintechfest.com/speakers,2026-08-12T13:58:49Z,active,2026,deep agrawal,6a7c768616afc6a8747c9b19
Mr. Deepak Jain,CEO & Co-Founder,FlexiLoans,,,https://www.linkedin.com/in/deepak-jain-81a4048/?originalSubdomain=in,https://event-engine-prod-media.s3.ap-south-1.amazonaws.com/uploads/1c53228a-7f3c-4582-a2e8-675561ad56d2-mr.-deepak-jain-website-photo.png,"Cheaper to Run, Not Cheaper to Fund: Confronting NBFC Lending's Unsolved Capital Cost Problem",A0795,https://www.globalfintechfest.com/speakers,2026-08-12T13:58:49Z,active,2026,deepak jain,6a7c768616afc6a8747c9b1a
Mr. Deepak Mahaur,"Head - Digital Platforms, Channels & Partnerships",ICICI Bank,India,"Deepak Mahaur is Head – Digital Banking at ICICI Bank, where he leads the digital banking agenda with a focus on creating simple, intuitive, clutter-free and reliable digital experiences for customers. He brings over two decades of experience across financial services, digital transformation, technology, partnerships, customer experience and business leadership. Deepak has held diverse leadership roles across ICICI Bank and ICICI Lombard, spanning digital banking, real estate finance, insurance and strategic initiatives. His experience spans building customer-centric solutions, developing strategic partnerships, leading high-performing teams and managing complex business requirements. Prior to joining ICICI Bank, Deepak spent 17 years with ICICI Lombard, progressing through leadership roles and ultimately heading the Specialized Industries Group covering Aviation, Construction and Oil & Gas. He holds a Post Graduate Diploma in Management from IIM Lucknow and a B.Tech. in Electrical Engineering.",,https://event-engine-prod-media.s3.ap-south-1.amazonaws.com/uploads/e9624587-7361-4210-9b81-54291e524f12-mr.-deepak-mahaur-website-photo.png,"The Future of Bill Payments: Intelligent, Tokenised, and Always-On",A0740,https://www.globalfintechfest.com/speakers,2026-08-12T13:58:49Z,active,2026,deepak mahaur,6a7c768616afc6a8747c9b1b
Mr. Deepak Mendiratta,"Chief Executive Officer, PayU Finance",PayU Finance,India,"Deepak Mendiratta is the Chief Executive Officer of PayU Finance, the lending arm of PayU. Prior to this, he was the Chief Risk Officer at PayU India Credit. In his multifaceted role at PayU, Deepak has expertly navigated various responsibilities, including leading teams across risk management, policy, businesses and product, legal, and more. Deepak comes with over two decades of experience in banking and financial service industry spanning across lending, deposits, and payments. Prior to joining PaySense, which got acquired by PayU, Deepak served as the Head of Consumer Business and Product in Reliance Payment Solutions. He has also worked with Standard Chartered Bank and Capital One across multiple roles in product, data and marketing in unsecured lending businesses. Deepak holds a Post Graduate Diploma in Business Administration from NMIMS, Mumbai.",https://www.linkedin.com/in/deepak-mendiratta-5a7b02/,https://event-engine-prod-media.s3.ap-south-1.amazonaws.com/uploads/02010f61-1ccb-4853-869c-2ce8d0e563ad-deepak-mendiratta-website-photo.png,Compliance by Design: Embedding Governance into Financial Products,A0841,https://www.globalfintechfest.com/speakers,2026-08-12T13:58:49Z,active,2026,deepak mendiratta,6a7c768616afc6a8747c9b1c
Mr. Deepak Shenoy,Founder & CEO,Capitalmind Mutual Fund,India,"Deepak Shenoy is the Founder of Capitalmind, the financial services group behind Capitalmind Wealth (PMS), Capitalmind Asset Management (Mutual Fund), and Capitalmind Alternative Investment Funds (AIFs), with a combined managed AUM of over ₹5000 crore. Over the past decade, he has built Capitalmind from a widely followed markets and investing blog and an independent research platform into a research-driven diversified financial services business recognized for combining quantitative discipline with long-term investing principles. Among India's most influential voices on investing and financial markets, Deepak is known for making complex financial ideas accessible to investors. His insights on markets, economic policy, and wealth creation are widely followed, and his bestselling book, Money Wise, has become a trusted guide for long-term investors seeking a practical framework for building wealth.",,https://event-engine-prod-media.s3.ap-south-1.amazonaws.com/uploads/600a5b42-d62f-4303-98ec-f7c5079cd6d4-mr.-deepak-shenoy-website-photo.png,AI in Asset Management: From Portfolio Construction to Investor Engagement,A0487,https://www.globalfintechfest.com/speakers,2026-08-12T13:58:49Z,active,2026,deepak shenoy,6a7c768616afc6a8747c9b1d
Mr. Devraj Sanyal,"Chief of AI, and Data Science Officer",Reserve Bank Innovation Hub (RBIH),India,,https://www.linkedin.com/in/devraj-sanyal-754b111a1/,https://event-engine-prod-media.s3.ap-south-1.amazonaws.com/uploads/4ebbbfd6-35b8-4237-818c-a0e06df43441-mr.-devraj-sanyal-website-photo.png,Beyond Transaction Monitoring: Hunting Mule Networks in Real Time,A0343;A0349,https://www.globalfintechfest.com/speakers,2026-08-12T13:58:49Z,active,2026,devraj sanyal,6a7c768616afc6a8747c9b1e
Mr. Dharshan Shanthamurthy,Founder & CEO,SISA,India,,,https://event-engine-prod-media.s3.ap-south-1.amazonaws.com/uploads/1196722b-d89d-4067-9726-33610f1c4c0a-mr.-darshan-shanthamurthy-website-photo.png,Privacy in an Agentic AI World: Redefining Consent,A0479,https://www.globalfintechfest.com/speakers,2026-08-12T13:58:49Z,active,2026,dharshan shanthamurthy,6a7c768616afc6a8747c9b1f
Mr. Dilip Modi,Founder & CEO,Spice Money,India,"Dilip Modi is the Chairman of DiGiSPICE Technologies and Founder & CEO of Spice Money, driving financial inclusion across rural India through a million-strong network of Adhikari nanopreneurs. Beyond fintech, he scales enterprises through iExponential using disruptive technology and champions social innovation via Ek Soch. He also actively mentors startups like Shuttl and Uolo. Recognized as the youngest President of ASSOCHAM and Chairman of COAI, Modi’s achievements have earned him the Gujarat Chamber’s Youth Icon Award and the Social Entrepreneur of the Year honor at the ET Entrepreneur Awards 2025.",,https://event-engine-prod-media.s3.ap-south-1.amazonaws.com/uploads/4a32f89c-68cf-456f-9d88-7cd4bf0ac02f-mr.-dilip-modi-website-photo.png,"The Future of PPIs: Regulation, Innovation & Emerging Use Cases",A0748,https://www.globalfintechfest.com/speakers,2026-08-12T13:58:49Z,active,2026,dilip modi,6a7c768616afc6a8747c9b20
Mr. Dinesh Pai,"Head, Investments",Zerodha,India,Dinesh heads investments for Zerodha/Rainmatter. He is also part of the Zerodha Founder's office.,,https://event-engine-prod-media.s3.ap-south-1.amazonaws.com/uploads/bef1d7b8-9afe-49f1-b9ce-9dc2c833c735-mr.-dinesh-pai-website-photo.png,Where Will the Next $100 Billion in Fintech Capital Go?,A1043,https://www.globalfintechfest.com/speakers,2026-08-12T13:58:49Z,active,2026,dinesh pai,6a7c768616afc6a8747c9b21
Mr. Dipak Kumar De,Deputy Managing Director,State Bank of India,India,,,https://event-engine-prod-media.s3.ap-south-1.amazonaws.com/uploads/d58cfea0-dc05-42ac-8b38-0ddf263f0f12-mr.-dipak-kumar-de-website-photo.png,"Co-Designing Responsible AI: BFSI, Regulators & the Future of Financial Innovation",A0483,https://www.globalfintechfest.com/speakers,2026-08-12T13:58:49Z,active,2026,dipak kumar de,6a7c768616afc6a8747c9b22
Mr. Dipesh Karki,Co-Founder & CTO,LenDenClub,India,"Dipesh Karki is the Co-Founder & CTO of Vartis Platforms and LenDenClub where he leads technology and product development for one of India's largest peer-to-peer lending platforms. He oversees the platform's AI-powered credit assessment and machine learning models, driving innovation across the borrowing and lending experience. He has spearheaded a major push into AI and automation — the platform now runs over 20 AI and machine learning models supporting credit assessment, borrower-lender matching, and collections. Under his technology leadership, 95% of loan applications are now assessed within seconds using deep learning models, helping maintain one of the lowest NPA rates in the industry. His work spans LenDenClub's diversified model across P2P lending, Loan Service Provider (LSP), and Technology Service Provider (TSP) businesses. A graduate of NIT Kurukshetra in Electronics and Communication Engineering, he co-founded LenDenClub in 2015.",https://www.linkedin.com/in/deepeshkarkee/,https://event-engine-prod-media.s3.ap-south-1.amazonaws.com/uploads/fcf11107-ea09-49d5-b801-dc0ba96e8667-dipesh-karki-website-photo.png,"Beyond the Bureau Score: Are Alternative Data Models Actually Better, or Just Different?",A0827,https://www.globalfintechfest.com/speakers,2026-08-12T13:58:49Z,active,2026,dipesh karki,6a7c768616afc6a8747c9b23
Mr. Dmytro Kolechko,Chief Executive Officer,Wing Bank (Cambodia) Plc.,Cambodia,"Dr. Dmytro Kolechko Chief Executive Officer, Wing Bank (Cambodia) Plc. Dr. Dmytro Kolechko is a seasoned financial expert with over 26 years of leadership experience across global markets including Ukraine, Bosnia and Herzegovina, and Vietnam. He has a proven track record in market and operational risk management, revenue assurance, and credit management, driving initiatives that optimize risk frameworks, improve efficiency, and boost profitability. Recognized as a catalyst of change, Dmytro is known for anticipating market trends and shaping industry’s best practices. His expertise spans digital transformation, sustainable finance, and integrating advanced technology into banking operations, positioning him as a trusted advisor and forward-thinking leader in the global financial sector.",https://www.linkedin.com/in/dmytro-kolechko-019a8473/?originalSubdomain=kh,https://event-engine-prod-media.s3.ap-south-1.amazonaws.com/uploads/98620cc2-31f6-4b01-a8e0-fdc0c482f8c7-dr.-dmytro-kolechko-website-photo.png,Securing Global Payments: Preparing for the Quantum Era,A0656,https://www.globalfintechfest.com/speakers,2026-08-12T13:58:49Z,active,2026,dmytro kolechko,6a7c768616afc6a8747c9b24
Mr. Dusmanta Kesari Patra,General Manager,Punjab National Bank,India,"Sh. Dusmanta Kesari Patra is a General Manager(Data analytics & strgatic innovation (DA & SI) division. Prior to this assignment,he has served as Deputy CISO. He holds certification in CISSP, CISA,CCNA,CISM,Arcsight SOC analyst etc. Mr. Patra is a hands-on expert in the implementation of advanced cybersecurity deployment. Under his strategic guidance,his team managed an extensive portfolio of 26 distinct cybersecurity components. By taking end-to-end responsibility for these systems,he has built a self-reliant unit that ensures a resilient security posture for the bank’s underlying IT infrastructure,significantly reducing cross-departmental dependencies. He also headed the implementation of NIST approved cipher suite which ensured Post-Quantum Cryptography (PQC) across public-facing websites of PNB. This implementation, ensure neutralizing 'Harvest Now, Decrypt Later' vulnerabilities and significantly hardening the organization's public infrastructure against future quantum threats.",https://www.linkedin.com/in/dusmanta-patra-08048315/,https://event-engine-prod-media.s3.ap-south-1.amazonaws.com/uploads/28d30cf7-5597-4d87-ab80-6e7535eb3674-dusmanta-patra-website-photo.png,"The Future of Money, Markets and Machines: Quantum's Role in Financial Innovation",A1083,https://www.globalfintechfest.com/speakers,2026-08-12T13:58:49Z,active,2026,dusmanta kesari patra,6a7c768616afc6a8747c9b25
Mr. Enoch Malisa,"Head, Business Development",PayInc,Zambia,$82,,https://event-engine-prod-media.s3.ap-south-1.amazonaws.com/uploads/77d079b8-b63e-4626-9a66-4fa3c619d891-mr.-enoch-malisa-website-photo.png,Can Agentic AI Become the New Operating Layer for Financial Services?,A0982,https://www.globalfintechfest.com/speakers,2026-08-12T13:58:49Z,active,2026,enoch malisa,6a7c768616afc6a8747c9b26
Mr. Esam Alkheshnam,Chief Executive Officer,KNET,Kuwait,$87,,https://event-engine-prod-media.s3.ap-south-1.amazonaws.com/uploads/1be95639-f4f6-4496-a7f5-7995117dc1bb-mr.-esam-alkheshnam-website-photo.png,Securing Global Payments: Preparing for the Quantum Era,A0656,https://www.globalfintechfest.com/speakers,2026-08-12T13:58:49Z,active,2026,esam alkheshnam,6a7c768616afc6a8747c9b27
Mr. Fred Bruggink,"VP, Commercial",Tala,United States of America,"Fred Bruggink is VP, Commercial at Tala and a member of its executive leadership team. Tala is a global financial infrastructure company delivering the world's most accessible financial services to the billions of people overlooked by legacy financial institutions. Fred leads Tala's commercial organization across both direct-to-consumer and partner channels, spanning portfolio performance, growth, and business development across Tala's markets. Before Tala, he spent nearly nine years at Boston Consulting Group, as a Partner in the Financial Institutions and Transformation practices, where he advised companies across the US, Latin America, and Asia, and incubated and scaled new ventures through BCG X. He holds a Bachelor of Arts, Cum Laude, in Economics from Harvard University.",,https://event-engine-prod-media.s3.ap-south-1.amazonaws.com/uploads/36a02370-3d6b-4f8d-9367-9bf4103c685c-mr.-fred-bruggink-website-photo.png,"Privacy-Preserving Innovation: DPDP Act, Synthetic Data and the Future of Financial Services",A0880,https://www.globalfintechfest.com/speakers,2026-08-12T13:58:49Z,active,2026,fred bruggink,6a7c768616afc6a8747c9b28
Mr. Frederick Dsouza,President & Business Head Credit Cards,Kotak Mahindra Bank,India,,,https://event-engine-prod-media.s3.ap-south-1.amazonaws.com/uploads/9c987d31-1de1-43f0-a682-28a189dbcfe4-mr.-frederick-dsouza-website-photo.png,AI-Driven Credit Scoring for Underserved MSMEs,A1000,https://www.globalfintechfest.com/speakers,2026-08-12T13:58:49Z,active,2026,frederick dsouza,6a7c768616afc6a8747c9b29
Mr. G Padmanabhan,Former Executive Director,Reserve Bank of India,India,,https://www.linkedin.com/in/gopalaraman-padmanabhan-62934311/,https://event-engine-prod-media.s3.ap-south-1.amazonaws.com/uploads/57637126-cd03-467e-ae8a-2daa3825f2b1-g-padmanabhan-website-photo.png,CASHLESS NATION,A0970,https://www.globalfintechfest.com/speakers,2026-08-12T13:58:49Z,active,2026,g padmanabhan,6a7c768616afc6a8747c9b2a
Mr. Ganesh Ananthanarayanan,Executive Director-Business Operations,Airtel Payments Bank,India,$58,,https://event-engine-prod-media.s3.ap-south-1.amazonaws.com/uploads/d2f06af5-b29d-4548-ae78-7a2cd4a63e77-mr.-ganesh-ananthanarayanan-website-photo.png,"Beyond Automation: RPA, AI & Cultural Readiness for Operational Excellence in Retail Banking",A0467,https://www.globalfintechfest.com/speakers,2026-08-12T13:58:49Z,active,2026,ganesh ananthanarayanan,6a7c768616afc6a8747c9b2c
Mr. Ganesh AR,Group Chief Technology Officer,JioFinance,India,"Mr. Ganesh AR is an Engineer and an alumnus of IIM, Calcutta. He comes with a cross-sectoral experience of over three decades handling large IT transformation initiatives across banking, capital markets and retail industries, wherein he held senior roles across various facets of IT and Information Security. Before joining JFSL in August 2023, he was the CISO at ICICI Bank for a period of five years, prior to which he led Corporate and Treasury IT at the bank for over seven years. In his earlier stint, he was part of the India leadership team at Tesco Shared Services Centre, Bengaluru and was involved in large-scale transition and capability building.",https://www.linkedin.com/in/ganesh-ar-8353741/,https://event-engine-prod-media.s3.ap-south-1.amazonaws.com/uploads/d3fafc32-bbba-4de4-9730-943f548f5072-mr.-ganesh-ar-website-photo.png,,,https://www.globalfintechfest.com/speakers,2026-08-12T13:58:49Z,active,2026,ganesh ar,6a7c768616afc6a8747c9b2b
Mr. Gary Yang,APAC President,Adyen,Singapore,"Gary Yang is the President of Asia-Pacific at Adyen, where he oversees the region's growth and operations. He previously served as Adyen’s Global Head of Account Management and Partnerships, driving merchant success, partnership ecosystem, and commercial growth globally. A seasoned operator, Gary’s career spans leadership roles at high-growth tech platforms, including VP of Operations at Peek and an early General Manager at viagogo, where he scaled international expansion and managed a full P&L. He also has broad experience across strategy consulting (BCG), product management (Microsoft), software engineering (Booz Allen Hamilton), and venture capital (GGV Capital). Gary holds an MBA from Stanford University Graduate School of Business, and a double degree in Computer Engineering and Finance from University of Maryland.",https://www.linkedin.com/in/garyyang/,https://event-engine-prod-media.s3.ap-south-1.amazonaws.com/uploads/cb7f5310-fd8b-4f83-91b6-336decfd9bf1-mr.-gary-yang-website-photo.png,Reimagining Merchant Payments: From Acceptance to Intelligent Commerce Infrastructure,A0997,https://www.globalfintechfest.com/speakers,2026-08-12T13:58:49Z,active,2026,gary yang,6a7c768616afc6a8747c9b2d
Mr. Gaurav Mathur,Founder and CEO,Digital Gold India,India,"Gaurav Mathur is the Founder and CEO of SafeGold. With more than $1+ bn in revenue, 75 million customers, SafeGold is Asia’s largest digital gold platform. SafeGold was ranked the 9th fastest growing company in Asia in 2024 by the Financial Times. It operates in multiple countries, including the UAE, Singapore, Thailand and India and has integrations with more than 100 banks, brokerage and tech firms across the region. Prior to starting SafeGold, Gaurav spent 15 years in the private equity industry as a co-founder of India Equity Partners where he helped raise and invest $650mn and as a Principal with JPMorgan in Singapore where he helped manage a $1bn portfolio. He has served as a Director on the boards of numerous companies including Manappuram Finance, Jubilant Foodworks, Quess Corp, Piramal Glass and MTR Foods. Gaurav started his career with Deutsche Bank in London. He has an MBA from the Indian Institute of Management, Ahmedabad and a BA in Economics from Delhi University.",http://www.linkedin.com/in/gauravmathur-safegold,https://event-engine-prod-media.s3.ap-south-1.amazonaws.com/uploads/f1ece3ba-abb6-4302-8ae9-d8496ec1da01-gaurav-mathur-website-photo.png,AI in Asset Management: From Portfolio Construction to Investor Engagement,A0487,https://www.globalfintechfest.com/speakers,2026-08-12T13:58:49Z,active,2026,gaurav mathur,6a7c768616afc6a8747c9b2e
Mr. Gaurav Mittal,Co- Founder & CEO,Vegapay,India,,https://www.linkedin.com/in/gaurav-mittal-8084349/,https://event-engine-prod-media.s3.ap-south-1.amazonaws.com/uploads/76c7b64f-8759-44e1-8d05-f2fda8e9b898-mr.-gaurav-mittal-website-photo.png,From Wallets to Wealth Rails: How Payment Platforms Are Becoming Credit and Investment Infrastructure,A1021,https://www.globalfintechfest.com/speakers,2026-08-12T13:58:49Z,active,2026,gaurav mittal,6a7c768616afc6a8747c9b2f
Mr. Gaurav Sahgal,Managing Director & Country Head Global Network Banking (Multinational Corporate & Institutional Banking) - India,HSBC,India,Managing the Combined MNC clients of HSBC India within the Corporate and Institutional Banking Business.,https://www.linkedin.com/in/gaurav-sahgal-4419322/,https://event-engine-prod-media.s3.ap-south-1.amazonaws.com/uploads/d460130d-508b-4e45-9b0a-0fda6b36f88e-mr.-gaurav-sahgal-website-photo.png,,,https://www.globalfintechfest.com/speakers,2026-08-12T13:58:49Z,active,2026,gaurav sahgal,6a7c768616afc6a8747c9b30
Mr. Gaurav Shisodia,Vice President & Country Manager (India),Payoneer,India,$50,https://www.linkedin.com/in/gaurav-shisodia-742b5b15/,https://event-engine-prod-media.s3.ap-south-1.amazonaws.com/uploads/6d114e23-c1b9-45c5-acfc-e29a9337e4a2-mr.-gaurav-shisodia-website-photo.png,Outward Remittances: Serving India's Global Citizens with Smarter Cross-Border Money Movement,A0750,https://www.globalfintechfest.com/speakers,2026-08-12T13:58:49Z,active,2026,gaurav shisodia,6a7c768616afc6a8747c9b31
Mr. Gautam Aggarwal,Division President South Asia,Mastercard,India,$9c,https://www.linkedin.com/in/gautamagg,https://event-engine-prod-media.s3.ap-south-1.amazonaws.com/uploads/dadfc562-120e-42e8-8dea-0364e9b670c0-mr.-gautam-aggarwal-website-photo.png,,,https://www.globalfintechfest.com/speakers,2026-08-12T13:58:49Z,active,2026,gautam aggarwal,6a7c768616afc6a8747c9b32
Mr. Gautam Sinha,Chief Executive Officer,LoanTap Financial technologies Private Limited,India,"Gautam Sinha is a dynamic and visionary leader with over two decades of experience in the financial services industry. As CEO of iFLOW, the technology business unit of Loantap, a leading digital lending platform in India, he has emerged as a thought leader in fintech. Gautam's expertise lies in driving value-driven digitization of business processes. Previously, he held pivotal roles at prominent organizations like Infosys, HCL, and Edgeverve/Infosys.",https://www.linkedin.com/in/gautamsinh/,https://event-engine-prod-media.s3.ap-south-1.amazonaws.com/uploads/bec20fcb-553c-49c3-973e-ff7a59ea3261-mr.-gautam-sinha-website-photo.png,,,https://www.globalfintechfest.com/speakers,2026-08-12T13:58:49Z,active,2026,gautam sinha,6a7c768616afc6a8747c9b33
Mr. George Sam,Co-founder & Business Head,Mindgate Solutions,India,"George Sam is Co-Founder & Business Head at Mindgate Solutions, bringing over 20 years of experience in the BFSI industry. Since co-founding Mindgate in 2008, he has grown it into a global payments powerhouse — processing approximately 1 in 5 real-time payments worldwide and over 50% of India's real-time transactions. He oversees business strategy, client engagement, and P&L across all verticals, leading a team of 1,200+ professionals across India, UAE, and Southeast Asia. A postgraduate of IIM Indore, George previously served as Business Head at Byzan System Pvt Ltd. Beyond his corporate role, he actively invests in incubator-stage startups. He envisions Mindgate becoming a leading global player in digital payments within the next three years.",https://www.linkedin.com/in/george-sam-440a2a58/,https://event-engine-prod-media.s3.ap-south-1.amazonaws.com/uploads/19927e40-04ed-4bc1-a0c4-9b561d1a4988-george-sam-website-photo.png,"Shared Intelligence, Zero Data Exposure: Reinventing AI Collaboration in Banking",A0493,https://www.globalfintechfest.com/speakers,2026-08-12T13:58:49Z,active,2026,george sam,6a7c768616afc6a8747c9b34
Mr. Girish Budhiraja,Chief Sales & Marketing Officer,SBI Cards & Payment Services,India,"Mr. Girish Budhiraja is the Executive Vice President and Chief Sales and Marketing Officer at SBI Card. In his current role he strategically drives revenue growth and product innovation at SBI Card. Girish has a wealth of knowledge across Cards & payment industry while working with revered Global and Indian brands. He has a deep understanding of consumer behavior, emerging trends, digital payment platforms and unsecured lending. He holds a post-graduate diploma in management from the Indian Institute of Management, Bangalore, and bachelor’s degree in technology in mining engineering from the Indian Institute of Technology (Indian School of Mines), Dhanbad",,https://event-engine-prod-media.s3.ap-south-1.amazonaws.com/uploads/09e000ac-8721-4e98-92e2-d878f1ef26c6-mr.-girish-budhiraja-website-photo.png,"Reimagining Cards & Payments: Driving Growth, Loyalty, and Merchant Acceptance at Scale",A0696,https://www.globalfintechfest.com/speakers,2026-08-12T13:58:49Z,active,2026,girish budhiraja,6a7c768616afc6a8747c9b35
Mr. Girish Pandey,Director - Product Management,Meta,India,"Director of Product Management at Meta responsible for Global Payment solutions across its messaging surfaces including WhatsApp. Strong track record of achievement and expertise in financial services sector including at Visa, Mastercard, Citi Group, Capital One and Deloitte.",https://www.linkedin.com/in/girishpandey/,https://event-engine-prod-media.s3.ap-south-1.amazonaws.com/uploads/8b46b714-db45-432c-808c-7fd7bd67dd00-mr.-girish-pandey-website-photo.png,"Intelligent Payments Operations: AI, Automation and the Future of Payment Reliability",A0760,https://www.globalfintechfest.com/speakers,2026-08-12T13:58:49Z,active,2026,girish pandey,6a7c768616afc6a8747c9b36
Mr. Gopal Srinivasan,Chairman & Managing Director,TVS Capital Funds,India,,https://www.linkedin.com/in/gopal-srinivasan-4630808/?original_referer=https%3A%2F%2Fwww%2Ebing%2Ecom%2F&originalSubdomain=in,https://event-engine-prod-media.s3.ap-south-1.amazonaws.com/uploads/91d7eb6c-1844-40f6-ac3e-1d2648d62a67-gopal-srinivasan-website-photo.png,,,https://www.globalfintechfest.com/speakers,2026-08-12T13:58:49Z,active,2026,gopal srinivasan,6a7c768616afc6a8747c9b37
Mr. Goverdhan Singh Rawat,Deputy Managing Director,National Bank for Agriculture and Rural Development,India,"Shri Goverdhan S. Rawat assumed charge as Deputy Managing Director, NABARD on November 6, 2023. Previously, he served as Chief General Manager, Pune Regional Office. With around 30 years at NABARD, he has worked across project appraisal, infrastructure financing, rural development, credit planning, consulting, board functions, and HR. He joined NABARD in 1992 and has served in multiple states and at Head Office, Mumbai, including roles as faculty at BIRD and National Bank Staff College, Lucknow. He has held board positions in several institutions and currently serves as Chairman of NABSanrakshan Trustee Pvt Ltd and Director of NABVENTURES Ltd. He holds a degree in Agriculture & Animal Husbandry, CAIIB, a PG Diploma in Banking & Finance, and an MBA in Leadership & Strategy.",https://www.linkedin.com/in/goverdhan-rawat-48281b31,https://event-engine-prod-media.s3.ap-south-1.amazonaws.com/uploads/d0de99a0-f4d3-48c2-a46b-1b9edf3ad35d-goverdhan-rawat-website-photo.png,,,https://www.globalfintechfest.com/speakers,2026-08-12T13:58:49Z,active,2026,goverdhan singh rawat,6a7c768616afc6a8747c9b38
Mr. Guhan Muthuswamy,Co-Founder & Software Architect,Mindgate Solutions,India,"Guhan Muthusamy is Co-Founder & Chief Architect at Mindgate Solutions, where he drives all product architecture and strategic technology decisions across business verticals. With over two decades of fintech experience, he has been instrumental in positioning Mindgate as a go-to partner for digital transactions — processing 2 in 5 real-time payments globally and over 50% of India's UPI transactions. Before co-founding Mindgate in 2008 alongside George Sam, he served as Software Architect at Byzan System Pvt Ltd, leading internet banking and payment gateway projects for international banks. A graduate of NIT Durgapur in Electronics & Communication, Guhan champions a collaborative, innovation-driven leadership style. He actively invests in fintech startups, believes strongly in the ""Make in India for the World"" philosophy, and pursues extreme adventure sports outside of work.",https://www.linkedin.com/in/guhan-m-8447bab/,https://event-engine-prod-media.s3.ap-south-1.amazonaws.com/uploads/4b962efb-dcad-47fe-b734-029d9507288d-mr.-guhan-muthuswamy-website-photo.png,Agentic Payments: Building the Next Phase of Payment Infrastructure with AI,A0732,https://www.globalfintechfest.com/speakers,2026-08-12T13:58:49Z,active,2026,guhan muthuswamy,6a7c768616afc6a8747c9b39
Mr. Guhaprasath Rajagopal,"Head of Payments, India",J.P. Morgan,India,"Guhaprasath Rajagopal is a Managing Director and Head of Payments business in India for J.P. Morgan based in Mumbai. In this role, Guhaprasath is responsible for delivering market leading solutions to clients by leveraging J.P. Morgan’s unique global strengths coupled with local capabilities across Treasury Services and Trade Finance.​ Guhaprasath joined J.P. Morgan in 2010 and brings ~25 years of experience across Payments and Transaction banking spectrum. Throughout his career, Guhaprasath has held various leadership roles in Product management, Client origination, Service management and Technology. ​ Guha is passionate about technology and endeavors to digitize the Bank’s product suite. Under his stewardship, the Payments business in India has leapfrogged in client solutioning, fintech partnerships and digitalization. Guha is a known speaker in industry forums and panels. ​",https://www.linkedin.com/in/guhaprasathr/,https://event-engine-prod-media.s3.ap-south-1.amazonaws.com/uploads/c8acd887-83dc-43b0-be8d-e419a556d5e6-mr.-guhaprasath-rajagopal-website-photo.png,Building Trust in Cross-Border Payments,A0680,https://www.globalfintechfest.com/speakers,2026-08-12T13:58:49Z,active,2026,guhaprasath rajagopal,6a7c768616afc6a8747c9b3a
Mr. Gunaseelan Sundar,Chief Business Officer,Pinnacle Teleservices,India,"Gunaseelan Sundar — Business Strategist | Telecom & SaaS Veteran | CPaaS Market Maker With over 23 years in business development, Gunaseelan Sundar has built India's CPaaS ecosystem from the ground up, turning early ideas into one of the country's most respected brands in the space. An Electrical and Electronics Engineer with an MBA and a Master's in Psychology, he brings a rare blend of technical logic and human insight to business building — helping brands across BFSI, Retail, and New Economy sectors engage meaningfully across generations. A movie critic and avid traveller at heart, he believes great businesses are built by understanding people as much as products.",https://www.linkedin.com/in/gunaseelan-sundar/,https://event-engine-prod-media.s3.ap-south-1.amazonaws.com/uploads/8f888407-d98d-45db-8f68-7118691e5a87-mr.-gunaseelan-sundar-website-photo.png,"Intelligent Banking: AI, Data & Customer Experience in the Digital Era",A1270,https://www.globalfintechfest.com/speakers,2026-08-12T13:58:49Z,active,2026,gunaseelan sundar,6a7c768616afc6a8747c9b3b
Mr. Hari Menon,"Partner & EVP | Global Delivery & Business Head - AI, Wealth, & Capital Markets",Intellect Design Arena,United Kingdom,"Hari Menon is a Partner and Executive Vice President at Intellect, where he heads the Wealth and Capital Markets business. With over two decades of technology and transformation experience in financial services, Hari has delivered some of the industry's most ambitious programmes — including one of the world's first fully agentic financial services solutions and one of the largest data migration and digital transformation initiatives in UK financial services history. He has created and delivered AI wealth solutions for customers globally, working with leading institutions such as St. James's Place, NBIM, Citigroup, HSBC, SBI, Kotak, Maybank, and Jio BlackRock. As Global Client Partner, Hari owns and manages Intellect's relationships with some of the world's largest wealth and asset managers, with deep expertise in AI, data strategy, ESG, and digital transformation. He also leads Intellect's dedicated joint venture developing and distributing an AI-first financial advisory platform for the UK market.",https://www.linkedin.com/in/harinmenon/,https://event-engine-prod-media.s3.ap-south-1.amazonaws.com/uploads/43e9304d-5511-4c0d-a244-fbb7bad27929-mr.-harikrishnan-menon-website-photo.png,"Composable Wealth: Building an AI-Ready Platform That Coexists, Integrates and Scales",A0952,https://www.globalfintechfest.com/speakers,2026-08-12T13:58:49Z,active,2026,hari menon,6a7c768616afc6a8747c9b3c
Mr. Harish Reddy,Chief Executive Officer,Stable Broking Pvt Ltd,India,"Harish Reddy is Co-founder of Stable Money, a Bengaluru-based fixed-income investment platform that enables FD and bond investments. He is also CEO of Stable Broking Pvt Ltd, the OBPP arm of Stable Money. An IIT Bombay electrical engineering graduate, he spent more than a decade building automated trading systems across Indian and global markets, at Estee Advisors and Besseggen Infotech, before turning to retail fixed income. Stable Money, backed by leading investors including Nandan Nilekani's Fundamentum, Peak XV and Lightspeed, has over 6 million registered users and enables investments in fixed deposits across more than 16 banks, along with corporate and government bonds. It has facilitated over ₹13,000 crore of fixed-income investments in the last three years.",,https://event-engine-prod-media.s3.ap-south-1.amazonaws.com/uploads/18c46d17-8413-4c1d-bfbc-1c723bfcfc9c-mr.-harish-reddy-website-photo.png,Retailisation of Bond Markets,A0980,https://www.globalfintechfest.com/speakers,2026-08-12T13:58:49Z,active,2026,harish reddy,6a7c768616afc6a8747c9b3d
Mr. Harsh Vardhan Masta,CEO,PB Pay,India,"Harsh Vardhan Masta is a fintech leader with nearly two decades of experience in India’s digital payments ecosystem. As CEO of PB Pay and former Head of Digital Payments at PB Fintech, he has led regulatory, technology, and operational initiatives across payments, including securing PB Pay’s Payment Aggregator licence. He has also held leadership roles at IndiaMART Payments and contributed to industry initiatives through the Merchant Payment Alliance of India.",,https://event-engine-prod-media.s3.ap-south-1.amazonaws.com/uploads/b88cc330-e7fe-4f70-afbc-c196a54a925e-mr.-harsh-vardhan-masta-website-photo.png,The Merchant Intelligence Stack: From Transaction Data to Intelligent Payments,A0754,https://www.globalfintechfest.com/speakers,2026-08-12T13:58:49Z,active,2026,harsh vardhan masta,6a7c768616afc6a8747c9b3e
Mr. Harsh Vardhan Roongta,Founder,Fee Only Investment Advisers LLP,India,"Chartered Accountant | Heads a SEBI-Registered Investment Advisory firm | Personal Finance Expert • Founder of Fee Only Investment Advisers LLP, one of India's pioneering fee-only advisory firms. • Serial entrepreneur and business leader; past chair of the Association of Registered Investment Advisers (ARIA). • Member of SEBI's Investor Protection & Education Fund committee (IPEF). • Fortnightly column 'Truth Be Told' in Business Standard, focusing on Personal Finance and Life Planning. • Advocates that true financial planning empowers people to live with clarity, confidence, and meaning.",,https://event-engine-prod-media.s3.ap-south-1.amazonaws.com/uploads/01d18832-40e3-4446-9a6f-99e1c46a7536-mr.-harsh-vardhan-roongta-website-photo.png,Behavioural Risk in Retail Investing: The New Frontier of Investor Protection,A0779,https://www.globalfintechfest.com/speakers,2026-08-12T13:58:49Z,active,2026,harsh vardhan roongta,6a7c768616afc6a8747c9b3f
Mr. Harshil Mathur,CEO & Co-founder,Razorpay,India,"Razorpay is an omnichannel payments platform for businesses, strives to help Indian businesses with comprehensive and innovative solutions built with technology to address the payment and banking journey for any business. Established in 2014, the company strives to provide technology payment solutions to many businesses. Founded by alumni of IIT Roorkee, Shashank Kumar and Harshil Mathur, Razorpay is the second Indian company to be a part of Silicon Valley’s tech accelerator, Y Combinator. A few angel investors have also invested in Razorpay’s mission to simplify payments and business banking.",,https://event-engine-prod-media.s3.ap-south-1.amazonaws.com/uploads/5e0df140-5e40-4ce7-8869-71d78780aead-harshil-mathur-website-photo.png,,,https://www.globalfintechfest.com/speakers,2026-08-12T13:58:49Z,active,2026,harshil mathur,6a7c768616afc6a8747c9b40
Mr. Hitendra Dave,"Chief Executive Officer, HSBC India",HSBC,,"Hitendra Dave, formerly Head of Global Banking & Markets of HSBC India (known widely by his last name, Dave), has almost 30 years work experience in the Indian Financial Markets, of which the last 20 have been with HSBC. He joined the bank in 2001 in the Global Markets business and has risen through the ranks to his current role as MD & Head of Global Banking and Markets business, the dominant contributor to HSBC India’s PBT over the years.",,https://event-engine-prod-media.s3.ap-south-1.amazonaws.com/uploads/99f5bbbe-3b13-436b-acbf-fa3ba5be9992-mr.-hitendra-dave-website-photo.png,,,https://www.globalfintechfest.com/speakers,2026-08-12T13:58:49Z,active,2026,hitendra dave,6a7c768616afc6a8747c9b41
Mr. Hitesh Sachdev,"Head - Startup Engagement, Investments",ICICI Bank,India,$6e,https://www.linkedin.com/in/hitesh-sachdev-b1a21722,https://event-engine-prod-media.s3.ap-south-1.amazonaws.com/uploads/7a829564-65aa-4ac1-bb9e-108630ff5e05-mr.-hitesh-sachdev-website-photo.png,Where Will the Next $100 Billion in Fintech Capital Go?,A1043,https://www.globalfintechfest.com/speakers,2026-08-12T13:58:49Z,active,2026,hitesh sachdev,6a7c768616afc6a8747c9b42
Mr. Hitesh Sethia,Managing Director and Chief Executive Officer,JioFinance,India,"Mr. Hitesh Kumar Sethia is the Managing Director and CEO of Jio Financial Services. A fellow member of the ICAI with an advanced management degree from Harvard Business School, he is a seasoned financial executive with over two decades of global experience across Europe, Asia, and North America. He spent the majority of his career at ICICI Bank Limited, holding leadership roles in credit, retail, corporate, and transaction banking. His expertise spans strategy, market development, compliance, risk management, and scaling operations. Notably, he was a key member of the setup team for ICICI Bank Canada, its first employee in Germany, and held country head positions in the UK and Hong Kong before serving as Head of Transaction Banking in Mumbai. He also serves on the boards of several entities, including Jio Credit, Jio Leasing, Jio Payments Bank, Jio Payment Solutions, Jio Insurance Broking, and Jio BlackRock Asset Management.",https://www.linkedin.com/in/hitesh03/,https://event-engine-prod-media.s3.ap-south-1.amazonaws.com/uploads/a0253480-0aef-4b3c-900c-aa6e5d983f30-hitesh-sethia-website-photo.png,From Payments to Credit: How AI is Transforming Lending Inside Digital Ecosystems,A0764,https://www.globalfintechfest.com/speakers,2026-08-12T13:58:49Z,active,2026,hitesh sethia,6a7c768616afc6a8747c9b43
Mr. Hrushikesh Mehta,Chief Business Officer - Financial Services,Open Network for Digital Commerce,India,"Hrushikesh Mehta is Chief Business Officer – Financial Services at ONDC, where he is helping democratize access to financial services in India. Previously, he volunteered at iSPIRT and co-founded CredAll. Before that, he built all aspects of ClearScore's online credit and insurance marketplace business in India. Over a 25-year career — including nearly a decade at TransUnion CIBIL — Hrushikesh has held leadership positions across functions. He holds a degree in Business Administration from Bryant University (USA) and a postgraduate degree in Management from the Indian School of Business, Hyderabad.",,https://event-engine-prod-media.s3.ap-south-1.amazonaws.com/uploads/c2043978-c754-4d7f-bfa2-9b5269c073af-mr.-hrushikesh-mehta-website-photo.png,Building Bharat's Investments Infrastructure: FY26 and Beyond,A1082,https://www.globalfintechfest.com/speakers,2026-08-12T13:58:49Z,active,2026,hrushikesh mehta,6a7c768616afc6a8747c9b44
Mr. Indraneel Ajitkumar Pandit,Chief Digital Officer,The Federal Bank,India,"Indraneel Pandit serves as the Chief Digital Officer at Federal Bank, where he leads the institution’s digital transformation. With close to 25 years in banking, he has built a career defined by the intersection of high-stakes finance and human-centric technology. His professional journey spans premier foreign and Indian private sector banks. Before joining Federal Bank in 2019, he held leadership roles at Standard Chartered Bank, DBS Bank and Yes Bank across corporate banking and structured finance. At Federal Bank, he has been instrumental in scaling multi-billion dollar businesses and driving projects to modernize the bank’s franchise and position it as a future-ready, national powerhouse. He is a vocal advocate for Federal Bank’s motto ""Digital at the Fore, Human at the Core” and strongly believes that technology should never be built for its own sake; it must always answer a real business question. He is an Engineer and an MBA and holds an FRM (Financial Risk Manager) certification.",,https://event-engine-prod-media.s3.ap-south-1.amazonaws.com/uploads/110f0066-23b6-4f47-9a8a-9e0e9ae2e885-mr.-indraneel-pandit-website-photo.png,Frictionless Customer Onboarding with AI,A1015,https://www.globalfintechfest.com/speakers,2026-08-12T13:58:49Z,active,2026,indraneel ajitkumar pandit,6a7c768616afc6a8747c9b45
Mr. Ishan Shah,Lead - M&A and Strategy,The Fintech Meetup,India,"Ishan leads investment banking vertical at The Fintech Meetup, helping fintech founders tackle fundraise and M&A opportunities. He's been a former financial services journalist with Economic Times and Moneycontrol.",https://www.linkedin.com/in/ishanshah26/,https://event-engine-prod-media.s3.ap-south-1.amazonaws.com/uploads/10d7d920-941a-4394-9d59-e0ce6cbe9525-mr.-ishan-shah-website-photo.png,,,https://www.globalfintechfest.com/speakers,2026-08-12T13:58:49Z,active,2026,ishan shah,6a7c768616afc6a8747c9b46
Mr. Ishan Sharma,Head of Sales and Business Development,Juspay Technologies,India,$6b,https://www.linkedin.com/company/juspay-technologies/posts/?feedView=all,https://event-engine-prod-media.s3.ap-south-1.amazonaws.com/uploads/7e808bf8-c5d1-4b39-a7d3-c47c02ffc589-ishan-sharma-website-photo.png,"Tap, Token, Transact: Building the Future of Intelligent Merchant Payments",A0756,https://www.globalfintechfest.com/speakers,2026-08-12T13:58:49Z,active,2026,ishan sharma,6a7c768616afc6a8747c9b47
Mr. Jason Chan,Government Relations Lead APAC,Sumsub,Singapore,"Jason Chan leads government relations for Sumsub across APAC, where he builds strategic partnerships with regulators and industry associations to advance digital identity solutions. His multifaceted background provides valuable expertise in digital trust frameworks to his current role. He holds an MSc in Risk Management from Imperial College London and a BA in Economics from Cornell University. Jason is based in Singapore.",,https://event-engine-prod-media.s3.ap-south-1.amazonaws.com/uploads/e37b3ab9-6d32-46ae-b35f-c6c84d119d31-jason-chan-website-photo.png,,,https://www.globalfintechfest.com/speakers,2026-08-12T13:58:49Z,active,2026,jason chan,6a7c768616afc6a8747c9b48
Mr. Javier Salinas,President,Fintech Association of Peru,Peru,,,https://event-engine-prod-media.s3.ap-south-1.amazonaws.com/uploads/1c74bda1-b0cb-49b2-83df-68be419f3cfd-mr.-javier-salinas-website-photo.png,Vernacular AI: Breaking Language Barriers in Digital Payments,A0993,https://www.globalfintechfest.com/speakers,2026-08-12T13:58:49Z,active,2026,javier salinas,6a7c768616afc6a8747c9b49
Mr. Jeet Ketan Marwadi,Founder & Managing Director,1 Finance,,$77,,https://event-engine-prod-media.s3.ap-south-1.amazonaws.com/uploads/6a109ff8-ea0d-41ec-ab68-4348623d4b99-mr.-jeet-ketan-marwadi-website-photo.png,Building India’s Financial Advice Stack: The Next Layer of the India Stack,A1041,https://www.globalfintechfest.com/speakers,2026-08-12T13:58:49Z,active,2026,jeet ketan marwadi,6a7c768616afc6a8747c9b4a
Mr. Jeremy Tan,CEO,Liquid Group,Singapore,"Jeremy Tan is the Founder and CEO of Liquid Group, a Singapore-headquartered cross-border digital payments non-bank financial institution (NFI). Liquid Group operates RoamQR, a multi-network payment platform that facilitates cross-border QR and real-time transactions between participating domestic payment schemes. Jeremy works at the intersection of industry and policy on regional payments connectivity. He is a member of Singapore’s Payments Council and serves as Co-Chair of the Payment Sub-Committee of the Singapore FinTech Association. He is the Singapore Representative to the East Asia Business Council (EABC), where Singapore co-chairs the Working Group on Digital Economy alongside Japan, and serves on the Malaysia-Singapore Business Council (MSBC).",,https://event-engine-prod-media.s3.ap-south-1.amazonaws.com/uploads/6fa8f1a1-6ae8-439e-aae7-de4e68607112-jeremy-tan-website-photo.png,Interoperability as Strategy: Who Will Connect the New Financial System?,A0987,https://www.globalfintechfest.com/speakers,2026-08-12T13:58:49Z,active,2026,jeremy tan,6a7c768616afc6a8747c9b4b
Mr. Jitendra Gupta,Founder & CEO,Jupiter,,"BFSI veteran with ~16 years of experience in the payments industry, best known as Founder of Jupiter, Citrus Pay and Lazy Pay. Jiten is the CEO and Founder of Jupiter, a digital-first bank designed to make money management simple for digitally savvy Indians. Before Jupiter, he served as MD at PayU India between Sep 2016 and June 2019. Prior to PayU, he founded Citrus Pay, which he scaled into a 300+ member team before selling to PayU in 2016, one of the largest fintech exits in India.",https://www.linkedin.com/in/guptajiten,https://event-engine-prod-media.s3.ap-south-1.amazonaws.com/uploads/b7325058-dbea-4d48-861b-930748e88786-mr.-jitendra-gupta-website-photo.png,,,https://www.globalfintechfest.com/speakers,2026-08-12T13:58:49Z,active,2026,jitendra gupta,6a7c768616afc6a8747c9b4c
Mr. Joe Emmanuel,SVP - Product Management,Proximus Global,India,"Joe Emmanuel is a seasoned business leader with over two decades of experience in the global telecommunications and cloud communications industry. As a Global Market Manager at Proximus Global, he plays a key role in driving international growth, strategic partnerships and enterprise engagement across the CPaaS ecosystem. Throughout his career, Joe has held leadership positions across sales, business development and market expansion, helping organisations scale their global footprint and deliver innovative digital communication solutions. An alumnus of the Indian Institute of Management Kozhikode, he is recognised for his expertise in enterprise communications, customer engagement and go-to-market strategy. Joe is passionate about enabling businesses to harness emerging technologies, including AI-powered communications, omnichannel engagement and network APIs, to create seamless and secure customer experiences worldwide.",,https://event-engine-prod-media.s3.ap-south-1.amazonaws.com/uploads/398ad099-8240-47a8-a64a-f04b1118f858-mr.-joe-emmanuel-website-photo.png,AI-Powered Commerce: From Payments to Intelligent Financial Experiences,A0718,https://www.globalfintechfest.com/speakers,2026-08-12T13:58:49Z,active,2026,joe emmanuel,6a7c768616afc6a8747c9b4d
Mr. Johannes Lamsfuß,Legal Officer,German Federal Ministry of Finance,Germany,,,https://event-engine-prod-media.s3.ap-south-1.amazonaws.com/uploads/75deafd2-fb65-4c2e-b40f-d4ad8fb5e0bd-mr.-johannes-lamsfu-website-photo.png,Balancing Regulation and Innovation in Disruptive Tech,A0688,https://www.globalfintechfest.com/speakers,2026-08-12T13:58:49Z,active,2026,johannes lamsfuß,6a7c768616afc6a8747c9b4e
Mr. Joydeep Dutta Roy,Executive Director,Indian Overseas Bank,India,,,https://event-engine-prod-media.s3.ap-south-1.amazonaws.com/uploads/303a98d1-b7c4-41df-ba8b-ea87961e3a93-mr.-joydeep-dutta-roy-website-photo.png,From POCs to Profit: Scaling AI Innovation for Enterprise Value,A1018,https://www.globalfintechfest.com/speakers,2026-08-12T13:58:49Z,active,2026,joydeep dutta roy,6a7c768616afc6a8747c9b4f
Mr. K Balasubramanian,"India Country Officer (ICO), India Subcontinent Sub-Cluster, and Banking Head",Citibank,India,"He heads Citi’s overarching operations, corporate banking, and wholesale banking strategy across India, Bangladesh, and Sri Lanka. A seasoned Citi veteran, Balasubramanian first joined Citi in 1996 as a Management Associate. Over the course of two decades, he held numerous roles across various functions including transaction banking, finance, and local corporate banking. Prior to becoming India Head, he served as the Asia South Head of Corporate Banking based in Singapore. He also had a brief stint outside of Citi, where he served as Head of Corporate Banking at HDFC Bank from May 2016 to late 2017. He holds a Bachelor of Commerce degree from Kolkata University (Calcutta). He is also a qualified Chartered Accountant (ICAI) and also holds an ICWA degree.",https://www.linkedin.com/in/balasubramanian-k-b13a22?utm_source=share&utm_campaign=share_via&utm_content=profile&utm_medium=ios_app,https://event-engine-prod-media.s3.ap-south-1.amazonaws.com/uploads/264e13fc-7cd8-4616-9d63-f41af782748d-mr.-k-balasubramanian-website-photo.png,,,https://www.globalfintechfest.com/speakers,2026-08-12T13:58:49Z,active,2026,k balasubramanian,6a7c768616afc6a8747c9b50
Mr. Kamal Budhabhatti,Founder and Head of Innovation,Craft Silicon,Kenya,"Kamal Budhabhatti is the Founder & Head of Innovation and Founder of Little. A fintech entrepreneur and AI innovator, he has built digital platforms serving millions across Africa and Asia and is the author of My Mother Who Taught Me Business Without Knowing It.",,https://event-engine-prod-media.s3.ap-south-1.amazonaws.com/uploads/99857e7a-d86f-4b7e-9a3a-9e2855150bfd-mr.-kamal-budhabhatti-website-photo.png,AI-Powered Personal Finance for the Underserved,A0983,https://www.globalfintechfest.com/speakers,2026-08-12T13:58:49Z,active,2026,kamal budhabhatti,6a7c768616afc6a8747c9b51
Mr. Karthik Rajaram,General Manager and Country Head for India,ElevenLabs,India,"Karthik Rajaram is the General Manager and Country Head for India at ElevenLabs, an AI research and product company transforming how we interact with technology. Karthik leads the company’s go-to-market strategy, revenue growth, and partner ecosystem in India. He brings over two decades of experience in scaling high-growth technology businesses, with leadership roles at Elastic, Freshworks, Akamai, and Microsoft. Prior to ElevenLabs, he served as GM & VP for India and South Asia at Elastic, where he drove enterprise adoption and built a strong partner ecosystem.",https://www.linkedin.com/in/karthik-rajaram-delivering-strategic-initiatives-for-india-,https://event-engine-prod-media.s3.ap-south-1.amazonaws.com/uploads/cb42f9b9-e02b-444f-93af-d06c6cb792c2-karthik-rajaram-website-photo.png,AI-Powered Commerce: From Payments to Intelligent Financial Experiences,A0718,https://www.globalfintechfest.com/speakers,2026-08-12T13:58:49Z,active,2026,karthik rajaram,6a7c768616afc6a8747c9b52
Mr. Kedar Kulkarni,Co-founder & CEO,Hyperverge,India,"Kedar Kulkarni is the co-founder and CEO of HyperVerge, an AI-based company providing end-to-end customer onboarding solutions (KYC, Bank Statement Analysis, AML, Account Aggregator, etc) for industries like Banks, NBFCs, Fintech, Remittances, Securities & Brokerages, E-commerce, Logistics, EdTech. Kedar, a graduate of IIT Madras, from bringing together the founding team that has been working on computer vision since 2009, to leading the team and now becoming the industry leader in digital KYC with 2B+ digital KYCs, Kedar’s focus has always been to build a meaningful company - for the employees and for the partners. He has directed the company's growth to have over 500 + clients across multiple geographies. Away from work, Kedar lists Yoga and meditation as his number one priority. He believes strongly in contributing to people and society. During his leisure time, he also likes to mentor young entrepreneurs.",https://www.linkedin.com/in/writetokedar/,https://event-engine-prod-media.s3.ap-south-1.amazonaws.com/uploads/66862c23-ec9c-42fd-bfef-24de592b4f73-mr.-kedar-kulkarni-website-photo.png,,,https://www.globalfintechfest.com/speakers,2026-08-12T13:58:49Z,active,2026,kedar kulkarni,6a7c768616afc6a8747c9b53
Mr. Kenneth Gay,Chief Fintech Officer,Monetary Authority of Singapore,Singapore,"Kenneth Gay heads the FinTech and Innovation Group at MAS, driving tech and innovation strategies for Singapore’s financial sector. He previously led MAS’s Enterprise Knowledge Department, focusing on digital transformation, GenAI, and data governance. He also has experience in regulatory policy, financial stability, and reserves management. Kenneth holds a BA in Economics and MA in International Relations from the University of Chicago.",,https://event-engine-prod-media.s3.ap-south-1.amazonaws.com/uploads/49b11e44-64ba-43da-97eb-76c40bb02f44-mr.-kenneth-gay-website-photo.png,Trust by Design: Building Safe AI for Payments,A0485,https://www.globalfintechfest.com/speakers,2026-08-12T13:58:49Z,active,2026,kenneth gay,6a7c768616afc6a8747c9b54
Mr. Ketan Doshi,Managing Director & CEO,Pay Point India Network,India,"Ketan Doshi, MD of PayPoint, is a visionary FinTech leader powering last-mile digital finance. With a Master's in Financial Services Management, he fuses strategy and innovation to scale growth. Partnering with 100+ providers, he has empowered 1Cr+ customers with secure digital access. A changemaker and inclusion champion, he transforms challenges into opportunities, driving PayPoint's mission to bridge India's financial gap.",https://www.linkedin.com/in/ketan-doshi-a7863bab/,https://event-engine-prod-media.s3.ap-south-1.amazonaws.com/uploads/f979dad6-e8d5-4a2b-95e8-95acfa95e902-mr.-ketan-doshi-website-photo.png,"The Future of PPIs: Regulation, Innovation & Emerging Use Cases",A0748,https://www.globalfintechfest.com/speakers,2026-08-12T13:58:49Z,active,2026,ketan doshi,6a7c768616afc6a8747c9b55
Mr. Ketan Merchant,Interim CEO,Fino Payments Bank,India,"KETAN MERCHANT Interim CEO, Fino Payments Bank Ketan Merchant joined Fino Bank in 2018. His career prior to Fino spans across stints in HSBC, Standard Chartered and Barclays in India and overseas. Since the formative years of the Bank, he has been instrumental in building a sustainable model in a dynamic and changing banking landscape. Ketan with over 25 years of banking experience, besides spearheading Finance, Balance Sheet management and governance functions, is a pivotal pillar in formulation of strategy of the Bank. His main area of focus is accelerating growth-oriented strategies for the Bank and he has played a key role in listing the Bank in the year 2021. Under his stewardship the Bank has adopted three-pronged strategy of DDD (Data, Distribution and Digital) for Fino 2.0 vision and is gearing up for conversion into a differentiated Small Finance Bank.",,https://event-engine-prod-media.s3.ap-south-1.amazonaws.com/uploads/d1750bfa-a1ec-485f-a243-64fafd1a179d-mr.-ketan-merchant-website-photo.png,Transforming Financial Services for the Next Billion Consumers,A0453,https://www.globalfintechfest.com/speakers,2026-08-12T13:58:49Z,active,2026,ketan merchant,6a7c768616afc6a8747c9b56
Mr. Kris Gopalakrishnan,"Chair, GFF2026, Founder - Infosys and Chairman",Axilor Ventures,India,,https://www.linkedin.com/in/kris-gopalakrishnan-10b49950/,https://event-engine-prod-media.s3.ap-south-1.amazonaws.com/uploads/40b507e7-65ac-437c-a6ce-e4f0de816f3e-kris-gopalakrishnan-website-photo.png,,,https://www.globalfintechfest.com/speakers,2026-08-12T13:58:49Z,active,2026,kris gopalakrishnan,6a7c768616afc6a8747c9b57
Mr. Krishna Bhyravajosyula,Chief Product Officer,Perfios Software Solutions,India,"Krishna Chaitanya is the Chief Product Officer at Perfios, where he spearheads the development of cutting-edge financial innovations that transform the BFSI industry. With a deep commitment to delivering seamless digital experiences, KC leads the expansion and evolution of Perfios’ product suite, driving sustained business growth and market leadership. With over 15 years of extensive experience in fintech, KC has a proven track record of building and scaling pioneering products across personal finance management (PFM), lending, insurance, and stock trading sectors. Before joining Perfios, he played a pivotal role at Paytm and Flipkart, where he led lending product strategies and engineered high-scale loan management, origination, collections, and risk management platforms. His work enabled rapid scaling of BNPL services through innovative alternate credit underwriting models.",https://www.linkedin.com/in/bkrishnachaitanyafintech/,https://event-engine-prod-media.s3.ap-south-1.amazonaws.com/uploads/bc1e3005-143b-4a7e-bc0d-f098ff280038-mr.-krishna-bhyravajosyula-website-photo.png,Frictionless Customer Onboarding with AI,A1015,https://www.globalfintechfest.com/speakers,2026-08-12T13:58:49Z,active,2026,krishna bhyravajosyula,6a7c768616afc6a8747c9b58
Mr. Krishna Prasad Atluri,Founder CEO,OneMoney,India,"A Krishna Prasad, is the Founder CEO of OneMoney, India's First and the Largest Account Aggregator. He is an Engineer MBA (XLRI), with 45 years of experience in Finance, Technology, Media (TV and Newspapers). He is passionate about using fintech products to serve the underserved and promoting Financial Inclusion.",https://www.linkedin.com/in/kpatluri/,https://event-engine-prod-media.s3.ap-south-1.amazonaws.com/uploads/64d7d95b-3f88-428f-8b22-f216a50d6454-mr.-krishna-prasad-atluri-website-photo.png,AI Architecture for Regulated Industries,A0898,https://www.globalfintechfest.com/speakers,2026-08-12T13:58:49Z,active,2026,krishna prasad atluri,6a7c768616afc6a8747c9b59
Mr. Kshitij Jain,Chief Operating Officer,Blue Machines AI,India,COO of Blue Machines AI,https://www.linkedin.com/in/kshitij-jain-5aa15b95/,https://event-engine-prod-media.s3.ap-south-1.amazonaws.com/uploads/bca5d1bd-399a-4701-9aed-e86119a1942d-mr.-kshitij-jain-website-photo.png,,,https://www.globalfintechfest.com/speakers,2026-08-12T13:58:49Z,active,2026,kshitij jain,6a7c768616afc6a8747c9b5a
Mr. Kumar Abhishek,Founder & CEO,ToneTag,India,$54,,https://event-engine-prod-media.s3.ap-south-1.amazonaws.com/uploads/acdd26d8-b40c-481e-845a-847f062450b4-mr.-kumar-abhishek-website-photo.png,"Tap, Token, Transact: Building the Future of Intelligent Merchant Payments",A0756,https://www.globalfintechfest.com/speakers,2026-08-12T13:58:49Z,active,2026,kumar abhishek,6a7c768616afc6a8747c9b5b
Mr. Kunal Guha,"Managing Director Commerce Partnerships, APAC",Google,Singapore,$81,https://www.linkedin.com/in/kunalguha/,https://event-engine-prod-media.s3.ap-south-1.amazonaws.com/uploads/bd70184f-335c-4848-a8ee-ed309c6d6786-mr.-kunal-guha-website-photo.png,,,https://www.globalfintechfest.com/speakers,2026-08-12T13:58:49Z,active,2026,kunal guha,6a7c768616afc6a8747c9b5c
Mr. Kunal Pande,"Partner & National Head Cyber, Risk and Compliance",KPMG,,"Kunal is a Partner at KPMG and has over 27 years diverse experience with KPMG in advising clients across the globe. He has handled various leadership roles across Technology, Cyber Security and Risk Management with a focus on financial services Sector. He is currently National leader Cyber, Risk and Compliance Services at KPMG in India. He is also part of KPMG International Core Payments Team. Kunal has extensively worked with Regulators, Banks, Fintechs, Payment Cos, Brokers, Funds, MIIs, Insurance Cos, Telcos, IT services. He has authored reports, publication and articles and spoken in various symposiums or events across diverse topics like Digital Banking, Payments, Cyber Security, Data Governance and Privacy, Regulations Risk Management. He is Engineer (Gold Medalist) and MBA (IIM Mumbai).",http://www.linkedin.com/in/kunalpande,https://event-engine-prod-media.s3.ap-south-1.amazonaws.com/uploads/bf3eb7ce-a5a5-4542-aa2d-46479c0c57e7-mr.-kunal-pande-website-photo.png,"Market Data as Infrastructure: Data Governance, ownership, innovation and oversight",A0976,https://www.globalfintechfest.com/speakers,2026-08-12T13:58:49Z,active,2026,kunal pande,6a7c768616afc6a8747c9b5d
Mr. Kunal Rana,"Director, Merchant Partnerships",Google Pay,India,"Kunal leads the Merchant Partnerships for GPay across offline and online merchants. He is based out of Google’s Gurgaon office. Over the two decade long career, he has worked across leading Consumer and Tech companies including Apple, Flipkart, ITC, Coca Cola and BCG. He has led business P&L, BD and Strategy teams in the past. In his work as a strategy consultant he focused on Consumer consumers and Marketing and Sales functional topics, working with leading Indian and Global companies. Kunal is an MBA from IIM Bangalore.",https://www.linkedin.com/in/kunalrana/,https://event-engine-prod-media.s3.ap-south-1.amazonaws.com/uploads/fb301962-9d08-4417-bc42-01af39cb60d0-mr.-kunal-rana-website-photo.png,The Merchant Intelligence Stack: From Transaction Data to Intelligent Payments,A0754,https://www.globalfintechfest.com/speakers,2026-08-12T13:58:49Z,active,2026,kunal rana,6a7c768616afc6a8747c9b5e
Mr. Kush Mehra,President And Chief Business Officer - Payments Business,Pine Labs,India,$8a,,https://event-engine-prod-media.s3.ap-south-1.amazonaws.com/uploads/98d6d4c5-d1fe-4989-8049-86d4ec698e15-mr.-kush-mehra-website-photo.png,India's Next-Gen Merchant Stack: Tokenisation Tap-to-Pay and Contextual Credit at the Point of Sale,A0455,https://www.globalfintechfest.com/speakers,2026-08-12T13:58:49Z,active,2026,kush mehra,6a7c768616afc6a8747c9b5f
Mr. Ling Wu,Founder & Chief Executive Officer,"TBCASoft, Inc.",Singapore,"Ling Wu is the Founder & CEO of TBCASoft, Inc., a Silicon Valley-based leader in blockchain-powered cross-border payment networks and enterprise ecosystem solutions. Ling is driven by a vision to build the ""AI-Era Financial Network"" modeled on the foundational infrastructure of global telecom: a distributed infrastructure that preserves national sovereignty, unlocks global interoperability and insulates against geopolitical friction. In 2017, in collaboration with SoftBank, he launched the Carrier Blockchain Study Group (CBSG) to pioneer distributed ledger technology across global carriers. Building on this foundation, TBCASoft introduced HIVEX® in 2023 - a fully compliant, international mobile payment blockchain framework connecting the world's largest mobile wallet networks, national schemes and major traditional payment networks. Mr. Wu holds an M.S. in Scientific Computing and Computational Mathematics from Stanford University and a B.S. in Physics from National Taiwan University.",,https://event-engine-prod-media.s3.ap-south-1.amazonaws.com/uploads/92131556-29cf-4ed3-adc3-c07c5c2ea2e1-mr.-ling-wu-website-photo.png,The Economics of the Next Payment Era,A0676,https://www.globalfintechfest.com/speakers,2026-08-12T13:58:49Z,active,2026,ling wu,6a7c768616afc6a8747c9b60
Mr. Lokanath Panda,Chief Operating Officer,BLS E-Services,India,$8e,https://www.linkedin.com/in/lokanathpanda/,https://event-engine-prod-media.s3.ap-south-1.amazonaws.com/uploads/15d04380-988f-4484-99d6-8d9a49cdfa4b-mr.-lokanath-panda--website-photo.png,,,https://www.globalfintechfest.com/speakers,2026-08-12T13:58:49Z,active,2026,lokanath panda,6a7c768616afc6a8747c9b61
Mr. Louis Liu,Founder & CEO,FOMO Pay,Singapore,$90,,https://event-engine-prod-media.s3.ap-south-1.amazonaws.com/uploads/2024ac04-f841-4a65-8990-394c7e95abf4-mr.-liu-xi-louis-website-photo.png,The Economics of the Next Payment Era,A0676,https://www.globalfintechfest.com/speakers,2026-08-12T13:58:49Z,active,2026,louis liu,6a7c768616afc6a8747c9b62
Mr. Madhu Menon V P,"Managing Director, Global Head of SC PrismFX Sales",Standard Chartered Bank,Singapore,"Madhu Menon currently serves as Managing Director and Global Head of PrismFX Sales at Standard Chartered Bank, based in Singapore. With over 20 years of experience in financial markets, Madhu has held several leadership positions across the network, bringing deep expertise and a strategic perspective to every role. Madhu has been a valued part of Standard Chartered Bank since 2007 and now leads a global team of Payments FX sales professionals. Their team works closely with corporates and institutional clients, delivering best-in-class solutions for cross-border payments and collections linked FX. Madhu has played a pivotal role in expanding Standard Chartered’s fintech ecosystem distribution across several key footprint markets, helping drive innovation and growth. Madhu holds both an Engineering and Management degree from India,",,https://event-engine-prod-media.s3.ap-south-1.amazonaws.com/uploads/ea514ca1-03eb-4ab6-a660-c2b29ea4518e-mr.-madhu-menon-website-photo.png,Bridging Gaps in Global E-Commerce with New-age Solutions to support small businesses,A0920,https://www.globalfintechfest.com/speakers,2026-08-12T13:58:49Z,active,2026,madhu menon v p,6a7c768616afc6a8747c9b63
Mr. Madhur Deora,Group Chief Financial Officer,Paytm,,"Madhur Deora is President and Group Chief Financial Officer at Paytm, India's leading digital payments and financial services company. He has been associated with Paytm since 2016 and is responsible for the company's long-term financial and commercial roadmap, investor relations, and corporate development. Prior to joining Paytm, Madhur spent over 17 years at Citigroup Investment Banking, where he was a Managing Director advising technology, media, telecommunications and private equity clients. He graduated cum laude from The Wharton School, and cum laude from The Phillips Exeter Academy.",https://in.linkedin.com/in/madhurdeora,https://event-engine-prod-media.s3.ap-south-1.amazonaws.com/uploads/fdfc52dc-4bb0-4be1-808c-7667b8498f61-mr.-madhur-deora-website-photo.png,,,https://www.globalfintechfest.com/speakers,2026-08-12T13:58:49Z,active,2026,madhur deora,6a7c768616afc6a8747c9b64
Mr. Madhusudanan R,Co-Founder,M2P Fintech,India,"Madhusudanan R. brings a rare combination of deep product acumen and a builder’s mindset. He is focused on transforming global banking with AI at its core, driven by the conviction that any business can embed financial services into its ecosystem. At M2P, this vision has translated into a trusted infrastructure that powers the future of financial services.",https://www.linkedin.com/in/madhusudanan-r-founder-of-m2p-talk-to-me-if-you-are-building-a-fintech/,https://event-engine-prod-media.s3.ap-south-1.amazonaws.com/uploads/4804d29c-846d-448f-84f8-7143f206bc8a-mr.-madhusudanan-r-website-photo.png,From Bill Pay to Auto Pay: Building Agentic Payment Infrastructure for India,A0471,https://www.globalfintechfest.com/speakers,2026-08-12T13:58:49Z,active,2026,madhusudanan r,6a7c768616afc6a8747c9b65
Mr. Mahesh Iyer,MD & CEO,Thomas Cook,India,,,https://event-engine-prod-media.s3.ap-south-1.amazonaws.com/uploads/f3faf3da-3762-479a-ae69-b05e41fa5d40-mr.-mahesh-iyer-website-photo.png,Outward Remittances: Serving India's Global Citizens with Smarter Cross-Border Money Movement,A0750,https://www.globalfintechfest.com/speakers,2026-08-12T13:58:49Z,active,2026,mahesh iyer,6a7c768616afc6a8747c9b66
Mr. Mahesh Ramamoorthy,Chief Information Officer,YES Bank,India,"Mahesh is the Chief Information Officer of YES BANK. In his role, he is leading Technology and Digital transformation for the Bank. Mahesh is also leading new age technologies such as API, AI/ML, BI and business solutions which is going to be driving factor for all new products at the Bank. Mahesh has over three decades of experience in the BFSI Leading technology capabilities as well as enabling change / managing the governance across the ecosystem. In his previous role, he was leading the Payments vertical for Europe, Asia Pacific, Middle East and Africa at FIS Inc. Mahesh holds a Bachelor’s degree in Engineering with a specialization in Electronics from the University of Mumbai and is a certified Information systems Manager and a Marshall Goldsmith certified, Stakeholder centered Coach.",,https://event-engine-prod-media.s3.ap-south-1.amazonaws.com/uploads/b2f804af-2688-4694-96df-61207a1c250d-mr.-mahesh-ramamoorthy-website-photo.png,"Shared Intelligence, Zero Data Exposure: Reinventing AI Collaboration in Banking",A0493,https://www.globalfintechfest.com/speakers,2026-08-12T13:58:49Z,active,2026,mahesh ramamoorthy,6a7c768616afc6a8747c9b67
Mr. Maitreya Wagh,Co-Founder & CEO,Bolna,India,"Maitreya Wagh is the Founder & CEO of Bolna, where he is building voice-first AI infrastructure tailored for India’s multilingual, real-time enterprise environment. An IIT Delhi (2020) graduate, he began his career at Bain & Company, gaining exposure to scaling and operational complexity, before moving to Probo, where he worked closely with fast-growing consumer systems. Those experiences shaped his conviction that voice is India’s most natural interface and led him to build Bolna to make AI practical, reliable, and scalable in everyday business conversations.",http://linkedin.com/in/maitreya-wagh,https://event-engine-prod-media.s3.ap-south-1.amazonaws.com/uploads/0b69c3a0-ccdb-4088-abf7-d438ff4dec47-mr.-maitreya-wagh-website-photo.png,Agentic AI and the Future of Financial Services,A0900,https://www.globalfintechfest.com/speakers,2026-08-12T13:58:49Z,active,2026,maitreya wagh,6a7c768616afc6a8747c9b68
Mr. Manas Mishra,Chief Product Officer,PayU Payments,India,$7a,,https://event-engine-prod-media.s3.ap-south-1.amazonaws.com/uploads/5db4d863-1c7c-40a0-b52f-d50058e393fe-mr.-manas-mishra-website-photo.png,"Inside the Payments Engine Room: Scaling Speed, Reliability & Innovation",A0924,https://www.globalfintechfest.com/speakers,2026-08-12T13:58:49Z,active,2026,manas mishra,6a7c768616afc6a8747c9b69
Mr. Mangesh Surve,Senior Director - Solution Architect,Red Hat India & South Asia,India,"Mangesh Surve has been in crucial leadership roles as the technology influenced the digital transformation of Industries and impacted daily lives of its consumers. He is currently leading the Red Hat Solutions Architect team for India and South Asia. He is consulting crucial verticals like BFSI, Telco, IT/ITES, Manufacturing, Defence, Government and Pharma on Cloud Native & Open Source based Digital transformation. He had also led the technology teams in Oracle during its transition to Cloud; He was leader of Information Management at IBM during that when Business has started looking at Analytics as one of the crucial pillars of their business.",,https://event-engine-prod-media.s3.ap-south-1.amazonaws.com/uploads/9d8dab4d-4f2e-4dda-bf17-bdc8616cef31-mr.-mangesh-surve-website-photo.png,,,https://www.globalfintechfest.com/speakers,2026-08-12T13:58:49Z,active,2026,mangesh surve,6a7c768616afc6a8747c9b6a
Mr. Manish Kumar Gupta,"Chief Executive of Urban Unsecured Assets, Payments, and Digital Partnerships",L&T Finance,India,"Mr. Manish Kumar Gupta is the Chief Executive of Urban Unsecured Assets, Payments & Digital Partnerships at L&T Finance Ltd. (LTF). He is a senior leader with over 23 years of experience in financial and technology services domains and possesses a deep understanding of the retail and corporate banking landscape. His expertise extends to the rapidly evolving areas of digital banking, payments, and cards. Prior to LTF, he successfully scaled Glance Digital (InMobi Group) globally, innovating in AI-powered content and commerce experiences on smart devices. His impressive career includes leading major digital and business transformations at giants like ICICI Bank, Deutsche Bank, HSBC, DBS Bank, and TransUnion CIBIL. Mr. Gupta is an alumnus of Indian Institute of Technology Delhi (IIT Delhi) and holds an MBA from Indian School of Business, Hyderabad. He is also a Certified Financial Planner and CertICM holder.",,https://event-engine-prod-media.s3.ap-south-1.amazonaws.com/uploads/8b2e6502-d4a5-41b9-a521-2ac21ab23458-mr.-manish-kumar-gupta-website-photo.png,Commercial Lending Reimagined - How AI is Powering Commercial & Retail Lending,A1027,https://www.globalfintechfest.com/speakers,2026-08-12T13:58:49Z,active,2026,manish kumar gupta,6a7c768616afc6a8747c9b6b
Mr. Manish Lunia,Co-Founder,FlexiLoans.com,India,$7b,,https://event-engine-prod-media.s3.ap-south-1.amazonaws.com/uploads/6d222bf1-ed53-4959-8ec4-8f2d08b72a18-mr.-manish-lunia-website-photo.png,"The Lending-Fintech Power Shift: As Lenders Build In-House Digital Lending Stacks, What's Left for Lending-Tech Platforms?",A0772,https://www.globalfintechfest.com/speakers,2026-08-12T13:58:49Z,active,2026,manish lunia,6a7c768616afc6a8747c9b6c
Mr. Manish Maheshwari,Country Business Head - India,Stripe,India,$95,https://www.linkedin.com/in/manishlens/,https://event-engine-prod-media.s3.ap-south-1.amazonaws.com/uploads/8c8f7fb9-a845-426d-9278-9dda30549251-mr.-manish-maheshwari-website-photo.png,"Cross-Border Payments Reimagined: Speed, Cost, and Transparency",A0330,https://www.globalfintechfest.com/speakers,2026-08-12T13:58:49Z,active,2026,manish maheshwari,6a7c768616afc6a8747c9b6d
Mr. Manish Sinha,Co-founder,Credilio Financial Technologies,India,"Manish has 31 years of experience in financial services. His career started in consulting, with McKinsey and Andersen. He then worked in consumer banking at Barclays and HSBC. He has been CEO at three different MNCs looking after India, Asia-Pacific and Middle East. These are Equifax, Dun & Bradstreet and Sterling Check. Since 2025, he is a Cofounder at Credilio and Fintech in credit cards. Manish is an alumnus of IIT Kanpur and IIM Calcutta, and lives in Mumbai.",,https://event-engine-prod-media.s3.ap-south-1.amazonaws.com/uploads/6aa7ca66-0ae1-4d9f-8186-52fc6fd865d2-mr.-manish-sinha-website-photo.png,Engineering Enterprise Retrieval-Augmented Generation Systems: Deploying AI in Financial Services,A0908,https://www.globalfintechfest.com/speakers,2026-08-12T13:58:49Z,active,2026,manish sinha,6a7c768616afc6a8747c9b6e
Mr. Mannoj Varma,Director,Lyra Network,,"Mr. Mannoj Varma is a seasoned Business Leader and Director at Lyra India, renowned for his strategic leadership in driving innovation and growth within the financial and technology sectors for more than 20+ years of experience. With a strong focus on taking Unified Payments Interface (UPI) to the global stage, Mr. Varma has successfully led initiatives in product and project management, facilitating the integration of cutting-edge digital payment solutions across diverse global markets. Mr. Varma has actively contributed to shaping policies in India related to payments, transportation technology, and railways, offering valuable insights to the Government of India. Additionally, he has provided policy inputs to the Government of Rajasthan to promote in-state business initiatives.",https://www.linkedin.com/in/mannojvarma/,https://event-engine-prod-media.s3.ap-south-1.amazonaws.com/uploads/1173b999-ecc1-4dbb-b85c-f7606d41ed3d-mr.-mannoj-varma-website-photo.png,"Tap, Token, Transact: Building the Future of Intelligent Merchant Payments",A0756,https://www.globalfintechfest.com/speakers,2026-08-12T13:58:49Z,active,2026,mannoj varma,6a7c768616afc6a8747c9b6f
Mr. Manoj Dugar,"Managing Director & Head Global Payments Solutions Asia, ex. Greater China",The Hongkong & Shanghai Banking Corporation Limited,Singapore,"Manoj Dugar is Managing Director and Head of Global Payments Solutions, Asia ex. Greater China at HSBC. He leads HSBC’s payments franchise in Asia, delivering market-leading solutions to the to the bank’s corporate and institutional clients and driving business strategy through transformative technologies and fintech partnerships. With 28+ years of experience in Transaction Banking, Manoj has been driving thought leadership on Treasury and Payments through media engagements and events such as Money 20/20, Fintech forums in Asia and EuroFinance.",,https://event-engine-prod-media.s3.ap-south-1.amazonaws.com/uploads/9e916ee6-4c6b-4c65-b32f-280af3ac6b16-mr.-manoj-dugar-website-photo.png,,,https://www.globalfintechfest.com/speakers,2026-08-12T13:58:49Z,active,2026,manoj dugar,6a7c768616afc6a8747c9b70
Mr. Manoj Kumar,Executive Director,Securities and Exchange Board of India,India,"Mr. Manoj Kumar, as an Executive Director, is heading the Investment Management Department of SEBI. He has been associated with key SEBI initiatives such as Accounting Standards Committee chaired by Y H Malegam, Corporate Governance Committee chaired by Narayana Murthy. He has been the Member of the core group that successfully designed and implemented Integrated Market Surveillance System. Currently, he is a member secretary of the Mutual Funds Advisory Committee (MFAC).",,https://event-engine-prod-media.s3.ap-south-1.amazonaws.com/uploads/ca0c2be1-1e30-4ce5-a834-ca9fa184baaa-mr.-manoj-kumar-website-photo.png,"Reimagining Asset Management: Redefining Distribution, Advisory, and Trust through AI in a Hybrid World",A0784,https://www.globalfintechfest.com/speakers,2026-08-12T13:58:49Z,active,2026,manoj kumar,6a7c768616afc6a8747c9b71
Mr. Marco Massarenti,Adviser,European Central Bank,Germany,"Marco Massarenti has been with the European Central Bank (ECB) since 2010, bringing over 10 years of expertise in project and programme management across market operations, IT, and market infrastructure. He has developed strong management skills, overseeing complex initiatives that drive operational efficiency and innovation. Currently, Marco is responsible for programme management of TIPS (TARGET Instant Payment Settlement) interlinking initiatives. These initiatives aim to enhance the interoperability of instant payment systems, fostering seamless cross-border transactions and supporting the integration of financial markets. His work ensures the efficient coordination of technical developments, stakeholder collaboration, and strategic alignment to advance the ECB's vision for a unified payment landscape.",,https://event-engine-prod-media.s3.ap-south-1.amazonaws.com/uploads/49bcf0e6-5735-4938-917e-3fb671624c99-mr.-marco-massarenti-website-photo.png,Driving Sovereignty and Proliferation of New Payment Methods – A Central Bank Perspective,A0690,https://www.globalfintechfest.com/speakers,2026-08-12T13:58:49Z,active,2026,marco massarenti,6a7c768616afc6a8747c9b72
Mr. Mattia Musetti,Head of Business Development,Luxembourg for Finance,Luxembourg [Grand Dutchy of],"Mattia Musetti heads the North America and India desks at Luxembourg for Finance (LFF). Mattia’s role is to advise LFF and its stakeholders on the strategic orientation of the financial centre, specializing on a number of topics including fintech and private equity. He represents the Luxembourg financial industry abroad and helps others understand Luxembourg’s financial services and fund structuring toolbox and the industry in general. He advises international financial services companies, asset managers, FinTechs and multinational corporate groups to develop and scale up globally their cross-border financial operations through Luxembourg as the gateway to Europe. His geographic focus of attracting financial companies to Luxembourg is global, with specialties in North America, India, and EU Nordics.",,https://event-engine-prod-media.s3.ap-south-1.amazonaws.com/uploads/d1aeb4c0-398b-481a-8823-201d5d59591c-mr.-mattia-musetti-website-photo.png,Trusted. Connected. Compliant: Enabling the Future of Cross-Border Finance,A0668,https://www.globalfintechfest.com/speakers,2026-08-12T13:58:49Z,active,2026,mattia musetti,6a7c768616afc6a8747c9b73
Mr. Maulik Joshi,Managing Director & CEO,Paynext Pvt Ltd,India,$74,,https://event-engine-prod-media.s3.ap-south-1.amazonaws.com/uploads/e429e4ea-1474-4155-8743-24fc2e6ef744-mr.-maulik-joshi-website-photo.png,"Intelligent Payments Operations: AI, Automation and the Future of Payment Reliability",A0760,https://www.globalfintechfest.com/speakers,2026-08-12T13:58:49Z,active,2026,maulik joshi,6a7c768616afc6a8747c9b74
Mr. Mayank Goyal,Founder & CEO,moneyHOP,,"Mayank Goyal, an esteemed financial professional with a substantial educational foundation from Imperial College London, boasts a decade of success in London's finance sector, notably in electronic trading and quantitative management at leading firms such as Merrill Lynch and Bank of America. As the Founder & CEO of HOP Financial Solutions, aka moneyHOP, he has led groundbreaking achievements in fintech, including facilitating over $400 million in remittances. Additionally, he is committed to educational philanthropy, significantly supporting the Pratham Education Foundation. His career highlights innovation, leadership, and a deep commitment to positive societal impact.",https://www.linkedin.com/in/mayankgoyalcfa/,https://event-engine-prod-media.s3.ap-south-1.amazonaws.com/uploads/bed9ada9-5add-4973-be60-af1488f86510-mr.-mayank-goyal-website-photo.png,,,https://www.globalfintechfest.com/speakers,2026-08-12T13:58:49Z,active,2026,mayank goyal,6a7c768616afc6a8747c9b75
Mr. Metesh Bhati,Chief Product & Technology Officer,Sahakar Sarathi Private Limited,India,"Metesh Bhati is the Chief Product & Technology Officer of Sahakar Sarathi Private Limited (SSPL), the NABARD and Ministry of Cooperation-backed shared services company building digital infrastructure for 385 Rural Cooperative Banks that together serve around 130 million customers across India. He leads product, technology and AI strategy for the cooperative banking ecosystem. He brings more than 20 years of experience building and scaling technology platforms at national scale across financial services, digital identity and digital public infrastructure, including ONDC, Aadhaar eKYC, Account Aggregator, UPI, etc. As EVP and Chief Digital & AI Officer at Protean eGov Technologies, he led digital and AI programmes spanning identity, financial services and citizen platforms. His current focus is trusted, sovereign and scalable AI for inclusive finance: agentic systems, AI trust infrastructure and DPI for the next billion users.",,https://event-engine-prod-media.s3.ap-south-1.amazonaws.com/uploads/ae9a05c7-277d-4c7c-80a2-d22e6064e7b3-mr.-metesh-bhati-website-photo.png,,,https://www.globalfintechfest.com/speakers,2026-08-12T13:58:49Z,active,2026,metesh bhati,6a7c768616afc6a8747c9b76
Mr. Michael Jennings,Head of Division,Banca d'Italia,Italy,"Michael began his career at Banca d'Italia in 2007 as a member of the newly established TARGET2 team, contributing to the launch and operation of the Eurosystem’s RTGS platform. Building on this experience, he played a role in the functional design, testing, and implementation of TARGET2-Securities (T2S), the Eurosystem’s pioneering multi-currency securities settlement platform. He then joined the European Central Bank, where he held a dual position as a T2S Business Analyst and expert within the Vision 2020 programme. Upon returning to Banca d’Italia he became closely involved in the development and evolution of TARGET Instant Payment Settlement (TIPS) and the consolidation and modernization of the T2 and T2S infrastructures. Since 2025, he has served as Head of Development and Administration for Eurosystem Market Infrastructures, overseeing the strategic development of key payment and settlement services.",,https://event-engine-prod-media.s3.ap-south-1.amazonaws.com/uploads/45c74315-7372-4d26-a054-72c778bb00f6-mr.-michael-jennings-website-photo.png,,,https://www.globalfintechfest.com/speakers,2026-08-12T13:58:49Z,active,2026,michael jennings,6a7c768616afc6a8747c9b77
Mr. Mike Walters,Chief Executive Officer,Form3,United Kingdom,"Mike was appointed CEO of Form3 in October 2023, having joined the organisation as CPO and co-founder in 2016. During his role as CPO he was responsible for strategy, product development, product management as well as strategic initiatives, playing a key role in the business’ funding activities and key client relationships. Prior to Form3, Mike held senior product roles within Barclays as Product Director for Barclaycard Payment Acceptance (card acquiring) and Head of UK Corporate Payments for Barclays Corporate Bank. Earlier in his career he managed client relationship teams responsible globally for the North American Financial Institutions and FTSE 250 sectors providing him with significant product and enterprise client experience domestically and internationally.",,https://event-engine-prod-media.s3.ap-south-1.amazonaws.com/uploads/67d96134-1b82-40e0-9274-bcf0150fb77d-mr.-mike-walters-website-photo.png,What Should Drive Payments Without Borders – Geopolitics or Technical Friction,A1214,https://www.globalfintechfest.com/speakers,2026-08-12T13:58:49Z,active,2026,mike walters,6a7c768616afc6a8747c9b78
Mr. Milan Janardan Naik,Founder,BOXX Insurance,India,$97,,https://event-engine-prod-media.s3.ap-south-1.amazonaws.com/uploads/6adcb0d7-07e3-4b88-83f3-4230d0ec7c04-mr.-milan-janardan-naik-website-photo.png,Deepfake & Synthetic Identity Fraud: The New Frontier for BFSI,A0922,https://www.globalfintechfest.com/speakers,2026-08-12T13:58:49Z,active,2026,milan janardan naik,6a7c768616afc6a8747c9b79
Mr. Mohit Monga,Vice President - Financial Services,ONDC,India,"Mohit is Vice President of Products, Financial Services leading the Insurance and Purchase Finance verticals at ONDC. Mohit has 15+ years of diverse experience across Product Management, P&L Management in diverse domains including Fintech and AI solutions for Insurance. Mohit has worked with organizations such as Pine Labs, Texas Instruments and Brillio where he built and scaled products in Payments, Lending, Insure tech and AI domains. Mohit is currently focused on creating country scale Digital Public Infrastructure for the Insurance industry.",,https://event-engine-prod-media.s3.ap-south-1.amazonaws.com/uploads/1d7aba3a-ff5f-4e46-838d-d39e7fd73e20-mr.-mohit-monga--website-photo.png,,,https://www.globalfintechfest.com/speakers,2026-08-12T13:58:49Z,active,2026,mohit monga,6a7c768616afc6a8747c9b7a
Mr. Moiz Chohan,Founder & CEO,PayRupy,India,"Moiz Chohan is the Founder & CEO of PayRupy, a next-generation payments company focused on building secure, scalable, and intelligent payment infrastructure for businesses. With over 14 years of experience across banking, NBFCs, and fintech, Moiz has been instrumental in developing payment solutions that simplify digital transactions and support business growth. A passionate fintech entrepreneur, Moiz believes in building technology that solves real-world payment challenges through innovation, compliance, and reliability. His vision is to enable businesses with seamless payment experiences while contributing to the continued evolution of India's digital payments ecosystem.",https://www.linkedin.com/in/moizchohan,https://event-engine-prod-media.s3.ap-south-1.amazonaws.com/uploads/a30b9301-e4a9-4cd6-993d-46d36ee2ab3e-mr.-moiz-chohan-website-photo.png,From Payments to Possibilities: Bridging the Gaps in Digital Commerce & Financial Access,A1105,https://www.globalfintechfest.com/speakers,2026-08-12T13:58:49Z,active,2026,moiz chohan,6a7c768616afc6a8747c9b7b
Mr. Motilal Gopilal Oswal,CEO & Co-Founder,Motilal Oswal Financial Services Limited,India,$5d,,https://event-engine-prod-media.s3.ap-south-1.amazonaws.com/uploads/187558d6-116e-41b9-80f5-89e01ad6197a-mr.-motilal-gopilal-oswal--website-photo.png,Behavioural Risk in Retail Investing: The New Frontier of Investor Protection,A0779,https://www.globalfintechfest.com/speakers,2026-08-12T13:58:49Z,active,2026,motilal gopilal oswal,6a7c768616afc6a8747c9b7c
Mr. Movin Jain,Founder,Skydo Technologies,India,"Movin Jain is a fintech entrepreneur and Skydo’s Founder, working at the intersection of cross-border payments, regulation, compliance, AI and financial infrastructure. An IIT Delhi and IIM Ahmedabad alumnus, he has built systems across financial markets, payments, mobility, commerce and advertising at Barclays Investment Bank, InMobi, Ola, Meesho and PhonePe. At Skydo, Movin is focused on making cross-border payments faster, lower-cost and more transparent through zero FX markup, automated compliance and AI-led KYC workflows. Skydo serves 50,000+ Indian exporters, enables collections from 150+ countries, and has received final RBI PA-CB authorisation and licences in GIFT City and Canada.",https://in.linkedin.com/in/movinjain,https://event-engine-prod-media.s3.ap-south-1.amazonaws.com/uploads/011f4cda-fd16-4ef2-aa48-2f1255f300ac-mr.-movin-jain-website-photo.png,"Cross-Border Payments Reimagined: Speed, Cost, and Transparency",A0330,https://www.globalfintechfest.com/speakers,2026-08-12T13:58:49Z,active,2026,movin jain,6a7c768616afc6a8747c9b7d
Mr. Mujiruddin Shaikh,Chief Technology Officer,Reserve Bank Innovation Hub (RBIH),India,,https://www.linkedin.com/in/mujiruddin-shaikh-79b6641/,https://event-engine-prod-media.s3.ap-south-1.amazonaws.com/uploads/bdc48277-f54f-47af-a434-9c4e7434e1d6-mr.-mujiruddin-shaikh-website-photo.png,MuleHunter Workshop,A0349,https://www.globalfintechfest.com/speakers,2026-08-12T13:58:49Z,active,2026,mujiruddin shaikh,6a7c768616afc6a8747c9b7e
Mr. Mukesh Hajela,Chairman & MD,NICT Technologies,India,$63,,https://event-engine-prod-media.s3.ap-south-1.amazonaws.com/uploads/59bfb722-70c4-4176-838a-f93067131779-mr.-mukesh-hajela-website-photo.png,,,https://www.globalfintechfest.com/speakers,2026-08-12T13:58:49Z,active,2026,mukesh hajela,6a7c768616afc6a8747c9b7f
Mr. Murali Mohan Rao Manduva,Chief Technology Officer,DCB Bank,India,"Mr. Murali Mohan Rao Manduva has over 23 years of industry experience in Technology. He is a seasoned IT professional with experience in middle and senior management roles in IT services & Product Organizations like Polaris, Iflex (Oracle Financial Services) and Infosys. Prior to DCB Bank, Murali was with Infosys where he was designated as Head Delivery, India and Africa for Finacle, Infosys Banking product unit. As a technology professional he had led many large transformational projects in mid and large banks across different geographies including India. Murali has a Master's degree in Computer Applications from National Institute of Technology ( NIT), Trichy.",https://www.linkedin.com/in/muralimanduva,https://event-engine-prod-media.s3.ap-south-1.amazonaws.com/uploads/fd58c972-3158-41a3-a8f7-91354da244a1-murali-mohan-rao-manduva-website-photo.png,AI-Powered Early Warning Systems: Protecting Portfolios & Driving Growth,A0835,https://www.globalfintechfest.com/speakers,2026-08-12T13:58:49Z,active,2026,murali mohan rao manduva,6a7c768616afc6a8747c9b80
Mr. Muthu Krishnan,Head of Business Development,Gemini Software Solutions,India,"A strategic planner and expertise in business creation and development, joined Gemini as Head of Business Development (BFSI), brings in over 29 years of experience in Payment domain spread across the card issuance and Acquiring framework. An accomplished expert in domain connected with all the major banks and fintechs in the BFSI segment. Recipient of numerous laurels in his career path",,https://event-engine-prod-media.s3.ap-south-1.amazonaws.com/uploads/718610ac-a3f5-4287-9047-d021aabb4bf5-mr.-muthu-krishnan--website-photo.png,From Payments to Possibilities: Bridging the Gaps in Digital Commerce & Financial Access,A1105,https://www.globalfintechfest.com/speakers,2026-08-12T13:58:49Z,active,2026,muthu krishnan,6a7c768616afc6a8747c9b81
Mr. Nageen Kommu,CEO,Digitap AI,India,"An IIM Ahmedabad and NITK alumnus, Nageen brings 20+ years of experience in telecom, consulting (EY), and startups. He drives product vision, growth, and platform strategy at Digitap, leveraging his deep expertise in AI/ML and digital transformation.",https://www.linkedin.com/in/nageen-kommu-188aa338/,https://event-engine-prod-media.s3.ap-south-1.amazonaws.com/uploads/0b270538-8c4b-4dbe-9907-4645b0e7f9c7-nageen-kommu-website-photo.png,"Beyond the Bureau Score: Are Alternative Data Models Actually Better, or Just Different?",A0827,https://www.globalfintechfest.com/speakers,2026-08-12T13:58:49Z,active,2026,nageen kommu,6a7c768616afc6a8747c9b82
Mr. Nandan Nilekani,Chairman,Infosys,India,$30,,https://event-engine-prod-media.s3.ap-south-1.amazonaws.com/uploads/83cc0789-8de7-40e2-b1e8-a5448a6b5958-mr.-nandan-nilekani-website-photo.png,CASHLESS NATION,A0970,https://www.globalfintechfest.com/speakers,2026-08-12T13:58:49Z,active,2026,nandan nilekani,6a7c768616afc6a8747c9b83
Mr. Narendra Babu,Cheif Technology Officer,PayU Payments,India,$86,https://linkedin.com/narendrababu,https://event-engine-prod-media.s3.ap-south-1.amazonaws.com/uploads/a4764119-9c22-452a-9364-03c988d66064-mr.-narendra-babu-website-photo.png,"Building Compliant, Scalable Businesses with Evolving Regulations",A0738,https://www.globalfintechfest.com/speakers,2026-08-12T13:58:49Z,active,2026,narendra babu,6a7c768616afc6a8747c9b84
Mr. Narendra Singh Yadav,Chief Business Officer,Paytm,India,$60,,https://event-engine-prod-media.s3.ap-south-1.amazonaws.com/uploads/4823f490-0f1c-461e-a0e1-9e953b9246b3-mr.-narendra-singh-yadav-website-photo.png,,,https://www.globalfintechfest.com/speakers,2026-08-12T13:58:49Z,active,2026,narendra singh yadav,6a7c768616afc6a8747c9b85
Mr. Nath Parameshwaran,"Senior Director, Government Relations, India and South Asia",PayPal,India,$68,,https://event-engine-prod-media.s3.ap-south-1.amazonaws.com/uploads/ddeca0ce-2e67-4456-9d96-8163ba1e362d-mr.-nath-parameshwaran-website-photo.png,"Cross-Border Payments Reimagined: Speed, Cost, and Transparency",A0330,https://www.globalfintechfest.com/speakers,2026-08-12T13:58:49Z,active,2026,nath parameshwaran,6a7c768616afc6a8747c9b86
Mr. Naveen Chaluvadi,CDO,YES Bank,India,"Naveen Chaluvadi is Chief Digital Officer at YES BANK, leading initiatives across digital channels and payments to position the bank as a preferred fintech partner. With over two decades in banking technology since 2003, he has expertise in product design, digital banking, and payments, with a passion for transaction engineering. A Mechanical Engineer from M. S. Ramaiah College and MBA from IIM Ahmedabad, Naveen is a recognized leader in driving digital transformation in financial services.",,https://event-engine-prod-media.s3.ap-south-1.amazonaws.com/uploads/87115da8-eb4e-4067-b4b2-34b1cb2260c7-mr.-naveen-chaluvadi-website-photo.png,"Reimagining Cards & Payments: Driving Growth, Loyalty, and Merchant Acceptance at Scale",A0696,https://www.globalfintechfest.com/speakers,2026-08-12T13:58:49Z,active,2026,naveen chaluvadi,6a7c768616afc6a8747c9b87
Mr. Naveen Kumar Kottala,Chief Executive Officer,Finkurve,India,"Naveen Kottala is a financial services leader with over 15 years of experience building and scaling lending businesses across gold loans, MSME finance, and digital lending. He has held leadership roles in leading fintechs and NBFCs, with expertise spanning strategy, risk management, distribution, operations, technology, and capital markets. As CEO of a listed gold loan NBFC, he has led rapid business growth while maintaining a strong focus on profitability, governance, and asset quality. An alumnus of IIM Lucknow and NIT Bhopal, Naveen is passionate about creating customer-centric financial institutions by combining technology, disciplined risk management, and operational excellence. He has extensive experience in scaling businesses, raising institutional confidence, and building high-performing teams to drive sustainable long-term growth.",,https://event-engine-prod-media.s3.ap-south-1.amazonaws.com/uploads/7e80e046-5492-4179-9155-b99f180f1941-mr.-naveen-kumar-kottala-website-photo.png,From Collateral to Intelligence: The Future of Credit in a Digital Economy,A1127,https://www.globalfintechfest.com/speakers,2026-08-12T13:58:49Z,active,2026,naveen kumar kottala,6a7c768616afc6a8747c9b88
Mr. Neelesh Pradhan,CEO,Nepal Clearing House,Nepal,,,https://event-engine-prod-media.s3.ap-south-1.amazonaws.com/uploads/9087d774-f104-4719-b60b-232697369ae1-mr.-neelesh-pradhan-website-photo.png,Real-Time Payouts for the Global Gig Economy,A0475,https://www.globalfintechfest.com/speakers,2026-08-12T13:58:49Z,active,2026,neelesh pradhan,6a7c768616afc6a8747c9b89
Mr. Neeraj Matiyani,Head of India,DevRev,India,"Neeraj Matiyani, Head of India is a seasoned business professional working closely to improve customer experience across large banks in India and several tech companies. In his previous stint at AWS, he led initiatives to support and grow digital native businesses in India, focusing on leveraging cloud technology. Neeraj is known for his skills in Large opportunity management, business development, technology sales, marketing, media & analyst engagement, product and P&L management, people management & leading large sales teams, and contributing to the growth and success of the organizations he has been a part of",https://www.linkedin.com/in/matiyani/,https://event-engine-prod-media.s3.ap-south-1.amazonaws.com/uploads/56d24772-4760-40c8-844f-c8cf9ffa2d15-mr.-neeraj-matiyani-website-photo.png,Knowledge Graphs + AI: The Next Intelligence Layer,A0894,https://www.globalfintechfest.com/speakers,2026-08-12T13:58:49Z,active,2026,neeraj matiyani,6a7c768616afc6a8747c9b8a
Mr. Neil Borate,Editor-in-Chief,Thefynprint,India,"I head theFynprint, a digital publication and platform covering mutual funds, insurance, taxation, global investing and other personal finance subjects. I was formerly the personal finance editor at Mint. I am also co-author of the book, The Big Bull of Dalal Street, a biography of Rakesh Jhunjhunwala one of India's most successful investors.",,https://event-engine-prod-media.s3.ap-south-1.amazonaws.com/uploads/8e683ea3-8a5b-4727-829c-c00db73a8cd1-mr.-neil-borate-website-photo.png,Behavioural Risk in Retail Investing: The New Frontier of Investor Protection,A0779,https://www.globalfintechfest.com/speakers,2026-08-12T13:58:49Z,active,2026,neil borate,6a7c768616afc6a8747c9b8b
Mr. Nick Soo,"Managing Director, Asia Payment Product Head",HSBC,Malaysia,$3d,,https://event-engine-prod-media.s3.ap-south-1.amazonaws.com/uploads/72027b53-8aa1-49d1-a852-0b669db4fbb9-mr.-nick-soo-website-photo.png,,,https://www.globalfintechfest.com/speakers,2026-08-12T13:58:49Z,active,2026,nick soo,6a7c768616afc6a8747c9b8c
Mr. Nikhil Aggarwal,Founder & CEO,Grip Invest,,"Nikhil is the Founder & CEO of Grip Invest, an investment platform dedicated to fixed-income products for retail investors. One of India's first Online Bond Platforms, Grip today enables over 4,000 Cr in investments annually. Nikhil started his career in banking with HSBC and then spent 6 years in Morgan Stanley's Investment Banking team. In 2016, Nikhil co-founded Chalo, India's #1 intra-city bus mobility application which today facilitates over 1 billion passenger rides annually. Nikhil also previously served as a Consultant to the World Bank on policy for public transportation and electric vehicles.",,https://event-engine-prod-media.s3.ap-south-1.amazonaws.com/uploads/ebba6392-e811-402f-bdb9-15d7926ea812-mr.-nikhil-aggarwal-website-photo.png,Retailisation of Bond Markets,A0980,https://www.globalfintechfest.com/speakers,2026-08-12T13:58:49Z,active,2026,nikhil aggarwal,6a7c768616afc6a8747c9b8d
Mr. Nikhil Kurhe,CEO,Finarkein Analytics,India,"Nikhil is the CEO of Finarkein, where he drives the company’s product direction, long-term strategy, and positioning within India’s rapidly evolving open-data ecosystem. He works closely with banks, financial institutions, and ecosystem partners to enable secure, consent-driven data sharing while building scalable, future-ready solutions for the financial services industry. In parallel, Nikhil actively contributes to India’s open finance movement as a Volunteer Architect with Sahamati, the industry body overseeing the Account Aggregator framework. Through this role, he supports industry collaboration, ecosystem adoption, and the development of shared technical standards that underpin trust, interoperability, and scale across the financial data landscape.",https://www.linkedin.com/in/nikhilkurhe,https://event-engine-prod-media.s3.ap-south-1.amazonaws.com/uploads/e69ef75a-851a-4672-ad05-9887b6a64308-nikhil-kurhe-website-photo.png,"How AI-native underwriting is reshaping pricing, inclusion, and liability",A0819,https://www.globalfintechfest.com/speakers,2026-08-12T13:58:49Z,active,2026,nikhil kurhe,6a7c768616afc6a8747c9b8e
Mr. Nilesh Dhande,Co-founder and CEO,Fortytwo42 Technology Innovations Private Limited,India,$65,,https://event-engine-prod-media.s3.ap-south-1.amazonaws.com/uploads/c4fc87e6-6386-445f-9156-b2d5cc618eee-mr.-nilesh-dhande-website-photo.png,Quantum Threats & Market Infrastructure: Preparing for the Next Era of Cyber Risk,A0787,https://www.globalfintechfest.com/speakers,2026-08-12T13:58:49Z,active,2026,nilesh dhande,6a7c768616afc6a8747c9b8f
Mr. Nilesh Lodaya,Chief Business Officer,Central Depository Services (India) Limited,India,"Mr. Nilesh Lodaya currently serves as the Chief Business Officer and Head of New Projects at Central Depository Services (India) Limited (CDSL). Prior to this appointment, he was Head of Direct Custody & Clearing, India at J.P. Morgan. He has extensive experience in financial services industry across various functions like business development, product management, operations, and controls.",,https://event-engine-prod-media.s3.ap-south-1.amazonaws.com/uploads/289f58bf-1a55-4411-a221-ade91d5d7c84-mr.-nilesh-lodaya-website-photo.png,The Future of Market Infrastructure in the Age of Tokenisation of Securities,A1033,https://www.globalfintechfest.com/speakers,2026-08-12T13:58:49Z,active,2026,nilesh lodaya,6a7c768616afc6a8747c9b90
Mr. Nilkanth Rade,EVP,HDFC,India,,,https://event-engine-prod-media.s3.ap-south-1.amazonaws.com/uploads/9ffb0f52-0b28-4245-b07b-7bbf0cda20ee-mr.-nilkanth-rade-website-photo.png,"AI as a Growth Engine for Banking: Sales Intelligence, Cross-Sell, and Customer Reach Across Segments",A1016,https://www.globalfintechfest.com/speakers,2026-08-12T13:58:49Z,active,2026,nilkanth rade,6a7c768616afc6a8747c9b91
Mr. Nirav Prajapati,"Co Founder, CEO",Ignosis AI,India,$5f,https://in.linkedin.com/in/niravprajapati1,https://event-engine-prod-media.s3.ap-south-1.amazonaws.com/uploads/abfb9f44-20d5-469a-86b5-a8ed035c7a3a-mr.-nirav-prajapati-website-photo.png,"Cheaper to Run, Not Cheaper to Fund: Confronting NBFC Lending's Unsolved Capital Cost Problem",A0795,https://www.globalfintechfest.com/speakers,2026-08-12T13:58:49Z,active,2026,nirav prajapati,6a7c768616afc6a8747c9b92
Mr. Nishchay Ag,CEO & Co-Founder,Changejar Technologies,India,$9b,https://www.linkedin.com/in/nishchay-ag-904b325/,https://event-engine-prod-media.s3.ap-south-1.amazonaws.com/uploads/f68bfe68-c8c5-48e2-a7fc-e03920bf6ff0-mr.-nishchay-ag-website-photo.png,Inclusion at Scale: Building Trust First Financial Platforms for the Masses,A0998,https://www.globalfintechfest.com/speakers,2026-08-12T13:58:49Z,active,2026,nishchay ag,6a7c768616afc6a8747c9b93
Mr. Nitendra Rajput,"Senior Vice President & Head, AI Garage",Mastercard,India,$9e,https://www.linkedin.com/in/nitendra-rajput/,https://event-engine-prod-media.s3.ap-south-1.amazonaws.com/uploads/22221e6b-4c54-4800-ab5c-8893b7ee4a1a-mr.-nitendra-rajput-website-photo.png,"Market Data as Infrastructure: Data Governance, ownership, innovation and oversight",A0976,https://www.globalfintechfest.com/speakers,2026-08-12T13:58:49Z,active,2026,nitendra rajput,6a7c768616afc6a8747c9b94
Mr. Nitesh Ranjan,Executive Director,Union Bank of India,India,"Shri Nitesh Ranjan is Executive Director of Union Bank of India. He is leading Bank’s digital transformation for delivering superior customer experience, enhancing employee engagement, and strengthening the balance sheet. While steering business outcomes, he emphasizes on continuous enhancement of risk and compliance standards. He is a member of the IBA Steering Committee on PSB Reforms. He has also served on the boards of NPCI, SUD Life Insurance Company, SWIFT India, SBI Global Factors Ltd, and FIMMDA, and was a founding member of the India Forex Committee (IFXC). Shri Ranjan holds a postgraduate degree in Economics and has also completed the Leadership Development Programme of IIM Bangalore.",,https://event-engine-prod-media.s3.ap-south-1.amazonaws.com/uploads/6973cf1b-6a77-4f38-925b-b09309c395ec-mr.-nitesh-ranjan-website-photo.png,"AI as a Growth Engine for Banking: Sales Intelligence, Cross-Sell, and Customer Reach Across Segments",A1016,https://www.globalfintechfest.com/speakers,2026-08-12T13:58:49Z,active,2026,nitesh ranjan,6a7c768616afc6a8747c9b95
Mr. Nitin Bhatnagar,"Regional Director - India, South Asia and Middle East",PCI Security Standards Council,India,$57,,https://event-engine-prod-media.s3.ap-south-1.amazonaws.com/uploads/2a3fac28-1c2c-47ef-b552-6e98b23fd3c3-mr.-nitin-bhatnagar-website-photo.png,From Ind (IA → AI) Stack: Powering the Next Era of Digital Governance,A1006,https://www.globalfintechfest.com/speakers,2026-08-12T13:58:49Z,active,2026,nitin bhatnagar,6a7c768616afc6a8747c9b96
Mr. Nitin Chugh,MD & Group CEO,Perfios Software Solutions,India,"Nitin Chugh is an accomplished BFSI leader with an overall experience of nearly 33 years. Before joining Perfios as its Group CEO and MD, he served as Deputy MD and Head of Digital Banking & Transformation at SBI from March 2022 to March 2026. In his earlier roles, he headed Ujjivan Small Finance Bank Ltd as its MD and CEO from Dec 2019 to Sept 2021. He also served for over 18 years at HDFC Bank from 2001 to mid-2019, where he managed several leadership roles in retail banking. His last role at HDFC Bank was that of Group Head for Digital Banking where he oversaw the digital transformation of HDFC Bank from 2013 to 2019. In the earlier years of his career, he worked in different sales and relationship roles at Standard Chartered Bank, Modi Xerox Ltd and HCL Ltd. Nitin is one of those rare leaders who combines a deep understanding of technology and domain. He has led and managed impactful large scale digital and technology led business transformation over the last decade and a half.",https://www.linkedin.com/in/nitinchugh71/,https://event-engine-prod-media.s3.ap-south-1.amazonaws.com/uploads/230a89cf-4e6f-4ebb-a5ea-2c841802b4bf-nitin-chugh-website-photo.png,,,https://www.globalfintechfest.com/speakers,2026-08-12T13:58:49Z,active,2026,nitin chugh,6a7c768616afc6a8747c9b97
Mr. Pablo Hernández de Cos,General Manager,BIS,Switzerland,,,https://event-engine-prod-media.s3.ap-south-1.amazonaws.com/uploads/ca84fa3e-4d4e-46c2-8005-d7b4b5753ba1-mr.-pablo-hernndez-de-cos-website-photo.png,,,https://www.globalfintechfest.com/speakers,2026-08-12T13:58:49Z,active,2026,pablo hernandez de cos,6a7c768616afc6a8747c9b98
Mr. Pankaj Dinesh Gadgil,MD & CEO,Aditya Birla Housing Finance,India,"Pankaj Gadgil is the MD & CEO of Aditya Birla Housing Finance Limited and Head of Digital Platforms & Payments Strategy at Aditya Birla Capital. A seasoned leader with over 25 years of experience, he is driving the company’s evolution into a digitally enabled, customer-first financial powerhouse. Since joining the Aditya Birla Group in 2022, he has accelerated growth in the housing finance business while leading the development of ABCD—an integrated omnichannel platform offering a comprehensive suite of financial and payment solutions. Prior to this, Pankaj spent 19 years at ICICI Bank, where he led diverse portfolios across retail banking, SMEs, and payments, and spearheaded several industry-first digital innovations including InstaBIZ, API Banking, Trade Online, and Eazypay—many of which earned global recognition. He has also served as a nominee director on the boards of NPCI, NPCI International, ICICI Merchant Services, and ICICI Securities.",,https://event-engine-prod-media.s3.ap-south-1.amazonaws.com/uploads/b8605d3b-afd7-4d56-958c-fe6ba1b06881-mr.-pankaj-dinesh-gadgil-website-photo.png,Intelligent Credit Management: From Risk Monitoring to Debt Resolution,A0770,https://www.globalfintechfest.com/speakers,2026-08-12T13:58:49Z,active,2026,pankaj dinesh gadgil,6a7c768616afc6a8747c9b99
Mr. Pankaj Mishra,Head- Digital & Fintech Business,UTI Asset Management Company,India,"Pankaj Mishra is working in UTI AMC as Head -Digital & Fintech and is driving strategic Digital & Fintech Agenda across UTI AMC, covering Growing Digital Assets, Driving Business, Data and AI initiatives. He is having 18+ years of cross-functional experience in Banking and Asset Management space with proven track record in driving Digital Business, Implementing Large projects and managing customer life cycle at State Bank of India, HDFC Bank & UTI AMC.",,https://event-engine-prod-media.s3.ap-south-1.amazonaws.com/uploads/c7679eed-334b-4d14-a9b8-85bd342fece8-mr.-pankaj-mishra-website-photo.png,Building Bharat's Investments Infrastructure: FY26 and Beyond,A1082,https://www.globalfintechfest.com/speakers,2026-08-12T13:58:49Z,active,2026,pankaj mishra,6a7c768616afc6a8747c9b9a
Mr. Pankaj Singh,Co-founder & Partner,Aagama Ventures,India,"Pankaj Singh has been an ex-banker having worked across Bank of America, American Express, ICICI Bank and Kotak Mahindra Bank. Pankaj has been co-founder at Yatra Angel Network and Aagama Ventures, a fintech focused only fund.",https://www.linkedin.com/in/pankaj-singh-6546ab2b/,https://event-engine-prod-media.s3.ap-south-1.amazonaws.com/uploads/e974325c-7706-4369-be8d-6b1a8ecc0f6c-mr.-pankaj-singh-website-photo.png,,,https://www.globalfintechfest.com/speakers,2026-08-12T13:58:49Z,active,2026,pankaj singh,6a7c768616afc6a8747c9b9b
Mr. Paritosh Kashyap,Executive Director,Kotak Mahindra Bank,India,,,https://event-engine-prod-media.s3.ap-south-1.amazonaws.com/uploads/a8b9c8d7-1076-4e2f-bb3f-a529f17aa886-mr.-paritosh-kashyap-website-photo.png,India's Digital Banking Revolution: Balancing Innovation & Trust,A0698,https://www.globalfintechfest.com/speakers,2026-08-12T13:58:49Z,active,2026,paritosh kashyap,6a7c768616afc6a8747c9b9c
Mr. Parthasarathi Patnaik,Chief Risk & Data Officer,Vayana,India,"Partha is a seasoned banker with nearly 30 years of experience across RBS, ABN AMRO Bank, Crisil, and Tata Steel. Partha has had the unique perspective of heading risk management in his early professional years before leading teams to build profitable businesses in corporate and investment banking and, more recently, in setting up a VC fund in India. Partha is an engineer from IIT, an MBA from Jamnalal Bajaj Institute of Management Studies, and an alumnus of Wharton Business School. As Chief Risk Officer, Partha is currently spearheading efforts at setting up a data-driven credit underwriting business at Vayana.",https://www.linkedin.com/in/parthasarathi-patnaik-426318/,https://event-engine-prod-media.s3.ap-south-1.amazonaws.com/uploads/70589f84-8193-4ff3-a9e9-b662e97489f8-mr.-parthasarathi-patnaik--website-photo.png,,,https://www.globalfintechfest.com/speakers,2026-08-12T13:58:49Z,active,2026,parthasarathi patnaik,6a7c768616afc6a8747c9b9d
Mr. Paul Stamas,"Managing Director, Global Head of Financial Services",General Atlantic,United States of America,Paul Stamas is a Managing Director and Global Co-Head of General Atlantic’s Financial Services sector.,,https://event-engine-prod-media.s3.ap-south-1.amazonaws.com/uploads/bdaca60f-3e4d-41fa-addc-bec1816a5133-mr.-paul-stamas-website-photo.png,The Quantum Shift: Redefining the Future of Money Movement and Financial Innovation,A0457,https://www.globalfintechfest.com/speakers,2026-08-12T13:58:49Z,active,2026,paul stamas,6a7c768616afc6a8747c9b9e
Mr. Paul van Sint Fiet,"Managing Director, Head of Cross-Currency Solutions, APAC",JPMorgan,Singapore,$3f,,https://event-engine-prod-media.s3.ap-south-1.amazonaws.com/uploads/cb01eef9-da53-40b7-8e8c-1d1dde38f49b-mr.-paul-van-van-sint-fiet-website-photo.png,Cross-Border Payments 2.0 to Meet Regulatory Goals,A0678,https://www.globalfintechfest.com/speakers,2026-08-12T13:58:49Z,active,2026,paul van sint fiet,6a7c768616afc6a8747c9b9f
Mr. Phoram Mehta,VP & Head of International Cyber Risk,Paypal Pte Ltd,Singapore,"Phoram Mehta is the VP & Head of International Cyber Risk at PayPal. A seasoned professional with 25 years of experience and technical leader with over two decades in Information Security, Mr. Mehta has been instrumental in building secure technology solutions for multiple companies across a spectrum of sectors including financial services, healthcare, telecommunication, and government globally. He currently serves as Co-Chair on the AmCham Singapore Cybersecurity Cmte, has been on the board of Cyber Risk Institute, ISACA Singapore chapter President and advises cybersecurity startups in Singapore, India and US. Mr. Mehta has a Bachelors and Masters in Computer Science with specialization in Cybersecurity.",https://www.linkedin.com/in/phorammehta/,https://event-engine-prod-media.s3.ap-south-1.amazonaws.com/uploads/16a931eb-9ac1-4829-9643-9abfee079011-mr.-phoram-mehta-website-photo.png,,,https://www.globalfintechfest.com/speakers,2026-08-12T13:58:49Z,active,2026,phoram mehta,6a7c768616afc6a8747c9ba0
Mr. Pietro Tiberi,IT Operations Manager,Banca d'Italia,Italy,"Pietro Tiberi is a manager at the Bank of Italy's Information Technology directorate general where he has worked since 2013 in the Operations directorate. He is the head of the technical support and infrastructure Division for the payment systems (Target2, Target2 Securities and TIPS) that the Bank of Italy manages on behalf of the Eurosystem. He previously worked as an engineer at the WIND telecommunications developing monitoring and support systems for mobile and fixed networks. Pietro has master degrees in electrical engineering and space physics and has authored scientific publications in the area of space physics, carbon footprint and quantum security in payment sys-tems.”",,https://event-engine-prod-media.s3.ap-south-1.amazonaws.com/uploads/6fcb3434-54e6-451b-baee-73891e5fadb1-mr.-pietro-tiberi-website-photo.png,Securing Global Payments: Preparing for the Quantum Era,A0656,https://www.globalfintechfest.com/speakers,2026-08-12T13:58:49Z,active,2026,pietro tiberi,6a7c768616afc6a8747c9ba1
Mr. Prakash Sikaria,Founder & CEO,super.money,India,"Prakash Sikaria is the Founder and CEO of super.money, a next-gen money app that’s redefining how India spends money, builds wealth and accesses credit. Launched in mid-2024 and backed by Flipkart, super.money has already become India’s fifth-largest UPI app, and recognised as India’s Fastest Growing Payments App at the Sensor Tower APAC Awards 2025. Under Prakash’s leadership, the brand is pioneering India’s credit-first digital money ecosystem; blending payments, savings, and secured credit into one seamless app experience.",,https://event-engine-prod-media.s3.ap-south-1.amazonaws.com/uploads/1612e02d-104a-4eba-ba58-bf322a2c92c7-mr.-prakash-sikaria-website-photo.png,"Intelligent Credit: Building Trust, Access & Scale in the Platform Economy",A0702,https://www.globalfintechfest.com/speakers,2026-08-12T13:58:49Z,active,2026,prakash sikaria,6a7c768616afc6a8747c9ba2
Mr. Pramod Rao,Former Executive Director,SEBI,India,"Mr. Pramod Rao is the Former Executive Director of the Securities and Exchange Board of India (SEBI) and a distinguished legal and regulatory expert with over three decades of experience across financial services, capital markets, banking, and corporate governance. During his tenure at SEBI, he led key functions including Debt and Hybrid Securities and the Enquiry & Adjudication Department, contributing significantly to the evolution of India's securities market regulatory framework. Prior to SEBI, he served as Group General Counsel at ICICI Bank, General Counsel for Citi India, and Partner at IndusLaw. An alumnus of the National Law School of India University (NLSIU), Bengaluru, Mr. Rao is widely recognized for his expertise in financial regulation, fintech, governance, and policy, and is a respected voice on the future of India's financial ecosystem.",https://in.linkedin.com/in/pramod-rao-lawyer,https://event-engine-prod-media.s3.ap-south-1.amazonaws.com/uploads/221b47d2-302f-422b-88ac-9424ec58a168-mr.-pramod-rao-website-photo.png,,,https://www.globalfintechfest.com/speakers,2026-08-12T13:58:49Z,active,2026,pramod rao,6a7c768616afc6a8747c9ba3
Mr. Pranav Chawda,CEO & Managing Director,JP Morgan Chase Bank India N.A.,India,"Pranav Chawda is the CEO of JPMorgan Chase Bank, India, and Head of Global Corporate Banking. Appointed to this role in 2024, he leads the firm’s India bank franchise, driving strategic growth across corporate and Institutional banking. Under his leadership, JPMorgan India branch, serves a diverse client base, including top-tier Indian corporates, multinational companies, financial institutions and global investors.",,https://event-engine-prod-media.s3.ap-south-1.amazonaws.com/uploads/bb47d7ca-7ae4-4737-827c-5c8b7f1c4d6e-mr.-pranav-chawda-website-photo.png,Access for the Global Capital: India on the World Map - Harmonising Regulations for Global Investors,A0796,https://www.globalfintechfest.com/speakers,2026-08-12T13:58:49Z,active,2026,pranav chawda,6a7c768616afc6a8747c9ba4
Mr. Pranav Mishra,President & Consumer Banking Head - Distribution & Transformation,Kotak Mahindra Bank,India,$9f,,https://event-engine-prod-media.s3.ap-south-1.amazonaws.com/uploads/42f2b569-b1fd-46fd-b4e6-15b25de0cc79-mr.-pranav-mishra-website-photo.png,"AI as a Growth Engine for Banking: Sales Intelligence, Cross-Sell, and Customer Reach Across Segments",A1016,https://www.globalfintechfest.com/speakers,2026-08-12T13:58:49Z,active,2026,pranav mishra,6a7c768616afc6a8747c9ba5
Mr. Pranay Bipin Jhaveri,Managing Director - India & South Asia,Euronet Worldwide,India,"Mr. Pranay Jhaveri has been with Euronet for 10 years & has held various sales leadership positions with fortune 50 multinationals prior to Euronet. He has rich experience in digital payments, enterprise sales & business development, partnerships and apt at strategic planning and execution. Under his leadership Euronet India businesses, associated revenues and operating income has grown multi-fold making Euronet one of the largest B2B payment enterprise in India.",,https://event-engine-prod-media.s3.ap-south-1.amazonaws.com/uploads/82daf4e4-fbc6-43b2-a06f-c5379f03be1f-mr.-pranay-jhaveri-website-photo.png,From Wallets to Wealth Rails: How Payment Platforms Are Becoming Credit and Investment Infrastructure,A1021,https://www.globalfintechfest.com/speakers,2026-08-12T13:58:49Z,active,2026,pranay bipin jhaveri,6a7c768616afc6a8747c9ba6
Mr. Prashant Muddu,MD & CEO,Jocata,India,$40,,https://event-engine-prod-media.s3.ap-south-1.amazonaws.com/uploads/4d25c0ac-ac76-4279-826a-5486454a403c-mr.-prashant-muddu-website-photo.png,,,https://www.globalfintechfest.com/speakers,2026-08-12T13:58:49Z,active,2026,prashant muddu,6a7c768616afc6a8747c9ba7
Mr. Prashant Vagal,Chief Operating Officer,NSDL,,$5a,https://www.linkedin.com/in/prashant-vagal-3aa11615,https://event-engine-prod-media.s3.ap-south-1.amazonaws.com/uploads/8b709683-20f4-4356-a6f8-44980ec9cb78-mr.-prashant-vagal-website-photo.png,The Future of Market Infrastructure in the Age of Tokenisation of Securities,A1033,https://www.globalfintechfest.com/speakers,2026-08-12T13:58:49Z,active,2026,prashant vagal,6a7c768616afc6a8747c9ba8
Mr. Pratekk Agarwaal,Founder & GP,GrowthCap Ventures,India,"Pratekk Agarwaal Founder & General Partner, GrowthCap Ventures Pratekk Agarwaal is a seasoned entrepreneur and early-stage venture capitalist with over two decades of leadership experience across fintech, financial services, and venture investing. He is the Founder & General Partner at GrowthCap Ventures, an operator-led early-stage VC fund focused on fintech, AI and Deeptech startups. Before launching GrowthCap, Pratekk held leadership roles at Bajaj Finance, Fullerton, IndoStar Capital, and BharatPe. Before launching the Institutional Fund, he personally backed over 30 startups who then raised future rounds from large VCs . Pratekk also serves on advisory boards of portfolio companies and was part of the G20 Startup20 Corporate Governance Committee. He is also a Trustee Board Member at TiE Mumbai & Council Committee Member with IVCA – Emerging Managers Council .",,https://event-engine-prod-media.s3.ap-south-1.amazonaws.com/uploads/188a75c8-0197-4522-af3c-b109e032c413-mr.-pratekk-agarwaal-website-photo.png,New-Age Companies: When Private Markets Meet Public Markets: An Investor's Playbook,A0125,https://www.globalfintechfest.com/speakers,2026-08-12T13:58:49Z,active,2026,pratekk agarwaal,6a7c768616afc6a8747c9ba9
Mr. Pratip Banerji,General Manager - India & South Asia,Fiserv,India,"Pratip Banerji leads the Fiserv client franchise in India and across South Asia, driving growth and advancing the delivery of innovative banking, financial solutions and payments solutions to financial institutions and fintech players. Bringing more than 35 years of leadership experience across banking, payments and technology, Pratip leads Fiserv’s Financial Solutions business in India and Sri Lanka, where the company is a market leader in issuer processing. Under his leadership, Fiserv supports nine of the top twelve banks in India with a unified, enterprise account-processing platform spanning payment cards, loans, prepaid products, and commercial card solutions.",,https://event-engine-prod-media.s3.ap-south-1.amazonaws.com/uploads/c7d9b5d9-48f7-4bfa-b756-7b1a58328f6b-mr.-pratip-banerji-website-photo.png,"Intelligent Credit: Building Trust, Access & Scale in the Platform Economy",A0702,https://www.globalfintechfest.com/speakers,2026-08-12T13:58:49Z,active,2026,pratip banerji,6a7c768616afc6a8747c9baa
Mr. Praveen Regmi,Chief Executive Officer,IME Khalti,Nepal,"Praveen Regmi is the Chief Executive Officer (CEO) of IME Khalti Limited, (part of IME Group Nepal) the entity formed by the historic merger of Nepal’s two leading digital wallets, IME Pay and Khalti. With over 21 years of experience across fintech, banking, and telecommunications, he has been a pivotal figure in modernizing Nepal’s digital payment ecosystem. Before taking the helm at the merged entity, he served as the CEO IME Digital Solutions (IME Pay) and previously held leadership role at Various Banks in Nepal. A graduate in Engineering with an MBA, he is also the Founding President of the Payment Service Providers (PSP) Association of Nepal, where he has been instrumental in driving policy reform and industry collaboration.",https://www.linkedin.com/in/praveen-regmi%F0%9F%87%B3%F0%9F%87%B5-2510a4a4/,https://event-engine-prod-media.s3.ap-south-1.amazonaws.com/uploads/cd0f3269-9c72-43ba-9633-8745bc446b2d-mr.-praveen-regmi-website-photo.png,Overcoming the Digital Divide: Reducing Cash Dependence,A0989,https://www.globalfintechfest.com/speakers,2026-08-12T13:58:49Z,active,2026,praveen regmi,6a7c768616afc6a8747c9bab
Mr. Pravin Jadhav,Founder,Raise,,"Pravin Jadhav is founder of Raise Financial Services. Raise is building a new-age financial services company anchored around capital markets with focus on product, technology and customer service. It owns and operates consumer finance platforms like Dhan, Millions, Fuzz AI, Upsurge, Stratzy, Pluto and FilterCoffee.",https://www.linkedin.com/in/pravinj/,https://event-engine-prod-media.s3.ap-south-1.amazonaws.com/uploads/ea277d3a-22f4-450f-84eb-1ac5fcb17803-mr.-pravin-jadhav-website-photo.png,AI in Asset Management: From Portfolio Construction to Investor Engagement,A0487,https://www.globalfintechfest.com/speakers,2026-08-12T13:58:49Z,active,2026,pravin jadhav,6a7c768616afc6a8747c9bac
Mr. Pravin Kumar Sharma,Founder & CEO,Futuretek Commerce (GetePay),India,$a0,https://www.linkedin.com/company/getepay/,https://event-engine-prod-media.s3.ap-south-1.amazonaws.com/uploads/8dc0a7d7-1687-4c27-ae8e-5c2a6f29bbf1-mr.-pravin-kumar-sharma-website-photo.png,Beyond Bill Payments: Building India's Digital Collection Ecosystem,A0746,https://www.globalfintechfest.com/speakers,2026-08-12T13:58:49Z,active,2026,pravin kumar sharma,6a7c768616afc6a8747c9bad
Mr. Priyam Bose,"Global Head GTM, Truecaller for Business",Truecaller,India,"Priyam leads the global GTM(Go To Market) mandate for Truecaller for Business. As part of the mandate, he and his teams focus on driving discoverability, adoption, and monetization of Truecaller for Business's suite of products across enterprises globally. Priyam has 24+ years of leadership experience across mobile, enterprises, start-ups, and developer-focused business ecosystem building from scratch to scale across India, APAC, Europe, MENA & North America. Before Truecaller, Priyam led mobile and cloud product business partnerships with digital natives and the developer ecosystem at Microsoft in India. His stint at Nokia helped create and scale the first-ever app store-led mobile app developer business in India and South Asia. He also has years of experience working with Asian/Indian start-ups, digital brands, and global technology platforms/brands to help them scale in emerging and growth markets, from product development to go-to-market lifecycle.",https://www.linkedin.com/in/priyam-bose-2373aa9/,https://event-engine-prod-media.s3.ap-south-1.amazonaws.com/uploads/a0493648-b56e-42ff-8bef-48e6e2d11275-priyam-bose-website-photo.png,Credit for Gig Workers: Designing Consumer Loan Products for Irregular Income Profiles,A0839,https://www.globalfintechfest.com/speakers,2026-08-12T13:58:49Z,active,2026,priyam bose,6a7c768616afc6a8747c9bae
Mr. Pushkar Mukewar,Founder & Chief Executive Officer,Drip Capital,India,$94,,https://event-engine-prod-media.s3.ap-south-1.amazonaws.com/uploads/9563043c-498e-4ed3-96cd-68725864658b-mr.-pushkar-mukewar-website-photo.png,Closing the Last Mile: Extending Supply Chain Finance to Tier 2 and Tier 3 Suppliers,A0826,https://www.globalfintechfest.com/speakers,2026-08-12T13:58:49Z,active,2026,pushkar mukewar,6a7c768616afc6a8747c9baf
Mr. Ragavan Venkatesan,Managing Director & CEO,Digivriddhi Technologies,India,$61,,https://event-engine-prod-media.s3.ap-south-1.amazonaws.com/uploads/faab43c1-8391-48ba-b27b-256bb52951dc-mr.-ragavan-venkatesan-website-photo.png,,,https://www.globalfintechfest.com/speakers,2026-08-12T13:58:49Z,active,2026,ragavan venkatesan,6a7c768616afc6a8747c9bb1
Mr. Rahul Ayyappan,Co-founder & CTO,Finacus Solutions,,"I am the Co-founder and Chief Technology Officer of Finacus Solutions, where I lead the vision and development of the banking and payment technology platforms. Over the last decades, I have worked closely with banks, financial institutions, and payment ecosystem partners to build scalable and secure digital payment infrastructures across IMPS, UPI, wallets, merchant payments, and transaction switching systems. My focus is to empower banks and financial institutions with robust, scalable, and secure technology that enhances customer experience and drives growth. My vision is to transform financial services through seamless technology integration, making banking accessible, efficient, and inclusive.",https://www.linkedin.com/in/rahul-ayyappan-b4a100115/,https://event-engine-prod-media.s3.ap-south-1.amazonaws.com/uploads/d0001ce6-2584-4595-9c33-a94ba0ce00b2-mr.-rahul-ayyappan-website-photo.png,"Tap, Token, Transact: Building the Future of Intelligent Merchant Payments",A0756,https://www.globalfintechfest.com/speakers,2026-08-12T13:58:49Z,active,2026,rahul ayyappan,6a7c768616afc6a8747c9bb2
Mr. Rahul Chari,Founder & CTO,PhonePe,India,"Rahul is the Founder and CTO of PhonePe, one of India’s largest fintech companies. A serial entrepreneur with over two decades of experience in consumer internet and enterprise software, he specializes in building web-scale platforms tailored for hyper-growth. Prior to PhonePe, he was the VP of Engineering at Flipkart, where he spearheaded the supply chain technology division after joining via the 2011 acquisition of Mallers Inc. He co-founded Mallers Inc. in 2009, serving as CTO and creating the MIME360 digital distribution platform. Earlier in his career, he developed market-changing SAN switches and storage solutions at Cisco Systems, entering via the Andiamo Systems acquisition, and earned multiple storage virtualization patents. Rahul holds an MS in Computer Science from Purdue University and a BS in Computer Engineering from Mumbai University, where he was a Gold Medallist.",,https://event-engine-prod-media.s3.ap-south-1.amazonaws.com/uploads/1c52c64d-21a4-4ea6-a0b1-e36f11de9035-mr.-rahul-chari-website-photo.png,Building the Next PhonePe: AI & Product Innovation Roadmap,A1102,https://www.globalfintechfest.com/speakers,2026-08-12T13:58:49Z,active,2026,rahul chari,6a7c768616afc6a8747c9bb3
Mr. Rahul Dilipkumar Choube,"Head of Value Added Services, India and South Asia",Visa,India,"Rahul Choube heads Visa's Value-Added Services (VAS) and Urban Mobility for Visa India and South Asia, overseeing a portfolio spanning acceptance, risk, identity, cybersecurity, loyalty, and issuing solutions. He partners with banks, fintechs, merchants, and public-sector stakeholders to accelerate digital commerce, enhance customer experiences, and drive greater trust and security in the payments ecosystem. Rahul also leads the urban mobility charter for Visa engaging with government, banks and other industry stakeholders. Rahul brings over 20 years of leadership experience in payments and financial technology, with a focus on scaling businesses, building strategic partnerships, and driving innovation across emerging markets.",https://www.linkedin.com/in/rahul-choube-29389a6/,https://event-engine-prod-media.s3.ap-south-1.amazonaws.com/uploads/f0f31309-d012-469c-aee5-a7b151ad0c93-mr.-rahul-dilipkumar-choube-website-photo.png,,,https://www.globalfintechfest.com/speakers,2026-08-12T13:58:49Z,active,2026,rahul dilipkumar choube,6a7c768616afc6a8747c9bb4
Mr. Rahul Jain,CEO & Co-founder,Peach Payments,South Africa,"Rahul is the CEO and Co-founder of Peach Payments, a fast-growing African payment solution provider (PSP) that makes online commerce and digital payment acceptance easier and more accessible across Kenya, Mauritius and South Africa. He has worked with leading e-commerce websites and apps across Africa to improve their conversion rates, mitigate risk and optimise customer experience. He has participated in accelerators sponsored by Google and Barclays Africa as well as spoken at numerous events including Youth Pravasi Bhartiya Divas, Africa FinTech Festival, ECOM Africa, and Seamless Africa. He was named IESE Business School’s 40Under40 Entrepreneur of the Year in 2022, the school from which he earned his M.B.A. Previously, Rahul worked with a strategy consulting firm in Boston, USA where he advised large retailers and airlines regarding e-commerce, marketing and ancillary revenue streams.",,https://event-engine-prod-media.s3.ap-south-1.amazonaws.com/uploads/cd15ef4f-1254-4955-b5b2-cdbb8e0312c0-mr.-rahul-jain-website-photo.png,Trust by Design: Building Safe AI for Payments,A0485,https://www.globalfintechfest.com/speakers,2026-08-12T13:58:49Z,active,2026,rahul jain,6a7c768616afc6a8747c9bb5
Mr. Raj Kasi,General Manager,Hello Clever,Singapore,"Raj is the General Manager of Hello Clever, an Asian payments infrastructure company enabling global businesses to accept and route payments across rails including PayNow, PromptPay, PayID, DuitNow, GCash, QRIS, and MoMo. Raj specializes in cross-border payments and interoperability, with deep expertise across emerging markets in Asia, Africa and Latam.",,https://event-engine-prod-media.s3.ap-south-1.amazonaws.com/uploads/be9db603-aa59-4766-8ee8-6fecacd71048-mr.-raj-kasi-website-photo.png,From QR Codes to Global Commerce: The Next Leap in Merchant Payments,A0682,https://www.globalfintechfest.com/speakers,2026-08-12T13:58:49Z,active,2026,raj kasi,6a7c768616afc6a8747c9bb6
Mr. Rajan Ashok Uttamchandani,Director/ Chairman,"Esquire Financing, Inc.",Philippines,$7d,,https://event-engine-prod-media.s3.ap-south-1.amazonaws.com/uploads/92f602a7-d324-4905-8c92-c6cd788c3c11-mr.-rajan-ashok-uttamchandani-website-photo.png,,,https://www.globalfintechfest.com/speakers,2026-08-12T13:58:49Z,active,2026,rajan ashok uttamchandani,6a7c768616afc6a8747c9bb7
Mr. Rajasundaram Sudarshan,Co-founder & COO,CreditMantri,India,$9a,,https://event-engine-prod-media.s3.ap-south-1.amazonaws.com/uploads/e9ab3e92-796d-4412-844a-167257bef4d4-mr.-rajasundaram-sudarshan-website-photo.png,AI Guardrails: Building Safe Financial AI Systems,A0904,https://www.globalfintechfest.com/speakers,2026-08-12T13:58:49Z,active,2026,rajasundaram sudarshan,6a7c768616afc6a8747c9bb8
Mr. RAJEEV HASNAH,FIRST DEPUTY GOVERNOR,BANK OF MAURITIUS,Mauritius,$34,,https://event-engine-prod-media.s3.ap-south-1.amazonaws.com/uploads/716150df-2982-4ddb-b224-e306dbbbe43b-mr.-rajeev-hasnah-website-photo.png,"Verification, Authentication, and the Future of Secure Payments",A0991,https://www.globalfintechfest.com/speakers,2026-08-12T13:58:49Z,active,2026,rajeev hasnah,6a7c768616afc6a8747c9bb0
Mr. Rajeev Ranka,Partner,IF Asia / SMBC ARF,India,"Rajeev began his professional career as a Business Analyst in the BFSI sector at Deloitte Consulting & Strategy, where he assisted Bandhan Microfinance in developing the roadmap for its transition into banking. He subsequently worked with Lazada, a Southeast Asia-based Rocket Internet portfolio company later acquired by Alibaba. At Incubate Fund Asia, Rajeev oversees India investment activities for both the early-stage fund and the SMBC Asia Rising Fund. His portfolio includes: Captain Fresh, Easy Home Finance, Shivalik Small Finance Bank, M2P, Flipspaces, Vayana, Drip Capital, Glamzy, AEREM Solar, Olvy, and DPD Zero.",https://www.linkedin.com/in/rajeevranka/,https://event-engine-prod-media.s3.ap-south-1.amazonaws.com/uploads/0a5beaaa-45c8-4213-b9de-0470471d3418-mr.-rajeev-ranka-website-photo.png,Global Investors on India's Fintech Opportunity,A0451,https://www.globalfintechfest.com/speakers,2026-08-12T13:58:49Z,active,2026,rajeev ranka,6a7c768616afc6a8747c9bb9
Mr. Rajesh Desai,"Co-founder, CEO & MD",Lyra Network,,$8f,http://www.linkedin.com/in/rajeshdesai,https://event-engine-prod-media.s3.ap-south-1.amazonaws.com/uploads/f74a3e64-3bfa-4104-b2a8-fa3f91a25c2b-mr.-rajesh-desai-website-photo.png,,,https://www.globalfintechfest.com/speakers,2026-08-12T13:58:49Z,active,2026,rajesh desai,6a7c768616afc6a8747c9bba
Mr. Rajesh H. Gandhi,Partner,Deloitte,India,$80,,https://event-engine-prod-media.s3.ap-south-1.amazonaws.com/uploads/8323ba2a-437c-4f01-9eb2-a655319c895b-mr.-rajesh-h.-gandhi-website-photo.png,Access for the Global Capital: India on the World Map - Harmonising Regulations for Global Investors,A0796,https://www.globalfintechfest.com/speakers,2026-08-12T13:58:49Z,active,2026,rajesh h gandhi,6a7c768616afc6a8747c9bbb
Mr. Rajesh Jha,Executive Director,ICICI Bank,India,"Mr. Rakesh Jha is an Executive Director on the Board of ICICI Bank Limited. He is responsible for the retail, small enterprises and corporate banking businesses of the Bank. He is the Chairperson of the Board of ICICI Lombard General Insurance Company Limited, ICICI Home Finance Company Limited and ICICI Securities Limited. He has been with ICICI since 1996 and has worked in various areas. He was the Group Chief Financial Officer in his previous role. He has a management degree from the Indian Institute of Management, Lucknow and an engineering degree from the Indian Institute of Technology, Delhi.",,https://event-engine-prod-media.s3.ap-south-1.amazonaws.com/uploads/4c6a5a83-a3ac-497d-ba05-026882c3b49a-mr.-rajesh-jha--website-photo.png,,,https://www.globalfintechfest.com/speakers,2026-08-12T13:58:49Z,active,2026,rajesh jha,6a7c768616afc6a8747c9bbc
Mr. Rajesh Pai Fondekar,"Group Vice President & Head of Product Management, Digital Financial Solutions",Comviva Technologies,India,"With over 25 years of experience in Payments, digital channels and Transaction Banking, Rajesh has a proven track record of successfully managing digital business and driving transformation. He holds a deep understanding of the electronic payments and channels in Retail as well as corporate banking. His expertise span across various domains, including retail banking, corporate banking, transaction banking and trade finance. He is passionate about delivering exceptional digital experiences to customers and driving business growth through innovative solutions. Rajesh possesses strong leadership and interpersonal skills, enabling him to effectively collaborate with cross-functional teams and drive successful project outcomes.",https://www.linkedin.com/in/rajesh-fondekar-98a85743/,https://event-engine-prod-media.s3.ap-south-1.amazonaws.com/uploads/49dd58f0-6fc3-4834-87bd-d42d0368e19b-mr.-rajesh-pai-fondekar-website-photo.png,From Payments to Possibilities: Bridging the Gaps in Digital Commerce & Financial Access,A1105,https://www.globalfintechfest.com/speakers,2026-08-12T13:58:49Z,active,2026,rajesh pai fondekar,6a7c768616afc6a8747c9bbd
Mr. Rajesh Saxena,"CEO, Consumer Banking",Intellect Design Arena,India,"Rajesh Saxena is the Chief Executive Officer of Consumer Banking at Intellect Design Arena Limited, leading strategy, innovation, and growth for the company’s global retail banking business. He has over 30 years of experience in retail banking, with expertise in distribution, digital banking, branch operations, credit cards, personal loans, and other unsecured lending. Rajesh has managed large Product and Geography P&L portfolios for more than 15 years, delivering sustained growth and profitability. Previously, he was CEO of American Express India, responsible for the credit card business, and spent 19 years with Citibank across multiple geographies in senior product and country P&L roles. He has extensive experience in scaling new businesses and deep insight into retail customer behaviour. Rajesh holds an MBA in Marketing & Finance from XLRI and a Gold Medal in Mechanical Engineering from BITS Pilani.",,https://event-engine-prod-media.s3.ap-south-1.amazonaws.com/uploads/d7141d5b-d50f-4078-9fd6-a4c05b27d110-mr.-rajesh-saxena-website-photo.png,From Payments to Credit: How AI is Transforming Lending Inside Digital Ecosystems,A0764,https://www.globalfintechfest.com/speakers,2026-08-12T13:58:49Z,active,2026,rajesh saxena,6a7c768616afc6a8747c9bbe
Mr. Rajesh Thapar,CISO,NSE India,India,"Rajesh is CISO at NSE India Ltd and has over 3 decades of IT and Infosec experience primarily in BFSI. Prior to NSE, he was CISO of Axis Bank Ltd and Yes Bank Ltd. He specialises in cyber risk assessments, designing and driving enterprise security programs, driving control optimization initiatives and balancing adoption of emerging technologies with appropriate risk management.",,https://event-engine-prod-media.s3.ap-south-1.amazonaws.com/uploads/7fe8cbfd-c4b3-4901-b35b-9be095da96a4-mr.-rajesh-thapar-website-photo.png,Agentic AI vs Cyber Crime: Automation on Both Sides,A1010,https://www.globalfintechfest.com/speakers,2026-08-12T13:58:49Z,active,2026,rajesh thapar,6a7c768616afc6a8747c9bbf
Mr. Rajith Shaji,Co-founder & CEO,Volopay,Singapore,"Rajith Shaji is Co-founder & CEO at Volopay. He previously held product and growth roles across leading fintech platforms, including MatchMove (one of Southeast Asia’s largest card-issuance companies), BankBazaar (one of India’s largest financial marketplaces, backed by Amazon), and MoneyHero Group (NASDAQ: MNY), a public personal finance and comparison platform in Hong Kong. Rajith brings deep payments experience and a strong understanding of regulatory and compliance requirements, having led card-issuance programs across major APAC markets.",https://www.linkedin.com/in/rajiths/,https://event-engine-prod-media.s3.ap-south-1.amazonaws.com/uploads/7c83c85b-f038-4d8d-bfde-9707fe1b3bc5-mr.-rajith-shaji-website-photo.png,,,https://www.globalfintechfest.com/speakers,2026-08-12T13:58:49Z,active,2026,rajith shaji,6a7c768616afc6a8747c9bc0
Mr. Rajiv Anand,Managing Director & CEO,IndusInd Bank,India,$35,,https://event-engine-prod-media.s3.ap-south-1.amazonaws.com/uploads/d1d3bb73-3067-4047-bc26-416451a06271-mr.-rajiv-anand-website-photo.png,"Co-Designing Responsible AI: BFSI, Regulators & the Future of Financial Innovation",A0483;A0813,https://www.globalfintechfest.com/speakers,2026-08-12T13:58:49Z,active,2026,rajiv anand,6a7c768616afc6a8747c9bc1
Mr. Rajiv Naresh,Managing Director & CEO,Navi,India,"Rajiv Naresh is the Managing Director and CEO of Navi Limited (formerly Navi Technologies Limited) and a founding team member of the Navi Group. Since joining Navi in early 2019, he has held multiple roles across the organisation - from setting up the Legal, Secretarial, and Compliance functions, to being Chief of Staff to the Founder, Mr. Sachin Bansal, to serving as CEO of Navi Mutual Fund. He also has held multiple Board positions in executive and non-executive capacities across the Navi Group. A trained lawyer qualified to practice in India, Rajiv began his career as a transactional lawyer at a Bangalore-based corporate law firm where he represented market-leading clients in multimillion-dollar deals across the TMT, renewable energy, and security services sectors, and worked closely with leading startups in health tech, fintech, e-commerce, and ed-tech.",,https://event-engine-prod-media.s3.ap-south-1.amazonaws.com/uploads/0c0d47d0-4101-4826-9b90-ad35978cb3e2-mr.-rajiv-naresh-website-photo.png,,,https://www.globalfintechfest.com/speakers,2026-08-12T13:58:49Z,active,2026,rajiv naresh,6a7c768616afc6a8747c9bc2
Mr. Rajneesh Karnatak,Managing Director & CEO,Bank of India,India,$36,,https://event-engine-prod-media.s3.ap-south-1.amazonaws.com/uploads/aa726180-b333-449e-9a29-6d8a83a36873-mr.-rajneesh-karnatak-website-photo.png,End-to-End AI in Credit: Faster Underwriting & Smarter Collections,A0831,https://www.globalfintechfest.com/speakers,2026-08-12T13:58:49Z,active,2026,rajneesh karnatak,6a7c768616afc6a8747c9bc3
Mr. Rakesh Kashyap,Deputy Managing Director,National Bank for Agriculture and Rural Development,India,$42,,https://event-engine-prod-media.s3.ap-south-1.amazonaws.com/uploads/334ef21d-c6ac-403c-b862-848a67409114-mr.-rakesh-kashyap-website-photo.png,,,https://www.globalfintechfest.com/speakers,2026-08-12T13:58:49Z,active,2026,rakesh kashyap,6a7c768616afc6a8747c9bc4
Mr. Rakesh Purohit,Global Product Head of Cross Currency Payments & Solutions,J.P. Morgan,United States of America,"Rakesh Purohit is the Global Product Head of Cross Currency Payments & Solutions at J.P. Morgan. In this role, his responsibilities include product management and commercialization of solutions in cross currency payments for Corporate and Financial Institutions, in partnership with Payments and Markets sales teams. Rakesh has more than 20 years of experience managing Product and Sales teams in multiple regions in FX and Cross Border Payments having worked in Asia, Latin America, and North America. Over the years he has built a wealth of expertise in FX Strategy, Partnership Development and Delivery of transformative solutions for clients globally.",https://www.linkedin.com/in/rakesh-purohit/,https://event-engine-prod-media.s3.ap-south-1.amazonaws.com/uploads/615e3712-e871-466c-b27b-8baae942e084-mr.-rakesh-purohit-website-photo.png,"Inside the Payments Engine Room: Scaling Speed, Reliability & Innovation",A0924,https://www.globalfintechfest.com/speakers,2026-08-12T13:58:49Z,active,2026,rakesh purohit,6a7c768616afc6a8747c9bc5
Mr. Rama Mohan Rao Amara,MD (RB & O),State Bank of India,India,"Mr. Rama Mohan Rao Amara took over as the Managing Director (Retail Business & Operations), State Bank of India on 1st December 2025. As a MD (RB&O), he oversees retail banking business of SBI, which serves more than 530 million customers in India’s largest bank. Prior to this Mr. Amara was MD responsible for International Banking, Global Markets and Technology wings in SBI. He also worked as Group Chief Risk Officer in the bank, where he strived to strengthen the enterprise-wide risk management framework. As MD & CEO of SBI Card, a pureplay credit card company, for two and a half years, he steered the company successfully and improved its market position. He amassed international experience while handling key assignments in Singapore and the US. An engineering graduate, Mr. Amara also holds recognized financial credentials – CFA (Chartered Financial Analyst) and FRM (Financial Risk Manager).",,https://event-engine-prod-media.s3.ap-south-1.amazonaws.com/uploads/1657d4a1-8f24-4b85-8861-aee315b5cea2-mr.-rama-mohan-rao-amara-website-photo.png,,,https://www.globalfintechfest.com/speakers,2026-08-12T13:58:49Z,active,2026,rama mohan rao amara,6a7c768616afc6a8747c9bc6
Mr. Ramakrishnan Gopalan,"Head of Products & Solutions, India and South Asia",Visa,India,"Ramakrishnan Gopalan is the Head of Products & Solutions for India and South Asia at Visa. He leads product strategy and long-term design for Visa’s portfolio across India, Sri Lanka, Bangladesh, Nepal, Bhutan, and Maldives, driving growth and innovation in the region. Prior to Visa, Ramakrishnan (Ramki) spent nearly 20 years with Citi across India and Singapore in senior roles spanning cards, lending, client engagement, risk management, product development, and digital channels. He also served as Director of Strategic Initiatives for Citi’s Regional Cards and Loans business, where he led digital acquisition strategies using alternate data across markets.",https://www.linkedin.com/in/ramakrishnan-gopalan-a909062/,https://event-engine-prod-media.s3.ap-south-1.amazonaws.com/uploads/b87a9d85-01c4-4d94-8ee5-f52fdcb90e91-mr.-ramakrishnan-gopalan-website-photo.png,AI-Powered Commerce: From Payments to Intelligent Financial Experiences,A0718,https://www.globalfintechfest.com/speakers,2026-08-12T13:58:49Z,active,2026,ramakrishnan gopalan,6a7c768616afc6a8747c9bc7
Mr. Ramanathan RV,Co-founder and CEO,Hyperface,India,"A passionate engineer-turned-entrepreneur and a foundational figure in India’s payments revolution, Ramanathan has spent his career in building deep technology solutions, including India’s first UPI app, BHIM. As co-founder and CTO at Juspay, he built the company into a payments leader, currently valued at 1.2 billion dollars. Now, as the co-founder and CEO of Hyperface, he's on a mission to reimagine the very foundation of card technology, helping banks build digital-first programs that deliver elevated customer experiences and drive real business impact.",,https://event-engine-prod-media.s3.ap-south-1.amazonaws.com/uploads/f1bfdba8-6763-4828-8fb5-286effe1f214-mr.-ramanathan-rv-website-photo.png,,,https://www.globalfintechfest.com/speakers,2026-08-12T13:58:49Z,active,2026,ramanathan rv,6a7c768616afc6a8747c9bc8
Mr. Ramki Gaddipati,"APAC CEO, Global CTO & Co-founder",Zeta,,$91,,https://event-engine-prod-media.s3.ap-south-1.amazonaws.com/uploads/2bead2fb-8adb-4439-bdbf-8e59d534af33-mr.-ramki-gaddipati-website-photo.png,,,https://www.globalfintechfest.com/speakers,2026-08-12T13:58:49Z,active,2026,ramki gaddipati,6a7c768616afc6a8747c9bc9
Mr. Rana Ashutosh Kumar Singh,"Managing Director (IB, GM&T)",State Bank of India,India,$a1,,https://event-engine-prod-media.s3.ap-south-1.amazonaws.com/uploads/b619e439-8e18-4632-8980-ab609cf66cf5-mr.-rana-ashutosh-kumar-singh-website-photo.png,Beyond Transaction Monitoring: Hunting Mule Networks in Real Time,A0343,https://www.globalfintechfest.com/speakers,2026-08-12T13:58:49Z,active,2026,rana ashutosh kumar singh,6a7c768616afc6a8747c9bca
Mr. Ranjan R Reddy,Founder and CEO,Bureau,United States of America,https://docs.google.com/document/d/1yH39pze20HEOTktQOw-9-xFTHbYxahjWJjUJYnzDyy4/edit?usp=sharing,https://www.linkedin.com/in/ranjanready/,https://event-engine-prod-media.s3.ap-south-1.amazonaws.com/uploads/6fa90924-818d-4b8b-afc3-ed0f0354eddf-mr.-ranjan-reddy-website-photo.png,,,https://www.globalfintechfest.com/speakers,2026-08-12T13:58:49Z,active,2026,ranjan r reddy,6a7c768616afc6a8747c9bcb
Mr. Ranvir Singh,"Founder, Chairman and Chief Executive Officer",Kissht,India,"Ranvir Singh is the Founder, Chairman and Chief Executive Officer of Kissht, one of India’s leading technology-led digital lending platforms. With over 20 years of experience in financial services and consulting, he has led Kissht’s growth into a trusted lending platform offering personal loans and loans against property across India. Under his leadership, Kissht has leveraged technology, data-driven underwriting and digital innovation to make credit faster, simpler and more inclusive, while maintaining a strong focus on responsible lending, risk management and regulatory compliance. Before founding Kissht, Ranvir was with McKinsey & Company, advising leading banks and financial institutions across India and Southeast Asia. He is also a founding member of the Fintech Association for Consumer Empowerment (FACE). Ranvir holds a B.Tech. from IIT Bombay and a PGDM from IIM Bangalore.",https://www.linkedin.com/in/ranvir-singh-23701719/,https://event-engine-prod-media.s3.ap-south-1.amazonaws.com/uploads/4adfdc53-1af1-40cf-8704-20e3f0cc5b67-mr.-ranvir-singh-website-photo.png,"How AI-native underwriting is reshaping pricing, inclusion, and liability",A0819,https://www.globalfintechfest.com/speakers,2026-08-12T13:58:49Z,active,2026,ranvir singh,6a7c768616afc6a8747c9bcc
Mr. Raoul Nanavati,CEO,Navana Tech India,India,"Raoul Nanavati leads Navana.ai, where the focus is on driving high-value business outcomes for the BFSI industry with Voice AI. Navana moves beyond generic tools to provide the Bodhi Voice AI Contact Centre, a specialized solution engineered for high-volume automated calling in India. Powered by robust Bodhi Voice AI models, Navana supports 15 Indian languages, allowing financial institutions to operate with the empathy and accuracy required for regional communication at scale. Navana’s technology is purpose-built to handle the nuances of the Indian market, enabling banks and insurers to automate critical workflows, from driving loan sales and origination to managing debt collections, regulatory compliance, and customer service. Raoul complements this commercial focus with a commitment to R&D and ecosystem development, collaborating with IISc Bangalore, IIT Madras, and Microsoft Research to build the datasets and infrastructure that power the next generation of Indian voice AI.",https://www.linkedin.com/in/raoul-nanavati-39403b1a/,https://event-engine-prod-media.s3.ap-south-1.amazonaws.com/uploads/3eb68fb4-5872-4ad2-b781-118752487b91-mr.-raoul-nanavati-website-photo.png,,,https://www.globalfintechfest.com/speakers,2026-08-12T13:58:49Z,active,2026,raoul nanavati,6a7c768616afc6a8747c9bcd
Mr. Ratan Kesh,Executive Director and COO,Bandhan Bank,India,,,https://event-engine-prod-media.s3.ap-south-1.amazonaws.com/uploads/c2ba2d59-5156-4b71-9bfd-7e3cf640408e-mr.-ratan-kesh-website-photo.png,Credit for Gig Workers: Designing Consumer Loan Products for Irregular Income Profiles,A0839,https://www.globalfintechfest.com/speakers,2026-08-12T13:58:49Z,active,2026,ratan kesh,6a7c768616afc6a8747c9bce
Mr. Raul Rebello,CEO & MD,Mahindra & Mahindra Financial Services,India,$64,,https://event-engine-prod-media.s3.ap-south-1.amazonaws.com/uploads/9ff0248a-0625-4138-9dc7-e8b7b8338637-mr.-raul-rebello-website-photo.png,From Payments to Credit: How AI is Transforming Lending Inside Digital Ecosystems,A0764,https://www.globalfintechfest.com/speakers,2026-08-12T13:58:49Z,active,2026,raul rebello,6a7c768616afc6a8747c9bcf
Mr. Ravi Modani,"Founder, MD & CEO",121 Finance Pvt. Ltd.,India,"Dr. Ravi Modani is Founder, MD & CEO of 121 Finance, an RBI-registered NBFC-Factor and India's largest lender on GeM Sahay. He holds a Ph.D. in Working Capital Management and brings over three decades of entrepreneurial experience, building a customer network spanning 32 countries. A Director on the Board of the Factors Association of India and Immediate Past President of TiE Rajasthan — recognized as Global Best Chapter during his tenure — he has also volunteered with iSPIRT on the OCEN framework, helping expand MSME access to finance. His article on India's factoring evolution was published by the International Factoring Association.",,https://event-engine-prod-media.s3.ap-south-1.amazonaws.com/uploads/ac93a54b-04dd-4c22-aaf0-1034fb88fea2-mr.-ravi-modani-website-photo.png,,,https://www.globalfintechfest.com/speakers,2026-08-12T13:58:49Z,active,2026,ravi modani,6a7c768616afc6a8747c9bd0
Mr. Ravi Pangal,Chief Information Officer,IndusInd Bank,India,"Mr. Ravi Pangal is the Chief Information Officer at IndusInd Bank. He brings over 30 years of experience in Finance IT, having led large technology organisations across global banking institutions. His expertise spans retail and core banking platforms, enterprise integrations, and large-scale digital transformation programmes. Most recently, he served as Global CIO – Retail Products and Core Banking. He has previously held leadership roles at HSBC, Wipro, Reuters, ANZ Bank and Standard Chartered. Ravi holds a master's degree in computer applications and a bachelor's degree in mathematics and Statistics from Bharathiar University.",,https://event-engine-prod-media.s3.ap-south-1.amazonaws.com/uploads/b58cda14-89ae-401c-874b-5634df9813bb-mr.-ravi-pangal-website-photo.png,AI-Driven Credit Scoring for Underserved MSMEs,A1000,https://www.globalfintechfest.com/speakers,2026-08-12T13:58:49Z,active,2026,ravi pangal,6a7c768616afc6a8747c9bd1
Mr. Ravi Ranjan,"Managing Director (Risk, Compliance & SARG)",State Bank of India,India,,,https://event-engine-prod-media.s3.ap-south-1.amazonaws.com/uploads/683380cf-ecaa-45c7-90fa-c3213bb74db5-mr.-ravi-ranjan-website-photo.png,Trust Without Friction: Reinventing Fraud Prevention for the Digital Customer,A0700,https://www.globalfintechfest.com/speakers,2026-08-12T13:58:49Z,active,2026,ravi ranjan,6a7c768616afc6a8747c9bd2
Mr. Ravinder Singh,Managing Director,SVC Cooperative Bank,India,"An alumni of IIM Kozhikode, Mr. Ravinder Singh, a Graduate in Arts with CAIIB – I, has completed a one-year Advanced Management Program from IIM Kozhikode. Mr. Singh has also completed one-year Chief Executive Officer program from IIM Lucknow. Mr. Ravinder Singh commands over three decades of experience across the banking sector, with long stints in Branch Banking, Retail, Large, Mid-Market, SME & Micro segment lending and Risk departments. Two-thirds of his working experience was with State Bank of India and Axis Bank, with each stint accounting for a decade. Besides, he has also worked with marquee Banks including Dena Bank and State Bank of Patiala. Mr. Singh joined SVC Bank in August 2016 and was Chief General Manager handling Corporate Banking prior to being assigned the interim MD.",,https://event-engine-prod-media.s3.ap-south-1.amazonaws.com/uploads/61784860-b251-4758-a1ab-a9a96b2dc28c-mr.-ravinder-singh-website-photo.png,,,https://www.globalfintechfest.com/speakers,2026-08-12T13:58:49Z,active,2026,ravinder singh,6a7c768616afc6a8747c9bd3
Mr. Reeju Datta,Co-founder,Cashfree Payments India,India,"Reeju Datta is the co-founder of Cashfree Payments, India’s leading AI-native payments company. Reeju's leadership at Cashfree Payments centers around excellence in brand, marketing, growth & strategy, finance, hiring and customer experience; all while fostering a technology-first culture. Beyond the day-to-day operations, Reeju also acts as a brand architect steering the company to become the preferred choice for merchants.",https://www.linkedin.com/in/reejudatta/,https://event-engine-prod-media.s3.ap-south-1.amazonaws.com/uploads/8e60b3e1-8866-4c0e-9637-98e7fe256e40-mr.-reeju-datta-website-photo.png,,,https://www.globalfintechfest.com/speakers,2026-08-12T13:58:49Z,active,2026,reeju datta,6a7c768616afc6a8747c9bd4
Mr. Reuben Lim,"Managing Director, APAC",Mars Growth Capital,Singapore,"Reuben is Managing Director at Mars Growth Capital, driving investments in the region. He brings two decades of cross-sector leadership experience in management, business development, strategy, and go-to-market execution across industries including aviation, real estate investment, marine, intellectual property, and fintech. He holds a Business Management degree (Magna Cum Laude) from SMU and a Graduate Diploma in IP & Innovation Management from SUSS.",linkedin.com/in/reubenlimwp,https://event-engine-prod-media.s3.ap-south-1.amazonaws.com/uploads/d0143f1e-face-4924-9a15-3fe13ba9f6c2-reuben-lim-website-photo.png,,,https://www.globalfintechfest.com/speakers,2026-08-12T13:58:49Z,active,2026,reuben lim,6a7c768616afc6a8747c9bd5
Mr. Richard Nash,"Vice President, Head of Global Government Relations",PayPal,,$43,https://www.linkedin.com/in/nashrichard/,https://event-engine-prod-media.s3.ap-south-1.amazonaws.com/uploads/ea79e2c5-3b3f-42ff-93d5-f5f22eadacb5-mr.-richard-nash-website-photo.png,,,https://www.globalfintechfest.com/speakers,2026-08-12T13:58:49Z,active,2026,richard nash,6a7c768616afc6a8747c9bd6
Mr. Ripunjai Gaur,Chief Operating Officer,Paytm,India,"With a distinguished career spanning over 19 years, Ripunjai Gaur serves as the Chief Operating Officer for Offline Payments at Paytm Payments Services Ltd. He leads the largest offline payments platform in India, serving over 40 million merchants across various sectors and geographies. Ripunjai has been instrumental in expanding Paytm's offline merchant business from the ground up, spearheading various teams such as Sound Box, EDC, and cash voucher business, significantly increasing the user base. His expertise includes designing and developing full-stack payments and financial solutions for the merchant business, managing the P&L, enhancing operational efficiency, fostering partnerships, and optimizing the merchant lifecycle for cross-selling opportunities. A financial services veteran, Ripunjai is deeply passionate about financial inclusion and firmly believes that digital payments will transform the way people live and work.",https://www.linkedin.com/in/ripunjaigaur/?originalSubdomain=in,https://event-engine-prod-media.s3.ap-south-1.amazonaws.com/uploads/48aac511-9eb9-4ad5-b1a0-9fc4cc616ac2-mr.-ripunjai-gaur-website-photo.png,India's Next-Gen Merchant Stack: Tokenisation Tap-to-Pay and Contextual Credit at the Point of Sale,A0455,https://www.globalfintechfest.com/speakers,2026-08-12T13:58:49Z,active,2026,ripunjai gaur,6a7c768616afc6a8747c9bd7
Mr. Rishabh Raja,Director and CEO,Sayyam investments private limited,India,"Rishabh Raja is the Director & CEO of Sayyam Investments Private Limited, an RBI-registered NBFC. With over a decade of leadership experience across NBFCs, fintech, wealthtech, and technology, he is focused on driving digital transformation, responsible lending, and financial inclusion. At Sayyam, he leads the company’s journey toward building a scalable, technology-driven financial ecosystem, with a strong focus on innovation, customer experience, and sustainable growth.",,https://event-engine-prod-media.s3.ap-south-1.amazonaws.com/uploads/6e7aa821-ff9f-48b3-a0c1-7d742a52d691-mr.-rishabh-raja-website-photo.png,,,https://www.globalfintechfest.com/speakers,2026-08-12T13:58:49Z,active,2026,rishabh raja,6a7c768616afc6a8747c9bd8
Mr. Rishi Kapoor,"Executive Director, Head of Technology & Operations",Asia Securities Industry & Financial Markets Association,India,$71,,https://event-engine-prod-media.s3.ap-south-1.amazonaws.com/uploads/e7afc9f7-0472-4936-9673-c747f5550481-mr.-rishi-kapoor-website-photo.png,The Future of Market Infrastructure in the Age of Tokenisation of Securities,A1033,https://www.globalfintechfest.com/speakers,2026-08-12T13:58:49Z,active,2026,rishi kapoor,6a7c768616afc6a8747c9bd9
Mr. Ritesh Pai,"CEO and Executive Director, International Payments",PhonePe,India,"Ritesh Pai is the Chief Executive Officer and Executive Director, International Payments at PhonePe, where he leads the company’s global payments strategy and expansion. With over 29 years of experience, he has built and scaled digital platforms across domestic and international markets, with deep expertise in digital transformation, product development, and omni-channel commerce. He is responsible for driving international market expansion, developing localized payment solutions, and building strategic partnerships, while ensuring strong customer experience and business growth. Prior to this, he has transformed underperforming digital channels into large-scale platforms serving millions of customers. Ritesh holds a Bachelor’s Degree in Commerce and a Master’s Degree in Financial Management Studies (Finance).",,https://event-engine-prod-media.s3.ap-south-1.amazonaws.com/uploads/0f4385c4-dee7-4745-b0fa-d06eaff3e7e0-mr.-ritesh-pai-website-photo.png,The New Money Stack: Rewiring Payments with Tokens and Real-Time Rails,A0686,https://www.globalfintechfest.com/speakers,2026-08-12T13:58:49Z,active,2026,ritesh pai,6a7c768616afc6a8747c9bda
Mr. Ritesh Shukla,Managing Director & CEO,NPCI International Payments (NIPL),India,$41,,https://event-engine-prod-media.s3.ap-south-1.amazonaws.com/uploads/5f1f76e3-c3f2-46d7-9c8b-df5819dd3bd1-ritesh-shukla-website-photo.png,Balancing Domestic Control and Global Reach: How Established Clearing and Settlement Infrastructure and Emerging Digital Asset Interoperability will Shape the Future of Payments,A0658,https://www.globalfintechfest.com/speakers,2026-08-12T13:58:49Z,active,2026,ritesh shukla,6a7c768616afc6a8747c9bdb
Mr. Roelant Prins,Chief Commercial Officer,Adyen,Netherlands,"As the Chief Commercial Officer of Adyen, Roelant is responsible for all commercial activities and development. After starting his career as a consultant, he moved on to the online payments industry in early 2000. Throughout the years, Roelant has held various international management roles in sales and business development for companies providing payment solutions to international ecommerce businesses. He has earned a degree in Economics from Erasmus University Rotterdam. Roelant is a member of the Supervisory Board of Seenons B.V.",,https://event-engine-prod-media.s3.ap-south-1.amazonaws.com/uploads/8ee1827a-f3b2-4014-8e9f-1746c4d6cb84-mr.-roelant-prins-website-photo.png,,,https://www.globalfintechfest.com/speakers,2026-08-12T13:58:49Z,active,2026,roelant prins,6a7c768616afc6a8747c9bdc
Mr. Rohan Bagai,Senior Partner,AZB & Partners,India,"With over 19 years of experience, Rohan Bagai is part of the Firm’s Technology, FinTech & Data Protection practice. Rohan has a wide range of technology and financial services experience with a special focus on Payments, Virtual Digital Assets and Privacy & Data Protection. He regularly advises clients on legal, regulatory and compliance issues relating to the launch of digital, e-commerce, virtual digital asset and payment businesses, including the operations of payment systems and introduction of new age electronic payment methods. Rohan holds an LLM from New York University.",https://www.linkedin.com/in/rohanbagai/,https://event-engine-prod-media.s3.ap-south-1.amazonaws.com/uploads/af3ffb3c-757f-48d1-84f9-4a4fe5ecadbc-mr.-rohan-bagai-website-photo.png,"Privacy-Preserving Innovation: DPDP Act, Synthetic Data and the Future of Financial Services",A0880,https://www.globalfintechfest.com/speakers,2026-08-12T13:58:49Z,active,2026,rohan bagai,6a7c768616afc6a8747c9bdd
Mr. Rohit Arora,Chief Executive Officer,Biz2X,India,"Rohit Arora is the CEO and Co-founder of Biz2Credit and Biz2X, leading the company’s vision to transform small business financing through AI-powered digital lending. Since founding Biz2Credit in 2007, he has helped build one of the world’s leading small business financing platforms, processing over USD 37 billion in funding for more than 250,000 businesses. A recognized expert in SME lending and fintech, Rohit oversees the widely cited Biz2Credit Small Business Lending Index and is a member of The Wall Street Journal CEO Council. He is a Senior Contributor to Forbes and is frequently featured in leading global publications, including The Wall Street Journal, The New York Times, Bloomberg, MSNBC, and The Washington Post. A Columbia University graduate with a master’s in international business, Rohit is a sought-after speaker at global forums hosted by the World Bank, IMF, IFC, and leading academic institutions.",https://www.linkedin.com/in/rohitarora2/,https://event-engine-prod-media.s3.ap-south-1.amazonaws.com/uploads/4f44f73f-a5e1-4607-91a5-b41ea5f85669-mr.-rohit-arora-website-photo.png,Agentic AI and the Future of Financial Services,A0900,https://www.globalfintechfest.com/speakers,2026-08-12T13:58:49Z,active,2026,rohit arora,6a7c768616afc6a8747c9bde
Mr. Rohit Chatter,Chief AI Officer,Angel One,India,$76,,https://event-engine-prod-media.s3.ap-south-1.amazonaws.com/uploads/3d79bcce-d394-4db2-9c99-30c810be49d5-mr.-rohit-chatter-website-photo.png,AI in Capital Markets: From Alpha Generation to Market Surveillance,A0786,https://www.globalfintechfest.com/speakers,2026-08-12T13:58:49Z,active,2026,rohit chatter,6a7c768616afc6a8747c9bdf
Mr. Rohit Mahajan,Founder & CEO,Plutos One Technology,India,$a2,https://www.linkedin.com/company/plutos-one,https://event-engine-prod-media.s3.ap-south-1.amazonaws.com/uploads/045691a4-df13-40a4-8443-22c495e2fbfa-mr.-rohit-mahajan-website-photo.png,Beyond Bill Payments: Building India's Digital Collection Ecosystem,A0746,https://www.globalfintechfest.com/speakers,2026-08-12T13:58:49Z,active,2026,rohit mahajan,6a7c768616afc6a8747c9be0
Mr. Rohit Taneja,Founder and CEO,Decentro Tech,India,"Rohit Taneja is the founder and CEO of Decentro – India’s fastest-growing API banking platform for financial integrations. As a serial entrepreneur with 12+ years of experience in the payments & banking space, Rohit is a recognized expert in online payments across multiple countries. His interests focus on fintech, banking, blockchain, and sustainability. Before Decentro, Rohit was the founder and CEO of MyPoolin – an Accel Partners-backed payments infrastructure company in India. MyPoolin was later acquired by Wibmo (acquired by PayU in 2019) where Rohit led product & engineering & worked closely with PayU’s management team. Rohit was named an ‘Outstanding Leader’ at Money Conference 2.0 in Dubai (2022) and was awarded the ‘Excellence in Contribution to Ecosystem in Fintech’ and ‘Special Jury’ awards by Assocham (2022). He is a mentor of change at Atal Innovation Mission.",,https://event-engine-prod-media.s3.ap-south-1.amazonaws.com/uploads/14540e76-9ca9-4733-b2de-c80586ab7a56-mr.-rohit-taneja-website-photo.png,"The Lending-Fintech Power Shift: As Lenders Build In-House Digital Lending Stacks, What's Left for Lending-Tech Platforms?",A0772,https://www.globalfintechfest.com/speakers,2026-08-12T13:58:49Z,active,2026,rohit taneja,6a7c768616afc6a8747c9be1
Mr. Roshan Regmi,Chief Information and Digitial Officer,NMB Bank,Nepal,"Senior banking and digital transformation leader with experience spanning retail banking, technology, and enterprise change. Over the years, I have led strategic initiatives to modernize legacy systems, scale digital financial services, and embed financial inclusion and sustainability into core business strategy. My approach combines strong governance, risk awareness, and customer-centric design to deliver measurable business outcomes. I am deeply passionate about building institutions that are digitally capable, operationally resilient, and socially responsible — and I welcome conversations on digital transformation, fintech collaboration, and sustainable growth in financial services.",,https://event-engine-prod-media.s3.ap-south-1.amazonaws.com/uploads/74a60f63-7d96-49d1-9bcb-a49ee9de3e18-mr.-roshan-regmi-website-photo.png,Cyber Resilience in an Always-On Financial System,A0985,https://www.globalfintechfest.com/speakers,2026-08-12T13:58:49Z,active,2026,roshan regmi,6a7c768616afc6a8747c9be2
Mr. Rumit Shah,Founder & Director,JISA Softech Private Limited,India,"Rumit Shah is the Founder & Director of JISA Softech Pvt. Ltd., a cybersecurity and deep-tech company specializing in cryptography, PKI, data protection, and quantum-safe security. With over two decades of experience in the cybersecurity and digital trust ecosystem, he brings extensive expertise in business strategy, cryptographic technologies, and enterprise security. He has been instrumental in building CryptoBind®, JISA’s indigenous cybersecurity technology portfolio spanning Hardware Security Modules (HSM), Key Management, Encryption, Tokenisation, Data Protection, and Post-Quantum Cryptography. A strong advocate for crypto-agility and quantum-safe transformation, Rumit actively engages with industry leaders, financial institutions, government organizations, and the cybersecurity community to advance secure and resilient digital infrastructure.",,https://event-engine-prod-media.s3.ap-south-1.amazonaws.com/uploads/9359669c-2479-4867-a2ee-3d7124df962a-mr.-rumit-shah-website-photo.png,"The Future of Money, Markets and Machines: Quantum's Role in Financial Innovation",A1083,https://www.globalfintechfest.com/speakers,2026-08-12T13:58:49Z,active,2026,rumit shah,6a7c768616afc6a8747c9be3
Mr. Sachin Bansal,Co-Founder and Executive Chairman,Navi,India,"Sachin Bansal is the Co-Founder and Executive Chairman of the Navi Group. At Navi, he focuses on long-term strategy, technology, and building scalable operating systems across financial services. Under his leadership, Navi has built an integrated financial platform with a mission to simplify finance for a billion Indians through simple, affordable and accessible financial services. Prior to founding Navi in 2018, Sachin co-founded Flipkart and served as its Chief Executive Officer, playing a key role in building one of India’s largest technology companies. He is widely renowned for playing a pivotal role in shaping the consumer internet ecosystem in India and has been instrumental in catalysing the startup and investment landscape. Sachin holds a Bachelor’s degree in Computer Science and Engineering from the Indian Institute of Technology (IIT), Delhi.",https://www.linkedin.com/in/sachinbansal/,https://event-engine-prod-media.s3.ap-south-1.amazonaws.com/uploads/f7754930-a84b-4f2e-b7d4-023458c2eda1-sachin-bansal-website-photo.png,,,https://www.globalfintechfest.com/speakers,2026-08-12T13:58:49Z,active,2026,sachin bansal,6a7c768616afc6a8747c9be4
Mr. Sagar Tanna,Founder & CEO,TSS Consultancy,India,"Sagar Tanna ""Founder and CEO of TSS Consultancy, a company focused on fighting financial crime and simplifying operations through its platforms: Screenzaa for Due Diligence, TrackWizz for Transaction Monitoring, CKYC, and D360 for insider trading compliance. TSS is a regulated entity reporting to IFSCA in GIFT City. He leads a team of 600+ employees that serves 400+ organizations. He is extremely passionate about ensuring compliance without compromise and is a firm believer of Bharat Story.",https://in.linkedin.com/in/sagar-tanna-trackwizz,https://event-engine-prod-media.s3.ap-south-1.amazonaws.com/uploads/53d382af-8959-4e19-9fc0-77d24501831c-mr.-sagar-tanna-website-photo.png,,,https://www.globalfintechfest.com/speakers,2026-08-12T13:58:49Z,active,2026,sagar tanna,6a7c768616afc6a8747c9be5
Mr. Sahil Kini,Chief Executive Officer,Reserve Bank Innovation Hub,India,"Sahil Kini leads the Reserve Bank Innovation Hub (a wholly-owned subsidiary of the RBI), and is passionate about building intuitive and inclusive financial infrastructure for India. He is the Co-Founder and former CEO of Setu, a startup building API infrastructure for banking and financial services. Prior to Setu, Sahil was a Principal at Aspada Investment Advisors. He was also an early team member of Aadhaar, India’s digital ID system, and contributed to the architecture of UPI and Account Aggregator (AA) as a volunteer at iSPIRT. Earlier in his career, he worked at McKinsey & Company, Titan Industries, and Ezetap. Sahil holds a B.Tech in Metallurgy & Materials Engineering from IIT Madras.",https://www.linkedin.com/in/sahilkini/,https://event-engine-prod-media.s3.ap-south-1.amazonaws.com/uploads/4b34f98b-20d1-4f59-9efb-7ab67c8e4d47-mr.-sahil-kini-website-photo.png,The Invisible Future of Finance - Why the Future Belongs to Ecosystems,A1135,https://www.globalfintechfest.com/speakers,2026-08-12T13:58:49Z,active,2026,sahil kini,6a7c768616afc6a8747c9be6
Mr. Saibal Ghosh,Head Investments & Wealth Solutions,The Hongkong & Shanghai Banking Corporation,India,"Saibal Ghosh is a Head at HSBC based in London, Greater London. Previously, Saibal was an Investment & Wealth Solutions Head at HSBC and also held positions at CITIC Securities Futures Co., Ltd., Shenzhen Branch, Hongkong &Shanghai Banking Corporation Ltd, and HSBC InvestDirect (India). Saibal received a Bachelor of Arts degree from the University of Calcutta and a Program in Leading and Managing from the Indian Institute of Management, Calcutta.",https://www.linkedin.com/in/saibal-ghosh-229b8066/overlay/contact-info/,https://event-engine-prod-media.s3.ap-south-1.amazonaws.com/uploads/fcbe017e-bd2d-45e6-b6a1-3cfdadc8a396-mr.-saibal-ghosh-website-photo.png,"Composable Wealth: Building an AI-Ready Platform That Coexists, Integrates and Scales",A0952,https://www.globalfintechfest.com/speakers,2026-08-12T13:58:49Z,active,2026,saibal ghosh,6a7c768616afc6a8747c9be7
Mr. Sainath Pillai,Product Head,Sarvatra Technologies,India,"Experienced and driven professional with a strong background in Digital Payments, Specializing in CBDC, UPI, IMPS and BBPS. I have hand-on experience as a Product Manager, working on key platforms like IMPS and BBPS, with a solid understanding of the Indian Payment stack and API based payment systems. My work involves close collaboration with cross-functional teams to deliver reliable, complaint, and scalable payment solutions. With a proven ability to manage product lifecycles and ensure seamless integration with regulatory and operational frameworks, I focus on delivering high-quality digital payment products. I am committed to leveraging me domain expertise to contribute to impactful projects and work collaboratively with teams to drive innovation in the fintech space.",,https://event-engine-prod-media.s3.ap-south-1.amazonaws.com/uploads/1eef1a68-4108-420b-a2a1-ca04f84ee3d1-mr.-sainath-pillai-website-photo.png,Beyond Bill Payments: Building India's Digital Collection Ecosystem,A0746,https://www.globalfintechfest.com/speakers,2026-08-12T13:58:49Z,active,2026,sainath pillai,6a7c768616afc6a8747c9be8
Mr. Sajan Sharma,Chief Executive Officer (CEO),Citytech Group,Nepal,"Sajan Sharma is a Kathmandu-based tech entrepreneur and founder of Citytech, a fintech firm he established in 2018. He is the Immediate Past President of the Fintech Alliance Nepal and remains an influential figure in advancing the country's fintech landscape. Holding a B.S. in Electrical Engineering from Virginia Tech and an Executive MBA from the University of Iowa, Sajan focuses on driving Nepal's digital transformation, building and scaling payment infrastructure across emerging markets, and advocating for tech-friendly foreign investment policies that support innovation and growth.",,https://event-engine-prod-media.s3.ap-south-1.amazonaws.com/uploads/4829da7b-e03c-47ad-8116-fbe565783990-mr.-sajan-sharma-website-photo.png,From Payments to Possibilities: Bridging the Gaps in Digital Commerce & Financial Access,A1105,https://www.globalfintechfest.com/speakers,2026-08-12T13:58:49Z,active,2026,sajan sharma,6a7c768616afc6a8747c9be9
Mr. Sameer Nigam,Founder & CEO,PhonePe,India,"Sameer Nigam founded PhonePe Limited (Formerly PhonePe Private Limited) in 2015 and serves as its Chief Executive Officer. Before starting PhonePe, Sameer served as Senior Vice President - Engineering and Vice President - Marketing at Flipkart, India’s largest e-commerce platform. His Flipkart journey started in 2011 when the company acquired his earlier startup - Mime360. Mime360 was a digital media distribution platform. Sameer has also served as Director of Product Management at Shopzilla Inc, where he built the company's proprietary shopping search engine. In 2009, he won the coveted Wharton Venture Award, bestowed by the prestigious Wharton Business School. He holds an MBA from Wharton Business School (University of Pennsylvania), USA, and a Master’s degree in Computer Science from University of Arizona, Tucson-USA.",https://in.linkedin.com/in/sanigam,https://event-engine-prod-media.s3.ap-south-1.amazonaws.com/uploads/06801628-f202-4bf0-874c-2b9a071459a9-mr.-sameer-nigam-website-photo.png,Building the Next PhonePe: AI & Product Innovation Roadmap,A1102,https://www.globalfintechfest.com/speakers,2026-08-12T13:58:49Z,active,2026,sameer nigam,6a7c768616afc6a8747c9bea
Mr. Sammy Mamdani,Chief Operating Officer,Route Mobile,India,"Sammy Mamdani is Chief Operating Officer at Route Mobile, leading global operations with a focus on execution, collaboration, and scaling delivery across geographies. With 21+ years of international experience, he has built high-performing teams, streamlined operations, and driven customer success and service delivery. He previously served as COO of Cellent Technologies (acquired by Route Mobile in 2016) and held senior roles at Protiviti and Rattonsey Group. At Route Mobile, he is spearheading an AI-driven transformation to automate workflows and enhance operational agility. Sammy holds an MBA from the University of Central Florida.",,https://event-engine-prod-media.s3.ap-south-1.amazonaws.com/uploads/ed44e477-853c-428b-86fa-5b0149a41841-mr.-sammy-mamdani-website-photo.png,"Intelligent Banking: AI, Data & Customer Experience in the Digital Era",A1270,https://www.globalfintechfest.com/speakers,2026-08-12T13:58:49Z,active,2026,sammy mamdani,6a7c768616afc6a8747c9beb
Mr. Sampathkumar Kumar Rangasamy,Chief - Online systems & nee products,NPCI,India,$83,,https://event-engine-prod-media.s3.ap-south-1.amazonaws.com/uploads/1812247d-dda7-461e-8449-d35d4f6c85bc-mr.-sampathkumar-kumar-rangasamy-website-photo.png,The Self-Driving SDLC: Autonomous AI Agents,A1096,https://www.globalfintechfest.com/speakers,2026-08-12T13:58:49Z,active,2026,sampathkumar kumar rangasamy,6a7c768616afc6a8747c9bec
Mr. Sandeep Agarwal,"CTO - Security, India and South Asia",Cisco,India,"Sandeep is the CTO - Security for Cisco, India and South Asia and brings over two decades of security, governance, risk and compliance experience. Prior to Cisco, he was at Google as the security architect for Google Cloud in India. His work involved helping accelerate adoption of Google Cloud in the context of India's regulatory frameworks and building mind share for Google Security among customers, partners and industry associations. Prior to Google, he was VP, Security and Compliance for OakNorth - a cloud-based fintech in the UK. Before OakNorth, he was leading security conversations with Public Sector customers at Amazon Web Services in India and South Asia. Before life in the cloud, Sandeep was the CISO at Max Life Insurance and Moody's Analytics in India, amongst other roles. He holds an MBA from IIM Mumbai, and a B.Tech in CSE from IIT (ISM) Dhanbad. Sandeep is a strong believer and passionate advocate of simplicity and automation in security, risk, and compliance.",https://www.linkedin.com/in/sandeep-agarwal-9672956/,https://event-engine-prod-media.s3.ap-south-1.amazonaws.com/uploads/80d05eef-2084-4bed-a4e9-e097c07fc0bf-mr.-sandeep-agarwal-website-photo.png,AI Guardrails: Building Safe Financial AI Systems,A0904,https://www.globalfintechfest.com/speakers,2026-08-12T13:58:49Z,active,2026,sandeep agarwal,6a7c768616afc6a8747c9bed
Mr. Sandeep Batra,Managing Director - Wealth & Personal Banking,Hongkong & Shanghai Banking Corporation,India,"Sandeep Batra is the Managing Director & Head of Wealth and Personal Banking, HSBC India, leading the bank’s retail banking, wealth management, private banking, mortgages, cards, lending, insurance and asset management businesses. With over 25 years of international banking experience across India, Thailand, Russia and Singapore, he has played a pivotal role in accelerating HSBC India’s growth in wealth, digital banking and customer-centric innovation. At Global Fintech Fest (GFF), Sandeep brings HSBC’s perspective on the future of financial services, focusing on digital transformation, ecosystem partnerships, AI-led innovation, customer engagement and the evolving expectations of affluent and globally connected customers. His sessions explore how banks can collaborate with fintechs to create seamless, secure and personalised financial experiences while driving sustainable growth.",,https://event-engine-prod-media.s3.ap-south-1.amazonaws.com/uploads/37e6e4eb-ab0b-471e-90a5-c306916c2fcb-mr.-sandeep-batra-website-photo.png,India's Digital Banking Revolution: Balancing Innovation & Trust,A0698,https://www.globalfintechfest.com/speakers,2026-08-12T13:58:49Z,active,2026,sandeep batra,6a7c768616afc6a8747c9bee
Mr. Sandeep Chagger,Managing Director,Peach Payments,Mauritius,"Sandeep Chagger is the Managing Director for Africa at Peach Payments, where he leads the company’s strategy, growth and expansion across the continent. With more than a decade of experience across banking, fintech and financial markets, Sandeep believes Africa represents one of the world’s most significant opportunities for innovation, enterprise and economic transformation. He is passionate about enabling businesses across the continent to realise that potential by simplifying the complexity of payments, technology and cross-border commerce, allowing them to operate seamlessly, reach new markets and scale with confidence.",,https://event-engine-prod-media.s3.ap-south-1.amazonaws.com/uploads/74480138-4a08-47c4-ad88-c71d3807ca50-mr.-sandeep-chagger-website-photo.png,Financial Inclusion After the First Billion Users: What Comes Next?,A0672,https://www.globalfintechfest.com/speakers,2026-08-12T13:58:49Z,active,2026,sandeep chagger,6a7c768616afc6a8747c9bef
Mr. Sandeep Ghule,Co-founder,Credilio Financial Technologies,India,"Fintech professional & a serial entrepreneur. Around 20+ Years of proven track record in building consumer first payment products. After working at ICICI Bank & HSBC, became an entrepreneur in 2011 with co-founding TranServ and built digital payment products. Now, building a credit card business addressing needs of under-served segments at novio",,https://event-engine-prod-media.s3.ap-south-1.amazonaws.com/uploads/22042fad-52cb-46cb-8783-2605263e1aaf-mr.-sandeep-ghule-website-photo.png,From Payments to Credit: How AI is Transforming Lending Inside Digital Ecosystems,A0764,https://www.globalfintechfest.com/speakers,2026-08-12T13:58:49Z,active,2026,sandeep ghule,6a7c768616afc6a8747c9bf0
Mr. Sandeep Indurkar,CEO - Payments,BharatPe,India,"Sandeep Indurkar is the Chief Executive Officer of Resilient Payments Private Limited, a BharatPe Group company, where he leads the company's payments business, driving strategy, innovation, and growth across merchant payments, payment acceptance solutions, and strategic banking partnerships. Prior to this, he served as Chief Business Officer, Banking & Alliances at BharatPe and spent over 18 years at ICICI Bank in leadership roles across digital banking and payments. With deep expertise in digital payments and financial services, Sandeep has played a key role in building scalable payment ecosystems and advancing payment innovation in India.",,https://event-engine-prod-media.s3.ap-south-1.amazonaws.com/uploads/6273b249-d788-41c6-8a67-01ef111a5447-mr.-sandeep-indurkar-website-photo.png,India's Next-Gen Merchant Stack: Tokenisation Tap-to-Pay and Contextual Credit at the Point of Sale,A0455,https://www.globalfintechfest.com/speakers,2026-08-12T13:58:49Z,active,2026,sandeep indurkar,6a7c768616afc6a8747c9bf1
Mr. Sandeep Jethwani,Co-founder,Dezerv,,"Sandeep Jethwani is the Co-founder of Dezerv and the author of The Millionaire Employee. An alumnus of IIM Bangalore, he brings over 19 years of experience in wealth management and has built a career helping India's affluent families make better investment decisions. Before co-founding Dezerv, he led the zero-to-one journey of one of India's leading wealth management firms, scaling its assets under management to over $3.5 billion. Having worked closely with HNIs, UHNIs and family offices, Sandeep has deep insight into the complexities of preserving and growing long-term wealth. At Dezerv, he works closely with the leadership team to shape the company's vision and strategy while driving key initiatives across product, engineering, growth and marketing. Through his writing and public conversations, Sandeep is also passionate about helping startup employees understand equity, ESOPs and long-term wealth creation, making sophisticated financial concepts accessible to a wider audience.",https://www.linkedin.com/in/sandeepjethwani/?originalSubdomain=in,https://event-engine-prod-media.s3.ap-south-1.amazonaws.com/uploads/9d0bf5f2-f028-4ba6-968e-e6bcd8f5aac4-mr.-sandeep-jethwani-website-photo.png,Building the Next Generation Digital Economy: Policy Priorities for Fintech Growth,A0817,https://www.globalfintechfest.com/speakers,2026-08-12T13:58:49Z,active,2026,sandeep jethwani,6a7c768616afc6a8747c9bf2
Mr. Sandeep Singh,Chief Executive Officer,BharatPe Capital,India,$a3,https://www.linkedin.com/in/sandeep-singh-07b1227/,https://event-engine-prod-media.s3.ap-south-1.amazonaws.com/uploads/a3726f4e-37ee-494d-9fb7-7a291cc852d4-mr.-sandeep-singh-website-photo.png,"How AI-native underwriting is reshaping pricing, inclusion, and liability",A0819,https://www.globalfintechfest.com/speakers,2026-08-12T13:58:49Z,active,2026,sandeep singh,6a7c768616afc6a8747c9bf3
Mr. Sandesh G S,CTPO,Bureau,India,$a4,https://www.linkedin.com/in/sandeshgs/,https://event-engine-prod-media.s3.ap-south-1.amazonaws.com/uploads/8c24520f-5790-4c2e-8671-19f40ecaea0a-mr.-sandesh-g-s-website-photo.png,AI for Fraud Detection and Financial Crime Intelligence,A0882,https://www.globalfintechfest.com/speakers,2026-08-12T13:58:49Z,active,2026,sandesh g s,6a7c768616afc6a8747c9bf4
Mr. Sandip Bhagat,Partner,S&R Associates,India,$88,,https://event-engine-prod-media.s3.ap-south-1.amazonaws.com/uploads/46c3df68-d90d-4a8f-8945-03adc22078bd-mr.-sandip-bhagat-website-photo.png,Disclosure 2.0: Rethinking Transparency in the Age of Information Overload,A0782,https://www.globalfintechfest.com/speakers,2026-08-12T13:58:49Z,active,2026,sandip bhagat,6a7c768616afc6a8747c9bf5
Mr. Sanjay Pandey,Chief General Manager (Digital Banking-Consumer),State Bank of India,India,$6a,,https://event-engine-prod-media.s3.ap-south-1.amazonaws.com/uploads/d0788772-9248-4b42-bc59-5f2b3f01b7a5-mr.-sanjay-pandey-website-photo.png,Hyper-Personalized Banking at Scale,A1101,https://www.globalfintechfest.com/speakers,2026-08-12T13:58:49Z,active,2026,sanjay pandey,6a7c768616afc6a8747c9bf6
Mr. Sanjay Shorey,Executive Director,National Stock Exchange of India,India,$44,,https://event-engine-prod-media.s3.ap-south-1.amazonaws.com/uploads/3afd95aa-074f-4a2e-bb54-b23fa4575124-mr.-sanjay-shorey-website-photo.png,Algorithmic Trading & Market Integrity: The Next Regulatory Challenge,A0778;A0786,https://www.globalfintechfest.com/speakers,2026-08-12T13:58:49Z,active,2026,sanjay shorey,6a7c768616afc6a8747c9bf7
Mr. Sanjay Tripathy,Co-Founder & CEO,BRISKPE,India,$6d,https://in.linkedin.com/in/tripathysanjay,https://event-engine-prod-media.s3.ap-south-1.amazonaws.com/uploads/b3906110-686e-4368-8710-b0417a446d93-mr.-sanjay-tripathy-website-photo.png,From UPI to Global Commerce: Building Trusted Digital Payment Acceptance Across Borders,A0742,https://www.globalfintechfest.com/speakers,2026-08-12T13:58:49Z,active,2026,sanjay tripathy,6a7c768616afc6a8747c9bf8
Mr. Sanjeevan Nikhar,GCCO- Chief General Manager,Punjab National Bank,India,$a5,,https://event-engine-prod-media.s3.ap-south-1.amazonaws.com/uploads/a38dcff1-926a-4f75-a3e4-5af6a7d17206-mr.-sanjeevan-nikhar-website-photo.png,AI-Powered Early Warning Systems: Protecting Portfolios & Driving Growth,A0835,https://www.globalfintechfest.com/speakers,2026-08-12T13:58:49Z,active,2026,sanjeevan nikhar,6a7c768616afc6a8747c9bf9
Mr. Sanjib Subba,Founder,Kathmandu FinteK,Nepal,"Kathmandu based Financial Inclusion professional with proven track record in Banking, Fintech, Green Finance amongst others.",https://www.linkedin.com/in/sanjibsubba/?originalSubdomain=np,https://event-engine-prod-media.s3.ap-south-1.amazonaws.com/uploads/5763c5e0-30d1-4202-a668-4cdfbfbd4f5e-mr.-sanjib-subba-website-photo.png,,,https://www.globalfintechfest.com/speakers,2026-08-12T13:58:49Z,active,2026,sanjib subba,6a7c768616afc6a8747c9bfa
Mr. Sanjiv Purushotham,Founder and CEO,Bridge Solutions L.L.C-FZ,United Arab Emirates,"**Sanjiv Purushotham** | *Fintech Leader & Regional Advisor* Sanjiv Purushotham is a financial services veteran with over three decades of experience driving digital transformation across global markets. Having held senior regional leadership positions at **American Express**, **Mastercard**, and **Citi**, he brings deep strategic and operational expertise to the global fintech ecosystem. Based interchangeably between Singapore and Dubai, Sanjiv acts as a strategic bridge representing premier Singaporean and international fintech companies across the Middle East and Africa (MEA) region. He is widely recognized for his sharp pulse on disruptive technologies, market dynamics, and his passion for leveraging financial technology to foster financial inclusion and social development. Beyond finance, Sanjiv is an aviation enthusiast, an active runner and rower, and a dedicated family man.",http://www.linkedin.com/in/sanjivpurushotham,https://event-engine-prod-media.s3.ap-south-1.amazonaws.com/uploads/64bde14d-76e5-4e4c-8750-f5fda4495c6f-mr.-sanjiv-purushotham-website-photo.png,The Merchant Intelligence Stack: From Transaction Data to Intelligent Payments,A0754,https://www.globalfintechfest.com/speakers,2026-08-12T13:58:49Z,active,2026,sanjiv purushotham,6a7c768616afc6a8747c9bfb
Mr. Sanket Nayak,Co-Founder,Digio,India,$a6,https://in.linkedin.com/in/sanketnayak,https://event-engine-prod-media.s3.ap-south-1.amazonaws.com/uploads/bca9af5c-f962-4af9-af8f-12e74fe2743f-mr.-sanket-nayak--website-photo.png,Preparing Enterprises for the DPDP Era: Experience CoTrust - DPDP Compliance Suite by Digio,A0880;A1085,https://www.globalfintechfest.com/speakers,2026-08-12T13:58:49Z,active,2026,sanket nayak,6a7c768616afc6a8747c9bfc
Mr. Santosh Bhat,Chief Data Scientist and Head of Technologies,Policybazaar.com,India,"Santosh Bhat heads the advanced technologies at Policybazaar.com, that includes data sciences and big data engineering. Under his leadership, Policybazaar has built its own speech recognition systems that work at a huge scale and a best-in-class risk management framework. In this period, he has also developed several best-in-class solutions such as the Customer Data Platform, Big Data Lake, and intent-based CRM. A Post-graduate in Engineering Management from the University of Missouri, USA, and a BTech in mechanical engineering, Santosh brings more than 23 years of experience in data sciences and allied areas.",,https://event-engine-prod-media.s3.ap-south-1.amazonaws.com/uploads/4787f657-fbb6-4bb6-af06-301cfd29c3e3-mr.-santosh-bhat-website-photo.png,Fine-Tuning vs RAG vs Foundation Models: Choosing the Right Model Strategy for Building AI for FInance,A0902,https://www.globalfintechfest.com/speakers,2026-08-12T13:58:49Z,active,2026,santosh bhat,6a7c768616afc6a8747c9bfd
Mr. Saravanakumar A,Managing Director & CEO,BOBCARD,India,,,https://event-engine-prod-media.s3.ap-south-1.amazonaws.com/uploads/869c031d-c1ee-4011-b9c8-4f2e2cf125b0-mr.-saravanakumar-a-website-photo.png,From POCs to Profit: Scaling AI Innovation for Enterprise Value,A1018,https://www.globalfintechfest.com/speakers,2026-08-12T13:58:49Z,active,2026,saravanakumar a,6a7c768616afc6a8747c9bfe
Mr. Saravanan Nattanmai,Managing Partner,Premji Invest,India,$67,https://www.linkedin.com/in/saravanan-nattanmai-270b9410/,https://event-engine-prod-media.s3.ap-south-1.amazonaws.com/uploads/040a2aac-eb22-4e4f-8186-1cf0451f21dc-mr.-saravanan-nattanmai-website-photo.png,"Fintech IPOs, M&A and the Next Wave of Exits",A1044,https://www.globalfintechfest.com/speakers,2026-08-12T13:58:49Z,active,2026,saravanan nattanmai,6a7c768616afc6a8747c9bff
Mr. Sarbvir Singh,Joint Group CEO,PB Fintech,,"Sarbvir Singh, Joint Group CEO, PB Fintech https://www.linkedin.com/in/sarbvirsingh/ Sarbvir has over 25 years of global experience across corporate leadership roles. Currently, he is the CEO of Policybazaar.com, India’s leading insurtech platform and Joint Group CEO of the PB Fintech Group. Prior to joining Policybazaar, he was a venture capitalist and also served in senior leadership positions with digital and media companies. He was most recently the Managing Partner of WaterBridge Ventures, a leading early-stage venture fund. He had also held leadership positions with JP Morgan and Network18 in India, Citi in New York and Emerson Electric in Hong Kong. Sarbvir is a graduate of IIT Delhi and holds an MBA from IIM Ahmedabad.",,https://event-engine-prod-media.s3.ap-south-1.amazonaws.com/uploads/5d1e9cb8-19be-4782-9f45-7b4938603a78-mr.-sarbvir-singh-website-photo.png,,,https://www.globalfintechfest.com/speakers,2026-08-12T13:58:49Z,active,2026,sarbvir singh,6a7c768616afc6a8747c9c00
Mr. Sasidhar Thumuluri,Managing Director & CEO,Sub-K IMPACT,India,"Sasi has 20+ years of financial inclusion and capital markets experience in 20+ countries. He started his professional journey at BASIX and went on to pursue international career in impact investments and business strategy at MicroVest, Habitat for Humanity and IFC. He serves on the board of BCFI and advisory board for Center for Analytical Finance of ISB. Sasi has earned two masters’ degrees from Princeton University and Indian Institute of Forest Management.",https://www.linkedin.com/in/sasidhar-thumuluri-b93607/,https://event-engine-prod-media.s3.ap-south-1.amazonaws.com/uploads/731ce1c5-cb6e-45b6-a47d-4fc46cd14dbc-mr.-sasidhar-thumuluri-website-photo.png,,,https://www.globalfintechfest.com/speakers,2026-08-12T13:58:49Z,active,2026,sasidhar thumuluri,6a7c768616afc6a8747c9c01
Mr. Satish Srivastava,Chief Executive Officer,GSTN,India,,,https://event-engine-prod-media.s3.ap-south-1.amazonaws.com/uploads/c9d11d53-9eec-45ff-8441-24066b9cd14b-satish-srivastava-website-photo.png,"AI-Led Commerce: Building Intelligent, Trusted and Inclusive Trade Systems",A1005,https://www.globalfintechfest.com/speakers,2026-08-12T13:58:49Z,active,2026,satish srivastava,6a7c768616afc6a8747c9c02
Mr. Saujanya Dev,Head - Risk & Compliance,CRED,India,,,https://event-engine-prod-media.s3.ap-south-1.amazonaws.com/uploads/f5555c33-97a8-481e-a0ba-205dc21ec398-saujanya-dev-website-photo.png,Privacy in an Agentic AI World: Redefining Consent,A0479,https://www.globalfintechfest.com/speakers,2026-08-12T13:58:49Z,active,2026,saujanya dev,6a7c768616afc6a8747c9c03
Mr. Saurabh Drolia,Director of Product Management,Google,India,"Saurabh Drolia is responsible for the Google Pay India consumer experience. Prior to joining Google, Saurabh was the product leader at Microsoft across Seattle, Hyderabad Bangalore. He has led and worked on several teams across the company - Microsoft Teams, Skype Lite, Bing, MSN and Enterprise Health Care. In between his Microsoft journey, he was in the start-up world for a couple of years. Saurabh holds B.S and M.A degrees in Computer Science from the University of Texas at Austin. During his Masters, he was a Research Assistant working on a next generation processor as part of a TRIPS team.",https://www.linkedin.com/in/sdrolia/,https://event-engine-prod-media.s3.ap-south-1.amazonaws.com/uploads/a29e896a-f1f6-4e47-a5a2-f1db3a20b998-mr.-saurabh-drolia-website-photo.png,"Inside the Payments Engine Room: Scaling Speed, Reliability & Innovation",A0924,https://www.globalfintechfest.com/speakers,2026-08-12T13:58:49Z,active,2026,saurabh drolia,6a7c768616afc6a8747c9c04
Mr. Scott Southall,Head of Domestic and Accounts Payables,Citibank,United States of America,"In his current role, Scott serves on the Payments leadership team of Citi and is responsible for domestic payments and commercial card products. He focuses on elevating Citi’s network capabilities and creating a comprehensive, end-to-end value proposition across the payables and working capital spectrum for the bank’s clients, helping strengthen the bank’s integrated solutions across Services. He joined Citi in 2011 as the CTS Head of Australia and New Zealand, and he has since held several leadership roles within Services, including Head of Commercial Cards and Innovation for Asia Pacific, and most recently serving as the Global Head of Banking as a Service. Prior to joining Citi, Scott held executive leadership roles in transaction banking, consumer banking and management consulting.",https://www.linkedin.com/in/scott-southall-6bab5a4?utm_source=share&utm_campaign=share_via&utm_content=profile&utm_medium=ios_app,https://event-engine-prod-media.s3.ap-south-1.amazonaws.com/uploads/582a18cd-f765-4b0e-b2b1-7134f0c7e8b5-mr.-scott-southall-website-photo.png,,,https://www.globalfintechfest.com/speakers,2026-08-12T13:58:49Z,active,2026,scott southall,6a7c768616afc6a8747c9c05
Mr. Shailesh Paul,CEO,WIBMO,India,"As CEO, Shailesh will lead Wibmo's strategic vision, driving sustainable growth, strengthening our position in the fintech ecosystem, Shailesh is a seasoned payments leader with over two decades of experience across Asia Pacific, India, and the Middle East. He was most recently at Visa, where he served as Global Head of Small Business Acceptance. In his earlier roles at Visa, he led merchant acquiring for India & South Asia, including Cybersource and co-brand partnerships. Shailesh has been a trusted collaborator with PayU and the wider industry, working closely with our teams in the past and playing a key role in driving innovation and shaping growth in the ecosystem. Shailesh also had leadership stints at Standard Chartered Bank and Mastercard previously. Shailesh is an alumnus of the Wharton School of Business AMP, XIMB and Delhi University. Outside of work, he enjoys cooking, music and staying current with global trends.",https://www.linkedin.com/in/shailesh-paul/?skipRedirect=true,https://event-engine-prod-media.s3.ap-south-1.amazonaws.com/uploads/a612d001-159d-4731-8d50-7e2d87aaba3e-mr.-shailesh-paul-website-photo.png,"Reimagining Cards & Payments: Driving Growth, Loyalty, and Merchant Acceptance at Scale",A0696,https://www.globalfintechfest.com/speakers,2026-08-12T13:58:49Z,active,2026,shailesh paul,6a7c768616afc6a8747c9c06
Mr. Shaji Varghese,Chief Executive Officer,Muthoot FinCorp,India,$85,https://www.linkedin.com/in/shaji-varghese-0678639/?originalSubdomain=in,https://event-engine-prod-media.s3.ap-south-1.amazonaws.com/uploads/b2c31b4d-4704-4155-b807-93374a025e67-mr.-shaji-varghese-website-photo.png,"How AI-native underwriting is reshaping pricing, inclusion, and liability",A0819,https://www.globalfintechfest.com/speakers,2026-08-12T13:58:49Z,active,2026,shaji varghese,6a7c768616afc6a8747c9c07
Mr. Sharad Gulhar,"Executive Vice President, SEA",Pine Labs,Malaysia,"Sharad Gulhar is a seasoned fintech leader with over 16 years of experience driving digital payment innovation and scaling businesses across India and Southeast Asia. As Executive Vice President of South East Asia, he leads market expansion, spearheads localized product innovation, builds strong merchant and fintech partner ecosystems, and ensures operational excellence across the board.",,https://event-engine-prod-media.s3.ap-south-1.amazonaws.com/uploads/10b46ea2-10e5-4fa5-bacc-846b0f883863-mr.-sharad-gulhar-website-photo.png,Vernacular AI: Breaking Language Barriers in Digital Payments,A0993,https://www.globalfintechfest.com/speakers,2026-08-12T13:58:49Z,active,2026,sharad gulhar,6a7c768616afc6a8747c9c08
Mr. Sharath Bulusu,Director Product,Google Pay,India,"Sharath leads Google Pay in India and has extensive global experience building consumer products across search, media, commerce & fintech. In addition to Google, he has helped create products at Myntra, HouseTrip, Twitter and the Guardian.",,https://event-engine-prod-media.s3.ap-south-1.amazonaws.com/uploads/3220b3df-a234-4e4c-a573-a786d855680b-mr.-sharath-bulusu-website-photo.png,Building India’s Financial Advice Stack: The Next Layer of the India Stack,A1041,https://www.globalfintechfest.com/speakers,2026-08-12T13:58:49Z,active,2026,sharath bulusu,6a7c768616afc6a8747c9c09
Mr. Shashank Saxena,Founder and CEO,WhyMinds AI,India,"Shashank brings technology leadership experience across global financial institutions from Silicon Valley, Wall Street, London, Singapore, and Mumbai. He has held org-wide leadership roles in Engineering and Architecture at respected institutions in global financial markets. An alumnus of BITS Pilani, Shashank serves on the Board of a leading NBFC and on advisory councils for State Governments and Academia in FinTech and AI. An evangelist of Sovereign and Accountable AI, he is building the AI Trust passport for startups to succeed in regulated industries.",,https://event-engine-prod-media.s3.ap-south-1.amazonaws.com/uploads/3f00344f-0381-44e8-8a0b-0e908c14a55f-mr.-shashank-saxena-website-photo.png,Knowledge Graphs + AI: The Next Intelligence Layer,A0894,https://www.globalfintechfest.com/speakers,2026-08-12T13:58:49Z,active,2026,shashank saxena,6a7c768616afc6a8747c9c0a
Mr. Shashank Sharma,Co-Founder & Director,Scoreme Solutions,India,$a7,https://www.linkedin.com/in/shashank-sharma-21891a12,https://event-engine-prod-media.s3.ap-south-1.amazonaws.com/uploads/521f260c-17b6-4acf-8e35-67bdc7fd3e90-shashank-sharma-website-photo.png,Agentic AI and the Future of Financial Services,A0900,https://www.globalfintechfest.com/speakers,2026-08-12T13:58:49Z,active,2026,shashank sharma,6a7c768616afc6a8747c9c0b
Mr. Shergeran Roberto Naidoo,Head of Stakeholder Engagement,PayInc,South Africa,"Shergeran has served in a number of capacities at PayInc (formerly known as BankservAfrica) - from Compliance and Risk to Legal and Governance and now Head of Stakeholder Engagement. After starting off as a practicing attorney in Pietermaritzburg, Shergeran relocated to Johannesburg where he joined Nedbank, working in Private Banking and Private Clients, as well as Corporate Finance. He later joined Standard Bank as the Corporate Governance Manager and joined PayInc in 2008. Holding a BA (LLB) from the University of KwaZulu-Natal, Shergeran was admitted as an Attorney of the High Court of South Africa in 2000 and holds a Post Graduate Diploma in Tax Law from the University of Johannesburg. Shergeran attained a Masters degree in Business Administration from UNISA Graduate School of Business Leadership in 2013. He is passionate about self-development and serving as a mentor. His favourite role is as a father and husband.",,https://event-engine-prod-media.s3.ap-south-1.amazonaws.com/uploads/8deaa385-e019-4c78-b5b3-89825f0a854d-mr.-shergeran-naidoo-website-photo.png,Bridging Gaps in Global E-Commerce with New-age Solutions to support small businesses,A0920,https://www.globalfintechfest.com/speakers,2026-08-12T13:58:49Z,active,2026,shergeran roberto naidoo,6a7c768616afc6a8747c9c0c
Mr. Shiladitya Mukhopadyaya,Global Head - Truecaller for Business,Truecaller,India,"Shiladitya Mukhopadhyaya is a business leader and entrepreneur with deep expertise at the intersection of technology, growth, and business transformation. As Global Head of Truecaller for Business, he drives go-to-market strategy, partnerships, and revenue growth, positioning Truecaller as the definitive trust layer between businesses and their customers at scale. Prior to Truecaller, Shiladitya played a pivotal role in scaling CleverTap’s enterprise and international business, helping establish the company as a leading customer engagement and analytics platform across global markets. An entrepreneur at heart, Shiladitya has built and led ventures throughout diverse domains. He co-founded multiple consumer technology apps in foodtech, payments and loyalty, prior to which he spent over a decade driving innovation in RFID and automated identification solutions.",https://www.linkedin.com/in/shiladityamukhopadhyaya/,https://event-engine-prod-media.s3.ap-south-1.amazonaws.com/uploads/ab9c8799-f352-4620-a2d4-752ac2359a91-shiladitya-mukhopadyaya-website-photo.png,Beyond Transaction Monitoring: Hunting Mule Networks in Real Time,A0343,https://www.globalfintechfest.com/speakers,2026-08-12T13:58:49Z,active,2026,shiladitya mukhopadyaya,6a7c768616afc6a8747c9c0d
Mr. Shinichiro Nishikawa,Head of Global Payments Strategy & Transformation,NTT Data,Japan,$a8,,https://event-engine-prod-media.s3.ap-south-1.amazonaws.com/uploads/4cad7817-8fc4-47ad-8408-0b4668eb7e15-mr.-shinichirou-nishikawa-website-photo.png,"The Politics of Money Movement: Sovereignty, Standards, and Global Finance",A0958,https://www.globalfintechfest.com/speakers,2026-08-12T13:58:49Z,active,2026,shinichiro nishikawa,6a7c768616afc6a8747c9c0e
Mr. Shivam Sharma,Product Manager,Nucleus Software Exports,India,"Shivam is a Product Leader at Nucleus Software, with over 10 years of experience in building and scaling enterprise lending platforms across banks and NBFCs. He plays a key role in shaping the evolution of the FinnOne Neo suite, driving innovations across digital loan origination, mobility, and AI-led decisioning. Shivam has been at the forefront of integrating emerging technologies and regulatory frameworks into lending ecosystems, working closely with financial institutions and industry bodies. His work focuses on transforming traditional lending into faster, smarter, and more customer-centric journeys. At the intersection of product strategy and execution, he brings a practitioner’s perspective on how gold loan businesses can leverage digital infrastructure, data intelligence, and seamless customer experiences to unlock the next phase of growth.",https://www.linkedin.com/in/ershivam/,https://event-engine-prod-media.s3.ap-south-1.amazonaws.com/uploads/b3c7c224-d743-4226-bc3f-66ab7eb5995b-mr.-shivam-sharma-website-photo.png,Credit for Gig Workers: Designing Consumer Loan Products for Irregular Income Profiles,A0839,https://www.globalfintechfest.com/speakers,2026-08-12T13:58:49Z,active,2026,shivam sharma,6a7c768616afc6a8747c9c0f
Mr. Shobhit Mehra,Founder & CEO,BoxPay,India,"Shobhit Mehra is the Founder & CEO of BoxPay, an AI-powered payments operating system helping enterprises simplify global payments through orchestration, intelligent routing, and AI-driven reconciliation. With nearly two decades of experience across merchant acquiring, card issuing, payment networks, and global commerce, Shobhit has held leadership roles at Expedia Group, American Express, and Axis Bank, managing payment portfolios exceeding US$60 billion across international markets. At BoxPay, he works with enterprises across travel, insurance, retail, and digital commerce to solve complex payment challenges spanning orchestration, cross-border payments, and reconciliation. Shobhit helped establish the Merchant Advisory Group (MAG) in APAC to strengthen the merchant voice. He is a Stripe Community Builder for Travel, a RiseUp Mentor with Money20/20, and a frequent speaker on AI, payments, and the future of digital commerce.",https://www.linkedin.com/in/mehrashobhit,https://event-engine-prod-media.s3.ap-south-1.amazonaws.com/uploads/bcfc63aa-a358-4a5b-8d76-5303950235aa-mr.-shobhit-mehra-website-photo.png,"Tap, Token, Transact: Building the Future of Intelligent Merchant Payments",A0756,https://www.globalfintechfest.com/speakers,2026-08-12T13:58:49Z,active,2026,shobhit mehra,6a7c768616afc6a8747c9c10
Mr. Shubhanga Prasad,Co-founder & Partner,Aagama Ventures,United Kingdom,"Shubhanga has been a veteran banker with leadership roles and driving digital initiatives and business at Yes Bank, Oak North Bank. Shubhanga has also been a partner at BetaPlus Capital, a Bangalore based fund, investing in fintech as a space. Shubhanga brings over 2 decade of experience across financial services, technology, and venture investing.",,https://event-engine-prod-media.s3.ap-south-1.amazonaws.com/uploads/65ad8cd4-60f1-4112-8eda-4cc50931af73-mr.-shubhanga-prasad-website-photo.png,,,https://www.globalfintechfest.com/speakers,2026-08-12T13:58:49Z,active,2026,shubhanga prasad,6a7c768616afc6a8747c9c11
Mr. Simon Gorbutt,Deputy Chief Executive Officer,Luxembourg for Finance,Luxembourg [Grand Dutchy of],$45,https://www.linkedin.com/in/sgorbutt/,https://event-engine-prod-media.s3.ap-south-1.amazonaws.com/uploads/c711caad-0841-47f6-801d-3aee4eae13a2-mr.-simon-gorbutt-website-photo.png,,,https://www.globalfintechfest.com/speakers,2026-08-12T13:58:49Z,active,2026,simon gorbutt,6a7c768616afc6a8747c9c12
Mr. Sitashwa Srivastava,Founder & CEO,Borderless,India,$7c,,https://event-engine-prod-media.s3.ap-south-1.amazonaws.com/uploads/f4a256d0-ed0e-493b-b2e2-c597b278af79-mr.-sitashwa-srivastava-website-photo.png,Outward Remittances: Serving India's Global Citizens with Smarter Cross-Border Money Movement,A0750,https://www.globalfintechfest.com/speakers,2026-08-12T13:58:49Z,active,2026,sitashwa srivastava,6a7c768616afc6a8747c9c13
Mr. Sivaramakrishnan Iswaran,"CEO of Zoho Payment Technologies, and Global Head of Finance and Operations BU",Zoho,India,"Siva has been with the company since its inception, and has held multiple key positions during his tenure. He has successfully led the development and launch of several products across finance, payments, and operations. He currently leads the growth strategy for Zoho Payments and also serves as the Global Head of the Finance and Operations Business Unit at Zoho. Siva is passionate about building software that addresses real business needs. He holds a Bachelor's degree in Mathematics and Finance and resides in Chennai with his family.",,https://event-engine-prod-media.s3.ap-south-1.amazonaws.com/uploads/7ece63e0-3170-4e0f-9b45-b2a790e333cd-sivaramakrishnan-iswaran-website-photo.png,The Autonomous Layer in India Stack: How AI Powers the Next B2B Commerce Rail,A1013,https://www.globalfintechfest.com/speakers,2026-08-12T13:58:49Z,active,2026,sivaramakrishnan iswaran,6a7c768616afc6a8747c9c14
Mr. Soorraj VS,Managing Director & CEO,Benow (Cashless Technologies India Limited),India,$6c,,https://event-engine-prod-media.s3.ap-south-1.amazonaws.com/uploads/ed784b41-bd79-45d4-a0ba-4f8c44f6de4b-mr.-soorraj-vs-website-photo.png,The Merchant Intelligence Stack: From Transaction Data to Intelligent Payments,A0754,https://www.globalfintechfest.com/speakers,2026-08-12T13:58:49Z,active,2026,soorraj vs,6a7c768616afc6a8747c9c15
Mr. Sridhar Narayana,Chief Business Officer,Perfios Software Solutions,India,"Sridhar is a seasoned Business and Strategy leader with over two decades of experience in the industry. He leads as the CBO at Perfios, where his expertise in driving operational excellence and creating new markets plays a pivotal role in advancing business growth initiatives and enhancing customer experience. Prior to his role at Perfios, Sridhar led the BFSI Business at Adobe India, pioneering the establishment of the Digital Experience vertical for BFSI. Sridhar has managed large cross-functional teams of Sales, Customer Success, Partner team, Solution Consulting, Professional Services, Product Engineering, and aligned product strategy with market opportunities to spearhead the creation of new markets. Before Adobe, Sridhar spent a decade at Microsoft, where he played a key role in driving Consulting Strategy and Sales Excellence across various business units. He began his career journey with ESRI before transitioning to IBM to lead the Mid-Market Business.",https://www.linkedin.com/in/sridharnarayan/,https://event-engine-prod-media.s3.ap-south-1.amazonaws.com/uploads/3eae99fb-1a66-4d2c-a5b3-a932a97f7da8-mr.-sridhar-narayana-website-photo.png,"The Lending-Fintech Power Shift: As Lenders Build In-House Digital Lending Stacks, What's Left for Lending-Tech Platforms?",A0772,https://www.globalfintechfest.com/speakers,2026-08-12T13:58:49Z,active,2026,sridhar narayana,6a7c768616afc6a8747c9c16
Mr. Srikant Kurup,Head - Business Toll & Transit Payments,IDFC FIRST Bank,India,,,https://event-engine-prod-media.s3.ap-south-1.amazonaws.com/uploads/5e01602f-cabc-4cf7-8238-f701a7d180b8-mr.-srikant-kurup-website-photo.png,"Seamless Urban Movement: Integrating Payments, Platforms & Infrastructure",A0710,https://www.globalfintechfest.com/speakers,2026-08-12T13:58:49Z,active,2026,srikant kurup,6a7c768616afc6a8747c9c17
Mr. Srinivasu MN,"Co-founder, Director",BillDesk,India,,,https://event-engine-prod-media.s3.ap-south-1.amazonaws.com/uploads/c7889b62-1408-440b-8710-ac57cbcff207-srinivasu-mn-website-photo.png,,,https://www.globalfintechfest.com/speakers,2026-08-12T13:58:49Z,active,2026,srinivasu mn,6a7c768616afc6a8747c9c18
Mr. Sriram Venkateswaran,Director (Engineering),Google,India,"Sriram Venkateswaran heads Engineering for Consumer Experiences, UPI Platform and Partnership Engineering initiatives for Google Pay India. He is based out of Google’s Bangalore office. He is very passionate about solving fintech problems at scale including Agentic Commerce / Payments. Prior to joining Google, he was the Group CTO at Trusting Social - Earlier, he was the CTPO at rootVX, a cryptography based asset tokenization startup, SVP (Engineering) at Polygon Labs, Director(Engineering) at Coinbase, VP (App Engineering) at Flipkart / Myntra and Head of Research Labs at Ola. Sriram has a Bachelors of Engineering degree from NIT Trichy. He holds over fifteen patents in various fields in Technology and is also author of “Embedded Realtime Systems Programming” (McGrawHill) which is one of the standard texts for the subject in Indian Universities.",https://www.linkedin.com/in/sviyer/,https://event-engine-prod-media.s3.ap-south-1.amazonaws.com/uploads/36f2bbf4-3ac6-4f77-bcb5-670fc4cf318f-mr.-sriram-venkateswaran--website-photo.png,India's Digital Banking Revolution: Balancing Innovation & Trust,A0698,https://www.globalfintechfest.com/speakers,2026-08-12T13:58:49Z,active,2026,sriram venkateswaran,6a7c768616afc6a8747c9c19
Mr. Subrat Mohanty,Executive Director,Axis Bank,India,,,https://event-engine-prod-media.s3.ap-south-1.amazonaws.com/uploads/4b307bb9-289e-4dcd-be5e-7eac4007658e-mr.-subrat-mohanty-website-photo.png,India's Digital Banking Revolution: Balancing Innovation & Trust,A0698,https://www.globalfintechfest.com/speakers,2026-08-12T13:58:49Z,active,2026,subrat mohanty,6a7c768616afc6a8747c9c1a
Mr. Sudipto Nag,Group Head & Chief Credit Officer,Axis Bank,India,,,https://event-engine-prod-media.s3.ap-south-1.amazonaws.com/uploads/2416606f-9809-4682-bfca-ba0fa8d99a78-mr.-sudipto-nag-website-photo.png,Intelligent Credit Management: From Risk Monitoring to Debt Resolution,A0770,https://www.globalfintechfest.com/speakers,2026-08-12T13:58:49Z,active,2026,sudipto nag,6a7c768616afc6a8747c9c1b
Mr. Sujay Kumar Yadav,Managing Director & CEO,SBI Payment Services,India,$73,,https://event-engine-prod-media.s3.ap-south-1.amazonaws.com/uploads/f20f92a4-0a49-4baa-8d7e-8db6a5c98019-mr.-sujay-kumar-yadav-website-photo.png,"Beyond Automation: RPA, AI & Cultural Readiness for Operational Excellence in Retail Banking",A0467,https://www.globalfintechfest.com/speakers,2026-08-12T13:58:49Z,active,2026,sujay kumar yadav,6a7c768616afc6a8747c9c1c
Mr. Sujeet Tyagi,Chief Operating Officer,Montran India,India,"Sujeet Tyagi is the Chief Operating Officer at Montra India, where he leads strategic operations and drives the execution of mission-critical financial infrastructure initiatives. With extensive global experience in payments system implementation, he has played a key role in delivering large-scale, real-time payment solutions across diverse markets. Sujeet specializes in overseeing end-to-end program delivery, aligning business objectives with technology, and ensuring regulatory and operational excellence. Known for his leadership and execution focus, he has successfully managed cross-functional teams and complex stakeholder environments worldwide. His expertise spans payment modernization, clearing and settlement systems, and digital transformation, making him a trusted leader in the evolving global payments landscape.",https://www.linkedin.com/in/tyagisujeet/,https://event-engine-prod-media.s3.ap-south-1.amazonaws.com/uploads/f916c44b-68de-49a5-829b-771037549da8-sujeet-tyagi-website-photo.png,From UPI to Global Commerce: Building Trusted Digital Payment Acceptance Across Borders,A0742,https://www.globalfintechfest.com/speakers,2026-08-12T13:58:49Z,active,2026,sujeet tyagi,6a7c768616afc6a8747c9c1d
Mr. Sumit Nigam,Chief Technology Officer,Perfios Software Solutions,India,"Sumit is an accomplished technology leader with over 26 years of experience in the software industry. As the Chief Technology Officer at Perfios, Sumit is dedicated to driving technological innovation and excellence within the organization. His expertise in architecting cutting-edge solutions and navigating complex technical landscapes positions him as a key driver in advancing Perfios' technological capabilities and ensuring a seamless experience for customers. Throughout his career, Sumit has held key roles at prestigious technical organizations such as Verisign, EMC, Informatica, Walmart Global Tech, and Bigbasket. He has seamlessly transitioned from hands-on technical architect roles to leadership positions, overseeing entire engineering functions. Sumit's contributions have been instrumental in establishing robust teams and pioneering engineering best practices across diverse geographical domains.",https://www.linkedin.com/in/sumit-nigam-557343/,https://event-engine-prod-media.s3.ap-south-1.amazonaws.com/uploads/6895104a-a818-463e-8baa-ffc7d78b10da-sumit-nigam-website-photo.png,The Quantum Shift: Redefining the Future of Money Movement and Financial Innovation,A0457,https://www.globalfintechfest.com/speakers,2026-08-12T13:58:49Z,active,2026,sumit nigam,6a7c768616afc6a8747c9c1e
Mr. Sundararaman Ramamurthy,MD & CEO,BSE Ltd,,$46,https://www.linkedin.com/in/sundararaman-r-152b7011/,https://event-engine-prod-media.s3.ap-south-1.amazonaws.com/uploads/3539987f-ca61-4507-acd5-248661702a3e-mr.-sundararaman-ramamurthy-website-photo.png,"Future-Ready Exchanges: Scaling for Speed, Resilience, and Global Integration",A0776,https://www.globalfintechfest.com/speakers,2026-08-12T13:58:49Z,active,2026,sundararaman ramamurthy,6a7c768616afc6a8747c9c1f
Mr. Sunil Kulkarni,Advisor,IAMAI-BCFI,India,$8d,http://linkedin.com/in/sunil-kulkarni-12a3291,https://event-engine-prod-media.s3.ap-south-1.amazonaws.com/uploads/c3c951fc-0130-418f-add2-4e79a65474d3-mr.-sunil-kulkarni-website-photo.png,,,https://www.globalfintechfest.com/speakers,2026-08-12T13:58:49Z,active,2026,sunil kulkarni,6a7c768616afc6a8747c9c20
Mr. Sunit Bose,Chief Technology Officer,NexNebula Technologies (Zrika),India,$9d,https://www.linkedin.com/in/sunit-bose-a5419028/,https://event-engine-prod-media.s3.ap-south-1.amazonaws.com/uploads/3b002de7-fff2-426a-a8bd-ab6c309ac61d-sunit-bose-website-photo.png,,,https://www.globalfintechfest.com/speakers,2026-08-12T13:58:49Z,active,2026,sunit bose,6a7c768616afc6a8747c9c21
Mr. Surendra Kumar Vishwakarma,General Manager,Punjab National Bank,India,"Shri Surendra Kumar Vishwakarma is presently serving as General Manager, HO IT Division at Punjab National Bank since 2025, bringing with him over 30 years of rich experience in Banking Operations and Information Technology. Prior to his current assignment, he served as Deputy General Manager in HO IT and Operations Divisions, and as Circle Head/DGM at Corporate Office Udaipur. Throughout his career, he has handled critical responsibilities including Head of ATM & Payment Systems, Hardware/CTS/CDKs/PBKs & SWIFT, Network Management, and Incharge of the ePayment Solution Cell. His areas of expertise encompass Core Banking Solutions, IT Infrastructure & Operations, Digital Banking, Payment Systems, Disaster Recovery, and Strategic Banking Operations.",https://www.linkedin.com/company/pnbindia,https://event-engine-prod-media.s3.ap-south-1.amazonaws.com/uploads/7f121495-bf40-40fc-9786-ec5a7415f54b-mr.-surendra-kumar-vishwakarma-website-photo.png,Beyond Transaction Monitoring: Hunting Mule Networks in Real Time,A0343,https://www.globalfintechfest.com/speakers,2026-08-12T13:58:49Z,active,2026,surendra kumar vishwakarma,6a7c768616afc6a8747c9c22
Mr. Tajinder Singh,Deputy Secretary General,IOSCO-International Organization of Securities Commissions,India,"Tajinder Singh joined the IOSCO General Secretariat in January 2010 as Deputy Secretary General. He was previously Head of International Affairs & Human Resource Development and Advisor to the Chairman of the Securities and Exchange Board of India (SEBI). Mr. Singh comes from the Indian Administrative Service (IAS) and has held various positions in the Ministry of Finance in the Government of India, as well as handling a number of assignments for the government in the financial and other sectors. He has over 30 years of experience at senior leadership positions in different organizations dealing with strategic issues in regulation, finance and administration, and significant domestic and international experience dealing with Government and regulators. Mr. Singh holds a Master’s degree in Systems Science and Automation from the Indian Institute of Science (IISc), Bangalore, and graduated in Electrical and Electronics Engineering from the Indian Institute of Technology (IIT), Kanpur.",,https://event-engine-prod-media.s3.ap-south-1.amazonaws.com/uploads/8de29293-e29d-4332-8fef-27adddb03ab3-mr.-tajinder-singh-website-photo.png,,,https://www.globalfintechfest.com/speakers,2026-08-12T13:58:49Z,active,2026,tajinder singh,6a7c768616afc6a8747c9c23
Mr. Takeo Ueno,CEO,NTT DATA Payment Services India,Japan,Mr. Ueno holds expertise in system development in transaction banking and new business production in the card and payment area at NTT DATA. Business consultant in the Fintech area at NTT DATA Corporation company. He can be attributed to overseas business development in the Hong Kong and India subsidiaries of NTT DATA as local division director. Currently handling corporate management in the Company as a Whole-time Director and Chief Executive Officer.,,https://event-engine-prod-media.s3.ap-south-1.amazonaws.com/uploads/ffb5f11e-3347-4e7e-9e05-032f0fb54106-mr.-takeo-ueno-website-photo.png,,,https://www.globalfintechfest.com/speakers,2026-08-12T13:58:49Z,active,2026,takeo ueno,6a7c768616afc6a8747c9c24
Mr. Takeshi Kito,Co-founder & CEO,Global Finance & Technology Network Japan,Japan,"Takeshi is a serial Fintech entrepreneur, and Co-founder & CEO of GFTN Japan, actively spearheading ecosystem building and international collaborations. Additionally, he sits on the committee for the Government of Japan's Regulatory Sandbox and is a member of the experts group, jointly organized by the Digital Agency and the Ministry of Economy, Trade, and Industry focusing on international data governance. Before starting his own startup in the Fintech industry, Takeshi worked as an investment banker at Merrill Lynch, gaining expertise in capital markets. Prior to joining Merrill Lynch, he worked at Boston Consulting Group. He formerly served as Vice-chair at Fintech Association of Japan, where he played a pivotal role in navigating international collaborations for 6 years.",https://www.linkedin.com/in/takeshi-kito-841b65109/?originalSubdomain=jp,https://event-engine-prod-media.s3.ap-south-1.amazonaws.com/uploads/49cbc082-a1dc-4545-ade3-cc3bf1be91d5-mr.-takeshi-kito-website-photo.png,,,https://www.globalfintechfest.com/speakers,2026-08-12T13:58:49Z,active,2026,takeshi kito,6a7c768616afc6a8747c9c25
Mr. Takuya Senoo,"Executive Officer, Managing Director, Head of India and Sri Lanka, CEO for India",MUFG Bank,India,"Takuya Senoo is the CEO for India, MUFG Bank India and Head of Sri Lanka. He spearheads the strategy of the banking business in the region of India and Sri Lanka at the same time also ensures on the safety and soundness of operations.",,https://event-engine-prod-media.s3.ap-south-1.amazonaws.com/uploads/377aa69c-581d-4479-bccb-27d4675198c7-mr.-takuya-senoo-website-photo.png,,,https://www.globalfintechfest.com/speakers,2026-08-12T13:58:49Z,active,2026,takuya senoo,6a7c768616afc6a8747c9c26
Mr. Tejas Goenka,Managing Director,Tally,India,"Tejas is working on making the connected business environment a reality for SMEs via the next-generation Tally product roadmap. Tejas’ customer-centric approach has driven Tally’s strong selling and servicing partner network to a more accountable, higher-quality network, resulting in aggressive business growth. Living the philosophy of simplifying the lives of MSMEs with technology, Tejas led Tally’s transition into the GST era, taking it to a 2.6 million+ strong license base.",,https://event-engine-prod-media.s3.ap-south-1.amazonaws.com/uploads/0d8b2584-e710-428c-b620-5c1f2dcd6fc9-mr.-tejas-goenka-website-photo.png,The Autonomous Layer in India Stack: How AI Powers the Next B2B Commerce Rail,A1013,https://www.globalfintechfest.com/speakers,2026-08-12T13:58:49Z,active,2026,tejas goenka,6a7c768616afc6a8747c9c27
Mr. Tejas Maniar,Chief Digital & Liabilities Officer,Fino Payments Bank,India,"TEJAS MANIAR Chief Digital & Liabilities Officer Tejas Maniar joined Fino Payments Bank in April 2022 as Chief Digital Officer (CDO) to build and scale up its Fino 2.0 strategy, with digital transformation at its helm. He started out when digital was at a nascent stage and has built credible experience of over 2 decades with organizations like HDFC Bank and IDFC FIRST Bank setting up digital domains including products, applications, business and sales. Tejas has been instrumental in driving Fino’s end-to-end digital transformation agenda, scaling our technology platforms for future growth and ensuring integration of digital banking across all channels and services. He also manages the Liabilities Product portfolio, spearheading the Bank’s overall liability strategy including design, development & implementation of new products, while ensuring profitability & competitive advantage.",,https://event-engine-prod-media.s3.ap-south-1.amazonaws.com/uploads/4987e13e-c550-491a-961e-db110f413891-mr.-tejas-maniar-website-photo.png,Beyond Bill Payments: Building India's Digital Collection Ecosystem,A0746,https://www.globalfintechfest.com/speakers,2026-08-12T13:58:49Z,active,2026,tejas maniar,6a7c768616afc6a8747c9c28
Mr. Thomas Muthoot John,Executive Director,Muthoot Microfin,India,$84,https://www.linkedin.com/in/thomas-muthoot-john-606515206/,https://event-engine-prod-media.s3.ap-south-1.amazonaws.com/uploads/40247956-e4a6-4ff8-9b4a-b7dce9a4324d-mr.-thomas-muthoot-john-website-photo.png,,,https://www.globalfintechfest.com/speakers,2026-08-12T13:58:49Z,active,2026,thomas muthoot john,6a7c768616afc6a8747c9c29
Mr. Tim Mathews,Co-Founder & CEO,Finsall,India,"Tim Mathews is the Co-Founder & CEO of Finsall, India's pioneering insurance premium financing platform, focused on making insurance more affordable and accessible through innovative financing solutions. With over two decades of experience spanning financial services, strategy, consulting, and entrepreneurship, Tim has played a key role in building Finsall into a category-defining fintech at the intersection of lending and insurance. Prior to founding Finsall, he held leadership positions across consulting, investment advisory, and global engineering organizations. Tim holds an MBA in Finance and Entrepreneurship from Washington University in St. Louis – Olin Business School and a B.Tech from IIT Madras. He is a recognized thought leader in insurtech, embedded finance, and financial inclusion.",https://www.linkedin.com/in/timmathews/,https://event-engine-prod-media.s3.ap-south-1.amazonaws.com/uploads/a4e5b45b-6093-4c44-8f28-413e2aa947b7-mr.-tim-mathews-website-photo.png,"Shaping the Next Wave— How Industry, Research and Regulation are Evolving Together",A0857,https://www.globalfintechfest.com/speakers,2026-08-12T13:58:49Z,active,2026,tim mathews,6a7c768616afc6a8747c9c2a
Mr. Tom David Mutton,Executive Director,Bank of England,United Kingdom,"Tom is Executive Director, Fintech and Payments Innovation at the Bank of England. Tom leads the Bank’s strategy on frontier technologies and their implications for the financial system and economy. This work focuses on artificial intelligence, distributed ledger technology, and quantum computing. Tom also leads the Bank's work on payments innovation, across retail, wholesale, and cross border payments. Tom has a breath of experience in finance, regulation, international policy, and technology strategy. His previous roles at the Bank include Director of Fintech, Head of International Policy and Strategy, Head of Division in Prudential Policy and time as a Senior Manager responsible for the supervision of major international firms. He was educated at the London School of Economics.",,https://event-engine-prod-media.s3.ap-south-1.amazonaws.com/uploads/555c27ab-914c-4184-a85a-eea5ee3e4f9a-mr.-tom-david-mutton-website-photo.png,Driving Sovereignty and Proliferation of New Payment Methods – A Central Bank Perspective,A0690,https://www.globalfintechfest.com/speakers,2026-08-12T13:58:49Z,active,2026,tom david mutton,6a7c768616afc6a8747c9c2b
Mr. Utkarsh Shukla,Chief AI Officer,Ringg,India,"Hi, I’m Utkarsh Shukla, Chief AI Officer and CoFounder at Ringg.ai. I work on building production-grade AI voice agents that can handle real-world business conversations reliably. My work focuses on multilingual conversational AI, prompt and model evaluation, STT-LLM-TTS pipelines, low-latency inference, and improving call quality through real-time analytics. I come from a background in cloud engineering and backend systems, and I’m passionate about building practical AI systems that are safe, scalable, and useful for enterprises.",https://www.linkedin.com/in/utkarsh-shukla-8b834b112/,https://event-engine-prod-media.s3.ap-south-1.amazonaws.com/uploads/46741834-b218-4130-af95-6362de6cee6b-mr.-utkarsh-shukla-website-photo.png,,,https://www.globalfintechfest.com/speakers,2026-08-12T13:58:49Z,active,2026,utkarsh shukla,6a7c768616afc6a8747c9c2c
Mr. Uttam Kumar,Group Chief Information Security Officer,Punjab National Bank,India,$6f,,https://event-engine-prod-media.s3.ap-south-1.amazonaws.com/uploads/ac95d334-a7ef-4fb7-a211-c0da0bd3ab18-mr.-uttam-kumar-website-photo.png,,,https://www.globalfintechfest.com/speakers,2026-08-12T13:58:49Z,active,2026,uttam kumar,6a7c768616afc6a8747c9c2d
Mr. V Balasubramanian,Chief Executive Officer,FSS,India,,,https://event-engine-prod-media.s3.ap-south-1.amazonaws.com/uploads/178c069d-0825-47fc-a4f8-73e417512b6f-mr.-v-balasubramanian-website-photo.png,Knowledge Graphs + AI: The Next Intelligence Layer,A0894,https://www.globalfintechfest.com/speakers,2026-08-12T13:58:49Z,active,2026,v balasubramanian,6a7c768616afc6a8747c9c2e
Mr. Vaibhav Tambe,CEO and Co-Founder,TBX,India,"Vaibhav Tambe spent more than a decade inside India’s banks before co-founding TBX, the corporate banking infrastructure company connecting banks, enterprises, and businesses at scale. At SBI he became one of the youngest Assistant Vice Presidents in the bank’s history at 26. At IndusInd Bank, he rose from Regional Sales Manager to Country Head within a decade, leading Transaction Banking, Payments, Escrows, and Capital Markets nationally. He was recognised as “Emerging Star of the Year,” “Superstar of the Year,” and recipient of the Asset Triple A Asian Award. He later served as President and CEO of Payments at iServeU, and is an active angel investor across fintech, blockchain, EVs, and edtech. In 2022, he co-founded TBX to reimagine how banks and businesses work together. He holds an MBA from IMT Ghaziabad and has been recognised as one of the “Most Admired Fintech Professionals” globally.",,https://event-engine-prod-media.s3.ap-south-1.amazonaws.com/uploads/14fadd51-c791-40d1-83a5-27c42987f561-mr.-vaibhav-tambe-website-photo.png,"Building Compliant, Scalable Businesses with Evolving Regulations",A0738,https://www.globalfintechfest.com/speakers,2026-08-12T13:58:49Z,active,2026,vaibhav tambe,6a7c768616afc6a8747c9c2f
Mr. Vaidyanathan Vembu,MD & CEO,IDFC FIRST Bank,India,,,https://event-engine-prod-media.s3.ap-south-1.amazonaws.com/uploads/e5acbcd6-f44c-485d-9d04-05cfe0bc9c74-mr.-vaidyanathan-vembu-website-photo.png,"The Future of Banking: Trust, Technology and Human-Centred Innovation",A0811,https://www.globalfintechfest.com/speakers,2026-08-12T13:58:49Z,active,2026,vaidyanathan vembu,6a7c768616afc6a8747c9c30
Mr. Varun Khullar,Chief Revenue Officer,Yubi,India,"Varun Khullar is the Chief Revenue Officer, Yubi Group. He is a revenue and growth leader with over two decades of experience building and scaling businesses across financial services, technology, and industry. His career spans enterprise sales, product, partnerships, and general management, and he pairs the analytical rigour of a strategist with the instincts of an operator, having led businesses through new-market entry, enterprise expansion, and product-led growth.",https://www.linkedin.com/in/varun-khullar-3b3415/,https://event-engine-prod-media.s3.ap-south-1.amazonaws.com/uploads/4fde2c33-e0e3-4393-9f4f-d0ecea9a51ad-mr.-varun-khullar-website-photo.png,Agentic Collections: Can AI-Powered Agents Recover Debt Without Repeating the Industry's Past Mistakes?,A0833,https://www.globalfintechfest.com/speakers,2026-08-12T13:58:49Z,active,2026,varun khullar,6a7c768616afc6a8747c9c31
Mr. Varun Malhotra,Partner,Quona Capital,India,"Varun Malhotra, Partner at Quona Capital, has over 15 years of venture investing experience across technology, financial services and impact. Varun co-heads Quona’s investments across India and SE Asia. Quona is the leading global fintech VC with ~$ 1bn in AUM and 75+ investments across LatAm, India & SE Asia, MENA & sub-Saharan Africa. Varun has led Quona's investments in Shivalik SFB, Arya.ag, Upswing & Turno. Varun is a Kauffman Fellow and is a Forbes 30 under 30 honouree for Venture Capital in Asia.",,https://event-engine-prod-media.s3.ap-south-1.amazonaws.com/uploads/7d85c878-9d61-4b58-9fe5-477b952501f6-mr.-varun-malhotra-website-photo.png,"Fintech IPOs, M&A and the Next Wave of Exits",A1044,https://www.globalfintechfest.com/speakers,2026-08-12T13:58:49Z,active,2026,varun malhotra,6a7c768616afc6a8747c9c32
Mr. Vasanth Jeyapaul,Chief Executive Officer,CAMSPay,India,$78,https://www.linkedin.com/in/vasanth-jeyapaul/,https://event-engine-prod-media.s3.ap-south-1.amazonaws.com/uploads/78209466-903e-486e-a174-9ddaa3a2e214-mr.-vasanth-jeyapaul-website-photo.png,"Intelligent Payments Operations: AI, Automation and the Future of Payment Reliability",A0760,https://www.globalfintechfest.com/speakers,2026-08-12T13:58:49Z,active,2026,vasanth jeyapaul,6a7c768616afc6a8747c9c33
Mr. Vasanth Kamath,Founder & CEO,smallcase,India,"Vasanth Kamath is the CEO of smallcase (leading model portfolios platform) & a Trustee Director at Zerodha Fund House (fastest growing passive asset manager). In the last 10 years, the company has grown into a leading provider of investment & technology solutions to capital market players. Across their offerings, smallcase has helped over 10 million investors build better long-term portfolios across stocks, ETFs, mutual funds and global equities",,https://event-engine-prod-media.s3.ap-south-1.amazonaws.com/uploads/a6da1b03-d25e-407a-8a94-e03223bd0b0e-mr.-vasanth-kamath-website-photo.png,"Reimagining Asset Management: Redefining Distribution, Advisory, and Trust through AI in a Hybrid World",A0784,https://www.globalfintechfest.com/speakers,2026-08-12T13:58:49Z,active,2026,vasanth kamath,6a7c768616afc6a8747c9c34
Mr. Vibhav Hathi,Co-founder & CBO,"OneCard, and Chairman, FCC",India,"Vibhav holds 20+ years of experience across product management, digital banking, and credit card portfolio management. He was the key force behind the launch of FASTag. Prior to OneCard, he founded ‘Open Canvas’—a mobile-based transaction platform—to drive interoperable digital payments in key ""offline"" payment scenarios like mass transit (metros, buses), parking, fuel, etc. He holds a BE in Chemical Engineering from The Maharaja Sayajirao University of Baroda and an MBA from IIM Calcutta.",https://www.linkedin.com/in/vibhav-hathi-9893141/,https://event-engine-prod-media.s3.ap-south-1.amazonaws.com/uploads/17bfd2e1-a042-401b-b67d-2ef7d3b910d3-vibhav-hathi-website-photo.png,Beyond Scale: What Should India's Fintech Ecosystem Focus on Next,A1157,https://www.globalfintechfest.com/speakers,2026-08-12T13:58:49Z,active,2026,vibhav hathi,6a7c768616afc6a8747c9c35
Mr. Vibhor Mundhada,Chief Executive Officer,NEOPAY,United Arab Emirates,$89,https://www.linkedin.com/company/neopayme/,https://event-engine-prod-media.s3.ap-south-1.amazonaws.com/uploads/afabfa66-b7d1-43e0-ac54-e1e6d60cb67e-mr.-vibhor-mundhada-website-photo.png,What Should Drive Payments Without Borders – Geopolitics or Technical Friction,A1214,https://www.globalfintechfest.com/speakers,2026-08-12T13:58:49Z,active,2026,vibhor mundhada,6a7c768616afc6a8747c9c36
Mr. Vignesh Kumaran Subramaniam,Head of Product,KFintech,India,"Vignesh Kumaran, Head of Products and Product Strategy at KFin Technologies, is a seasoned wealth management professional with 12+ years of experience. He has driven product innovation across the domestic wealth industry, with prior roles at ICICI Prudential and Kotak MF. An MBA graduate, Vignesh combines academic grounding with hands-on expertise in digital product development, making him a strong voice in wealth management and fintech.",https://www.linkedin.com/in/vignesh-kumaran-subramaniam-33113318/,https://event-engine-prod-media.s3.ap-south-1.amazonaws.com/uploads/38b7deaf-25f5-4b05-9f5d-b92b75f8c0ac-mr.-vignesh-kumaran-subramaniam-website-photo.png,Fine-Tuning vs RAG vs Foundation Models: Choosing the Right Model Strategy for Building AI for FInance,A0902,https://www.globalfintechfest.com/speakers,2026-08-12T13:58:49Z,active,2026,vignesh kumaran subramaniam,6a7c768616afc6a8747c9c37
Mr. Vijay Chandok,Managing Director & CEO,NSDL,,$47,,https://event-engine-prod-media.s3.ap-south-1.amazonaws.com/uploads/73e1746a-65cd-4cff-b4ac-f061c3e7f5eb-mr.-vijay-chandok-website-photo.png,Depositories as Digital public infrastructure- The next phase of Market Infrastructure,A0978,https://www.globalfintechfest.com/speakers,2026-08-12T13:58:49Z,active,2026,vijay chandok,6a7c768616afc6a8747c9c38
Mr. Vijay Krishnamurthy,Managing Director & CEO,India International Exchange (India INX),India,"Vijay Krishnamurthy, Managing Director & CEO of India International Exchange (India INX), is widely regarded as a leading innovator in India’s fixed-income and cross-border market ecosystem. His product vision, regulatory depth, and market-building leadership are steering India INX toward becoming a globally competitive exchange within GIFT City IFSC.",,https://event-engine-prod-media.s3.ap-south-1.amazonaws.com/uploads/c36fca1d-2de7-43b5-ace5-958eb531b7e0-mr.-vijay-krishnamurthy-website-photo.png,"The Future of Money, Markets and Machines: Quantum's Role in Financial Innovation",A1083,https://www.globalfintechfest.com/speakers,2026-08-12T13:58:49Z,active,2026,vijay krishnamurthy,6a7c768616afc6a8747c9c39
Mr. Vijay Rajagopal,Vice President - Growth,Nugget by Zomato,India,$75,https://www.linkedin.com/in/vijayrajagopal/,https://event-engine-prod-media.s3.ap-south-1.amazonaws.com/uploads/6791ac43-83ae-455a-9d19-c72bd4cbc5a2-mr.-vijay-rajagopal-website-photo.png,Credit for Gig Workers: Designing Consumer Loan Products for Irregular Income Profiles,A0839,https://www.globalfintechfest.com/speakers,2026-08-12T13:58:49Z,active,2026,vijay rajagopal,6a7c768616afc6a8747c9c3a
Mr. Vijay Ramakrishnaiyer Mani,Partner,Deloitte Touche Tohmatsu India LLP,India,"Vijay leads Banking & Capital Markets for Deloitte India. He has over 3 decades of financial services consulting experience spanning strategy, business planning, organisational transformation, technology and M&A in India, as well as in Canada, the UK and South East Asia. Vijay’s core area of speciality is complex transformation in the payments domain, particularly technology-led transformation programs sharply focused on business outcomes. Vijay has an MBA (PGPX) from the Indian Institute of Management, Ahmedabad, a CFA charter from the Chartered Financial Analyst (CFA) Institute (USA), and a Bachelor of Commerce from the University of Mumbai.",,https://event-engine-prod-media.s3.ap-south-1.amazonaws.com/uploads/d0175e93-aa26-485a-80d4-daf97f27194e-mr.-vijay-ramakrishnaiyer-mani-website-photo.png,The Future of Cross-Border Treasury: Powering the Next Generation of Global Payments,A0744,https://www.globalfintechfest.com/speakers,2026-08-12T13:58:49Z,active,2026,vijay ramakrishnaiyer mani,6a7c768616afc6a8747c9c3b
Mr. Vikas Panwar,Country Business Manager - India,GLEIF (GLobal Legal Entity Identifier Foundation),India,"Vikas Panwar is associated with the Global Legal Entity Identifier Foundation (GLEIF) as the Country Manager – India. He serves as the authorised representative for the GLEIF India Office and plays a key role in engaging with regulators, policymakers, financial institutions, and key stakeholders to drive awareness, adoption, and broader usage of the Legal Entity Identifier (LEI) in India.",http://www.linkedin.com/in/vikas-panwar-86027432,https://event-engine-prod-media.s3.ap-south-1.amazonaws.com/uploads/69c4528f-a8ce-466f-acd4-01fbadfcd1cb-mr.-vikas-panwar-website-photo.png,Verifiable Organizational Identity: Enabling Trusted Digital Ecosystems and Cross-Border Interoperability,A0634,https://www.globalfintechfest.com/speakers,2026-08-12T13:58:49Z,active,2026,vikas panwar,6a7c768616afc6a8747c9c3c
Mr. Vikash Jalan,Chief Operation Officer,Paytm,India,"Mr. Vikash Jalan is the Chief Operating Officer at Paytm and Chief Executive Officer of Nearbuy. Since joining Paytm in 2019, he has led several of the company’s largest consumer businesses, including UPI, Recharges & Bill Payments, Travel, Transit, and Gift Vouchers, driving innovation and growth at scale. With over 20 years of leadership experience across fintech, consumer internet, digital commerce, and travel, he has built and transformed large-scale businesses serving millions of customers. Prior to his current role, he served as CEO of Paytm Travel, leading its successful turnaround. Earlier, he co-founded RentOnGo and held leadership roles at Flipkart, Goldman Sachs, and Infosys.",,https://event-engine-prod-media.s3.ap-south-1.amazonaws.com/uploads/37f4bf7d-661d-4ba6-bce4-200bdbac8f58-mr.-vikash-jalan-website-photo.png,Programmable Money: When Payments Become Intelligent & Context Aware,A1023,https://www.globalfintechfest.com/speakers,2026-08-12T13:58:49Z,active,2026,vikash jalan,6a7c768616afc6a8747c9c3d
Mr. Vikram Raichura,Founder & MD,Helo.ai by VivaConnect,India,"With over two decades of leadership experience in building and scaling high-growth technology organizations, I have played a pivotal role in shaping organizational strategy, leadership capability, and business transformation at Helo.ai by VivaConnect. Working closely with executive leadership, I have helped create high-performing teams, drive organizational excellence, and enable sustainable growth in the rapidly evolving technology and fintech ecosystem. My experience spans business transformation, leadership development, governance, talent strategy, and organizational effectiveness, with a strong focus on aligning people, culture, and business outcomes. Having worked alongside founders and senior leadership through multiple phases of growth and innovation, I bring a strategic perspective on leadership, execution, and organizational impact. I look forward to recognizing organizations that demonstrate innovation, business excellence, and lasting value for customers, employees, and the industry.",https://www.linkedin.com/in/vikramraichura/,https://event-engine-prod-media.s3.ap-south-1.amazonaws.com/uploads/ceaed87f-af3d-419e-8ea4-68e19bdd6552-vikram-raichura-website-photo.png,Agentic AI and the Future of Financial Services,A0900,https://www.globalfintechfest.com/speakers,2026-08-12T13:58:49Z,active,2026,vikram raichura,6a7c768616afc6a8747c9c3e
Mr. Vikram Sahu,CEO & Country Executive,Bank of America,India,"Vikram Sahu is India CEO, Bank of America N.A and is also the Country Executive of the firm’s India franchise. He is on the bank’s Asia Pacific Executive Committee and is based in Mumbai. Vikram is responsible for leading and driving the strategic direction of the business in India and for strengthening client relationships in the country. Vikram drives and promotes a culture of Responsible Growth and brings to the role exceptional global perspective and three decades of experience, having held roles in London, Mumbai, Hong Kong, Singapore and New York. Prior to this role, Vikram was the head of Global Equity Research based in New York. He holds a bachelor's degree from St. Stephen's College, Delhi, and attained a master's degree in the U.S.",,https://event-engine-prod-media.s3.ap-south-1.amazonaws.com/uploads/08f59915-b095-4262-818f-65bedea41a18-mr.-vikram-sahu-website-photo.png,India's Digital Banking Revolution: Balancing Innovation & Trust,A0698,https://www.globalfintechfest.com/speakers,2026-08-12T13:58:49Z,active,2026,vikram sahu,6a7c768616afc6a8747c9c3f
Mr. Vikram Vaidyanathan,Managing Director,DeltaZen47 Advisors LLP,India,$48,,https://event-engine-prod-media.s3.ap-south-1.amazonaws.com/uploads/f0f9c480-bf83-4af6-a8ed-1168b630daca-mr.-vikram-vaidyanathan-website-photo.png,Where Will the Next $100 Billion in Fintech Capital Go?,A1043,https://www.globalfintechfest.com/speakers,2026-08-12T13:58:49Z,active,2026,vikram vaidyanathan,6a7c768616afc6a8747c9c40
Mr. Vinay Kumar,Founder & CEO,Arya.ai,India,,,https://event-engine-prod-media.s3.ap-south-1.amazonaws.com/uploads/227b8528-3f32-4197-8e04-f81418e29c5e-mr.-vinay-kumar-website-photo.png,AI Guardrails: Building Safe Financial AI Systems,A0904,https://www.globalfintechfest.com/speakers,2026-08-12T13:58:49Z,active,2026,vinay kumar,6a7c768616afc6a8747c9c41
Mr. Vinay Tiwari,CISO,Axis Bank,India,,,https://event-engine-prod-media.s3.ap-south-1.amazonaws.com/uploads/6b384ba4-2a55-4098-a7f5-b31546d85af0-mr.-vinay-tiwari-website-photo.png,Deepfake & Synthetic Identity Fraud: The New Frontier for BFSI,A0922,https://www.globalfintechfest.com/speakers,2026-08-12T13:58:49Z,active,2026,vinay tiwari,6a7c768616afc6a8747c9c42
Mr. Vineet Sethi,Chief Growth and Marketing Officer,PayU Payments,India,"Vineet Sethi is the Chief Growth and Marketing officer at PayU. In his current role, he drives PayU’s strategic growth verticals including Government, SMB, Start-ups, Omnichannel, D2C, and PayU Insights. He also leads critical business functions such as Marketing, Branding, PR, and Partnerships for the company. Vineet brings over two decades of experience in the BFSI space with a successful track record of building and scaling business lines in his earlier stints. He has held leadership roles across business development, sales, product management, marketing, and strategy. Before joining PayU, Vineet was Chief Marketing Officer at Niyo, where he played an instrumental role in building and scaling their flagship offering Niyo Global. He has deep BFSI expertise from his work at Standard Chartered Bank & ICICI Bank, where he led Credit Cards, Personal Loans and Employee banking businesses. Vineet is based in Mumbai.",https://www.linkedin.com/in/vineet-sethi-b24b807/,https://event-engine-prod-media.s3.ap-south-1.amazonaws.com/uploads/acd7c37c-809d-4a82-a484-d4c7bbe2ba17-mr.-vineet-sethi-website-photo.png,,,https://www.globalfintechfest.com/speakers,2026-08-12T13:58:49Z,active,2026,vineet sethi,6a7c768616afc6a8747c9c43
Mr. Vineet Sukumar,"Promotor, Founder & CEO",Vivriti Capital,India,,,https://event-engine-prod-media.s3.ap-south-1.amazonaws.com/uploads/cef16173-ad89-4ea6-ae60-758c9d2a4793-mr.-vineet-sukumar-website-photo.png,"The Lending-Fintech Power Shift: As Lenders Build In-House Digital Lending Stacks, What's Left for Lending-Tech Platforms?",A0772,https://www.globalfintechfest.com/speakers,2026-08-12T13:58:49Z,active,2026,vineet sukumar,6a7c768616afc6a8747c9c44
Mr. Vinit Bajaj,President,Axis Bank,India,,,https://event-engine-prod-media.s3.ap-south-1.amazonaws.com/uploads/62a52248-0b33-470c-a4df-b8d182cbd871-mr.-vinit-bajaj-website-photo.png,"Reimagining Cards & Payments: Driving Growth, Loyalty, and Merchant Acceptance at Scale",A0696,https://www.globalfintechfest.com/speakers,2026-08-12T13:58:49Z,active,2026,vinit bajaj,6a7c768616afc6a8747c9c45
Mr. Vinod Easwaran,Managing Director & CEO,Jio Payments Bank,India,,,https://event-engine-prod-media.s3.ap-south-1.amazonaws.com/uploads/81b951c2-8005-4957-abbc-25bdca8262f5-mr.-vinod-easwaran-website-photo.png,,,https://www.globalfintechfest.com/speakers,2026-08-12T13:58:49Z,active,2026,vinod easwaran,6a7c768616afc6a8747c9c46
Mr. Viram Shah,Founder & CEO,Vested Finance,India,"Viram Shah is the Funder and CEO of Vested Finance, a global investing platform helping Indian investors access international markets. Vested enables cross-border investing across global equities and other international investment products, with a focus on simplifying access, compliance, custody, and investor experience for Indian residents and Global Indians. With $1B+ in assets under administration and $6B+ in trading volume processed, Vested is a leading platform in the global investing space in India. Viram works at the intersection of fintech, capital markets, payments and cross-border regulation. His current focus is on expanding global investing access for Indians through regulated infrastructure across the US, GIFT City, and other international markets. He is also actively involved in building products across global equities, fixed income, private markets, and multi-currency investment solutions.",,https://event-engine-prod-media.s3.ap-south-1.amazonaws.com/uploads/ff13407f-b006-4036-b790-d8aa827e91a6-mr.-viram-shah-website-photo.png,From Access to Outcomes: The Next Chapter of WealthTech,A1131,https://www.globalfintechfest.com/speakers,2026-08-12T13:58:49Z,active,2026,viram shah,6a7c768616afc6a8747c9c47
Mr. Vishal Anand Kanvaty,Chief Technology Officer,National Payments Corporation of India,,"Vishal Anand Kanvaty, CTO, National Payments Corporation of India — architect of UPI's scale journey, 26 years in financial services, now leading AI-driven fraud prevention, and DLT innovation at NPCI.",https://www.linkedin.com/in/vishal-anand-kanvaty-1416326,https://event-engine-prod-media.s3.ap-south-1.amazonaws.com/uploads/f60489c5-24e3-49f1-9166-9296e2be9525-mr.-vishal-anand-kanvaty-website-photo.png,The Future of Market Infrastructure in the Age of Tokenisation of Securities,A1033,https://www.globalfintechfest.com/speakers,2026-08-12T13:58:49Z,active,2026,vishal anand kanvaty,6a7c768616afc6a8747c9c48
Mr. Vishal Goenka,Co-Founder,IndiaBonds,India,$8b,,https://event-engine-prod-media.s3.ap-south-1.amazonaws.com/uploads/7475c468-73a8-4ce3-ab53-c7cafbe88749-mr.-vishal-goenka-website-photo.png,,,https://www.globalfintechfest.com/speakers,2026-08-12T13:58:49Z,active,2026,vishal goenka,6a7c768616afc6a8747c9c49
Mr. Vishwas Patel,Joint Managing Director,"Infibeam Avenues & Chairman, PCI",India,"Mr. Vishwas Patel is the Joint Managing Director at Infibeam Avenues Limited (""""IAL"""" or """"Company""""), and Founder & CEO of the Company's Payments business. Mr. Vishwas Patel is the founder of the payment gateway brand, CCAvenue, founded in the year 2001. CCAvenue is among the top 3 online payment gateway platforms in India and also ranks number 2 in the UAE among non-bank private digital payment companies.",https://in.linkedin.com/in/vishwaspatel,https://event-engine-prod-media.s3.ap-south-1.amazonaws.com/uploads/37e0ca9f-fc59-4bb4-b9aa-4a8e3e16d07b-vishwas-patel-website-photo.png,,,https://www.globalfintechfest.com/speakers,2026-08-12T13:58:49Z,active,2026,vishwas patel,6a7c768616afc6a8747c9c4a
Mr. Vivek Agarwal,Cofounder & CTO,Square Yards,India,"Vivek Agarwal is the Co-founder and Chief Technology Officer (CTO) at Square Yards. Square Yards is India's largest Integrated real estate platform, with category leadership in housing transactions, mortgage, home interiors & property management. Vivek has 20+ years of rich experience in leading complex global strategic initiatives with some of world's largest companies like Intel, Nokia and Accenture. Vivek is MBA from IIM Mumbai and BTech from JC Bose University of Science & Technology",,https://event-engine-prod-media.s3.ap-south-1.amazonaws.com/uploads/167896e6-dade-42fc-bfd7-17ffe0448d34-mr.-vivek-agarwal-website-photo.png,From Collateral to Intelligence: The Future of Credit in a Digital Economy,A1127,https://www.globalfintechfest.com/speakers,2026-08-12T13:58:49Z,active,2026,vivek agarwal,6a7c768616afc6a8747c9c4b
Mr. Vivek Gupta,Co-founder & Director,ROINET Solution,India,"Vivek Gupta is a dynamic business leader with more than 2 decades of experience in FinTech Ops, Customer Lifecycle Management, and Process Automation. He has been at the forefront of leveraging AI, analytics, and emerging tech to reimagine customer experience and drive operational efficiency. He has hands on AI-driven fraud detection models, automated credit risk monitoring, chatbot-enabled customer support, bringing tech and ops together to deliver faster, smarter, and more secure solutions.",https://www.linkedin.com/in/vivek-gupta-3b5963b/,https://event-engine-prod-media.s3.ap-south-1.amazonaws.com/uploads/d250041f-7e40-4df5-9195-62922d0ae90f-mr.-vivek-gupta-website-photo.png,,,https://www.globalfintechfest.com/speakers,2026-08-12T13:58:49Z,active,2026,vivek gupta,6a7c768616afc6a8747c9c4c
Mr. Yannick Schneider,Head of Regulatory Solutions,Bundesanzeiger Verlag GmbH,Germany,"Yannick Schneider has been working as Head of Regulatory Solutions since 2018. His focus is on advising internationally active financial institutions and corporations. In his role, he develops measures to implement regulatory requirements relating to the Legal Entity Identifier (LEI) and identifies ways to optimize processes and reduce costs. Prior to joining Bundesanzeiger Verlag GmbH, the graduate in social and political sciences worked in Business Development at an internationally active IT consulting firm. There, Mr. Schneider acquired and managed strategic IT and innovation projects for well-known companies across industries.",https://www.linkedin.com/in/yannick-schneider-828781137/,https://event-engine-prod-media.s3.ap-south-1.amazonaws.com/uploads/1a8d9876-0051-4d71-9f8e-a94ef57c0876-mr.-yannick-schneider-website-photo.png,Verifiable Organizational Identity: Enabling Trusted Digital Ecosystems and Cross-Border Interoperability,A0634,https://www.globalfintechfest.com/speakers,2026-08-12T13:58:49Z,active,2026,yannick schneider,6a7c768616afc6a8747c9c4d
Mr. Yash Desai,Co-founder,ZET,India,"Yash Desai is the Co-founder of ZET, where he drives growth, partnerships, and marketing to power the company’s distribution engine across Bharat. With over 11 years of business leadership experience, he blends strategic vision with executional rigour to bridge India’s credit gap and unlock financial mobility through better credit scores. Previously, Yash served as business head at Dineout, where he played a pivotal role in scaling the platform into a category leader in India’s dining space. He led strategy, sales, and regional operations across Mumbai, Goa, and Ahmedabad, delivering scale through marquee initiatives like the Great Indian Restaurant Festival. Passionate about consumer engagement and financial empowerment, he continues to build innovative pathways that drive growth and impact at scale.",https://www.linkedin.com/in/yash-desai-20a3b5b1/,https://event-engine-prod-media.s3.ap-south-1.amazonaws.com/uploads/45121d62-5908-4f23-8ca9-650831e72ef6-mr.-yash-desai-website-photo.png,From Payments to Possibilities: Bridging the Gaps in Digital Commerce & Financial Access,A1105,https://www.globalfintechfest.com/speakers,2026-08-12T13:58:49Z,active,2026,yash desai,6a7c768616afc6a8747c9c4e
Mr. Yogi Rajkumar Sadana,Founder & Chief Executive Officer,Zype,India,"Yogi Sadana is the Founder and CEO of Zype, a fully digital consumer lending company built to serve India's emerging middle class. With over 20 years in financial services, Yogi founded Zype with a clear conviction: that a young, salaried borrower in a Tier 2 or Tier 3 city deserves the same speed, simplicity, and fairness in credit as anyone else. Zype is a disciplined and responsible digital lender with 100% automated underwriting, no paperwork, and money in the customer's account within 10 minutes while ensuring full regulatory compliance. The company achieved profitability within two years of launch. Yogi is a Chartered Accountant (India) and CPA (USA), a member of FACE, and an active voice on responsible lending, financial inclusion, and the future of sustainable digital credit in India.",,https://event-engine-prod-media.s3.ap-south-1.amazonaws.com/uploads/b9ff17bb-9294-4701-b384-6773d112d9b8-mr.-yogi-rajkumar-sadana-website-photo.png,Building India's Next-Generation Credit Infrastructure,A1080,https://www.globalfintechfest.com/speakers,2026-08-12T13:58:49Z,active,2026,yogi rajkumar sadana,6a7c768616afc6a8747c9c4f
Mr. Yuvraj Singh Shekhawat,"CBO, Merchant Business",PhonePe,India,"Yuvraj leads the Offline Organised Business vertical at PhonePe. He along with his team was instrumental in the establishment of the the offline retail business vertical from scratch at PhonePe. Yuvraj has effectively transformed the payments experience for the category across diverse segments like F&B, grocery, fuel, dairy, healthcare, transit, lifestyle and consumer electronics amongst others. Prior to PhonePe, Yuvraj was working with Flipkart as an Associate Director leading Key Account Management for the Mens clothing super category. In his career spanning over a decade, he has worked with leading corporations including Colgate Palmolive, Wipro and Asian Paints building expertise in the sphere of key account management, sales, rural and urban distribution networks along with strategies for business and market growth as well as expansion. Yuvraj holds an MBA degree in marketing and finance from MDI, Gurgaon.",,https://event-engine-prod-media.s3.ap-south-1.amazonaws.com/uploads/58cb1557-1cc4-45c9-b9aa-3e932c0e0446-mr.-yuvraj-singh-shekhawat-website-photo.png,India's Next-Gen Merchant Stack: Tokenisation Tap-to-Pay and Contextual Credit at the Point of Sale,A0455,https://www.globalfintechfest.com/speakers,2026-08-12T13:58:49Z,active,2026,yuvraj singh shekhawat,6a7c768616afc6a8747c9c50
Mrs. Disha Dubey,Senior AI Engineer,NVIDIA,United States of America,"Disha Dubey is a Senior AI Engineer at NVIDIA, where she helps enterprises build production machine learning systems that drive real business decisions. With leadership roles at U.S. Bank, DataRobot, and Kumo, she brings deep expertise in designing scalable AI/ML solutions from prototype to production. At NVIDIA and Kumo, Disha worked closely with customers to build and deploy graph transformers at scale - experience she now brings to the forefront of financial AI. Her work sits at the intersection of graph AI, real-time fraud detection, and intelligent financial networks, translating cutting-edge research into systems that deliver measurable business impact across product, engineering, and risk teams.",,https://event-engine-prod-media.s3.ap-south-1.amazonaws.com/uploads/bb123111-f86e-42bf-ad32-15aba0eb5298-mrs.-disha-dubey-website-photo.png,Graph AI for Real-Time Fraud Detection: Building Intelligent Financial Networks,A1142,https://www.globalfintechfest.com/speakers,2026-08-12T13:58:49Z,active,2026,disha dubey,6a7c768616afc6a8747c9c51
Mrs. Praveena Rai,MD & CEO,MCX,,"Ms. Praveena Rai is the Managing Director & CEO of Multi Commodity Exchange of India Ltd. (MCX), India’s largest commodity derivatives Exchange. Her illustrious career spans over 30 years in financial services. Prior to joining MCX, she was the Chief Operating Officer with National Payments Corporation of India (NPCI), wherein she has successfully executed the growth strategy for digital payments. She has also held leadership positions in Citi Group, HSBC and Kotak Mahindra Bank and believes that technology is a key engine driving transformative change, critical in accelerating the transition to a digital services led economy. She is an engineer and a management postgraduate from College of Engineering, Guindy and Indian Institute of Management, Ahmedabad. She has been awarded by Forbes in the Self-Made Women List 2024.",,https://event-engine-prod-media.s3.ap-south-1.amazonaws.com/uploads/f29fa84c-34b1-40c2-96f3-fd6a85923a98-mrs.-praveena-rai-website-photo.png,"Future-Ready Exchanges: Scaling for Speed, Resilience, and Global Integration",A0776,https://www.globalfintechfest.com/speakers,2026-08-12T13:58:49Z,active,2026,praveena rai,6a7c768616afc6a8747c9c52
Mrs. Priti Gupta,Founder,Lxme Money Pvt Ltd,,"Priti Rathi Gupta, Founder of LXME, and Co-Promoter Anand Rathi Group has led and inspired over a million women towards building their financial acumen and financialization of their savings. with over 27 years of experience in the financial services industry, Priti has played a key role in building the Anand Rathi Group into one of India’s largest and most trusted financial services conglomerates, managing $10 billion in AUM. Her expertise spans capital markets, commodities, and currency sectors. She has held leadership roles in YPO as Chapter chair and Learning officer. An alumnus of Harvard Business School, She is also actively involved in Mumbai’s start-up ecosystem.",https://www.linkedin.com/in/pritirathigupta,https://event-engine-prod-media.s3.ap-south-1.amazonaws.com/uploads/51ab672c-5012-4282-a4ff-b3cd7381c148-mrs.-priti-gupta-website-photo.png,,,https://www.globalfintechfest.com/speakers,2026-08-12T13:58:49Z,active,2026,priti gupta,6a7c768616afc6a8747c9c53
Mrs. Rasika Prashant,Chief Executive Officer,"NSRCEL, IIMB",India,"Rasika Prashant is the Chief Executive Officer of NSRCEL, the startup incubator of the Indian Institute of Management Bangalore (IIMB). An accomplished entrepreneur and business leader, she previously co-founded Soulfull and served as its Chief Marketing Officer, playing a pivotal role in building it into one of India's leading millet-based food brands before its acquisition by Tata Consumer Products. With deep expertise in entrepreneurship, brand building, innovation, and business scaling, Rasika now leads NSRCEL's mission of empowering founders through world-class incubation, mentorship, strategic partnerships, and access to capital and markets. She is widely recognized for her founder-first approach and her commitment to strengthening India's innovation and startup ecosystem.",,https://event-engine-prod-media.s3.ap-south-1.amazonaws.com/uploads/a3d54a1b-de3c-4ec2-92bc-f1b9587f3bdc-mrs.-rasika-prashant-website-photo.png,,,https://www.globalfintechfest.com/speakers,2026-08-12T13:58:49Z,active,2026,rasika prashant,6a7c768616afc6a8747c9c54
Ms. Adelia Castelino,Co-Founder and Managing Director,In-Solutions Global,India,$4b,,https://event-engine-prod-media.s3.ap-south-1.amazonaws.com/uploads/4ae15495-ab47-4804-8da2-fbb7358b2652-ms.-adelia-castelino-website-photo.png,The Quantum Shift: Redefining the Future of Money Movement and Financial Innovation,A0457,https://www.globalfintechfest.com/speakers,2026-08-12T13:58:49Z,active,2026,adelia castelino,6a7c768616afc6a8747c9c55
Ms. Aditi Mittal,"Director, A.K. Capital, and Co-founder",IndiaBonds,India,"Aditi Mittal is a leading voice in India's fixed income and debt capital markets ecosystem. As Director of A.K. Group and Co-Founder of IndiaBonds, she has spent over two decades working across investment banking, debt markets, wealth solutions and fintech innovation. She has played a significant role in expanding access to bond investing, helping bridge the gap between institutional and retail participation in fixed income markets. Aditi currently serves as Chairperson of the Online Bond Platform Providers Association of India (OBPPAI) and National Co-Chairperson of ASSOCHAM's Corporate Bond Committee, contributing actively to industry development and policy dialogue.",,https://event-engine-prod-media.s3.ap-south-1.amazonaws.com/uploads/c159fb90-8097-4820-9cb7-293e57d4dc79-ms.-aditi-mittal-website-photo.png,Retailisation of Bond Markets,A0980,https://www.globalfintechfest.com/speakers,2026-08-12T13:58:49Z,active,2026,aditi mittal,6a7c768616afc6a8747c9c56
Ms. Anna Sheard,Creative Director,Interledger Foundation,United Kingdom,$59,https://www.linkedin.com/in/anna-sheard-850724141/,https://event-engine-prod-media.s3.ap-south-1.amazonaws.com/uploads/15b94c2c-39d9-4e98-b9d2-b752ec4fc25d-ms.-anna-sheard-website-photo.png,Trust by Design: Building Safe AI for Payments,A0485,https://www.globalfintechfest.com/speakers,2026-08-12T13:58:49Z,active,2026,anna sheard,6a7c768616afc6a8747c9c57
Ms. Anoushka Dua,"Head – Asia South and JANA Payments, Citi",Citibank,Singapore,$69,https://www.linkedin.com/in/anoushka-dua-451278152?utm_source=share&utm_campaign=share_via&utm_content=profile&utm_medium=ios_app,https://event-engine-prod-media.s3.ap-south-1.amazonaws.com/uploads/d71a76c7-5d28-490c-bf6d-3c30c270ac9a-mrs.-anoushka-dua-website-photo.png,"Beyond Automation: RPA, AI & Cultural Readiness for Operational Excellence in Retail Banking",A0467,https://www.globalfintechfest.com/speakers,2026-08-12T13:58:49Z,active,2026,anoushka dua,6a7c768616afc6a8747c9c58
Ms. Arundhati Bhattacharya,"President & CEO, Salesforce South Asia",Salesforce.com India,India,$3b,,https://event-engine-prod-media.s3.ap-south-1.amazonaws.com/uploads/e4e50514-5976-4701-b639-b32136c692cd-mrs.-arundhati-bhattacharya-website-photo.png,From Breaking the Glass Ceiling to Shaping the Next Decade,A0555,https://www.globalfintechfest.com/speakers,2026-08-12T13:58:49Z,active,2026,arundhati bhattacharya,6a7c768616afc6a8747c9c59
Ms. Bhranti Shah,Chief Insurance Officer,Mitigata,India,$62,https://www.linkedin.com/in/bhranti-shah-64210114/,https://event-engine-prod-media.s3.ap-south-1.amazonaws.com/uploads/e747a0f3-30c2-4801-8f00-a0a39efe3a14-mrs.-bhranti-shah-website-photo.png,,,https://www.globalfintechfest.com/speakers,2026-08-12T13:58:49Z,active,2026,bhranti shah,6a7c768616afc6a8747c9c5a
Ms. Caroline Abel,Governor,Central Bank of Seychelles,Seychelles,$31,,https://event-engine-prod-media.s3.ap-south-1.amazonaws.com/uploads/cf5693b5-e795-49e1-b471-200ef6ffe15e-ms.-caroline-abel-website-photo.png,Building Trust in Cross-Border Payments,A0680,https://www.globalfintechfest.com/speakers,2026-08-12T13:58:49Z,active,2026,caroline abel,6a7c768616afc6a8747c9c5b
Ms. Christine Tan,Head of Asia Pacific- Financial Institutions Group (FIG) Sales,J.P. Morgan,Singapore,"Christine Tan (Jang) is Managing Director and Head of Asia Pacific – Financial Institutions Group for J.P. Morgan Payments, based in Singapore. In this role, she will assume leadership responsibility for banks, broker-dealers and non-bank financial institutions portfolios across the region, providing strategic advice and capturing opportunities to grow our business with both existing and new clients. Prior to this position, Christine was Head of Treasury Services, ASEAN for responsible for embedding the end-to-end TS model in every market across Indonesia, Malaysia, Pakistan, Philippines, Singapore, Thailand and Vietnam, ensuring resiliency and robustness in product offering, service model and control environment. She was also the Head of multinational corporates (MNCs) for Asia Pacific for five years and has a wealth of MNC experience in the region across multiple key markets.",https://www.linkedin.com/in/christine-jang-tan-0300984/,https://event-engine-prod-media.s3.ap-south-1.amazonaws.com/uploads/a5ee1994-f9c9-44c8-821d-13fe44cfa309-christine-tan-website-photo.png,,,https://www.globalfintechfest.com/speakers,2026-08-12T13:58:49Z,active,2026,christine tan,6a7c768616afc6a8747c9c5c
Ms. Dee Low,Chief Commercial & Partnerships Officer,Nexus Global Payments,Singapore,"Dee is a seasoned financial services executive with over two decades of experience spanning transactional banking, risk & governance and strategic partnerships. Prior to joining Nexus Global Payments, she was leading Transactional FX for the Asian region at a major global bank, navigating complex markets and driving growth in competitive environments.",,https://event-engine-prod-media.s3.ap-south-1.amazonaws.com/uploads/a39b4f86-1df3-4156-93b2-1049c4c8f3d4-ms.-dee-low-website-photo.png,Building Trust in Cross-Border Payments,A0680,https://www.globalfintechfest.com/speakers,2026-08-12T13:58:49Z,active,2026,dee low,6a7c768616afc6a8747c9c5d
Ms. Dimple Chitnis,"National Head, Product",Yes Bank,India,,,https://event-engine-prod-media.s3.ap-south-1.amazonaws.com/uploads/22179631-739d-4eaf-a31f-0ac8d7e46b66-ms.-dimple-chitnis-website-photo.png,,,https://www.globalfintechfest.com/speakers,2026-08-12T13:58:49Z,active,2026,dimple chitnis,6a7c768616afc6a8747c9c5e
Ms. Ekaterine Galdava,Deputy Governor,National Bank of Georgia,Georgia,$33,,https://event-engine-prod-media.s3.ap-south-1.amazonaws.com/uploads/59df3e48-7d4f-41e3-a9f6-5314f7903bbb-ms.-ekaterine-galdava-website-photo.png,Building Trust in Cross-Border Payments,A0680,https://www.globalfintechfest.com/speakers,2026-08-12T13:58:49Z,active,2026,ekaterine galdava,6a7c768616afc6a8747c9c5f
Ms. Frances Choo,Group Head - Products & Partnerships,NTT DATA Payment Services,Malaysia,"Frances Choo is the Group Head of Products & Partnerships at NTT DATA Payment Services, where she leads the Group's product strategy, innovation and partner ecosystem across the region. She is responsible for driving the growth of the company's payment solutions while delivering greater value to merchants, partners and customers. With over 20 years of experience spanning legal practice and retail banking, Frances brings extensive expertise in product management, business development, portfolio management and digital transformation. Prior to this, she served as Senior Vice President, Retail Banking at AmBank, where she led initiatives in SME and secured lending, digital banking, innovation, alternative channels, and Basel and MFRS 9 implementation. Frances holds a Bachelor of Laws (LLB Hons) from the University of Wales, Cardiff, and an MBA in Finance from the University of Leicester, UK.",,https://event-engine-prod-media.s3.ap-south-1.amazonaws.com/uploads/b9d147c7-5ef1-4602-8dc2-6b5ba2bd6a07-ms.-frances-choo-website-photo.png,Bridging Gaps in Global E-Commerce with New-age Solutions to support small businesses,A0920,https://www.globalfintechfest.com/speakers,2026-08-12T13:58:49Z,active,2026,frances choo,6a7c768616afc6a8747c9c60
Ms. Irene Venter,Deputy Director National Payment System,Bank of Namibia,Namibia,$37,,https://event-engine-prod-media.s3.ap-south-1.amazonaws.com/uploads/e4e5a77a-78a5-4be1-9790-56bc57e455aa-ms.-irene-venter-website-photo.png,Balancing Regulation and Innovation in Disruptive Tech,A0688,https://www.globalfintechfest.com/speakers,2026-08-12T13:58:49Z,active,2026,irene venter,6a7c768616afc6a8747c9c61
Ms. Ishita Maheshwari,Vice President - Investments,ONDC,India,$72,,https://event-engine-prod-media.s3.ap-south-1.amazonaws.com/uploads/cd932c08-7ab7-4aaa-aa14-0171325ed068-ms.-ishita-maheshwari-website-photo.png,Building Bharat's Investments Infrastructure: FY26 and Beyond,A1082,https://www.globalfintechfest.com/speakers,2026-08-12T13:58:49Z,active,2026,ishita maheshwari,6a7c768616afc6a8747c9c62
Ms. Jo Yeo,Head of the Payments Development and Data Connectivity Office at the FinTech & Innovation Group (FTIG),Monetary Authority of Singapore (MAS),Singapore,"Jo is Division Head of the Payments Development and Data Connectivity Office at the FinTech & Innovation Group (FTIG), Monetary Authority of Singapore (MAS). She oversees the development of Singapore’s payments ecosystem and cross-border data connectivity. Jo has led key initiatives such as Direct FAST, PayNow cross-border linkages with Thailand, India and Malaysia, Project Nexus, SGQR, the Payments Council, and the cessation of cheques in Singapore. Previously, she was project director for the Payment Services Act. Before joining FTIG, Jo was Assistant General Counsel at MAS, advising on financial regulations and trade agreements. She began her legal career at Allen & Gledhill and Amica Law. Jo holds an LLB (Hons) from the National University of Singapore and an LLM from University College London and is a non-practising solicitor of England and Wales.",,https://event-engine-prod-media.s3.ap-south-1.amazonaws.com/uploads/be71b941-4503-4cad-a97b-8827b9a13d0e-ms.-jo-yeoh-website-photo.png,The New Money Stack: Rewiring Payments with Tokens and Real-Time Rails,A0686,https://www.globalfintechfest.com/speakers,2026-08-12T13:58:49Z,active,2026,jo yeo,6a7c768616afc6a8747c9c63
Ms. Kalpana Ajayan,Regional Head - South Asia,Women's World Banking,India,$70,,https://event-engine-prod-media.s3.ap-south-1.amazonaws.com/uploads/19c79d5f-0d80-4c93-92cb-14b777fe6130-ms.-kalpana-ajayan-website-photo.png,From Access to Impact: Rethinking Financial Inclusion at Scale,A0803,https://www.globalfintechfest.com/speakers,2026-08-12T13:58:49Z,active,2026,kalpana ajayan,6a7c768616afc6a8747c9c64
Ms. Karina Ley Chinguel Degregori,Partner,Vodanovic,Peru,"Karina is a Partner at Vodanovic, a leading boutique law firm in Peru specializing in banking, financial regulation, FinTech and payments. She has over 17 years of public- and private-sector experience and advises leading financial institutions and global FinTech companies on digital financial services and regulatory strategy. She holds an LL.M. in Banking and Finance Law from Queen Mary University of London, graduating with Distinction, and a law degree from the Pontifical Catholic University of Peru (PUCP), graduating with Highest Honors. She was also a scholarship recipient at Peru’s Securities Market Superintendency and completed ESAN University’s Corporate Finance and Capital Markets Program. Karina is recognized as a thought leader in financial regulation, capital markets and digital finance. She works closely with financial regulators on modernization initiatives and reforms supporting the sector’s digital transformation. She is also a lecturer at PUCP and Thomson Reuters.",,https://event-engine-prod-media.s3.ap-south-1.amazonaws.com/uploads/497c3ee6-77b0-40c1-8692-e100ac04b3fa-ms.-karina-ley-chinguel-degregori-website-photo.png,Cyber Resilience in an Always-On Financial System,A0985,https://www.globalfintechfest.com/speakers,2026-08-12T13:58:49Z,active,2026,karina ley chinguel degregori,6a7c768616afc6a8747c9c65
Ms. Lalitha Nataraj,Managing Director & CEO,NPCI BHIM Services LTD,India,"Ms. Lalitha Nataraj is the Managing Director and Chief Executive Officer of NPCI BHIM Services Limited.She oversees the strategic and operational direction of NBSL, focusing on strengthening UPI-based payment solutions for recurring transactions And, ensures alignment with NPCI’s broader goals of fostering a secure and accessible digital payments ecosystem. Lalitha is interested in how emerging technologies can enhance financial services.She also mentors young professionals and supports fintech innovation efforts.",http://linkedin.com/in/lalitha-nataraj-546b99a,https://event-engine-prod-media.s3.ap-south-1.amazonaws.com/uploads/6d559344-98a6-4d95-a3cb-af484168a5e4-mr.-lalitha-nataraj-website-photo.png,,,https://www.globalfintechfest.com/speakers,2026-08-12T13:58:49Z,active,2026,lalitha nataraj,6a7c768616afc6a8747c9c66
Ms. Latika S Kundu,Managing Director & CEO,Metropolitan Stock Exchange of India Ltd.,India,$93,https://www.linkedin.com/in/latika-s-kundu/,https://event-engine-prod-media.s3.ap-south-1.amazonaws.com/uploads/013d1d49-b1d3-42a6-9a84-334e3e643d0e-mrs.-latika-s-kundu-website-photo.png,"Future-Ready Exchanges: Scaling for Speed, Resilience, and Global Integration",A0776,https://www.globalfintechfest.com/speakers,2026-08-12T13:58:49Z,active,2026,latika s kundu,6a7c768616afc6a8747c9c67
Ms. Liberatha Kallat,Chairperson & Managing Director,Dreamfolks Services,India,$8c,https://www.linkedin.com/in/liberatha-kallat-71316524/,https://event-engine-prod-media.s3.ap-south-1.amazonaws.com/uploads/8ccbadf2-011d-46f6-92f7-eddfa4b5b467-ms.-liberatha-kallat-website-photo.png,,,https://www.globalfintechfest.com/speakers,2026-08-12T13:58:49Z,active,2026,liberatha kallat,6a7c768616afc6a8747c9c68
Ms. Lizzie Chapman,Co-founder,Baysys,India,,,https://event-engine-prod-media.s3.ap-south-1.amazonaws.com/uploads/9e102910-1850-4837-b587-c36dc8427a0c-ms.-lizzie-chapman-website-photo.png,Intelligent Credit Management: From Risk Monitoring to Debt Resolution,A0770,https://www.globalfintechfest.com/speakers,2026-08-12T13:58:49Z,active,2026,lizzie chapman,6a7c768616afc6a8747c9c69
Ms. Mridula Iyer,"Asia South Head of Services , Citi",Citibank,Singapore,$99,https://in.linkedin.com/in/ mridula-iyer-961aab163,https://event-engine-prod-media.s3.ap-south-1.amazonaws.com/uploads/7c62b4da-04f8-4a3c-aef1-35272b9a7e94-ms.-mridula-iyer-website-photo.png,,,https://www.globalfintechfest.com/speakers,2026-08-12T13:58:49Z,active,2026,mridula iyer,6a7c768616afc6a8747c9c6a
Ms. Neetu Chitkara,Managing Director Parnter,Boston Consulting Group,,$56,,https://event-engine-prod-media.s3.ap-south-1.amazonaws.com/uploads/22f875ab-90fc-441a-8310-7464628c1b12-ms.-neetu-chitkara-website-photo.png,,,https://www.globalfintechfest.com/speakers,2026-08-12T13:58:49Z,active,2026,neetu chitkara,6a7c768616afc6a8747c9c6b
Ms. Nikita Tambday,"Head of Product, Treasury Services",J.P. Morgan,India,"Nikita Tambday is an Executive Director and Head of Products for Treasury Services in India for J.P. Morgan, based in Mumbai. In this role, Nikita is responsible for delivering market leading solutions to clients by leveraging J.P. Morgan's unique global strengths couples with local capabilities across Payments and Commerce solutions, Digital Channels as well as Liquidity & Account Services. Nikita joined J.P. Morgan in 2018 and brings more than 20 years of experience across the Transaction banking spectrum. Prior to joining J.P. Morgan Nikita was leading the Cash Management Product division of BNP Paribas India and leading the Digital Channels Product team of ICICI Bank prior to that. Throughout her career, Nikita has held various leadership roles in the Product management and Digital Channels domain, demonstrating a strong tack record of product innovation and delivering agile differentiated banking solutions across industry segments.",https://www.linkedin.com/in/nikita-tambday-86a3a011/,https://event-engine-prod-media.s3.ap-south-1.amazonaws.com/uploads/ac2852fd-36f8-4473-9672-bbf35b3e3aac-ms.-nikita-tambday-website-photo.png,The Future of Cross-Border Treasury: Powering the Next Generation of Global Payments,A0744,https://www.globalfintechfest.com/speakers,2026-08-12T13:58:49Z,active,2026,nikita tambday,6a7c768616afc6a8747c9c6c
Ms. Pallavi Shrivastava,Co-founder,Progcap,India,"Pallavi Shrivastava is the Co-Founder of Progcap, an MSME Fintech working to empower the underserved MSMEs in India with financing and digitization solutions. Working at the intersection of software and financial services, Progcap digitizes, automates and eases capital movement across the supply chain to MSMEs that have remained excluded from the formal financial ecosystem. Prior to founding Progcap, she worked with the International Finance Corporation and the World Bank Group. She is a Stanford Executive Program alumna and holds an engineering degree and an MBA from XLRI, Jamshedpur.",https://www.linkedin.com/in/pallavishrivastava/,https://event-engine-prod-media.s3.ap-south-1.amazonaws.com/uploads/66cf445b-4e97-48cb-85bb-e6e3cd9a7dac-ms.-pallavi-shrivastava-website-photo.png,Closing the Last Mile: Extending Supply Chain Finance to Tier 2 and Tier 3 Suppliers,A0826,https://www.globalfintechfest.com/speakers,2026-08-12T13:58:49Z,active,2026,pallavi shrivastava,6a7c768616afc6a8747c9c6d
Ms. Paroma Chatterjee,CEO,Revolut India,India,"Paroma Chatterjee is a seasoned Banking, Fintech and Digital Consumer Business professional with more than two decades of experience working with some of the leading Global and Indian organisations. She joined Revolut in April 2021 to take charge as the CEO of Revolut India. Revolut India is a wholly owned subsidiary of London headquartered global Fintech company, Revolut Group, which is the UK’s fastest growing private tech company and one of Europe’s largest FinTechs. In her capacity as India CEO, Paroma has made Revolut one of just two global companies to obtain the necessary licenses and authorisations from the RBI, to build and launch the first of its kind integrated app in India that combines digital wallets with domestic UPI payments, along with prepaid Visa cards for both local and multi-currency international spending. Paroma is also a member of IAMAI's governing council and FICCI’s fintech committee.",,https://event-engine-prod-media.s3.ap-south-1.amazonaws.com/uploads/d029e774-3f21-4538-ac56-8337b58a2edf-ms.-paroma-chatterjee-website-photo.png,From Access to Impact: Rethinking Financial Inclusion at Scale,A0803,https://www.globalfintechfest.com/speakers,2026-08-12T13:58:49Z,active,2026,paroma chatterjee,6a7c768616afc6a8747c9c6e
Ms. Prachi Dharani,Co-founder & CEO,PayGlocal Technologies,India,"Prachi Dharani is a seasoned payments industry leader with over 20 years of experience and the Co-founder and CEO of PayGlocal. She leads acquiring, issuing, and P&L functions, driving the company’s mission to simplify cross-border payments for Indian businesses through secure, seamless, and high-success-rate payment experiences. Before founding PayGlocal, Prachi held leadership roles at Visa, First Data, and ICICI Bank. As Senior Director and Head of Digital Specialized Sales for India & South Asia at Visa, she contributed to the growth of digital payments across the region. At First Data, she led e-commerce product innovation and strategic growth, while at ICICI Bank, she was part of the merchant acquiring business. Under her leadership, PayGlocal continues to enable businesses to grow globally with reduced fraud risk, improved payment success rates, and smoother international transactions.",https://www.linkedin.com/in/prachi-dharani-94530a9/?originalSubdomain=in,https://event-engine-prod-media.s3.ap-south-1.amazonaws.com/uploads/2e68b032-30b8-4c5e-a6e0-c89f8951c990-prachi-dharani-website-photo.png,"Cross-Border Payments Reimagined: Speed, Cost, and Transparency",A0330,https://www.globalfintechfest.com/speakers,2026-08-12T13:58:49Z,active,2026,prachi dharani,6a7c768616afc6a8747c9c6f
Ms. Presha Paragash,Wholetime Director & CEO,Credit Saison India,India,"Presha Paragash is a Wholetime Director and Chief Executive Officer (CEO) of Credit Saison India and had joined the Company in 2018. She holds an MBA degree from Wharton and is a BsC graduate from London School of Economics. Prior to joining Credit Saison India, Presha comes with over 15+ years of experience in the financial services domain",https://www.linkedin.com/in/presha-p-a179415b/,https://event-engine-prod-media.s3.ap-south-1.amazonaws.com/uploads/55d44abf-0c83-4ca6-86aa-ac26dcaefd41-ms.-presha-paragash-website-photo.png,"How AI-native underwriting is reshaping pricing, inclusion, and liability",A0819,https://www.globalfintechfest.com/speakers,2026-08-12T13:58:49Z,active,2026,presha paragash,6a7c768616afc6a8747c9c70
Ms. Ritu Singh,Editor- Banking,CNBC-TV18,India,"With over 14 years of experience in broadcast journalism, Ritu leads the coverage of India’s financial sector, corporate developments, and macro-economic policy at CNBC-TV18. She regularly presents evening business bulletins that break down complex financial stories for a wide audience. She is also known for her in-depth coverage of RBI policy decisions. Ritu hosted flagship show Mad About Markets, for India’s new-age investors. She also co-hosts Startup Street, a daily show dedicated to India’s startup ecosystem.",,https://event-engine-prod-media.s3.ap-south-1.amazonaws.com/uploads/ef842af6-30d4-418b-91f4-7e95bdb76292-ms.-ritu-singh-website-photo.png,,,https://www.globalfintechfest.com/speakers,2026-08-12T13:58:49Z,active,2026,ritu singh,6a7c768616afc6a8747c9c71
Ms. Sagrika Shah,Principal,Aagama Ventures,India,"Sagrika has been former co-founder at Connexdoor, and quite passionate about tracking different investment markets and products. She currently is associated with Aagama Ventures, a fintech only fund.",https://www.linkedin.com/in/sagrikashah/,https://event-engine-prod-media.s3.ap-south-1.amazonaws.com/uploads/13f62550-6d9d-4f3b-a192-bcd91aa92687-ms.-sagrika-shah-website-photo.png,,,https://www.globalfintechfest.com/speakers,2026-08-12T13:58:49Z,active,2026,sagrika shah,6a7c768616afc6a8747c9c72
Ms. Salila Pande,Managing Director & CEO,SBI Cards,India,"Ms. Pande, Deputy Managing Director in State Bank of India (SBI) has been an integral part of State Bank of India (SBI), India’s oldest and largest banking group for almost three decades. During her banking career Ms. Pande has held key leadership positions in the Bank, in India and abroad. In her previous role, she was the Chief General Manager of Mumbai Metro Circle, where she spearheaded retail business of the Bank’s key financial market. Prior to that she served as the President & CEO of SBI, California, a US Chartered Bank and a wholly owned subsidiary of SBI, where she skillfully steered the Bank’s growth amidst an uncertain economic environment due to COVID-19, among others.",,https://event-engine-prod-media.s3.ap-south-1.amazonaws.com/uploads/282f8141-e639-4d5a-9c8e-ca2ace186e61-ms.-salila-pande-website-photo.png,From Products to Platforms: Rewriting the Future of Financial Services in India,A1017,https://www.globalfintechfest.com/speakers,2026-08-12T13:58:49Z,active,2026,salila pande,6a7c768616afc6a8747c9c73
Ms. Santosh Dujari,"Head of Services - Indian Subcontinent, Citi",Citibank,India,"Santosh is a seasoned Transaction Banker with 24 years of experience across varied roles in Sales, Product and Operations covering Local Corporates, Multinationals and Financial Institutions. She is responsible for driving business growth, sales, strategy, client relationships, product innovation and delivery through collaboration and partnership, elevating talent and grooming leaders. Prior to this role, she was CCPS & FI Sales Head for India. Before moving to Sales, she managed a Product portfolio as P&L owner and business manager which was preceded by an Operations stint across multiple roles from business development to business process outsourcing. Santosh has been championing various CSR initiatives for Citi, earlier the Akshaya Patra foundation and currently The Hunger Project in India.",https://www.linkedin.com/in/santosh-dujari-aa874682?utm_source=share&utm_campaign=share_via&utm_content=profile&utm_medium=ios_app,https://event-engine-prod-media.s3.ap-south-1.amazonaws.com/uploads/cd0bbbfc-1b59-4cfa-bb6d-244bb43225e0-santosh-dujari-website-photo.png,Cross-Border Payments 2.0 to Meet Regulatory Goals,A0678,https://www.globalfintechfest.com/speakers,2026-08-12T13:58:49Z,active,2026,santosh dujari,6a7c768616afc6a8747c9c74
Ms. Seema Prem,Co-founder and CEO,FIA Global,India,"Seema Prem is the Co-Founder & CEO of FIA Global, a social-impact fintech advancing financial inclusion for underserved communities across South Asia. Influenced by her childhood spent in some of the most inaccessible terrains in India, Seema felt compelled to work towards reducing the inequities she saw. A United Nations Women Transforming India awardee, Seema leads the development of technology-driven, human-centric solutions that empower individuals without access to financial services, creating scalable and sustainable impact. Her work focuses on reducing financial exclusion, supporting poverty alleviation, and enabling people to move from access to long-term economic resilience.",,https://event-engine-prod-media.s3.ap-south-1.amazonaws.com/uploads/85a96e4a-8667-43f9-b438-60a0af0d7fd6-ms.-seema-prem-website-photo.png,,,https://www.globalfintechfest.com/speakers,2026-08-12T13:58:49Z,active,2026,seema prem,6a7c768616afc6a8747c9c75
Ms. Shereen Bhan,Managing Editor,CNBC TV18,India,"Shereen Bhan has over two decades of experience in the field of Television Broadcast, tracking corporate, policy news and business landscape. Shereen has been producing and anchoring flagship, award winning shows like 'India Business Hour' and ‘Young Turks’, a series that over the last 20 years has successfully built a niche category in business news programming.",,https://event-engine-prod-media.s3.ap-south-1.amazonaws.com/uploads/10f38bab-0acc-4681-8b16-fdfd4e41f209-ms.-shereen-bhan-website-photo.png,From Breaking the Glass Ceiling to Shaping the Next Decade,A0555,https://www.globalfintechfest.com/speakers,2026-08-12T13:58:49Z,active,2026,shereen bhan,6a7c768616afc6a8747c9c76
Ms. Shilpa Mankar Ahluwalia,Partner,Shardul Amarchand Mangaldas & Co.,India,"Shilpa Mankar Ahluwalia leads the FinTech and Banking & Finance Practice at Shardul Amarchand Mangaldas & Co., with a strong focus on financial services and M&A transactions. She has advised several leading fintech platforms in connection with their products and solutions in India. She has led several policy initiatives in collaboration with the Digital Lenders Association of India. Shilpa has also advised various companies, banks and financial institutions in connection with their financing activities as well as specialised financial products. She was also on the government drafting committee for the Factoring Act.",,https://event-engine-prod-media.s3.ap-south-1.amazonaws.com/uploads/e25889f0-aa6d-4238-acff-e43583cf6316-ms.-shilpa-mankar-ahluwalia-website-photo.png,"Agentic AI in Finance: Multi-Agent Systems, Trust and Data Governance",A0888,https://www.globalfintechfest.com/speakers,2026-08-12T13:58:49Z,active,2026,shilpa mankar ahluwalia,6a7c768616afc6a8747c9c77
Ms. Shobhita Agarwal,Chief Executive Officer,craftAI,India,"Shobhita Agarwal is the Co-Founder and CEO of craftAI, where she is building an Agentic AI platform for the lending industry. A technology and product leader with 15 years of experience across AI, fintech, and enterprise technology, she has previously built AI agents and intelligent automation solutions for leading U.S. financial services companies. Today, she is focused on using AI to transform lending operations, making them more intelligent, automated, and capable of delivering measurable business outcomes.",,https://event-engine-prod-media.s3.ap-south-1.amazonaws.com/uploads/c2a1f616-c03b-43f7-9a86-659bbf82ae7b-ms.-shobhita-agarwal-website-photo.png,,,https://www.globalfintechfest.com/speakers,2026-08-12T13:58:49Z,active,2026,shobhita agarwal,6a7c768616afc6a8747c9c78
Ms. Shruti Gupta,"Head of Commercial & Money Movement Solutions, India and South Asia",Visa,India,"Shruti Gupta is the Head of Commercial & Money Movement Solutions (CMS) for India and South Asia at Visa. She leads the multi-year growth strategy for CMS, working closely with the INSA leadership team. With over two decades of experience across commercial banking, MNCs, risk management, strategy, and the startup ecosystem, Shruti brings deep expertise to her role. She spent 24 years at Citi, where she held multiple leadership roles across lending and non-lending segments, including business development and relationship management. Most recently, she served as Managing Director for the multinational segment at Citi Commercial Banking.",https://www.linkedin.com/in/shruti-gupta-18805725/,https://event-engine-prod-media.s3.ap-south-1.amazonaws.com/uploads/8e562f39-7654-4cbb-937f-80d8d641420c-shruti-gupta-website-photo.png,,,https://www.globalfintechfest.com/speakers,2026-08-12T13:58:49Z,active,2026,shruti gupta,6a7c768616afc6a8747c9c79
Ms. Shweta Bajpai,"Group Director - Financial Services, Media, Travel and Real Estate",Meta,India,"Shweta Bajpai is Group Director for Financial Services, Media, Travel and Real Estate at Meta India. She drives Meta's partnerships and business growth strategy across the financial services sector, helping banks, insurers, fintechs, and investment firms leverage Meta's platforms to reach and engage customers at scale. With extensive experience in building strategic industry verticals, Shweta brings deep insight into how digital platforms are transforming financial services and customer engagement across emerging markets.",https://www.linkedin.com/in/shweta-b-0245949/,https://event-engine-prod-media.s3.ap-south-1.amazonaws.com/uploads/baea999c-4a29-49fc-bb5a-dac09ae7f365-ms.-shweta-bajpai-website-photo.png,Programmable Money: When Payments Become Intelligent & Context Aware,A1023,https://www.globalfintechfest.com/speakers,2026-08-12T13:58:49Z,active,2026,shweta bajpai,6a7c768616afc6a8747c9c7a
Ms. Sohini Rajola,Executive Director - Growth,National Payments Corporation of India,India,,,https://event-engine-prod-media.s3.ap-south-1.amazonaws.com/uploads/d1da542c-8799-473e-9ed2-447c8d27c634-sohini-rajola-website-photo.png,From Breaking the Glass Ceiling to Shaping the Next Decade,A0555,https://www.globalfintechfest.com/speakers,2026-08-12T13:58:49Z,active,2026,sohini rajola,6a7c768616afc6a8747c9c7b
Ms. Sonali Shelke,Executive Director,JPMorganChase,India,"Sonali Shelke is an Executive Director at JPMorganChase, where she leads fintech coverage in India for the Payments business. She works with India-headquartered fintechs and large global fintech clients with operations in India, collaborating closely with product, compliance, and technology teams to design and deliver solutions for a fast-growing, dynamic market. With 15+ years in banking sales and coverage, Sonali has spent 10+ years focused on fintech and built strong relationships with top Indian and global players in India. Beyond her core responsibilities, she is actively engaged in DOI initiatives including Global Women in Payments and Autism@Work, where she has led multiple events and initiatives. Sonali holds an MBA from IIM Lucknow and a bachelor’s degree in Electronics Engineering from Pune University.",,https://event-engine-prod-media.s3.ap-south-1.amazonaws.com/uploads/5ae40b52-8843-49a6-8fb7-c0a92be0c1ea-ms.-sonali-shelke-website-photo.png,From QR Codes to Global Commerce: The Next Leap in Merchant Payments,A0682,https://www.globalfintechfest.com/speakers,2026-08-12T13:58:49Z,active,2026,sonali shelke,6a7c768616afc6a8747c9c7c
Ms. Sonia Kaul,Chief Solutions Officer,Karix Mobile,India,"Sonia Kaul is the Chief Solutions Officer at Karix, a Tanla company, and a trailblazing woman leader at the forefront of AI-driven customer engagement and digital communications. With 28+ years of experience across IT, telecom, cloud communications, and enterprise technology, she has led Karix's growth in conversational AI, OTT, and omnichannel innovation, while forging strategic partnerships with global technology leaders including Google, Meta, and True caller. A recognized voice on AI, digital transformation, and the future of customer experience, Sonia brings a unique blend of deep technology expertise and business leadership. As a champion for women in tech, she is shaping the next generation of intelligent, scalable communication solutions while inspiring, greater diversity in technology leadership.",https://in.linkedin.com/in/sonia-kaul-95243817,https://event-engine-prod-media.s3.ap-south-1.amazonaws.com/uploads/b0cac446-f53e-49ad-ab56-fc0a236408e8-mrs.-sonia-kaul-website-photo.png,,,https://www.globalfintechfest.com/speakers,2026-08-12T13:58:49Z,active,2026,sonia kaul,6a7c768616afc6a8747c9c7d
Ms. Sonia Pankaj Asher,Executive Chairperson and Whole-Time Director,Paramotor Digital Technology Limited,India,$98,,https://event-engine-prod-media.s3.ap-south-1.amazonaws.com/uploads/71e83de7-d3ac-4862-a956-f693bcc4485f-sonia-asher-website-photo.png,"The Future of PPIs: Regulation, Innovation & Emerging Use Cases",A0748,https://www.globalfintechfest.com/speakers,2026-08-12T13:58:49Z,active,2026,sonia pankaj asher,6a7c768616afc6a8747c9c7e
Ms. Sonika Chandra,"CBO, Consumer Payments",PhonePe,,$66,,https://event-engine-prod-media.s3.ap-south-1.amazonaws.com/uploads/29838e60-7f85-4b4f-aa70-18801e30e5ee-ms.-sonika-chandra-website-photo.png,,,https://www.globalfintechfest.com/speakers,2026-08-12T13:58:49Z,active,2026,sonika chandra,6a7c768616afc6a8747c9c7f
Ms. Sorcha Sullivan-Williams,"Head of Digital Assets, International Developed Markets",Tradeweb,United Kingdom,,https://www.linkedin.com/in/sorcha-sullivan-williams/,https://event-engine-prod-media.s3.ap-south-1.amazonaws.com/uploads/343f6c25-e8c9-4647-8d06-dc8b3bf0443c-sorcha-sullivan-williams-website-photo.png,Balancing Regulation and Innovation in Disruptive Tech,A0688,https://www.globalfintechfest.com/speakers,2026-08-12T13:58:49Z,active,2026,sorcha sullivan-williams,6a7c768616afc6a8747c9c80
Ms. Sukhvinder Kaur,Deputy Managing Director,State Bank of India,India,"Ms. Sukhvinder Kaur is a seasoned professional Banker who started her career with State Bank of India in the year 1991 as a probationary officer. She has been a part of State Bank of India, India’s oldest and largest Banking group , for more than 3 decades now. She currently serves as The Deputy Managing Director Operations: Channel Management, spearheading various operational channels with in the Bank including, Anytime Channel, Financial inclusion, Contact Centre and Third Party management. These channels are central to the Bank’s Strategic vision of optimising operational efficiency and reducing costs.",,https://event-engine-prod-media.s3.ap-south-1.amazonaws.com/uploads/56e6596f-0cce-4569-b33e-09bbb430da66-ms.-sukhvinder-kaur-website-photo.png,Real-Time Decisioning: How AI Agents Deliver Contextual Banking,A0491,https://www.globalfintechfest.com/speakers,2026-08-12T13:58:49Z,active,2026,sukhvinder kaur,6a7c768616afc6a8747c9c81
Ms. Surbhe Sharma,Chief Executive Officer,JioFinance,India,"Ms. Surbhe S Sharma brings over a decade of experience in building and managing financial products and partnerships across lending and credit card businesses. Prior to her current role, she led strategic partnerships and business development for the Used Car Finance segment and served as Product Head for MSME loan products at Bajaj Finance. She has also worked with GE SBI Card (a former joint venture between GE Capital and SBI) in the co-branded credit card space. She holds dual postgraduate degrees: a PG Diploma in Management in Marketing from Christ University, Bengaluru and an MBA in International Business from FH-WS University of Applied Sciences, Germany.",https://www.linkedin.com/in/surbhis/,https://event-engine-prod-media.s3.ap-south-1.amazonaws.com/uploads/18c9e8be-5a29-4212-9c93-312fba24cd73-ms.-surbhe-sharma-website-photo.png,From Access to Impact: Rethinking Financial Inclusion at Scale,A0803,https://www.globalfintechfest.com/speakers,2026-08-12T13:58:49Z,active,2026,surbhe sharma,6a7c768616afc6a8747c9c82
Ms. Taneia Bhardwaj,South Asia Expansion Lead,Wise Payments,India,"Taneia Bhardwaj is the South Asia Expansion Lead at Wise and a Board Director of Wise Payments India, where she leads the company's growth and market expansion strategy across the region. She works at the intersection of fintech, regulation and financial infrastructure, partnering with banks, regulators and ecosystem players to build and scale Wise's presence in South Asia. In India, Taneia has spearheaded the launch of the Wise Travel Card and outward remittance services, while also playing a pivotal role in securing the company's Payment Aggregator Cross-Border (PA-CB) licence. Prior to Wise, she led the retail and SME business at Instarem India (Nium), driving partnerships and growth. Before pivoting to fintech, Taneia spent over a decade in business journalism as a prime-time news Anchor and Senior Editor at leading networks, including ET NOW and CNBC-TV18.",,https://event-engine-prod-media.s3.ap-south-1.amazonaws.com/uploads/9da2295e-764b-4328-b96f-a6911a7d3aed-ms.-taneia-bhardwaj-website-photo.png,Outward Remittances: Serving India's Global Citizens with Smarter Cross-Border Money Movement,A0750,https://www.globalfintechfest.com/speakers,2026-08-12T13:58:49Z,active,2026,taneia bhardwaj,6a7c768616afc6a8747c9c83
Ms. Tanya Naik,CBO Online and Omnichannel Business,Pine Labs,India,"Tanya Naik is the Head of Online and Omnichannel Business at Pine Labs. She has been steadily involved in building the digital payments infrastructure throughout her professional career. She was earlier a part of the founding team of PayPal in India and has more than 18 years of experience in the banking and payments sector. Tanya has also served as the Director – Payments, India, and Cross Border Markets, where she was entrusted with the responsibility of ensuring seamless cross-trade payments across 100+ markets.",https://in.linkedin.com/in/tanya-naik-8b78329,https://event-engine-prod-media.s3.ap-south-1.amazonaws.com/uploads/4142bc01-0207-4720-8e73-2be9ea67aff1-ms.-tanya-naik-website-photo.png,How to innovate with NBBL,A1209,https://www.globalfintechfest.com/speakers,2026-08-12T13:58:49Z,active,2026,tanya naik,6a7c768616afc6a8747c9c84
Prof. Aashish Goel,"Professor, Management Science and Engineering, of Computer Science",Stanford University,United States of America,,,https://event-engine-prod-media.s3.ap-south-1.amazonaws.com/uploads/a3b95b4d-e7ad-4181-ac6e-b94eb7e544ac-aashish-goel-website-photo.png,Algorithmic Accountability: Preparing Financial Institutions for AI-Driven Decision Systems OR Stanford's Blueprint for trustworthy AI-driven Markets OR,A1091,https://www.globalfintechfest.com/speakers,2026-08-12T13:58:49Z,active,2026,aashish goel,6a7c768616afc6a8747c9c85
Prof. G Sivakumar,Porfessor,IIT Bombay,India,"Prof. G. Sivakumar has been on the faculty of the Department of Computer Science and Engineering, IIT Bombay, since 1991. His core research interests are in the applications of Logic in diverse areas of Computer Science such as Artificial Intelligence, Software Engineering and Network Security. He has applied his research to design and verification of safety critical real-time systems. Such systems include computer based control systems used in nuclear reactors, space, avionics, process-control and robotics. Prof. Sivakumar has published over 25 papers in reputed journals and conferences. He has supervised 10 Ph.D. Theses and over 100 Master's theses.",,https://event-engine-prod-media.s3.ap-south-1.amazonaws.com/uploads/3b96e8e6-fa79-44b1-9acd-d512345f4b5e-prof.-g-sivakumar-website-photo.png,Quantum Risk in BFSI: Securing Cryptography for a Post‑Quantum World,A1012,https://www.globalfintechfest.com/speakers,2026-08-12T13:58:49Z,active,2026,g sivakumar,6a7c768616afc6a8747c9c86
Shri Kalyanaraman Rajaraman,Chairperson,International Financial Services Centres Authority (IFSCA),India,"Shri K. Rajaraman is Chairperson of IFSCA since August 2023, after nearly 35 years in senior roles in the Government of India and Tamil Nadu. A former IAS officer, he last served as Secretary, Department of Telecommunication. He holds degrees in Electronics & Communication, MBA, and Economics. He has led key roles in investment, infrastructure, tax, and finance, and was MD of Chennai Metro during its early construction phase.",https://www.linkedin.com/in/kalyanaraman-rajaraman/?originalSubdomain'in,https://event-engine-prod-media.s3.ap-south-1.amazonaws.com/uploads/9633ec7c-fd24-4e5e-8216-8b70b8dbf0f5-shri-kalyanaraman-rajaraman-website-photo.png,,,https://www.globalfintechfest.com/speakers,2026-08-12T13:58:49Z,active,2026,kalyanaraman rajaraman,6a7c768616afc6a8747c9c87
Shri Nitin Gadkari,Hon'ble Minister for Roads Transport & Highways,Government of India,India,,,https://event-engine-prod-media.s3.ap-south-1.amazonaws.com/uploads/2a9eeef8-d132-44e3-8ee4-a2945cc4b6a9-shri-nitin-gadkari-website-photo.png,India's Intelligent Highway: Tolling and the agentic future of Mobility Finance,A0651,https://www.globalfintechfest.com/speakers,2026-08-12T13:58:49Z,active,2026,nitin gadkari,6a7c768616afc6a8747c9c88
Shri Rajesh Agrawal,Commerce Secretary,"Ministry of Commerce & Industry, Government of India",India,$2f,,https://event-engine-prod-media.s3.ap-south-1.amazonaws.com/uploads/82902448-7cc7-41ef-b2c1-c9e5408cd9d1-shri-rajesh-agrawal-website-photo.png,"Exporting India's Digital Future: Fintech, AI and the Rise of Digital Services",A0019,https://www.globalfintechfest.com/speakers,2026-08-12T13:58:49Z,active,2026,rajesh agrawal,6a7c768616afc6a8747c9c89
Shri Sanjay Lohiya,"Secretary, Department of Financial Services","Ministry of Finance, Government of India",India,"Shri Sanjay Lohiya, an IAS Officer of 1994 batch (Assam Meghalaya cadre), has joined Department of Financial Services, Ministry of Finance as Special Secretary and took over as Secretary, Department of Financial Services w.e.f. 1.6.2026. Prior to joining as Special Secretary in DFS, he was Additional Secretary in Ministry of Mines. He joined Indian Administrative Service (IAS) after graduating from St. Stephen's College, Delhi University. Before joining as Additional Secretary, Ministry of Mines, he held various positions, which included Principal Secretary to Chief Minister, Government of Assam, Joint Secretary in Ministry of Agriculture, Director in PMO, etc.",,https://event-engine-prod-media.s3.ap-south-1.amazonaws.com/uploads/c276c955-adaa-49f2-9c09-aba0de2c09da-shri-sanjay-lohiya-website-photo.png,,,https://www.globalfintechfest.com/speakers,2026-08-12T13:58:49Z,active,2026,sanjay lohiya,6a7c768616afc6a8747c9c8a
Shri Sivasubramanian Ramann,Chairperson,Pension Fund Regulatory and Development Authority,India,,,https://event-engine-prod-media.s3.ap-south-1.amazonaws.com/uploads/8ba2125a-5d41-42a0-95f2-a4114528e193-shri-sivasubramanian-ramann-website-photo.png,,,https://www.globalfintechfest.com/speakers,2026-08-12T13:58:49Z,active,2026,sivasubramanian ramann,6a7c768616afc6a8747c9c8b
Shri Tuhin Kanta Pandey,Chairman,Securities and Exchange Board of India,India,$2e,,https://event-engine-prod-media.s3.ap-south-1.amazonaws.com/uploads/b6dcf288-ab44-4e92-8488-1b678c225cbb-tuhin-kanta-pandey-website-photo.png,,,https://www.globalfintechfest.com/speakers,2026-08-12T13:58:49Z,active,2026,tuhin kanta pandey,6a7c768616afc6a8747c9c8c
Smt. Nirmala Sitharaman,Hon'ble Minister for Finance & Corporate Affairs,Government of India,India,,https://www.linkedin.com/in/nsitharaman/,https://event-engine-prod-media.s3.ap-south-1.amazonaws.com/uploads/4e281edf-c6f7-42ab-a310-e3840188f4a2-nirmala-sitharaman-website-photo.png,,,https://www.globalfintechfest.com/speakers,2026-08-12T13:58:49Z,active,2026,nirmala sitharaman,6a7c768616afc6a8747c9c8d
