name,title,org,country,bio,linkedin,headshotUrl,speakerCategory,sessionTitle,sessionCodes,nameKey,year,sourceUrl,extractedAt
Dr. Abhijit Phukon,"Economic Adviser, Department of Financial Services","Ministry of Finance, Government of India",India,,https://www.linkedin.com/in/dr-abhijit-phukon-a4362830/?originalSubdomain=in,https://2025.globalfintechfest.com/media/Dr_Abhijit_Phukon_removebg_preview_3e8e1ee9d9.png,Two - Category A,"Shaping the Future of Responsible Digital Lending: Policy, Innovation, and Consumer Protection",20250707,abhijit phukon,2025,https://2025.globalfintechfest.com/speakers,2026-08-25T06:37:05Z
Dr. Ajay Kumar Sood,Deputy Managing Director,NABARD,,"Dr. Ajay Kumar Sood is the Deputy Managing Director of National Bank for Agriculture and Rural Development (NABARD), an apex government institution dedicated to agriculture and rural development in India. Dr. Sood earned his PhD in Agricultural Economics and possesses extensive experience in agricultural development and rural banking. Throughout his long tenure at NABARD, where he has served in various capacities, Dr. Sood has made significant contributions to rural and agricultural infrastructure development, strengthening of rural financial institutions, and promotion of grassroots and community groups. His efforts have been instrumental in creating a conducive ecosystem that fosters inclusive development",,https://2025.globalfintechfest.com/media/GFF_25_Speakers_13_removebg_preview_4ac35efdbd.png,Three - Category B,Blended Finance for Bharat: Unlocking Private Capital for Rural Development,20250711,ajay kumar sood,2025,https://2025.globalfintechfest.com/speakers,2026-08-25T06:37:05Z
Dr. Angela Lusigi,Resident Representative,United Nations Development Programme,India,"Dr Angela, Resident Representative-UNDP India, brings over 25 years of experience in socio-economic analysis, inclusive development, UN coordination, and resource mobilisation. She previously served as UNDP Resident Representative in Ghana, Strategic Advisor at UNDP New York, and held leadership roles with UNEP, IFAD, and FAO. Angela holds a PhD and Master in Agricultural Economics from the University of Reading and a Bachelor's in Economics and Computer Science from the University of Waterloo",https://www.linkedin.com/in/angelalusigi/?originalSubdomain=in,https://2025.globalfintechfest.com/media/Dr_Angela_Lusigi_6716b55c7b.png,Three - Category B,"Digital Payments Usage among MSMEs in India, with a Focus on the North-Eastern Region Date/Time",20250825;20250828,angela lusigi,2025,https://2025.globalfintechfest.com/speakers,2026-08-25T06:37:05Z
Dr. Atul Mehta,CEO,Pay10 India,India,"Dr. Atul Mehta, CEO of Pay10 India, is a global business leader with 19+ years in Fintech, Enterprise Sales, Strategy, and Business Intelligence. An IIM Ahmedabad and PEC alumnus, he holds an honorary PhD in Enterprise Sales from Maryland State University. Atul has led high-impact teams across Digital Payments, Telecom, Travel, FMCG, and Government, driving growth through insight, empathy, and execution.",https://www.linkedin.com/in/atulmehta07/,https://2025.globalfintechfest.com/media/GFF_25_Speakers_90_removebg_preview_7c18833beb.png,Four - Category C,PA to Grow 10X by When and How,20250505,atul mehta,2025,https://2025.globalfintechfest.com/speakers,2026-08-25T06:37:05Z
Dr. Chandramouliswaran Venkataramani,Vice President,PayPal India,India,"Mouli leads Enterprise AI initiatives at PayPal, focusing on integrating advanced AI and machine learning to transform workflows, enhance decision-making, and drive productivity at scale. He also serves as the India Site Leader, spearheading strategic direction, culture, and ecosystem partnerships across academia, startups, and government. Previously, as PayPal’s VP of Data, Mouli oversaw over 500 petabytes of data infrastructure and led its successful migration to the cloud, accelerating real-time analytics and business innovation. Since joining in 2009, he has played a pivotal role in scaling PayPal’s capabilities in AI, data, and financial services. Mouli holds a PhD in Statistics from The Wharton School and has prior experience at Spark Capital and American Express. He actively advises academic institutions and contributes to national innovation and data initiatives.",,https://2025.globalfintechfest.com/media/GFF_25_Speakers_64_removebg_preview_481ca90640.png,Four - Category C,Can AI Manage Black Swan Events and How?,20250445,chandramouliswaran venkataramani,2025,https://2025.globalfintechfest.com/speakers,2026-08-25T06:37:05Z
Dr. Debadatta Chand,Managing Director & CEO,Bank of Baroda,,,,https://2025.globalfintechfest.com/media/Speakers_2_11_removebg_preview_f6053e6d1d.png,Two - Category A,"The Next Horizon: Building a Global-Ready, Inclusive Bank for the Future",20250810,debadatta chand,2025,https://2025.globalfintechfest.com/speakers,2026-08-25T06:37:05Z
Dr. Deepak Kumar,Director,"Institute for Development and Research in Banking Technology, IDRBT",,"Prior to joining as Director of IDRBT, he was serving as Executive Director, Reserve Bank of India.  As Executive Director, Dr. Kumar has looked after Foreign Exchange Department, Department of Communication and Deposit Insurance and Credit Guarantee Corporation. Prior to this, he was 
heading the Department of Information Technology, Reserve Bank of India. 
Dr. Kumar was a Director on the Board of the Indian Overseas Bank, National Payment Corporation of India (NPCI), Indian Financial Technology & Allied Services (IFTAS), Reserve Bank Information Technology Private Limited (ReBIT), Reserve Bank Innovation Hub (RBIH), and on the Governing Council of Institute for Development and Research in Banking Technology (IDRBT). 
Dr. Kumar brings with him banking experience of more than three decades, from September 1990, 
working across the spectrum of central banking functions covering both policy making and project 
management in the areas of Information Technology, Cyber Security, Payment Systems, Banking 
Supervision, Currency Management, Human Resource Management, Foreign Exchange 
Management, etc.  Dr. Kumar is a Post Graduate in Economics and has obtained his Ph.D. on the subject ‘Impact of  Computerisation on the Banking Industry during Nineties – An Evaluation’. He has a PG Diploma  in International Marketing from the Delhi School of Economics and CAIIB from IIBF. Of late, he has ",https://www.linkedin.com/in/dr-deepak-kumar-22492a3/?originalSubdomain=in,https://2025.globalfintechfest.com/media/Speakers_2_2025_09_20_T104321_759_f165c5da4b.png,Four - Category C,Cyber Defense and Resiliency in Modern AI Era,20250431,deepak kumar,2025,https://2025.globalfintechfest.com/speakers,2026-08-25T06:37:05Z
Dr. Dipesh Shah,Executive Director,International Financial Services Centres Authority,India,"Dr. Dipesh Shah, Executive Director at IFSCA, has over 23 years of experience in international business, project development, and policy. He played a key role in setting up GIFT City—India’s first Smart City and IFSC. He led major regulatory and business reforms attracting global banks, exchanges, and insurers. He holds a Ph.D. in IFSCs and is a Chartered Secretary and MBA in International Business & Finance.",https://www.linkedin.com/in/dr-dipesh-shah-38606118/?originalSubdomain=in,https://2025.globalfintechfest.com/media/Dipesh_Shah_c2fddc0013.png,Three - Category B,GIFT IFSC: Where Wealth Meets Wealth,20250342,dipesh shah,2025,https://2025.globalfintechfest.com/speakers,2026-08-25T06:37:05Z
Dr. Friederike Lange,"Head of Digital Finance, AI, Payment Services and Cybersecurity",German Federal Ministry of Finance,Germany,,,https://2025.globalfintechfest.com/media/GFF_25_Speakers_39_removebg_preview_20c28d7b84.png,Two - Category A,The Next Bretton Moment: Can Public Infrastructure Rewrite the Rules of Global Finance?,20250571,friederike lange,2025,https://2025.globalfintechfest.com/speakers,2026-08-25T06:37:05Z
Dr. Gulshan Rai,Former National Cyber Security Coordinator,Government of India,India,"Dr. Gulshan Rai, India’s first National Cyber Security Coordinator, has 35+ years of experience in cybersecurity, e-governance, and cyber law. He led CERT-In, helped draft the IT Act 2000, and guided India's cyber policy and global cyber diplomacy. He serves on global boards including USIBC and Red Cross, and advises various startups and government bodies. He played a key role in IT systems for PAN, GST, CBDT, and BSE, and led the design of the National Knowledge Network.",,https://2025.globalfintechfest.com/media/GFF_25_Speakers_33_removebg_preview_f879e3f3e5.png,Three - Category B,Future of Cyber Security for the Financial Sector,20250317,gulshan rai,2025,https://2025.globalfintechfest.com/speakers,2026-08-25T06:37:05Z
Dr. Innocent Matshe,Deputy Governor,Reserve Bank of Zimbabwe,,,,https://2025.globalfintechfest.com/media/Speakers_2_8_removebg_preview_4d993971f6.png,Two - Category A,Bridging the Gap: How FinTech's are Democratizing Access to Credit,20250426,innocent matshe,2025,https://2025.globalfintechfest.com/speakers,2026-08-25T06:37:05Z
Dr. Jatin Patel,"Project Director, SITAICS",Rashtriya Raksha University,India,"Dr. Jatin Patel is Project Director at Rashtriya Raksha University (RRU), Ministry of Home Affairs, and a cybersecurity expert with experience in cyber defense, digital forensics, and threat intelligence. He leads national and international projects with NSCS, NCIIPC, and MEA, designing advanced training, cyber exercises, and capacity-building programs. His work bridges research and practice, focusing on secure networks, cyber range simulations, and strengthening India’s cyber resilience.",https://www.linkedin.com/in/dr-jatin-patel-55051863/,https://2025.globalfintechfest.com/media/GFF_25_Speakers_Set_2_6_removebg_preview_c6f9bb00a6.png,Four - Category C,Guardrails for Responsible Adoption of AI in Securities Market,20250312,jatin patel,2025,https://2025.globalfintechfest.com/speakers,2026-08-25T06:37:05Z
Dr. Jay Prakash,CEO and Co-Founder,Silence Laboratories,Singapore,"Dr. Jay Prakash is Co-founder & CEO of Silence Laboratories, a Singapore-based deep-tech firm building scalable cryptographic infrastructures for privacy-preserving computation and collaboration- compute on encrypted data. Founded and run by alumni with PhDs and research ties to MIT, UIUC, NUS & SUTD, Silence holds multiple patents. Jay's PhD focused on seamless authentication and 2FA. He now leads MPC-based transaction products adopted by global banks, fintechs & leading wallets.",https://www.linkedin.com/in/jayprakashiitbhu/,https://2025.globalfintechfest.com/media/Speakers_2_50_removebg_preview_20330281ce.png,Four - Category C,"Interoperable Digital Identity: The Missing Layer for a Trusted, Tokenized Economy and AI",20250438,jay prakash,2025,https://2025.globalfintechfest.com/speakers,2026-08-25T06:37:05Z
Dr. Julian Langer,Policy Officer Specialising in AI and Data in Finance,German Federal Ministry of Finance,Germany,"Dr. Julian Langer is a policy officer at the German Federal Ministry of Finance. He specialises in the application of artificial intelligence and data in finance. He holds a PhD in economics from the University of Zurich. Previously, he was a research fellow at the Bank for International Settlements, a postdoctoral fellow at Harvard University and a visiting scholar at the Haas School of Business at the University of California, Berkeley.",,https://2025.globalfintechfest.com/media/GFF_25_Speakers_4_removebg_preview_1_1c802bdbdc.png,Three - Category B,"Fintech Futures – Sandboxes, Innovation Hubs, and Policy Labs",20250406,julian langer,2025,https://2025.globalfintechfest.com/speakers,2026-08-25T06:37:05Z
Dr. Kailash Nadh,Chief Technology Officer,Zerodha,India,"Dr. Kailash Nadh has a PhD in Artificial Intelligence & Computational Linguistics from the Middlesex university. He has been the CTO at Zerodha since 2013, where he co-founded its tech arm. He has been a hobbyist software developer for close to two decades, building and contributing to open source projects. He co-founded and volunteers at FOSS United, a non-profit promoting open-source software in India, and Rainmatter, a climate change initiative.",https://www.linkedin.com/in/kailashnadh/?original_referer=https%3A%2F%2Fwww%2Egoogle%2Ecom%2F&originalSubdomain=in,https://2025.globalfintechfest.com/media/GFF_25_Speakers_2_removebg_preview_b7e4c2be7c.png,Four - Category C,One-Stop Shop across the Available Assets – Technological Gaps and Viability,20250309;20250312;20250729,kailash nadh,2025,https://2025.globalfintechfest.com/speakers,2026-08-25T06:37:05Z
Dr. Kopal Vyas Dhage,Senior Vice President,Zrika,India,"With over 19 years of dynamic experience, Dr. Kopal Vyas-Dhage leads strategic alliances at Zrika, blending business acumen with a passion for innovation. Her career journey spans across banking, fintech, and technology, where she’s driven impactful projects, including pioneering multi-country solutions in Africa.",https://www.linkedin.com/in/dr-kopalvyas/,https://2025.globalfintechfest.com/media/Dr_Kopal_Vyas_Dhage_Senior_Vice_President_Zrika_5fed16e5d1.png,Four - Category C,"Zrai Shield, the Next Big Leap in AI-Powered Fraud Management for Finance",20250602,kopal vyas dhage,2025,https://2025.globalfintechfest.com/speakers,2026-08-25T06:37:05Z
Dr. Lisa Cameron,President,The Financial Club,,,https://www.linkedin.com/in/dr-lisa-cameron-a8ba8a49/?originalSubdomain=uk,https://2025.globalfintechfest.com/media/GFF_25_Speakers_88_removebg_preview_746aef3036.png,Four - Category C,,,lisa cameron,2025,https://2025.globalfintechfest.com/speakers,2026-08-25T06:37:05Z
Dr. Lt. Gen. Rajesh Pant,Chairman,Cyber Security Association of India,India,"Lt Gen (Dr) Rajesh Pant, former National Cyber Security Coordinator in the PMO, is a globally respected cybersecurity expert. Under his leadership, India rose from 47th to 10th in the UN Global Cybersecurity Index. A decorated Army veteran with 41 years of service, he holds a PhD in Information Security and multiple advanced degrees. He now serves as Chairman of the Cyber Security Association of India and advises global cybersecurity organisations.",https://www.linkedin.com/in/rajesh-pant-04817a1b9/?originalSubdomain=in,https://2025.globalfintechfest.com/media/GFF_25_Speakers_83_removebg_preview_ce446d51ae.png,Three - Category B,Future of Cyber Security for the Financial Sector,20250317,rajesh pant,2025,https://2025.globalfintechfest.com/speakers,2026-08-25T06:37:05Z
Dr. MacDonald Mafuta Mwale,Governor,Reserve Bank of Malawi,,,,https://2025.globalfintechfest.com/media/Speakers_2_9_removebg_preview_a45c3b523b.png,Two - Category A,,,macdonald mafuta mwale,2025,https://2025.globalfintechfest.com/speakers,2026-08-25T06:37:05Z
Dr. Marlene Amstad,Chairperson,FINMA - Swiss Financial Market Supervisory Authority,Switzerland,"Dr. Marlene Amstad is Chair of FINMA, Vice-Chair of IOSCO’s Board, and Honorary Professor at the University of Bern. A former adviser at BIS and senior economist at the Swiss National Bank, she is a global authority on financial markets, fintech, CBDCs, and supervisory technology (SupTech).",https://www.linkedin.com/in/marlene-amstad/,https://2025.globalfintechfest.com/media/GFF_25_Speakers_55_removebg_preview_9bc283c1a9.png,Two - Category A,Resilient and Inclusive Capital Markets in a Tech-Driven World,20250754;20250817,marlene amstad,2025,https://2025.globalfintechfest.com/speakers,2026-08-25T06:37:05Z
Dr. Nalin Rai,AGM,NABARD,India,"AGM (NABARD) with 25+ years in a Development Financial Institution and 28 years across media, academia, and development. Known for innovative leadership, strong HR and financial acumen, and deep cultural passion. A resilient performer under challenging conditions, with proven training skills and a research-driven approach to problem-solving. Consistently delivers impactful results with strategic insight and organizational excellence.",https://in.linkedin.com/in/dr-nalin-rai-033aa84,https://2025.globalfintechfest.com/media/Speakers_2_77_91394454d0.png,Four - Category C,Cyber Resilience in a Digitally Interconnected Rural Credit System,20250162,nalin rai,2025,https://2025.globalfintechfest.com/speakers,2026-08-25T06:37:05Z
Dr. Naveen Sirohi,Associate Professor,Indian Institute of Corporate Affairs (IICA),,,,https://2025.globalfintechfest.com/media/thumbnail_Speakers_2_4_37850fdc8b_07e3d13795_1e628f0bc4_96c09b4db9.png,Four - Category C,,,naveen sirohi,2025,https://2025.globalfintechfest.com/speakers,2026-08-25T06:37:05Z
Dr. Parul Naib,Head of Data Science and AI/ML,Reserve Bank Innovation Hub,India,,,https://2025.globalfintechfest.com/media/Speakers_2_87_removebg_preview_18aab4de0b.png,Four - Category C,,,parul naib,2025,https://2025.globalfintechfest.com/speakers,2026-08-25T06:37:05Z
Dr. Pramod Varma,Co-Founder & Chief Architect,Finternet Labs,India,"Dr. Pramod Varma is the Co-Founder and Chief Architect of Networks for Humanity (NFH), a network of labs, where he leads efforts like the Finternet and Beckn Protocol to build open, decentralized infrastructure for the global digital economy. He has been the pioneering architect of most of India’s Digital Public Infrastructure, including Aadhaar, UPI, DigiLocker, Account Aggregator, ONDC, and many others - systems that serve a billion people.",https://www.linkedin.com/in/pramodkvarma,https://2025.globalfintechfest.com/media/Dr_Pramod_Varma_Co_Founder_and_Chief_Architect_Finternet_Labs_43e7ba9ea1.png,Three - Category B,Tokenization and the Role of Agentic AI Workflows in Enabling Tokenized Economies,20250183;20250798,pramod varma,2025,https://2025.globalfintechfest.com/speakers,2026-08-25T06:37:05Z
Dr. Raj P Narayanam,Founder & Executive Chairman,Zaggle Prepaid Ocean Services Limited,India,"Dr. Raj is a serial entrepreneur who has built and sold businesses in Financial Services, Retail, Internet, Merchandising, Reward & Recognition, Blockchain, Open Banking, Expense Management and Credit Cards. Dr. Raj is the Founder & Executive Chairman of Zaggle, an award-winning FinTech Company which helps companies digitize spends and automate payment processes.",,https://2025.globalfintechfest.com/media/GFF_25_Speakers_15_removebg_preview_1316143897.png,Three - Category B,Can Co-Branded Cards Win the Next Battle for Customer Affinity?,20250613,raj p narayanam,2025,https://2025.globalfintechfest.com/speakers,2026-08-25T06:37:05Z
Dr. Ruchi Chojer,Executive Director (AFD),Securities and Exchange Board of India,,,,https://2025.globalfintechfest.com/media/GFF_25_Speakers_91_removebg_preview_b55ff08682.png,Two - Category A,Leveraging the Digital Public Infrastructure for Accreditation of Investors,20250314,ruchi chojer,2025,https://2025.globalfintechfest.com/speakers,2026-08-25T06:37:05Z
Dr. S Senthil Vinayagam,"Principal Scientist & Head, Education Systems Management Division",ICAR-NAARM,India,"He Published 10 books, 40 research articles in well reputed Journals and about 50 chapters/full papers in edited books/manuals and presented more than 70 papers in National and International seminar/conferences. Received Best Scientist Award from ICAR-NAARM during 2020 and Best Trainer Award during 2023. Presently he is serving as Principal Scientist & Head, Education Systems Management Division, ICAR-NAARM",https://www.linkedin.com/in/s-senthil-vinayagam-vinayagam-46aa97131,https://2025.globalfintechfest.com/media/Speakers_2_75_removebg_preview_e02073a747.png,Four - Category C,Roots Before Returns - Why Agritech Grows Differently,20250161,s senthil vinayagam,2025,https://2025.globalfintechfest.com/speakers,2026-08-25T06:37:05Z
Dr. S Vijayakumar Bharathi,Professor,Symbiosis Centre for Information Technology,,,,https://2025.globalfintechfest.com/media/GFF_25_Speakers_92_removebg_preview_0f64633cc3.png,Four - Category C,Strategic Foresight and Design Thinking in the Age of Augmented Intelligence,20250391,s vijayakumar bharathi,2025,https://2025.globalfintechfest.com/speakers,2026-08-25T06:37:05Z
Dr. Sanjay Bahl,Director General,CERT-In,India,"""Dr Sanjay Bahl has over four decades of experience in the ICT industry and is currently the Director General, CERT-In and Controller of Certifying Authority (CCA), Ministry of Electronics and IT, Government of India. He was the Global CSO for TCS and the CSO for Microsoft (India). He was the CIO for Hughes Tele.com (India) Ltd on secondment from TCS. At PT Infotimur Sistimatama, Jakarta, and CMC Ltd, New Delhi, he developed, executed and managed large complex software and turnkey projects.""",,https://2025.globalfintechfest.com/media/Speakers_2_66_5cbc3d64db.png,Four - Category C,New Age and Geo Political Threats to Digital Payment Ecosystem and Strategy to Protect,20250680,sanjay bahl,2025,https://2025.globalfintechfest.com/speakers,2026-08-25T06:37:05Z
Dr. Santanu Paul,Founder,Talentsprint,,,https://www.linkedin.com/in/santanup/?originalSubdomain=in,https://2025.globalfintechfest.com/media/GFF_25_Speakers_27_removebg_preview_c796745367.png,Four - Category C,Advancements in AI: Future Prospects in Securities Markets,20250304,santanu paul,2025,https://2025.globalfintechfest.com/speakers,2026-08-25T06:37:05Z
Dr. Saurabh Garg,Secretary,"Ministry of Statistics and Programme Implementation, Government of India",,,,https://2025.globalfintechfest.com/media/GFF_25_Speakers_36_removebg_preview_66a5857555.png,Two - Category A,Data as Public Good: Harnessing Official Data for Innovation and Growth,20250184,saurabh garg,2025,https://2025.globalfintechfest.com/speakers,2026-08-25T06:37:05Z
Dr. Scott Zoldi,Chief Analytics Officer,FICO,,,,https://2025.globalfintechfest.com/media/210_removebg_preview_dbd6658a1f.png,Three - Category B,Essential Innovation: Focused Language Models and the Architecture of Future Financial Infrastructure,20250696,scott zoldi,2025,https://2025.globalfintechfest.com/speakers,2026-08-25T06:37:05Z
Dr. Somnath Mitra,CEO - Centre for Research Commercialization,International Fintech Institute by IIT,India,,,https://2025.globalfintechfest.com/media/Speakers_2_87_removebg_preview_a8a9b4600c.png,Four - Category C,MSMEs Unlocking Growth for India’s Next Economic Milestone,20250782,somnath mitra,2025,https://2025.globalfintechfest.com/speakers,2026-08-25T06:37:05Z
Dr. Subho Ray,Member,GFF2025 Advisory Council,India,,https://www.linkedin.com/in/subho/?original_referer=https%3A%2F%2Fwww%2Ebing%2Ecom%2F&originalSubdomain=in,https://2025.globalfintechfest.com/media/Speakers_2_97_8ae75ea527.png,Two - Category A,,,subho ray,2025,https://2025.globalfintechfest.com/speakers,2026-08-25T06:37:05Z
Dr. Urbasi Sinha,Professor,Raman Research Institute,India,,,https://2025.globalfintechfest.com/media/Speakers_2_87_removebg_preview_a8a9b4600c.png,Four - Category C,,,urbasi sinha,2025,https://2025.globalfintechfest.com/speakers,2026-08-25T06:37:05Z
Lt. Gen. M Unnikrishnan Nair,Former National Cyber Security Coordinator - National Security Council Secretariat,Government of India,India,"Lt Gen M Unnikrishnan Nair PVSM, AVSM, SM (Retd) is the former Signal Officer-in-Chief of the Indian Army and ex-National Cyber Security Coordinator (2023–2025). With nearly 40 years of service, he led key operational and strategic roles, including raising India’s Defence Cyber Agency. He has served on apex bodies for 6G, the National Quantum Mission, and crypto regulations, and played a pivotal role in India’s National Security Directive on Telecom and global cyber security initiatives.",https://www.linkedin.com/in/lt-gen-madhavan-unnikrishnan-nair-6b69a478/,https://2025.globalfintechfest.com/media/GFF_25_Speakers_11_removebg_preview_1a9aba36d1.png,Three - Category B,Future of Cyber Security for the Financial Sector,20250317,m unnikrishnan nair,2025,https://2025.globalfintechfest.com/speakers,2026-08-25T06:37:05Z
Mr. A S Lakshminarayanan,Managing Director & CEO,Tata Communications,India,,,https://2025.globalfintechfest.com/media/Speakers_2_95_8d054f24ed.png,Four - Category C,Onboarding the Next 300 Mn Users on Digital Payments - Where How and When?,20250446,a s lakshminarayanan,2025,https://2025.globalfintechfest.com/speakers,2026-08-25T06:37:05Z
Mr. Aakarsh Naidu,Head of Fintech and Startups,Reserve Bank Innovation Hub,,,https://www.linkedin.com/in/aakarshnaidu/?originalSubdomain=in,https://2025.globalfintechfest.com/media/GFF_25_Speakers_86_removebg_preview_fa801d28a0.png,Four - Category C,Fintech Respository - Product Showcase,20250160;20250197;20250828,aakarsh naidu,2025,https://2025.globalfintechfest.com/speakers,2026-08-25T06:37:05Z
Mr. Abey Zachariah,Co Founder,Prorouting,India,"Mr. Abey Zachariah is the CEO and co-founder of ProRouting.in, a logistics-tech company that orchestrates logistics procurement for clients, ensuring they get the best of multiple delivery networks without the complexity. With over 25 years of experience, he has been part of the early teams at redBus, Goodbox, and ONDC, and previously worked with Standard Chartered Bank and Citifinancial in roles spanning credit risk, sales, and operations.",https://www.linkedin.com/in/abeyzachariah,https://2025.globalfintechfest.com/media/Speakers_2_38_22620dec2d.png,Four - Category C,From Access to Action: Unlocking Affordable Insurance on ONDC,20250293,abey zachariah,2025,https://2025.globalfintechfest.com/speakers,2026-08-25T06:37:05Z
Mr. Abhay Pareek,"Lead, Fourth Industrial Revolution for Agriculture",World Economic Forum,India,,,https://2025.globalfintechfest.com/media/Speakers_2_36_fc997e564c.png,Four - Category C,Blended Finance for Bharat: Unlocking Private Capital for Rural Development,20250711,abhay pareek,2025,https://2025.globalfintechfest.com/speakers,2026-08-25T06:37:05Z
Mr. Abhay Parekh,Head - Customer Success,National Payments Corporation of India,India,"Abhay has experience of more than 20+ years in banking and payment systems. Has led NFS ATM network, Aadhaar Enabled Payment System, eKYC, Operations and product governance & compliance functions in last 11 years at NPCI. Currently, he is heading Customer Success vertical for online payments viz. UPI, IMPS, RuPay, AePS and NFS.",https://www.linkedin.com/in/abhay-parekh,https://2025.globalfintechfest.com/media/Speakers_2_67_7d186addd0.png,Four - Category C,Unlocking ATOs Beyond Cash and AePS: For All Regulated Entities,20250758,abhay parekh,2025,https://2025.globalfintechfest.com/speakers,2026-08-25T06:37:05Z
Mr. Abhijeet,Director (Authentication),Unique Identification Authority of India,India,,,https://2025.globalfintechfest.com/media/Speakers_2_71_424b218548.png,Four - Category C,Use of Aadhar by Private Entities - SWIK Rules & Aadhaar App,20250087,abhijeet,2025,https://2025.globalfintechfest.com/speakers,2026-08-25T06:37:05Z
Mr. Abhijit Singh,"Group Head (BaaS, Digital Ecosystems and International Banking)",HDFC Bank,India,"Mr. Abhijit Singh is the Group Head – Banking as a service (BaaS), Digital Ecosystem Banking and International Banking at HDFC Bank. He has an MBA in Finance from Jamnalal Bajaj Institute of Management Studies, Mumbai, India and holds a Bachelor's degree in Engineering from the University of Mumbai. Mr. Singh is a veteran in Banking technology, emerging technology and fintech with 25+ years of extensive background in product development, large-scale digital transformation.",https://www.linkedin.com/in/abhijit-singh-7473b02?utm_source=share&utm_campaign=share_via&utm_content=profile&utm_medium=android_app,https://2025.globalfintechfest.com/media/Speakers_2_76_7b248464b6.png,Four - Category C,"Unlocking India’s Credit Network: Standardized, Inclusive, and Built on ONDC",20250292;20250741,abhijit singh,2025,https://2025.globalfintechfest.com/speakers,2026-08-25T06:37:05Z
Mr. Abhinav Gupta,Additional Director General,Directorate General of Foreign Trade (DGFT),,,,https://2025.globalfintechfest.com/media/Speakers_2_73_52263753d1.png,Four - Category C,Reimagining Trade Finance: How Digital Public Infrastructure can Empower MSMEs & Global Trade,20250398,abhinav gupta,2025,https://2025.globalfintechfest.com/speakers,2026-08-25T06:37:05Z
Mr. Abhinav Jha,Head of Business Development - Communication Partnerships,Google India,India,Focused on developing RCS for Business in to a safe and helpful channel for Indian consumers and brands.,https://www.linkedin.com/in/abhinavjha/,https://2025.globalfintechfest.com/media/Copy_of_GFF_25_Speakers_Set_3_removebg_preview_854dbc0f7f.png,Four - Category C,Redefining Customer Engagement: From Notifications to Conversational Banking,20250785,abhinav jha,2025,https://2025.globalfintechfest.com/speakers,2026-08-25T06:37:05Z
Mr. Abhinav Parashar,CEO and Co-Founder,Digio,India,"Abhinav is the CEO and Co-Founder of Digio. He is a Software Engineer turned Entrepreneur with +15 years of industry experience. He had been instrumental in developing high-performance systems during his stint at Flipkart, which laid the foundation for scaling Digio to become one of the largest digital enablers in the BFSI sector for its offerings around Digital Onboarding Workflows, Digital KYC, Video KYC, Digital Signing and Documentation, Recurring Payments, and AML.",https://www.linkedin.com/in/abhinavparashar/,https://2025.globalfintechfest.com/media/Speakers_2_28_removebg_preview_7661d67610.png,Four - Category C,Zero to Trust: Building the Digital KYC+Onboarding Stack,20250574,abhinav parashar,2025,https://2025.globalfintechfest.com/speakers,2026-08-25T06:37:05Z
Mr. Abhiroop Medhekar,Co-Founder and Chief Executive Officer,Velocity,India,"Abhiroop Medhekar is the Co-founder & CEO of Velocity, India’s leading eCommerce enabler that powers digital-first brands via working capital financing & other products. He has shaped Velocity into a trusted partner for 1000s of eCommerce brands across India. Before Velocity, he was a VC at Elevation Capital, focusing on fintech & spent 5 years at McKinsey advising leading orgs in the financial sector. He co-founded Taskbob, a consumer internet startup that achieved market leadership in Mumbai.",https://www.linkedin.com/in/abhiroopm/,https://2025.globalfintechfest.com/media/Copy_of_GFF_25_Speakers_Set_3_1_removebg_preview_8fb1b7a771.png,Four - Category C,Lending as a Platform: Can Indian Fintechs Build Global-Scale Credit Marketplaces?,20250768,abhiroop medhekar,2025,https://2025.globalfintechfest.com/speakers,2026-08-25T06:37:05Z
Mr. Abhisar Sharma,Managing Director & CEO,NADL (NESL Asset Data Limited),India,,https://www.linkedin.com/in/abhisar-sharma-9a526312/?originalSubdomain=in,https://2025.globalfintechfest.com/media/GFF_25_Speakers_Set_2_12_removebg_preview_1e8a5f6b1f.png,Four - Category C,"Collections 2.0: Compliance-First Collections + Gamification, UPI-Pull, and Conversational AI",20250320,abhisar sharma,2025,https://2025.globalfintechfest.com/speakers,2026-08-25T06:37:05Z
Mr. Abhishek Arun,President - Platform Strategy & Commercialization,M2P Fintech,,,,https://2025.globalfintechfest.com/media/GFF_25_Speakers_7_removebg_preview_5b87bf2bc2.png,Four - Category C,"The Convergence of Payments, Credit, and Social Commerce",20250320;20250552,abhishek arun,2025,https://2025.globalfintechfest.com/speakers,2026-08-25T06:37:05Z
Mr. Abhishek Asawa,Co-founder,Nurix AI,India,"Abhishek Asawa is the Co-founder of Nurix AI, building enterprise-grade agentic AI systems that transform conversational workflows and drive measurable business outcomes. A former consultant at McKinsey and Chief of Staff at Tata Digital, he holds degrees from IIT Bombay and IIM Calcutta, and is a CFA Level 3 charterholder.",https://www.linkedin.com/in/abhiasawa/,https://2025.globalfintechfest.com/media/Speakers_2_2025_10_06_T130721_588_857f8572d7.png,Four - Category C,"Building GenAI into Your Fintech Stack: Architecture, APIs & Integration",20250221,abhishek asawa,2025,https://2025.globalfintechfest.com/speakers,2026-08-25T06:37:05Z
Mr. Abhishek Bali,CEO & Co-founder,ZIGRAM,India,"Abhishek Bali is the CEO and Co-Founder of ZIGRAM, with over 17 years of expertise in anti-money laundering, financial crime compliance, data assets and third-party risks. He has worked on engagements and initiatives across the world as part of work with organizations like KPMG, BMR Advisors, Dun & Bradstreet, and Axis Bank. Abhishek leads various business initiatives and data solutions that leverage machine learning, artificial intelligence, data assets, and deep technology applications, to solve real-world problems in the risk and compliance domain. Products and technologies developed by him are in the space of Anti-Money Laundering (AML), politically exposed persons (PEPs), KYC/DD, adverse media, country watchlists, sanctions, cannabis-related businesses, high-risk individuals, and entity & news monitoring. Abhishek is ACAMS certified and a co-chair of the India Chapter of ACFCS.",https://www.linkedin.com/in/abhishekbali85/?originalSubdomain=in,https://2025.globalfintechfest.com/media/Mr_Abhishek_Bali_removebg_preview_ab74ffc5e9.png,Four - Category C,Operationalising DPDP – Lessons for the Financial Sector Ecosystem,20250512,abhishek bali,2025,https://2025.globalfintechfest.com/speakers,2026-08-25T06:37:05Z
Mr. Abhishek Dalmiya,Global Head - Strategic Alliances and Developer Ecosystem,Tally Solutions,India,,,https://2025.globalfintechfest.com/media/Copy_of_GFF_25_Speakers_Set_3_2_removebg_preview_1_45116a2aaa.png,Four - Category C,,,abhishek dalmiya,2025,https://2025.globalfintechfest.com/speakers,2026-08-25T06:37:05Z
Mr. Abhishek Deshmukh,"Senior Executive Vice President & Country Head, Unsecured Loans Business",HDFC Bank,India,"Abhishek Deshmukh, SEVP & Country Head – Unsecured Loans at HDFC Bank, brings 28+ years of experience in consumer banking, program management, and distribution strategy. Known for launching premium banking and wealth programs, he has transformed businesses through vision and execution. Now leading the launch of Personal Loans on ONDC, he is driving financial inclusion and reshaping digital lending with accessible, transparent credit.",https://www.linkedin.com/in/abhishek-deshmukh-b034849?utm_source=share&utm_campaign=share_via&utm_content=profile&utm_medium=android_app,https://2025.globalfintechfest.com/media/Speakers_2_2025_10_05_T163140_666_d57b73a3e9.png,Four - Category C,"Unlocking India’s Credit Network: Standardized, Inclusive, and Built on ONDC",20250292,abhishek deshmukh,2025,https://2025.globalfintechfest.com/speakers,2026-08-25T06:37:05Z
Mr. Abhishek Kumar Singh,Deputy Director General,Unique Identification Authority of India,India,"Abhishek Kumar Singh, Deputy Director General at UIDAI, is a senior civil servant with over two decades of experience. He currently leads technology management, authentication, and enforcement functions focusing on building digital infra and enhancing ease of living & business through Aadhaar authentication. Formerly, as OSD to the Minister for Railways, Communications & IT, he contributed to key policy reforms like Post Office Act, 2023 and expansion of postal network for financial inclusion",,https://2025.globalfintechfest.com/media/Speakers_2_69_c507b9cd44.png,Four - Category C,Balancing Security & Convenience with Biometric Based Payments,20250087;20250421,abhishek kumar singh,2025,https://2025.globalfintechfest.com/speakers,2026-08-25T06:37:05Z
Mr. Abhishek Lahiri,"Vice President - Government Affairs, South Asia",Mastercard,India,"Abhishek Lahiri is VP & Head of Government Affairs and Public Policy, South Asia at Mastercard. With 20 yrs in fintech, payments, e-commerce, and emerging tech, he has led policy roles at Google Pay & Amazon Pay. He has worked across South Asia, Africa, ME & Pacific, shaping policy on fintech, inclusion, MSMEs, SHGs & women empowerment. He drove NABARD’s Bank Sakhi pilot, played a key role in Digi Dhan, and earlier advised governments as part of Big4 firms.",https://www.linkedin.com/in/abhishek-lahiri-5b49a49/?originalSubdomain=in,https://2025.globalfintechfest.com/media/Speakers_2_78_259e2ea16e.png,Four - Category C,"The Neural Network of Money: AI, Policy, and the Next Generation of Cross-Border Infrastructure",20250637,abhishek lahiri,2025,https://2025.globalfintechfest.com/speakers,2026-08-25T06:37:05Z
Mr. Abhishek Saxena,Founder,OmniCard,India,"Abhishek Saxena is the Founder of OmniCard and Managing Director of Taisys India, with over 19 years of experience in business and technology. An IIT-BHU alumnus, he has worked with global majors like HTC (Taiwan) and Samsung, and holds 8 patents in advanced technologies, including artificial intelligence. He is driving innovations in digital payments, fleet spend management, and IoT-led financial solutions for enterprises.",http://linkedin.com/in/abhishek-saxena-eroute?originalSubdomain=in,https://2025.globalfintechfest.com/media/Speakers_2_29_32622d93a5.png,Four - Category C,The Next Growth Engine: IoT-Enabled Payments for New India,20250702,abhishek saxena,2025,https://2025.globalfintechfest.com/speakers,2026-08-25T06:37:05Z
Mr. Abhishek Varshney,Sr. Lead Partnership,Sahamati,,"Abhishek Varshney is a seasoned lending expert, leading Partnerships at Sahamati to drive adoption of India’s Account Aggregator framework. With leadership roles at PNB Housing, Clix Capital, and India Shelter, he has over a decade of experience in digital transformation, strategic projects, and advocacy. Renowned for building impactful partnerships, he champions technology-driven financial inclusion and open digital ecosystems.",https://www.linkedin.com/in/abhishek-varshneya/,https://2025.globalfintechfest.com/media/Speakers_2_30_removebg_preview_00cdf00954.png,Four - Category C,"Use Case Showcase Workshop: “AA in Action""",20250720;20250799,abhishek varshney,2025,https://2025.globalfintechfest.com/speakers,2026-08-25T06:37:05Z
Mr. Adeeb Ahamed,Managing Director,Lulu Financial Holdings,,,https://www.linkedin.com/in/adeeb-ahamed/?originalSubdomain=ae,https://2025.globalfintechfest.com/media/GFF_25_Speakers_83_removebg_preview_92cb77764d.png,Four - Category C,,,adeeb ahamed,2025,https://2025.globalfintechfest.com/speakers,2026-08-25T06:37:05Z
Mr. Adhil Shetty,CEO,BankBazaar.com,,"Adhil Shetty is the Co-founder and CEO, BankBazaar: India’s largest fintech co-branded credit card issuer and online platform for free credit score with a registered customer base of 63 Mn. A Fintech thought leader, Adhil is one of the most widely read expert and influencer on personal finance in India. He works closely with regulatory bodies to promote a strong digital ecosystem to facilitate greater access to personal finance products. He is also the Co-Chair of the FICCI Fintech Committee.",https://www.linkedin.com/in/adhilshetty/,https://2025.globalfintechfest.com/media/Speakers_2_31_removebg_preview_310e151a32.png,Four - Category C,Building Moats to Sustain Fintech Growth,20250428,adhil shetty,2025,https://2025.globalfintechfest.com/speakers,2026-08-25T06:37:05Z
Mr. Aditya Damani,Founder and CEO,Credit Fair,,"Aditya founded Credit Fair in 2018 to drive financial inclusion and create impactful solutions for underserved Indians. With an MBA from London Business School, Aditya brings expertise from his roles at Oakam, PIMCO USA, and private equity advisory in India. His blend of mobile, B2B, and institutional lending experience has been instrumental in Credit Fair’s growth to over ₹1000cr in disbursement and a leading position among rooftop solar lenders.",https://www.linkedin.com/in/adityadamani/,https://2025.globalfintechfest.com/media/Speakers_2_2025_09_26_T102624_607_f425c968cb.png,Four - Category C,Future of Green Finance: Aligning DFI and MDBs Green Financing Strategies with AI and Fintech,20250163,aditya damani,2025,https://2025.globalfintechfest.com/speakers,2026-08-25T06:37:05Z
Mr. Aditya Haripurkar,CEO,Hitpay,Singapore,"Aditya Haripurkar is the Co-Founder & CEO of HitPay, a Singapore-based full-stack payments infrastructure platform empowering SMBs across APAC. Under his leadership, HitPay serves 20,000+ businesses, holds licenses in 5 markets, and offers access to 700+ payment channels. Backed by Y Combinator, Tiger Global, and others, HitPay has grown revenues 250% YoY, becoming a leading force in real-time and cross-border payments.",https://www.linkedin.com/in/adityaharipurkar/,https://2025.globalfintechfest.com/media/Speakers_2_2025_09_20_T101830_111_removebg_preview_ba70d3330c.png,Four - Category C,Fintechs as the Enabler of Global Mobility,20250547,aditya haripurkar,2025,https://2025.globalfintechfest.com/speakers,2026-08-25T06:37:05Z
Mr. Aditya Harkauli,Chief Business Officer: Head of Digital Banking,Unity Small Finance Bank,,,,https://2025.globalfintechfest.com/media/Speakers_2_87_removebg_preview_1_ba551f8528.png,Four - Category C,,,aditya harkauli,2025,https://2025.globalfintechfest.com/speakers,2026-08-25T06:37:05Z
Mr. Aditya Khullar,Managing Director - India,Adyen,,,https://www.linkedin.com/in/aditya-khullar/?originalSubdomain=in,https://2025.globalfintechfest.com/media/GFF_25_Speakers_89_removebg_preview_f8676183f4.png,Four - Category C,,,aditya khullar,2025,https://2025.globalfintechfest.com/speakers,2026-08-25T06:37:05Z
Mr. Aditya Singh,Founder,Tapfin,,,,https://2025.globalfintechfest.com/media/thumbnail_Speakers_2_4_37850fdc8b_07e3d13795_1e628f0bc4_96c09b4db9.png,Three - Category B,Lending as a Platform: Can Indian Fintechs Build Global-Scale Credit Marketplaces?,20250768,aditya singh,2025,https://2025.globalfintechfest.com/speakers,2026-08-25T06:37:05Z
Mr. Aditya Soni,CEO & Founder,CheQ,India,"I have over 20 years of experience in fintech, payments and e-commerce, with a track record of building and scaling businesses, driving innovation, and leading teams. Prior to founding CheQ Digital, I was the business head of payments and fintech group at Flipkart, India's largest e-commerce platform, where I set up and grew the fintech businesses and made the group a multi billion dollar business.",https://www.linkedin.com/in/adityasoni?utm_source=share&utm_campaign=share_via&utm_content=profile&utm_medium=android_app,https://2025.globalfintechfest.com/media/Speakers_2_28_ba27bc3b0a.png,Four - Category C,"The Convergence of Payments, Credit, and Social Commerce",20250552,aditya soni,2025,https://2025.globalfintechfest.com/speakers,2026-08-25T06:37:05Z
Mr. Ahmed Bashir,CVP Engineering,DevRev,USA,"Ahmed leads the global Engineering team at DevRev. Before this, he was Director of Engineering at Apple for 12+ years, focusing on building Apple Cloud, distributed storage, low-latency edge, data analytics, and high-scale platform engineering.",https://www.linkedin.com/in/ahmedmbashir/,https://2025.globalfintechfest.com/media/GFF_25_Speakers_removebg_preview_66d4ee816a.png,Four - Category C,AI Meets Finance: From Payments to Predictive Operations,20250568,ahmed bashir,2025,https://2025.globalfintechfest.com/speakers,2026-08-25T06:37:05Z
Mr. AJ Jester,DevRel,MinIO,USA,"AJ is a Specialist in the field of DevOps/SRE with over 20 years of empirical operational experience. He not only architects and designs, but also implements and maintains the infrastructure thereafter, the whole nine yards, soup to nuts. He ventures out to learn unfamiliar things, digging in to finding the root cause and coming up with tangible solutions. He also empowers new upcoming engineers in the DevOps field to educate them on the best practices using his experience spanning two decades.",,https://2025.globalfintechfest.com/media/GFF_25_Speakers_1_removebg_preview_3a12a93530.png,Four - Category C,,,aj jester,2025,https://2025.globalfintechfest.com/speakers,2026-08-25T06:37:05Z
Mr. Ajay Kanwal,Managing Director & CEO,Jana SFB,,,https://www.linkedin.com/in/ajay-kanwal-146871134/?originalSubdomain=in,https://2025.globalfintechfest.com/media/GFF_25_Speakers_29_removebg_preview_d9f01df17c.png,Four - Category C,Balancing Security & Convenience with Biometric Based Payments,20250421,ajay kanwal,2025,https://2025.globalfintechfest.com/speakers,2026-08-25T06:37:05Z
Mr. Ajay Kaushal,Co-Founder & CEO,Billdesk,,,,https://2025.globalfintechfest.com/media/GFF_25_Speakers_68_removebg_preview_66bf3584f3.png,Three - Category B,,,ajay kaushal,2025,https://2025.globalfintechfest.com/speakers,2026-08-25T06:37:05Z
Mr. Ajay Kumar Choudhary,Non-Executive Chairman & Independent Director,National Payments Corporation of India,India,,,https://2025.globalfintechfest.com/media/Speakers_2_12_removebg_preview_1_1eaeeff801.png,Two - Category A,AI’s Promise and Peril: Building Responsible Intelligence for Inclusive Finance,20250879,ajay kumar choudhary,2025,https://2025.globalfintechfest.com/speakers,2026-08-25T06:37:05Z
Mr. Ajay Lakhotia,Founder and CEO,StockGro,India,"Ajay Lakhotia, ex-VC and founder of StockGro, turns market noise into conviction. His advisory-led platform connects millions to SEBI-registered experts and real-time signals. With Stoxo—StockGro’s AI—he fuses human analysis and machine insight to democratize credible advice and help India build resilient, smarter portfolios.",https://in.linkedin.com/in/ajaylakhotia,https://2025.globalfintechfest.com/media/Speakers_2_2025_09_19_T164700_721_removebg_preview_eb950de7fe.png,Four - Category C,Advancements in AI: Future Prospects in Securities Markets,20250304,ajay lakhotia,2025,https://2025.globalfintechfest.com/speakers,2026-08-25T06:37:05Z
Mr. Ajay Manglunia,"Former MD & CEO, JM Financial and Executive Director",Capri Global Capital,,,,https://2025.globalfintechfest.com/media/GFF_25_Speakers_74_removebg_preview_1f2707d695.png,Four - Category C,"Building a Real-Time, Retail Centric Bond Market: Challenges and Tech Solutions",20250306,ajay manglunia,2025,https://2025.globalfintechfest.com/speakers,2026-08-25T06:37:05Z
Mr. Ajay Prakash Sawhney,Former - Secretary,"Ministry of Electronics and Information Technology, Government of India",,,,https://2025.globalfintechfest.com/media/thumbnail_Speakers_2_4_37850fdc8b_07e3d13795_1e628f0bc4_96c09b4db9_c8d007cacd.png,Four - Category C,Building a Future India Together,20250643,ajay prakash sawhney,2025,https://2025.globalfintechfest.com/speakers,2026-08-25T06:37:05Z
Mr. Ajay Rajan,Country Head – Transaction Banking,Yes Bank,India,,,https://2025.globalfintechfest.com/media/Speakers_2_87_removebg_preview_a8a9b4600c.png,Four - Category C,"Beyond Borders, Beyond Capital: Building a Global Fintech Investment Playbook",20250459,ajay rajan,2025,https://2025.globalfintechfest.com/speakers,2026-08-25T06:37:05Z
Mr. Ajay Sharma,Managing Director & Head - Banking,HSBC,India,"Ajay Sharma is Managing Director & Head of Banking for HSBC India. He is a key member of the HSBC India top team & a member of the Bank’s Executive Committee in the country. Ajay joined HSBC Hong Kong in 2014 as Regional Head of International Subsidiary Banking, then headed the Global Trade & Receivable Finance business across Asia Pacific. In 2023 he moved to India to head the Commercial Banking business. Prior to HSBC, Ajay worked with Citibank for 26 yrs across India London Tokyo & Singapore.",https://www.linkedin.com/in/ajay-sharma-770a3881/?originalSubdomain=in,https://2025.globalfintechfest.com/media/Speakers_2_2025_09_26_T101519_583_fbf3d468c1.png,Four - Category C,"Banking India@100: Financing Growth, Trust, and Global Influence",20250520,ajay sharma,2025,https://2025.globalfintechfest.com/speakers,2026-08-25T06:37:05Z
Mr. Ajay Thomas John,Group Chief Digital Officer,Shriram Capital,,"Ajay Thomas John, Chief Digital Officer at Shriram Capital, leads digital transformation across lending, insurance, investments, and payments. With 20+ years in financial services, fintech, and digital ecosystems, he has driven strategy at Bajaj Finance, HDFC Bank, GE Money, Citigroup, and BankBazaar. At Shriram, he spearheads the Shriram One Super App and digital alliances, blending innovation with execution. A cyclist and sports enthusiast, he also contributed to the 2016 Rio Olympics.",https://www.linkedin.com/in/ajay-thomas-john-46159513,https://2025.globalfintechfest.com/media/GFF_25_Speakers_80_removebg_preview_70678e3b2f.png,Four - Category C,From FLDG to Default: Building Resilient Lending Partnerships,20250318,ajay thomas john,2025,https://2025.globalfintechfest.com/speakers,2026-08-25T06:37:05Z
Mr. Ajaya Kumar Malla,"Senior Vice President, Bharat Banking",Axis Bank,,,,https://2025.globalfintechfest.com/media/thumbnail_Speakers_2_4_37850fdc8b_07e3d13795_1e628f0bc4_96c09b4db9_c8d007cacd.png,Four - Category C,Dematerialisation Mechanism For Commodity Derevatives,20250668,ajaya kumar malla,2025,https://2025.globalfintechfest.com/speakers,2026-08-25T06:37:05Z
Mr. Ajayakumar K R,General Manager & Group CISO,Bank of Baroda,India,"Ajayakumar K.R., Group CISO at Bank of Baroda, brings 28+ years in cybersecurity and IT leadership across public sector banks. Formerly CISO at Vijaya Bank and leader at Union Bank, he has driven major security initiatives, digital transformations, and compliance with global standards. An award-winning leader recognized by IBA and Infosys, he holds CISA, CISM, and leadership credentials from IIM Ahmedabad.",https://in.linkedin.com/in/ajayakumar-k-r-76682817,https://2025.globalfintechfest.com/media/Speakers_2_41_9f7e6be7a7.png,Four - Category C,The New Perimeter: Rethinking Bank Security in an Open API Economy,20250639,ajayakumar k r,2025,https://2025.globalfintechfest.com/speakers,2026-08-25T06:37:05Z
Mr. Ajit Menon,Group Chief Operating Officer,Vivriti Capital,,"Ajit is with Vivriti Capital,is part of the Management & Executive Leadership team. Is the Group Chief Operating Officer for Vivriti’s group, NBFC and Asset Management businesses. In his current role he is accountable for providing Strategic leadership, oversight, Digital Transformation and management of Operations, Propositions, change & systems. He has created high performing teams and set up successful businesses from ground up.",http://www.linkedin.com/in/ajit-k-menon-7880071,https://2025.globalfintechfest.com/media/Speakers_2_51_559de2e68b.png,Four - Category C,From Checkout to Credit: Redefining Aggregator Value Beyond Payments,20250471,ajit menon,2025,https://2025.globalfintechfest.com/speakers,2026-08-25T06:37:05Z
Mr. Akash Arun,Founder and CEO,Glomo Pay,India,,,https://2025.globalfintechfest.com/media/Speakers_2_87_removebg_preview_a8a9b4600c.png,Four - Category C,GIFT IFSC: Transforming Cross Border Payment Ecosystem,20250392,akash arun,2025,https://2025.globalfintechfest.com/speakers,2026-08-25T06:37:05Z
Mr. Akash Sinha,CEO & Cofounder,Cashfree Payments,India,"Akash Sinha, CEO & Co-founder of Cashfree Payments, is among India’s leading fintech founders. A tech-first builder, he has scaled Cashfree into a $80B+ platform powering 800K+ businesses and 600M+ bank accounts. Akash champions innovation rooted in compliance and business impact, pioneering solutions in collections, payouts, cross-border payments, and risk. His foresight continues to shape India’s digital payments ecosystem.",https://www.linkedin.com/in/sinhaakash/,https://2025.globalfintechfest.com/media/Mr_Akash_Sinha_CEO_and_Cofounder_Cashfree_Payments_dbad1d59bd.png,Three - Category B,"Global Ambitions, Local Rules: Can Indian PAs Scale Cross-Border Without Friction?",20250507;75;79,akash sinha,2025,https://2025.globalfintechfest.com/speakers,2026-08-25T06:37:05Z
Mr. Akhil Devmurari,Fintech Sector Head,J.P. Morgan Payments,Singapore,"With a proven track record of driving business growth and building lasting client relationships, Akhil brings a strategic and client-centric approach to the team. With a keen understanding of both financial services and technological advancements, he has successfully led coverage teams to capitalize on emerging opportunities in the rapidly evolving fintech landscape. His passion for innovation and commitment to delivering tailored solutions make him an instrumental leader at J.P Morgan Payments.",,https://2025.globalfintechfest.com/media/GFF_25_Speakers_65_removebg_preview_0dee19ec04.png,Four - Category C,"Global, Instant, Trusted: What the Next Billion Users Will Expect from Finance",20250579,akhil devmurari,2025,https://2025.globalfintechfest.com/speakers,2026-08-25T06:37:05Z
Mr. Akhilesh Tuteja,Partner and Head- Clients & Markets,KPMG,India,"Akhilesh Tuteja is a visionary leader in digital transformation and a distinguished partner at KPMG. With expertise in IT strategy, AI-driven technology, and behavioral psychology, he has guided 200+ clients toward impactful change. A respected thought leader, Akhilesh actively shapes the future of business through intelligent solutions and strategic innovation.",https://www.linkedin.com/in/akhileshtuteja/,https://2025.globalfintechfest.com/media/Speakers_2_32_removebg_preview_6b37e218ad.png,Four - Category C,Digital Credit Infrastructure: Are We Ready for the Next 100 Million Borrowers?,20250319,akhilesh tuteja,2025,https://2025.globalfintechfest.com/speakers,2026-08-25T06:37:05Z
Mr. Akinchan Jain,Head of Asset and Liability Operations,World Bank,USA,"Aki Jain is Head of Asset and Liability Operations at the World Bank Treasury. In this role, Aki leads a global team responsible for supporting approx. $400bn in outstanding debt issuance and $250 billion in AUM for the World Bank and 70+ clients including central banks and official institutions. He leads large business and technology projects and manages relationships with clients, market counter parts, custodians, brokers, and technology vendors.",https://www.linkedin.com/in/aki-jain/,https://2025.globalfintechfest.com/media/MRAKIN_1_edb8df1ff5.PNG,Four - Category C,AI Meets Finance: From Payments to Predictive Operations,20250568,akinchan jain,2025,https://2025.globalfintechfest.com/speakers,2026-08-25T06:37:05Z
Mr. Akshat Birla,Founder & CEO,BharatNXT,India,"Akshat Birla is the Founder & CEO of BharatNXT, a fintech platform driving financial inclusion for India’s small businesses. A serial entrepreneur, Akshat earlier built Finovate Capital, a supply chain financing fintech, and spearheaded Samsung Pay’s global expansion into 20+ countries, including India. His career spans supply chain (i2), banking (Credit Suisse), and corporate strategy in Samsung’s Chairman’s Office, Korea HQ. He is also an active angel investor and Leads INSEAD Angels India.",https://www.linkedin.com/in/akshatbirla,https://2025.globalfintechfest.com/media/Speakers_2_13_55a339e502.png,Four - Category C,Financing India’s Global Ambitions: How Fintechs can Enable $2 Trillion Exports,20250735,akshat birla,2025,https://2025.globalfintechfest.com/speakers,2026-08-25T06:37:05Z
Mr. Akshat Mathur,Head of Account Management- India,Unlimit,India,"Akshat Mathur is a payments and tech expert with 12+ years of experience in driving cross-border growth and digital transformation. As Head of Account Management, India at Unlimit, he helps businesses scale globally with advanced payment solutions. Formerly at dLocal and global firms like Infosys, HP, and Microsoft, he brings deep expertise in tech, customer experience, and AI-driven innovation to meet evolving market needs.",linkedin.com/in/akshat-mathur-1133535b,https://2025.globalfintechfest.com/media/Mr_Akshat_Mathur_Head_of_Account_Management_India_Unlimit_6a70011be9.png,Four - Category C,Commercial Payments 2.0: What is Changing and Why it Matters,20250792,akshat mathur,2025,https://2025.globalfintechfest.com/speakers,2026-08-25T06:37:05Z
Mr. Akshay Chopra,Head of Business,Jocata,India,"Akshay Chopra is the Head of Business at Jocata, India’s leading B2B FinTech & RegTech company. With over two decades of experience in technology, strategic planning, & business growth, Akshay has been spearheading AI-led digital transformation initiatives at large financial institutions. For nearly a decade at Jocata, Akshay has led large-scale growth and modernization mandates across financial crime compliance, digital lending, and credit intelligence in India, ASEAN and the GCC region.",https://www.linkedin.com/in/akshay-chopra-2b93b626/?originalSubdomain=in,https://2025.globalfintechfest.com/media/Speakers_2_33_removebg_preview_e95be8bfa0.png,Four - Category C,AI-Driven Risk Management and Fraud Detection,20250207,akshay chopra,2025,https://2025.globalfintechfest.com/speakers,2026-08-25T06:37:05Z
Mr. Akshay Dhanak,Chief Information Technology Officer,HDFC Asset Management Company,India,"Akshay Dhanak is a distinguished technologist with ~ 3 decades of extensive experience in tech solutions & services delivery across the financial sector. Currently serving as the Chief Information Technology Officer at HDFC Asset Management, Akshay is at the forefront of leveraging advanced technologies, including AI and ML, to drive business scale, process transformation, and enhance productivity. His expertise spans critical financial domains including Asset Management, NBFC & Insurance.",linkedin.com/in/akshaydhanak,https://2025.globalfintechfest.com/media/Speakers_2_34_removebg_preview_893f4ba6aa.png,Four - Category C,Advancements in AI: Future Prospects in Securities Markets,20250304,akshay dhanak,2025,https://2025.globalfintechfest.com/speakers,2026-08-25T06:37:05Z
Mr. Akshay Mehrotra,Group CEO,Fibe,India,"Akshay Mehrotra, Co-founder & Group CEO of Fibe, has built the company into one of India’s most profitable fintech enterprises. With a mission to enhance young India’s financial well-being, he has scaled Fibe to 25M+ users and disbursed ₹33,000 crore+ in loans. He combines strategic foresight with a deep understanding of consumer behaviour, honed over two decades in leadership roles, making him a key voice in digital lending.",https://in.linkedin.com/in/akshay-mehrotra-b671925,https://2025.globalfintechfest.com/media/Speakers_2_35_removebg_preview_290437b2eb.png,Four - Category C,Using Big Data & AI to Personalize and Enhance Lending Decisions,20250655;62,akshay mehrotra,2025,https://2025.globalfintechfest.com/speakers,2026-08-25T06:37:05Z
Mr. Alan Lim,"Director & Head, Financial Infrastructure and Artificial Intelligence Office",Monetary Authority of Singapore,Singapore,"Alan heads the Financial Infrastructure and Artificial Intelligence Office at the Monetary Authority of Singapore. He is responsible for developing Singapore’s digital financial infrastructure and leads strategies to foster responsible innovation in Applied AI and Asset Tokenisation. Prior to this, he held various leadership roles in the private sector including managing consulting and software development teams across Asia Pacific.",https://linkedin.com/in/alanlim,https://2025.globalfintechfest.com/media/Speakers_2_36_removebg_preview_d80117304d.png,Three - Category B,Asset Tokenisation – The Next Innovation in Finance,20250593,alan lim,2025,https://2025.globalfintechfest.com/speakers,2026-08-25T06:37:05Z
Mr. Alex Chriss,President & CEO,PayPal,,,https://www.linkedin.com/in/alexchriss/,https://2025.globalfintechfest.com/media/GFF_25_Speakers_100_removebg_preview_e62283a493.png,Two - Category A,"The Future of Payments: PayPal, India, and Global Opportunities",20250740,alex chriss,2025,https://2025.globalfintechfest.com/speakers,2026-08-25T06:37:05Z
Mr. Alex von Schirmeister,"Managing Director, Emerging Markets and New Ventures",Xero,United Kingdom,"Alex is responsible for leading Xero’s operations across the UK, Europe, the Middle East and Africa. He has more than 25 years’ of senior leadership experience, having led teams across Europe and Latin America in ecommerce, payments, telecommunications, FMCG and consultancy. Prior to Xero, Alex led the European operations for small business payments technology company SumUp, and before that held senior leadership positions at Electrocomponents and eBay, where he gained exposure to a large constituency of merchant sellers. Alex is a member of the UK Government's Department for Business and Trade SME Digital Adoption Taskforce.",https://uk.linkedin.com/in/alexander-von-schirmeister-045375,https://2025.globalfintechfest.com/media/GFF_25_Speakers_14_removebg_preview_929463d1e0.png,Three - Category B,"Global from the Ground Up: Reimagining Fintech for a Multi-Currency, Multi-Regulator Future",20250566,alex von schirmeister,2025,https://2025.globalfintechfest.com/speakers,2026-08-25T06:37:05Z
Mr. Alexandre Kech,Chief Executive Officer,GLEIF - Global Legal Entity Identifier Foundation,Switzerland,"Alexandre Kech is CEO of the Global Legal Entity Identifier Foundation (GLEIF). Before joining GLEIF, he led the Digital Securities business at SIX Digital Exchange as a member of the Executive Board. Over 25 years, Alex has built a diverse career spanning finance (BNY Mellon), market infrastructure (SWIFT), and blockchain (Onchain Custodian, Citi Ventures)As co-founder and CEO of Onchain Custodian, he launched digital asset custody services in Asia. At Citi Ventures, he led European blockchain.",https://www.linkedin.com/in/alexandrekech/,https://2025.globalfintechfest.com/media/Alexandre_Kech_1e79c92ba3.png,Three - Category B,LEI (Legal Entity Identifier) - From Regulatory Mandates to Marketplace: The Untapped Potential of LEI in Digital Economy,20250183,alexandre kech,2025,https://2025.globalfintechfest.com/speakers,2026-08-25T06:37:05Z
Mr. Alexandre Stervinou,"Director, Cash & Retail Payments Policy and Oversight Directorate",Banque de France,India,"Mr. Stervinou is Director of the Cash and Retail Payments Policy and Oversight Directorate at the Banque de France, a 55+ staff directorate in charge of strategic policy, oversight and security of all types of retail payments, with a focus on fostering innovations in those fields, e.g. CBDC with the digital euro. The Directorate also has a direct responsibility on cash anti-counterfeiting matters. Prior to this, he held various roles at BdF, the FSB and in the private sector.",https://www.linkedin.com/in/alexandre-stervinou-41975845/,https://2025.globalfintechfest.com/media/GFF_25_Speakers_21_removebg_preview_2f537ec898.png,Two - Category A,The Next Bretton Moment: Can Public Infrastructure Rewrite the Rules of Global Finance?,20250571,alexandre stervinou,2025,https://2025.globalfintechfest.com/speakers,2026-08-25T06:37:05Z
Mr. Allu Arjun,Indian Actor,,,"Allu Arjun is a prominent Indian actor primarily known for his work in Telugu cinema. He is often referred to by the nicknames ""Stylish Star"" and ""Icon Star"".",,https://2025.globalfintechfest.com/media/GFF_25_Speakers_99_removebg_preview_e77fba3ad7.png,Three - Category B,,,allu arjun,2025,https://2025.globalfintechfest.com/speakers,2026-08-25T06:37:05Z
Mr. Alok Mittal,Co-founder and CEO,Indifi,India,"Alok is Co-founder and Executive Chairman of Indifi, India's leading full-stack platform for enabling debt financing for small businesses. Alok is also an active angel investor, and currently on the Global Board of The Indus Entrepreneurs.",https://www.linkedin.com/in/alok-mittal-590a/,https://2025.globalfintechfest.com/media/Speakers_2_49_2844b4e239.png,Four - Category C,Disruption in Credit for Last Mile Inclusion,20250434,alok mittal,2025,https://2025.globalfintechfest.com/speakers,2026-08-25T06:37:05Z
Mr. Alvinder Singh,Head,Monetary Authority of Singapore,Singapore,"Alvinder Singh heads the Innovation Acceleration Office, a division in the FinTech and Innovation Group at the Monetary Authority of Singapore.",,https://2025.globalfintechfest.com/media/Speakers_2_37_removebg_preview_95975a84f8.png,Three - Category B,"Fintech Futures – Sandboxes, Innovation Hubs, and Policy Labs",20250406,alvinder singh,2025,https://2025.globalfintechfest.com/speakers,2026-08-25T06:37:05Z
Mr. Aman Khandelwal,CEO,Cliniq360,India,"Aman Khandelwal is the Founder & CEO of CliniQ360, AI-powered solutions to make healthcare and financial services more accessible for underserved communities in India. Through pioneering work with the Open Network for Digital Commerce (ONDC), Aman is enabling insurance and credit distribution to reach Tier 2 and beyond cities, bridging critical gaps in affordability and inclusion.",https://www.linkedin.com/in/aman-khandelwal2692/,https://2025.globalfintechfest.com/media/Speakers_2_38_removebg_preview_3d00c3357d.png,Four - Category C,From Access to Action: Unlocking Affordable Insurance on ONDC,20250293,aman khandelwal,2025,https://2025.globalfintechfest.com/speakers,2026-08-25T06:37:05Z
Mr. Amarjeet Singh,Whole Time Member (WTM),Securities and Exchange Board of India,India,,,https://2025.globalfintechfest.com/media/Speakers_2_13_removebg_preview_7f0972ffad.png,Two - Category A,Democratizing Wealth Creation: Leveraging Technology to Enhance Capital Access and Inclusion,20250399,amarjeet singh,2025,https://2025.globalfintechfest.com/speakers,2026-08-25T06:37:05Z
Mr. Ambar Sur,Founder and CEO,Terrapay,UAE,"An enterprising figure, Ambar Sur co-founded TerraPay Payment Services, a licensed digital payments infrastructure and solutions provider, with his close associates and friends, Mr. Ram Sundaram, Aniruddha Sane, and Akbar Hussain. Heading the organisation as its Chief Executive Officer, Ambar Sur is the man at helm for steering the organisational presence across continents and nations.",https://www.linkedin.com/in/ambarsur,https://2025.globalfintechfest.com/media/Speakers_2_2025_09_19_T165340_681_removebg_preview_81eee5db5f.png,Four - Category C,How Real Time Rails are Redefining Global Payments,20250654,ambar sur,2025,https://2025.globalfintechfest.com/speakers,2026-08-25T06:37:05Z
Mr. Ambarish Kenghe,Group CEO,Angel One,India,,,https://2025.globalfintechfest.com/media/Speakers_2_23_96bcecf8e7.png,Three - Category B,Fintech Innovations and Growth - Exploring the Opportunities for Fintech Innovation and Growth in India,20250401,ambarish kenghe,2025,https://2025.globalfintechfest.com/speakers,2026-08-25T06:37:05Z
Mr. Ambuj Chandna,Managing Director - Retail Banking,DBS Bank India,,,,https://2025.globalfintechfest.com/media/Speakers_2_87_removebg_preview_1_ba551f8528.png,Four - Category C,,,ambuj chandna,2025,https://2025.globalfintechfest.com/speakers,2026-08-25T06:37:05Z
Mr. Amit Das,CoFounder and CEO,Think360 / ConsenPro,,,,https://2025.globalfintechfest.com/media/GFF_25_Speakers_6_removebg_preview_fe8b082cbc.png,Four - Category C,"Leveraging AI: Use Cases, Benefits and Challenges",20250303,amit das,2025,https://2025.globalfintechfest.com/speakers,2026-08-25T06:37:05Z
Mr. Amit Goel,Founder & Managing Partner,gAI Ventures,India,"Amit is building and Investing in the AI space at gAI Ventures. gAI Ventures is a venture builder focused on launching Vertical AI companies in Financial Services, Enterprise Productivity and Commerce. gAI current portfolio includes FastTrackr AI (FastTrackr.ai) and Swik AI (Swik.ai) He is also early stage investor in around 30 AI, Fintech and other startups. he was earlier the Country Head, India & VP at Prove. He was the Founder of MEDICI that was acquired by Prove.",https://www.linkedin.com/in/amitpayments/,https://2025.globalfintechfest.com/media/Speakers_2_2025_09_21_T180853_966_5037127c1d.png,Four - Category C,The Future of Intelligent Commerce: How AI is Rewiring the Way the World Transacts,20250752,amit goel,2025,https://2025.globalfintechfest.com/speakers,2026-08-25T06:37:05Z
Mr. Amit Hooja,Founder & CEO,Paysecure Technology,,"Amit Hooja, CEO of Paysecure, leads a UK-based payment tech company delivering intelligent orchestration solutions globally. A technocrat with exceptional business acumen, he has built a platform that optimizes approvals, reduces fraud, and simplifies cross-border payments. A visionary leader and serial fintech investor, Amit is dedicated to innovation, growth, and supporting next-gen financial technologies worldwide.",https://www.linkedin.com/in/amithooja/,https://2025.globalfintechfest.com/media/GFF_25_Speakers_9_removebg_preview_0f17dd58a1.png,Four - Category C,Beyond Checkout: How Payment Aggregators Are Becoming Full-Stack Merchant Platforms,20250503;20250563,amit hooja,2025,https://2025.globalfintechfest.com/speakers,2026-08-25T06:37:05Z
Mr. Amit Jain,Partner,PwC,India,,,https://2025.globalfintechfest.com/media/Speakers_2_11_937f83b1f9.png,Four - Category C,"The Future of Money Movement: Real-Time, AI-Powered, and Borderless",20250364,amit jain,2025,https://2025.globalfintechfest.com/speakers,2026-08-25T06:37:05Z
Mr. Amit Kapoor,Founder & CEO,OneStack,India,"Two-time Fintech Founder | Founder & CEO – OneStack | Past CEO & Co-Founder – Airpay A new-age business leader with 15+ years of experience in building and scaling innovative businesses across FinTech, Payments, Hospitality, Consumer Internet, Entertainment, and Advertising. Passionate about leveraging technology to drive profitable growth, create shareholder value, and deliver digital-first innovations that make a real difference.",https://www.linkedin.com/in/onemoreamit/,https://2025.globalfintechfest.com/media/GFF_25_Speakers_16_removebg_preview_64647141f4.png,Four - Category C,"Beyond APIs : Can India's Fintech Infra Power the Next Billion in Asia, Africa & Beyond",20250554,amit kapoor,2025,https://2025.globalfintechfest.com/speakers,2026-08-25T06:37:05Z
Mr. Amit Kumar,Co-founder & CTO,Easebuzz,India,"Amit Kumar is the Co-founder & CTO of Easebuzz, an RBI-authorised Payment Aggregator. With 18 years across technology, banking, and finance, he has pioneered the “SaaS-over-Payments” verticalization strategy, building scalable fintech platforms for several domains and enterprises. A former Ericsson and TCS leader, Amit is a fintech strategist and thought leader driving innovation, financial inclusion, and compliance-led growth.",https://www.linkedin.com/in/amit-kumar-5b675931/,https://2025.globalfintechfest.com/media/GFF_25_Speakers_31_removebg_preview_0461d9fa4a.png,Four - Category C,Beyond Checkout: How Payment Aggregators Are Becoming Full-Stack Merchant Platforms,20250503,amit kumar,2025,https://2025.globalfintechfest.com/speakers,2026-08-25T06:37:05Z
Mr. Amit Lakhotia,Founder,ParkPlus,India,,,https://2025.globalfintechfest.com/media/Speakers_2_87_removebg_preview_a8a9b4600c.png,Four - Category C,The Next Growth Engine: IoT-Enabled Payments for New India,20250702,amit lakhotia,2025,https://2025.globalfintechfest.com/speakers,2026-08-25T06:37:05Z
Mr. Amit Mahajan,Chief Technology Officer,Central Depository Services (India) Limited,India,"Amit Mahajan currently serves as the CTO at CDSL, the leading depository in India. A seasoned technocrat with a robust business acumen, He brings a wealth of expertise in web technologies, app development, and procurement. With an illustrious career spanning three decades, his professional journey includes the proficient management of IT application portfolios across diverse sectors, including depositories & stock exchanges. He has been mentioned among the top 100 CTOs in India by StartupLanes.",www.linkedin.com/in/amit-mahajan-a746372,https://2025.globalfintechfest.com/media/Speakers_2_39_removebg_preview_09b4dabf86.png,Four - Category C,One-Stop Shop across the Available Assets – Technological Gaps and Viability,20250309,amit mahajan,2025,https://2025.globalfintechfest.com/speakers,2026-08-25T06:37:05Z
Mr. Amit Mahendra Sharma,Chief Risk Officer,FINDI,India,,,https://2025.globalfintechfest.com/media/Speakers_2_87_removebg_preview_a8a9b4600c.png,Four - Category C,From Trust Gaps to Credit Gains: Rethinking Onboarding in the AI Era,20250578,amit mahendra sharma,2025,https://2025.globalfintechfest.com/speakers,2026-08-25T06:37:05Z
Mr. Amit Nigam,Executive Director & CEO,FindiBANKIT,,"Amit, CEO and co-founder of FindiBANKIT, is a fintech trailblazer who has helped shape India's digital payments landscape. With over 20 years in sales, strategy, and operations, he has led FindiBANKIT - from idea to one of India's fastest-growing assisted digital platforms. A founding member of Spice Money, Amit has been instrumental in expanding financial access for underserved communities. His background includes leadership roles at Bharti Airtel, ESSAR, and others, and he holds a management postgrad, Six Sigma Black Belt, and global quality training. Amit combines precision, passion, and executional excellence to build scalable, inclusive fintech solutions.",,https://2025.globalfintechfest.com/media/GFF_25_Speakers_27_removebg_preview_eca50c591c.png,Four - Category C,,,amit nigam,2025,https://2025.globalfintechfest.com/speakers,2026-08-25T06:37:05Z
Mr. Amit Talgeri,Chief Risk Officer,Axis Bank,India,Mr. Amit Talgeri is the Group Chief Risk Officer of Axis Bank. He has over 30 years of experience with some of the leading banks and financial institutions in the country and overseas and has been with Axis Bank since April 2019. He has been responsible for strengthening the risk management and cyber security framework across the Group. Mr. Amit Talgeri also represents the Bank in various regulatory and industry forums on ESG & Risk Management.,,https://2025.globalfintechfest.com/media/Speakers_2_1_7c2e86a4ba.png,Four - Category C,Transforming Lending with AA: From Risk Assessment to Recovery,20250718,amit talgeri,2025,https://2025.globalfintechfest.com/speakers,2026-08-25T06:37:05Z
Mr. Amit Talwar,Chief Executive Officer,Niyo Forex,India,"Recently taken charge as CEO at Niyo Forex, India’s leading travel fintech platform, enabling over two million outbound travellers with seamless and affordable cross-border payments. Prior to joining Niyo, Amit has worked with leading Indian Private sector banks in India, for nearly 26 years, handling domestic & cross border payments and had stints in India & overseas markets. In his last assignment, he was Head - Transaction Banking Group at IndusInd Bank Ltd.",linkedin.com/in/amit-talwar-6196a83,https://2025.globalfintechfest.com/media/Speakers_2_40_removebg_preview_25f4a12af0.png,Four - Category C,The Convergence of Payments and FX: India's Next Fintech Opportunity,20250656,amit talwar,2025,https://2025.globalfintechfest.com/speakers,2026-08-25T06:37:05Z
Mr. Amit Thakur,Director - Product,PayU,,,,https://2025.globalfintechfest.com/media/thumbnail_Speakers_2_4_37850fdc8b_07e3d13795_1e628f0bc4_96c09b4db9.png,Four - Category C,"Intelligent Authentication Suite: Smarter, Faster, Safer Payments for India and Beyond",20250840,amit thakur,2025,https://2025.globalfintechfest.com/speakers,2026-08-25T06:37:05Z
Mr. Amitabh Chaudhry,Managing Director & CEO,Axis Bank,India,,https://in.linkedin.com/in/amitabh-chaudhry-7b560b1,https://2025.globalfintechfest.com/media/Amitabh_Chaudhry_removebg_preview_e2e2dfbe60.png,Two - Category A,Customer Obsession at Scale: Balancing Empathy and Economics,20250430,amitabh chaudhry,2025,https://2025.globalfintechfest.com/speakers,2026-08-25T06:37:05Z
Mr. Amol Dethe,Editor,ETBFSI,,,https://www.linkedin.com/in/amol-dethe/?originalSubdomain=in,https://2025.globalfintechfest.com/media/Speakers_2_2025_09_20_T171718_136_2df5579bf4.png,Four - Category C,From FinTech to TechFin: Who Will Shape the Next Decade of BFSI,20250890,amol dethe,2025,https://2025.globalfintechfest.com/speakers,2026-08-25T06:37:05Z
Mr. Amol Patel,"SVP, Product & Design",LendingClub,,,,https://2025.globalfintechfest.com/media/GFF_25_Speakers_9_removebg_preview_eacc5c01d6.png,Four - Category C,,,amol patel,2025,https://2025.globalfintechfest.com/speakers,2026-08-25T06:37:05Z
Mr. Amrish Rau,Chief Executive Officer,Pine Labs,India,"Amrish Rau is the CEO of Pine Labs. He has over two decades of rich experience in the fintech industry, having run fintech organizations and having worked with large banks to implement payments and delivery channel strategies. Amrish has also worked with other global organizations including First Data, NCR and Siemens Nixdorf. In 2013, Amrish founded CitrusPay which was acquired by PayU in 2016 for USD 150 million.",https://www.linkedin.com/in/amrish-rau-4158339/?originalSubdomain=sg,https://2025.globalfintechfest.com/media/GFF_25_Speakers_2_removebg_preview_a50a9ffe9d.png,Three - Category B,"Fintech Kal, Aaj aur Kal: Imperitives for Future Growth",20250786,amrish rau,2025,https://2025.globalfintechfest.com/speakers,2026-08-25T06:37:05Z
Mr. Anand Balaji,Co-founder,Xflow,India,"I am currently the co-founder of Xflow, a company that aims to simplify cross-border payments for businesses. Before Xflow, I led the launch and growth of Stripe in India. I also had the privilege to be part of the team that launched Amazon in India in 2013 and then focused on customer acquisition. Priori to that I led the GTM strategy for the Windows business in India. I hold an MBA from the Wharton School and an engineering degree from NIT Trichy. In my free time I enjoy playing tennis!",https://www.linkedin.com/in/balajianand/,https://2025.globalfintechfest.com/media/Speakers_2_46_ea3ac48fa8.png,Four - Category C,"The Future of Money Movement: Real-Time, AI-Powered, and Borderless",20250364,anand balaji,2025,https://2025.globalfintechfest.com/speakers,2026-08-25T06:37:05Z
Mr. Anand Bhatia,Chief Data and Analytics Officer,HDB Financial,,,,https://2025.globalfintechfest.com/media/thumbnail_Speakers_2_4_37850fdc8b_07e3d13795_1e628f0bc4.png,Four - Category C,Redefining Customer Engagement: From Notifications to Conversational Banking,20250785,anand bhatia,2025,https://2025.globalfintechfest.com/speakers,2026-08-25T06:37:05Z
Mr. Anand Khanna,Senior Product Manager,PayU,India,"Anand K. Khanna, Senior Product Manager, brings 14+ years of experience building innovative products in B2B and B2B2C across BFSI, card payments, and e-commerce. Specializing in MFA and fraud detection, he has launched secure, user-centric solutions that scale across the full lifecycle—from ideation to GTM and optimization. Anand is passionate about shaping the next generation of seamless and secure digital payment experiences.",https://www.linkedin.com/in/anand-k-khanna-53664834/,https://2025.globalfintechfest.com/media/Speakers_2_80_e6e9c77617.png,Four - Category C,"Intelligent Authentication Suite: Smarter, Faster, Safer Payments for India and Beyond",20250840,anand khanna,2025,https://2025.globalfintechfest.com/speakers,2026-08-25T06:37:05Z
Mr. Anand Krishnan,CTO,Mercury Payments,UAE,"Anand Krishnan brings a wealth of experience with 28+ years in IT strategy, digital services, modernization, and process automation in banking and financial services. He has led major transformations in payments, wealth, and treasury across the Middle East and Southeast Asia. Anand is an agile leader passionate about using technology to drive innovation, efficiency, and customer experience.",http://www.linkedin.com/in/anandkrishnan-profile,https://2025.globalfintechfest.com/media/Speakers_2_64_0f68730cdf.png,Four - Category C,"Building GenAI into Your Fintech Stack: Architecture, APIs & Integration",20250221,anand krishnan,2025,https://2025.globalfintechfest.com/speakers,2026-08-25T06:37:05Z
Mr. Anand Kumar Bajaj,"Founder, MD & CEO",PayNearby,India,"Anand Kumar Bajaj, Founder, MD & CEO of PayNearby, is an IIM-A alumnus and Chartered Accountant with 23+ years in digital payments and mobility. He holds six banking tech patents and has held leadership roles at YES Bank, ICICI Bank, and EY. At PayNearby, Anand steers the company’s strategic direction and growth, and he, along with his team, is committed to enabling the reach of digital payments and financial services at the first mile by empowering retailers.",https://www.linkedin.com/in/anandkumarbajajpaynearby/,https://2025.globalfintechfest.com/media/GFF_25_Speakers_97_removebg_preview_4fe39be8e3.png,Four - Category C,,,anand kumar bajaj,2025,https://2025.globalfintechfest.com/speakers,2026-08-25T06:37:05Z
Mr. Anand Lakshmanan,VP of Product,Razorpay,,"Anand Lakshmanan is Vice President of Product at Razorpay, where he leads the company's payments portfolio including infrastructure products, payment methods, checkout solutions, and point-of-sale systems. With over two decades of experience building and scaling technology products, Anand brings a unique blend of strategic vision and execution excellence to payments innovation. Prior to Razorpay, Anand spent nine years at Flipkart leading consumer products, where he drove growth across diverse product portfolios. His career includes leadership roles at PayPal and Intel, spanning multiple disciplines—from consumer marketing and engineering to product management—giving him a 360-degree perspective on building products that drive both customer value and business growth. Anand holds an MBA from the Haas School of Business at UC Berkeley and has successfully led cross-functional teams of product managers, engineers, and technologists to deliver customer-centric solutions at scale.",https://www.linkedin.com/in/anlakshmanan/,https://2025.globalfintechfest.com/media/Speakers_2_2025_10_04_T102953_607_b43195fff0.png,Four - Category C,Beyond the Browser: Reimagining Net Banking for the Connected Consumer,20250422,anand lakshmanan,2025,https://2025.globalfintechfest.com/speakers,2026-08-25T06:37:05Z
Mr. Anand Narayan,Co-founder,AltDRX,India,,,https://2025.globalfintechfest.com/media/Speakers_2_87_removebg_preview_a807f64420.png,Four - Category C,,,anand narayan,2025,https://2025.globalfintechfest.com/speakers,2026-08-25T06:37:05Z
Mr. Anand Narayanan,Co-founder,Alt DRX,,,,https://2025.globalfintechfest.com/media/Speakers_2_87_removebg_preview_1_ba551f8528.png,Four - Category C,Startup Showcase - Alt DRX,20250305;20250859,anand narayanan,2025,https://2025.globalfintechfest.com/speakers,2026-08-25T06:37:05Z
Mr. Anand Parameswaran,Executive Director and BFSI Practice Head,Kantar South Asia,India,"Anand's expertise spans the entire consumer journey, from understanding needs to new product development, marketing effectiveness, and customer satisfaction. In Anand's current role, he collaborates with major Indian conglomerates to support their growth ambitions. Over the past few years, Anand has handled sectors such as Automotive, Media, Infrastructure (Real Estate, Cement, Paints, Housing Equipment), Financial Services, and CPG (across categories).",http://www.linkedin.com/in/anand-parameswaran-7a18319,https://2025.globalfintechfest.com/media/Speakers_2_41_removebg_preview_131da019d3.png,Four - Category C,"Investor Awareness and Education in Fintech- Steps Taken by SEBI, Challenges Faced and Potential Solutions to Mitigate Risks",20250315,anand parameswaran,2025,https://2025.globalfintechfest.com/speakers,2026-08-25T06:37:05Z
Mr. Anand Raisinghani,CEO,"Setu, by Pine Labs",India,"Anand is a visionary leader with over 25 years of experience across global giants like SAP, Equifax, IBM, & Wipro. As CEO of Setu, he brings a rare blend of business acumen and technical insight to drive innovation in financial infrastructure. His leadership emphasizes quality, accountability, and a strong focus on customer outcomes. At the helm of Setu’s strategy, Anand is shaping the future of digital finance—building scalable innovations across payments, identity, and data.",https://www.linkedin.com/in/anandraisinghani/,https://2025.globalfintechfest.com/media/Speakers_2_42_removebg_preview_11eaa68d59.png,Four - Category C,Operationalising DPDP – Lessons for the Financial Sector Ecosystem,20250512,anand raisinghani,2025,https://2025.globalfintechfest.com/speakers,2026-08-25T06:37:05Z
Mr. Anand Rathi,Founder & Chairman,Anand Rathi Group,,,,https://2025.globalfintechfest.com/media/Speakers_2_82_a6147e51ba.png,Four - Category C,Fragmented or Fortified? – The Rise of a Layered Fintech Landscape,20250465,anand rathi,2025,https://2025.globalfintechfest.com/speakers,2026-08-25T06:37:05Z
Mr. Ananth Narayan G,Whole Time Member (WTM),Securities and Exchange Board of India,,,,https://2025.globalfintechfest.com/media/GFF_25_Speakers_97_removebg_preview_e93f4e2365.png,Two - Category A,"Investor Awareness and Education in Fintech- Steps Taken by SEBI, Challenges Faced and Potential Solutions to Mitigate Risks",20250315;20250847,ananth narayan g,2025,https://2025.globalfintechfest.com/speakers,2026-08-25T06:37:05Z
Mr. Anchal Jajodia,Co-Founder & CEO,Cybrilla,,"Anchal Jajodia is the co-founder of Cybrilla, a fintech infrastructure company building backend systems for mutual fund distributors and asset managers. He led the creation of Fintech Primitives (FP), now powering 100+ distributors, and drove Cybrilla’s expansion into AMC infrastructure with a SEBI Category I RTA licence. He also contributed to ONDC’s mutual fund protocol to enable micro-investing in India.",https://www.linkedin.com/in/anchaljajodia/,https://2025.globalfintechfest.com/media/GFF_25_Speakers_11_removebg_preview_1_b98a0bfcb2.png,Four - Category C,Scaling Access: Mutual Funds via ONDC and the Promise of CBDC,20250294,anchal jajodia,2025,https://2025.globalfintechfest.com/speakers,2026-08-25T06:37:05Z
Mr. Andrew McCormack,CEO,Nexus Global Payments,Singapore,"Andrew McCormack is the inaugural Chief Executive Officer of Nexus Global Payments (NGP). He brings over two decades of senior leadership experience in global payments, digital infrastructure, and financial innovation. Before joining NGP, Andrew was COO of Al Etihad Payments, where he launched UAE’s instant payments system and domestic card scheme. He was previously the founding Centre Head of the BIS Innovation Hub in Singapore and CIO at Payments Canada.",https://www.linkedin.com/in/andrewsmccormack/,https://2025.globalfintechfest.com/media/Speakers_2_2025_09_22_T130006_284_c34b9a3f3e.png,Four - Category C,Beyond Bilateral: Multilateral Frameworks for Real-time Cross Border Payments,20250212,andrew mccormack,2025,https://2025.globalfintechfest.com/speakers,2026-08-25T06:37:05Z
Mr. Andrew Stuccio,"Vice President of Global Pricing, Analytics, and Participant Monitoring",Discover Network,USA,"Andrew Stucchio is the VP of Global Pricing, Analytics, & Participant Monitoring overseeing price strategy, data analytics, & network participant risk management. Since joining Discover in 2019, Andrew has led several price initiatives, data governance projects, and transformational analytical efforts. Prior to, he held leadership roles at American Express, supporting key areas of business. His expertise spans pricing model development and strategy, competitive benchmarking, and risk operations.",https://www.linkedin.com/in/andrew-stucchio-8a06b02?lipi=urn%3Ali%3Apage%3Ad_flagship3_profile_view_base_contact_details%3B20S1zJIhTE%2BWatkwePnBvQ%3D%3D,https://2025.globalfintechfest.com/media/GFF_25_Speakers_26_removebg_preview_1_e7769cd557.png,Four - Category C,,,andrew stuccio,2025,https://2025.globalfintechfest.com/speakers,2026-08-25T06:37:05Z
Mr. Aneesh Jain,Founder & CEO,Gram Unnati,,"Aneesh is the founder of Gram Unnati - a social enterprise which enables smallholders to understand the requirements of large agro-processors, align their production systems and ensure sales to them. Gram Unnati operates in 7 states and reaches almost 200,000 farmers. Prior to founding Gram Unnati, Aneesh worked with McKinsey & Co. He has a B Tech in Computer Science from IIT Kharagpur and was recently awarded the Young Alumni Achiever's Award by the institute.",https://in.linkedin.com/in/aneeshjain,https://2025.globalfintechfest.com/media/Speakers_2_50_68ffddebf0.png,Four - Category C,Can an Open Agriculture Network Unlock Opportunities for Farmers and Startups?,20250748,aneesh jain,2025,https://2025.globalfintechfest.com/speakers,2026-08-25T06:37:05Z
Mr. Anil Kumar Gupta,Managing Partner,Microsave,India,,,https://2025.globalfintechfest.com/media/Speakers_2_87_removebg_preview_a807f64420.png,Four - Category C,Financial Inclusion 2.0: Services Beyond AePS & DMT,20250813,anil kumar gupta,2025,https://2025.globalfintechfest.com/speakers,2026-08-25T06:37:05Z
Mr. Anil Pinapala,Founder & CEO,Vivifi,India,"Anil is a FinTech entrepreneur with 20+ years’ experience building financial solutions for non-prime borrowers. He led ventures in the U.S., including a cloud-based lending platform and a $5B+ bill payment system. In India, he founded Vivifi to offer flexible digital credit to underserved customers. With a focus on inclusive finance, Anil drives innovation in credit access and is committed to fueling “India Unlimited",https://www.linkedin.com/in/anil-k-pinapala-57aaa5,https://2025.globalfintechfest.com/media/GFF_25_Speakers_32_removebg_preview_f54fff887c.png,Four - Category C,Redefining Consumer Credit: The Next Chapter for Digital Lenders in India,20250662,anil pinapala,2025,https://2025.globalfintechfest.com/speakers,2026-08-25T06:37:05Z
Mr. Anilkumar SG,Founder and CEO,Samunnati,India,"Anil Kumar SG is the Founder & CEO of Samunnati, pioneering an integrated value chain approach to unlock the potential of Indian agriculture. With a sharp focus on smallholder farmers, Samunnati has an outreach to over 30,000 farmer collectives and more than 3,500 agri-enterprises, and has enabled over USD 3.5 billion in gross transaction value since its inception. A thought leader, he serves on the MoA&FW expert group for the National FPO Policy and chairs the FICCI Agri Finance Taskforce.",https://www.linkedin.com/in/anilkumar-sg/,https://2025.globalfintechfest.com/media/Speakers_2_60_38527b469a.png,Four - Category C,Can an Open Agriculture Network Unlock Opportunities for Farmers and Startups?,20250748,anilkumar sg,2025,https://2025.globalfintechfest.com/speakers,2026-08-25T06:37:05Z
Mr. Anindya Karmakar,Head of Digital Business,Aditya Birla Sun Life AMC,India,,,https://2025.globalfintechfest.com/media/Speakers_2_87_removebg_preview_a807f64420.png,Four - Category C,,,anindya karmakar,2025,https://2025.globalfintechfest.com/speakers,2026-08-25T06:37:05Z
Mr. Anirban Mukherjee,CEO,PayU Payments,India,"AnirbanMukherjee is the CEO of PayU, where he leads the company’s growth and strategic direction in thedynamic digital payments and fintech space. With over 25 years of experience in global payments, credit, and digital banking, he has been at the forefront of transforming the financial services landscape across India, Southeast Asia, and the United States.Before joining PayU, Anirban served as the Co-CEO of Reliance Payments atJio, where he spearheaded the company's digital financial services.",https://www.linkedin.com/in/anirban-mukherjee-5779611/,https://2025.globalfintechfest.com/media/GFF_25_Speakers_29_removebg_preview_a09a43114f.png,Three - Category B,The Policy Dividend: How RBI’s approach is powering India’s payment innovation?,20250819,anirban mukherjee,2025,https://2025.globalfintechfest.com/speakers,2026-08-25T06:37:05Z
Mr. Aniruddha Marathe,MD & Partner,BCG,India,"Aniruddha is a MD & Partner at the Boston Consulting Group and has over 18 years of consulting experience. He serves financial institutions including banks, insurance companies, and DFIs on variety of topics including deployment of AI for sales acceleration, productivity improvement, risk management and customer experience.",http://linkedin.com/en/animarathe,https://2025.globalfintechfest.com/media/Speakers_2_89_26c8458315.png,Four - Category C,Indian policy approach towards AI adoption in the financial sector,20250764,aniruddha marathe,2025,https://2025.globalfintechfest.com/speakers,2026-08-25T06:37:05Z
Mr. Aniruddha Sane,Co-founder and Chief Business Officer,Terrapay,,,https://www.linkedin.com/in/ani-sane-4082699/,https://2025.globalfintechfest.com/media/GFF_25_Speakers_2025_08_28_T163628_221_removebg_preview_47c4a33c38.png,Four - Category C,Beyond Bilateral: Multilateral Frameworks for Real-time Cross Border Payments,20250212,aniruddha sane,2025,https://2025.globalfintechfest.com/speakers,2026-08-25T06:37:05Z
Mr. Anish Chowdhary,Chief Business Officer,IBDIC,,,,https://2025.globalfintechfest.com/media/thumbnail_Speakers_2_4_37850fdc8b_07e3d13795_1e628f0bc4_96c09b4db9.png,Four - Category C,Reimagining Trade Finance: How Digital Public Infrastructure can Empower MSMEs & Global Trade,20250398,anish chowdhary,2025,https://2025.globalfintechfest.com/speakers,2026-08-25T06:37:05Z
Mr. Anish Parulekar,Chief Data & Analytics Officer,TransUnion CIBIL,,"Anish Parulekar is a distinguished leader in Data Science and Analytics, with an overall of 19 years of experience across India and the United States. Anish is the Chief Data and Analytics O icer at TransUnion CIBIL, where he leads the strategy behind the flagship CIBIL scores and oversees the bureau’s comprehensive data strategy. Prior to joining CIBIL, Anish led the Data Science vertical at Axis Bank, driving innovation in underwriting and risk modeling",,https://2025.globalfintechfest.com/media/GFF_25_Speakers_2025_08_28_T164746_633_removebg_preview_0bf1e9fdd0.png,Four - Category C,TruIQ - Analytics Studio,20250767,anish parulekar,2025,https://2025.globalfintechfest.com/speakers,2026-08-25T06:37:05Z
Mr. Anjani Kumar Rathor,Group Head - Digital & Customer Experience,HDFC Bank,,"""Anjani Rathor is the Group Head of Digital & Customer Experience at HDFC Bank, overseeing Digital, Customer Experience, Data, and Process Excellence across all channels of the bank. With over 20 years of diverse experience spanning banking, telecom, consulting, and aviation, he has held leadership roles at Bharti Airtel, Boeing, Accenture, and Citicorp. Anjani is an alumni of IIT Kharagpur and IIM-Calcutta.""",,https://2025.globalfintechfest.com/media/GFF_25_Speakers_2025_08_28_T165049_739_removebg_preview_c989981236.png,Three - Category B,Indian policy approach towards AI adoption in the financial sector,20250764,anjani kumar rathor,2025,https://2025.globalfintechfest.com/speakers,2026-08-25T06:37:05Z
Mr. Ankit Agrawal,CEO,InsuranceDekho,India,"Ankit Agrawal, Co-founder & CEO of InsuranceDekho, has built one of India’s fastest-growing insurtech platforms, expanding to 98% of pin codes, empowering 2 lakh+ advisors, and serving 8M+ customers. Under his leadership, the company raised South Asia’s largest-ever Series A in insurtech and processes 1M+ claims annually. A Chartered Accountant and McKinsey alum, Ankit has been recognized by Fortune 40 Under 40 and Forbes India as a Bharat-first, impact-driven founder.",https://www.linkedin.com/in/ankitagarwal3/,https://2025.globalfintechfest.com/media/Speakers_2_91_0885d6ce87.png,Four - Category C,,,ankit agrawal,2025,https://2025.globalfintechfest.com/speakers,2026-08-25T06:37:05Z
Mr. Ankit Jain,Chief Revenue Officer,Onextel,India,"Ankit Jain, CRO at OneXtel Media, brings over a decade of experience in telecom and mobile software. Based in Bengaluru, he drives revenue growth and strategic business expansion. Prior to joining OneXtel in 2024, he spent 12+ years at Kaleyra (now Tata Communications), where he held key roles including Director of Business Development and VP of Sales, playing a vital role in regional growth, client relations, and team leadership.",https://www.linkedin.com/in/ankitkaleyra/,https://2025.globalfintechfest.com/media/GFF_25_Speakers_3_removebg_preview_35e8f005bf.png,Four - Category C,,,ankit jain,2025,https://2025.globalfintechfest.com/speakers,2026-08-25T06:37:05Z
Mr. Ankit Ratan,Co-founder,Signzy,,,https://www.linkedin.com/in/ankitratan/,https://2025.globalfintechfest.com/media/Speakers_2_3_removebg_preview_c31416a71b.png,Three - Category B,"Global, Instant, Trusted: What the Next Billion Users Will Expect from Finance",20250579,ankit ratan,2025,https://2025.globalfintechfest.com/speakers,2026-08-25T06:37:05Z
Mr. Ankush Sabharwal,Founder & CEO,CoRover | BharatGPT,,"Ankush Sabharwal, a tech entrepreneur and CEO of a National Award winning startup, CoRover.ai, is leading an innovative journey, steering the best Human-Centric Conversational Gen AI Platform that serves over 1 billion users globally. He spearheads the groundbreaking initiative behind BharatGPT, India’s first LLM. Ankush’s mission is to harness technology to transform businesses and enrich human lives. Honored as Innovator of the Year (2024); Entrepreneur of the Year and recognized among the Top 10 AI Influencers globally, Ankush brings over two decades of profound IT experience spanning India, America, and Europe. His academic pursuits include an MS in Software Engineering from BITS, Pilani, complemented by an MBA, reflecting his commitment to excellence in both technology and business realms.",,https://2025.globalfintechfest.com/media/GFF_25_Speakers_17_removebg_preview_a9a320f346.png,Four - Category C,Collaborative Intelligence: Human + AI in Financial Services,20250226,ankush sabharwal,2025,https://2025.globalfintechfest.com/speakers,2026-08-25T06:37:05Z
Mr. Anshoo Sharma,CEO & Founder,Magicpin,,,,https://2025.globalfintechfest.com/media/Speakers_2_67_333a68c3d8.png,Four - Category C,UPI Plugin: Simplifying In-App Payment Experiences,20250769,anshoo sharma,2025,https://2025.globalfintechfest.com/speakers,2026-08-25T06:37:05Z
Mr. Anshuman Gupta,Chief Technology Officer,Sahaj Retail,India,"Seasoned executive with 21 years of expertise in Product, Technology, and Data, specializing in business transformation using product innovation to enhance customer experience and revenue growth. Led digital initiatives impacting over 500 million users across sectors like fintech, payment, cards, eCom and others. Deep expertise in product design, project execution, AI/ML implementation, IT management, and establishing partnerships.",https://www.linkedin.com/in/guptanshuman/,https://2025.globalfintechfest.com/media/Speakers_2_38_b2d981e075.png,Four - Category C,,,anshuman gupta,2025,https://2025.globalfintechfest.com/speakers,2026-08-25T06:37:05Z
Mr. Antriksh Parmar,Product Manager – Credit,Open Network For Digital Commerce (ONDC),India,,,https://2025.globalfintechfest.com/media/Speakers_2_87_removebg_preview_a807f64420.png,Four - Category C,,,antriksh parmar,2025,https://2025.globalfintechfest.com/speakers,2026-08-25T06:37:05Z
Mr. Anubhav Sharma,Deputy Chief Business Development,NPCI International Payments Limited (NIPL),India,"Anubhav has over 21 years of experience in Retail Banking and domestic payments network, predominantly managing the digital products – including Mobility, ATMs, Cards and Net banking. He has managed the products such as UPI, IMPS, BHIM and led the business development of NFS ATM network. He has a strong customer connect and he started his career with Cadburys in 1999 and has since worked with multiple banks including Axis Bank, Barclays Bank and DBS Bank.",http://linkedin.com/in/anubhavsharma1976,https://2025.globalfintechfest.com/media/Speakers_2_79_7e2b71a2e4.png,Four - Category C,Bridging the Digital Divide: Ensuring Innovation Reaches the Unconnected,20250455,anubhav sharma,2025,https://2025.globalfintechfest.com/speakers,2026-08-25T06:37:05Z
Mr. Anubrata Biswas,Managing Director & CEO,Airtel Payments Bank,India,,https://in.linkedin.com/in/anubratabiswas,https://2025.globalfintechfest.com/media/Mr_Anubrata_Biswas_removebg_preview_46087b8bd7.png,Three - Category B,Beyond Inclusion: Building Profitable Digital Banks for the Next Billion,20250647,anubrata biswas,2025,https://2025.globalfintechfest.com/speakers,2026-08-25T06:37:05Z
Mr. Anuj Bhansali,Head of Trust & Safety,PhonePe,,"Anuj Bhansali heads Trust & Safety at PhonePe. He oversees domains related to trust, identity, safety, security with a focus on reducing risk exposure from transactional frauds, anti-money laundering, application security and identity theft. He comes with over a decade’s experience in payments and has been involved in building scalable platforms and products. He has been an integral part of PhonePe’s journey, having joined the company in early 2017.",https://www.linkedin.com/in/anujbhansali/?originalSubdomain=in,https://2025.globalfintechfest.com/media/Anuj_Bhansali_Headshot_removebg_preview_7fd42948b6.png,Four - Category C,"FATF, Fintech & India’s AML Regime: Are We Ready for Global Standards?",20250730,anuj bhansali,2025,https://2025.globalfintechfest.com/speakers,2026-08-25T06:37:05Z
Mr. Anuj Kacker,Co-founder,Freo,India,"Anuj Kacker, Co-founder of Freo, blends entrepreneurial drive with expertise in advertising and telecom. He co-founded SkillWiz, later Tapstart, a successful job discovery platform, and led customer acquisition at Bharti Airtel Karnataka. An ISB alumnus and St. Xavier’s Mathematics graduate, Anuj is known for his strategic vision, innovation, and contributions to India’s fintech ecosystem, building Freo into a trusted financial platform.",https://www.linkedin.com/in/anujkacker1/,https://2025.globalfintechfest.com/media/Speakers_2_2025_09_19_T171051_139_removebg_preview_026449d1a6.png,Four - Category C,"Neobanks After the Reset: AI, Cross-Border, and Cash-Flow Credit - A Playbook for Sustainable Growth",20250773,anuj kacker,2025,https://2025.globalfintechfest.com/speakers,2026-08-25T06:37:05Z
Mr. Anuj Kumar,Managing Director,Computer Age Management Services Limited (CAMS),India,"Anuj Kumar, MD of CAMS, saw a rapid ascent and took charge as President & CEO within a span of 2 years. With 30+ years of experience at firms like Godrej, ICICI, and IBM, he has led CAMS to serve ~68% of India’s MF assets (~₹50T) and 4.1 crore investors across 26 AMCs. He’s driven tech-led innovations, top-tier cybersecurity, and oversees 8 subsidiaries in payments, insurance, NPS, KRA, analytics, and more. Anuj holds degrees from IIM Kolkata and Birla Institute of Technology, Ranchi.",https://www.linkedin.com/in/anuj-kumar-6441884/,https://2025.globalfintechfest.com/media/Speakers_2_34_42e4f6dc7c.png,Four - Category C,Account Aggregator: Reshaping Credit Markets and Securities Market Offerings,20250307,anuj kumar,2025,https://2025.globalfintechfest.com/speakers,2026-08-25T06:37:05Z
Mr. Anuj Rathi,"Managing Director and Head, Securities Services",HSBC India,India,"Anuj Rathi is a Managing Director and heads the Securities Services business for HSBC India based out of Mumbai and has been with the bank for over 20 years. Overall, he has spent more than 24 years in the Banking Industry and has worked in Hong Kong, Singapore and Mumbai across different aspects of the Securities Business. Anuj is a Chartered Accountant (CA) and a Chartered Financial Analyst (CFA).",http://linkedin.com/in/anuj-rathi-4610b24,https://2025.globalfintechfest.com/media/Speakers_2_40_499c692dc1.png,Four - Category C,"Tokenisation, Smart Contracts and the Future of Securities Issuance and Settlement",20250305,anuj rathi,2025,https://2025.globalfintechfest.com/speakers,2026-08-25T06:37:05Z
Mr. Anujeet Kudva,Chief Risk Officer,Ecofy,India,"Anujeet Kudva, Chief Risk Officer at Ecofy, has 20+ years’ expertise in Risk Management, Liquidity Support, Consulting, Internal Audit, Credit Risk, Vigilance, Operational Risk, and Fraud Management. Former CRO at Avail Finance and IIFL Finance, he is a Chartered Accountant. He excels in leading team of 200+ risk professionals, and brings diverse consulting experience across multiple sectors. He holds a Global Advanced Management Programme degree from Northwestern Kellogg School of Management.",https://www.linkedin.com/in/anujeet-kudva-1aa9587/,https://2025.globalfintechfest.com/media/Speakers_2_72_1eec4c2f3f.png,Four - Category C,Future of Green Finance: Aligning DFI and MDBs Green Financing Strategies with AI and Fintech,20250163,anujeet kudva,2025,https://2025.globalfintechfest.com/speakers,2026-08-25T06:37:05Z
Mr. Anupam Vasdani,Group Chief Financial Officer,Truebalance,India,"Anupam Vasdani is a seasoned finance leader with 20+ years of experience in the financial services industry. He has led functions like fund raising, investor relations, reporting, taxation, compliance, and business planning. Previously, he served as CFO at Toyota Financial Services India, where he drove financial strategy and capital planning. A Chartered Accountant with a Bachelor’s degree in Commerce, Anupam is known for his governance-focused approach and strong stakeholder management.",https://www.linkedin.com/in/anupam-vasdani-14594a6/,https://2025.globalfintechfest.com/media/GFF_25_Speakers_5_removebg_preview_2f08ba070f.png,Four - Category C,,,anupam vasdani,2025,https://2025.globalfintechfest.com/speakers,2026-08-25T06:37:05Z
Mr. Anurag Agarwal,Partner,Avishkar Capital,India,"Anurag is a Partner at Aavishkaar Capital which is the Impact investing arm of Aavishkaar Group. Anurag has been part of the founding team of Group Company, Intellecap and last served as its CEO. In addition to serving on the Board of the Group Holding Company, Anurag represents the Promoter interest on the Board of Group Companies Arohan and Ashv as well as Aavishkaar Portfolio Companies Nepra, Newtrace, Altum Credo, Electronica Finance and EPS.",https://www.linkedin.com/in/anurag-agrawal-5a56211/,https://2025.globalfintechfest.com/media/Speakers_2_2025_09_22_T181537_844_cfc5bb26db.png,Four - Category C,Roots Before Returns - Why Agritech Grows Differently,20250161,anurag agarwal,2025,https://2025.globalfintechfest.com/speakers,2026-08-25T06:37:05Z
Mr. Anurag Gupta,Director - Product,PayU Payments,India,"Anurag is a Director of product at PayU India. He leads innovations in hosted checkout experiences and SMB Growth for PayU India. He drives Partnerships, Resellers Ecosystems, and Developer-first solutions shaping the future of digital payments.",https://www.linkedin.com/in/anuraggupta1729/,https://2025.globalfintechfest.com/media/Speakers_2_81_c1693550da.png,Four - Category C,"UPI NXT with PayU: Powering Speed, Choice & Growth for Businesses",20250839,anurag gupta,2025,https://2025.globalfintechfest.com/speakers,2026-08-25T06:37:05Z
Mr. Anurag Saxena,"Vice President, Asia",Accion India,India,"Anurag Saxena serves as Vice President, Asia. He spearheads the Asia regional growth and impact strategy for Accion Advisory. He is a global leader with experience of scaling complex, cross-border transformations across India, APAC, Africa, and the US. He has worked with Governments, Corporates, Startups, and Not For Profits. He has led multi-million-dollar initiatives at the intersection of FinTech, ClimateTech, and Digital Public Infrastructure (DPI) to deliver inclusive growth, and impact.",https://www.linkedin.com/in/anuragsaxena05/,https://2025.globalfintechfest.com/media/Speakers_2_82_73989e1f1b.png,Four - Category C,Creating an Efficient Lending Marketplace Leveraging AA,20250799,anurag saxena,2025,https://2025.globalfintechfest.com/speakers,2026-08-25T06:37:05Z
Mr. Anurag Sinha,Co-founder & CEO,OneCard,India,"Anurag is a serial entrepreneur and a veteran in the consumer credit space with 20+ years of experience. He has deep exposure in Payments, Consumer Lending & Banking, and Investment Banking. During his 14-year stint at ICICI, he played a pivotal role in the cards, loans, and structured finance verticals. Before OneCard, he co-founded Walnut where he built a proprietary score and lending model for its credit line product. He holds a B.Tech degree from IIT (BHU) and an MBA from IIM-Banglore",https://www.linkedin.com/in/anuragsinha2/,https://2025.globalfintechfest.com/media/GFF_25_Speakers_17_removebg_preview_9e37b947e3.png,Three - Category B,"Designing Contextual Finance: Where Credit, Commerce and Choice Intersect",20250658,anurag sinha,2025,https://2025.globalfintechfest.com/speakers,2026-08-25T06:37:05Z
Mr. Anuvrat Jain,"Principal, Growth and Private Equity",Lightspeed,India,"Anuvrat Jain joined Lightspeed Growth investment team, where he partners with entrepreneurs to help scale transformative businesses. He brings deep industry expertise as a Principal at Lightspeed. His passion for growth investing stems from a deep belief that capital, when combined with purpose, can catalyze industry-wide change. His investments - Zepto, Razorpay, Aspire, Yubi, Pocket FM.",https://www.linkedin.com/in/anuvratjain/,https://2025.globalfintechfest.com/media/GFF_25_Speakers_33_removebg_preview_2f586d9a9c.png,Four - Category C,Super‑Apps and Financial Ecosystems: Who Will Own the Customer?,20250659,anuvrat jain,2025,https://2025.globalfintechfest.com/speakers,2026-08-25T06:37:05Z
Mr. Apoorva Goyal,Principal,Insight Partners,,,https://www.linkedin.com/in/apoorvagoyal/,https://2025.globalfintechfest.com/media/GFF_25_Speakers_82_removebg_preview_097e2d95fa.png,Four - Category C,Global Capital × Local Innovation: Fintech Investment Narratives,20250570,apoorva goyal,2025,https://2025.globalfintechfest.com/speakers,2026-08-25T06:37:05Z
Mr. Apurv Agrawal,CEO & Co-Founder,SquadStack,,"Apurv Agrawal is the Founder & CEO of SquadStack, an AI-led Sales & CX platform that helps businesses fully own the customer lifecycle by combining deep sales workflows, intelligent automation, and human expertise to drive revenue and eliminate inefficiencies. Under his leadership, SquadStack has scaled to become one of India’s most advanced AI execution engines, powering millions of personalised conversations across BFSI and consumer brands. Apurv is also a Forbes 30 Under 30 honoree.",https://www.linkedin.com/in/apurvagrawal/,https://2025.globalfintechfest.com/media/GFF_25_Speakers_18_removebg_preview_515cda375c.png,Four - Category C,"Building GenAI into Your Fintech Stack: Architecture, APIs & Integration",20250221,apurv agrawal,2025,https://2025.globalfintechfest.com/speakers,2026-08-25T06:37:05Z
Mr. Arif Khan,CIO,Razorpay,,"Arif Khan is the Chief Innovation Officer (CIO) at Razorpay. As the CIO, Arif is primarily responsible for leading the Banking, Risk Management, Regulatory Affairs, and Public Policy teams toward the larger organizational vision of fine-tuning Razorpay’s offerings in the digital payments space. He plays as key role in leading engagement with banks, networks, regulators, and strategic partners to drive innovation at Razorpay. Arif is responsible for accelerating the adoption of new payment",,https://2025.globalfintechfest.com/media/GFF_25_Speakers_56_removebg_preview_0f8083dc7f.png,Four - Category C,,,arif khan,2025,https://2025.globalfintechfest.com/speakers,2026-08-25T06:37:05Z
Mr. Arindam Ghosh,Founder,Curie Money,,,https://www.linkedin.com/in/arindam-ghosh-curie-money/,https://2025.globalfintechfest.com/media/GFF_25_Speakers_Set_2_9_removebg_preview_ecfddccb18.png,Four - Category C,"Neobanks After the Reset: AI, Cross-Border, and Cash-Flow Credit - A Playbook for Sustainable Growth",20250773,arindam ghosh,2025,https://2025.globalfintechfest.com/speakers,2026-08-25T06:37:05Z
Mr. Arnab Kumar,Director of Business Development,Uber,India,"Arnab Kumar is Director, Business Development for S. Asia for Uber. His primary responsibilities include leading Uber's partner charters across Payments, Consumer and Supply, and Strategic Investments for the region Arnab has previously worked as India Director of Strategy & Growth for Prosus Fintech, and has also served as the first Program Director, Frontier Technologies, NITI Aayog, where he led strategy and implementation initiatives in Artificial Intelligence, FinTech and Digital Economy.",https://www.linkedin.com/in/arnabthakur/,https://2025.globalfintechfest.com/media/Speakers_2_31_06270dc99a.png,Four - Category C,UPI Plugin: Simplifying In-App Payment Experiences,20250769,arnab kumar,2025,https://2025.globalfintechfest.com/speakers,2026-08-25T06:37:05Z
Mr. Arnaud Bacha,Director - Digital Innovation and Payments Systems,Bank of Mauritius,,,,https://2025.globalfintechfest.com/media/Speakers_2_2025_10_05_T202737_593_46541efef6.png,Four - Category C,Digitally Included: Building a Financial Ecosystem for All,20250405,arnaud bacha,2025,https://2025.globalfintechfest.com/speakers,2026-08-25T06:37:05Z
Mr. Arnav Datta,"Head - Warehousing Operations, Collateral & Delivery",MCX,India,"I am Head of Collaterals, Warehousing Operations and Delivery. Collaterals department deals with providing margin limit/ exposure based on incoming and outgoing collateral instruments for Clearing Members. AT Warehousing Operations, we are providing warehousing and vault facilities for our participants. all the receipts are in electronic form and fully integrated with our delivery settlement application. The delivery obligation, settlement of such obligations etc. are dealt by Delivery team.",,https://2025.globalfintechfest.com/media/Speakers_2_51_94055576a5.png,Four - Category C,Dematerialisation Mechanism For Commodity Derevatives,20250668,arnav datta,2025,https://2025.globalfintechfest.com/speakers,2026-08-25T06:37:05Z
Mr. Arpanarghya Saha,Chief Digital Officer,Nippon India Mutual Fund,,"Fondly known as Arpan, is a seasoned digital leader with nearing 25 years of experience across e-commerce, BFSI, and retail in India and APAC. An MBA from FMS Delhi and alumnus of St. Xavier's Collegiate School, Kolkata, he currently serves as the Chief Digital Officer at Nippon India Mutual Fund, where he leads digital strategy, transformation, and innovation. Prior to this, Arpan spearheaded Digital Transformation and Go-to-Market strategy at Snapdeal, a leading e-commerce player in APAC.",https://www.linkedin.com/in/arpanarghya/,https://2025.globalfintechfest.com/media/GFF_25_Speakers_10_removebg_preview_aaa915ee71.png,Four - Category C,Scaling Access: Mutual Funds via ONDC and the Promise of CBDC,20250294,arpanarghya saha,2025,https://2025.globalfintechfest.com/speakers,2026-08-25T06:37:05Z
Mr. Arpit Chug,Chief Financial Officer,Razorpay,,,,https://2025.globalfintechfest.com/media/Speakers_2_73_52263753d1.png,Four - Category C,How are Alternate Payment Methods Gaining Relevance Among Merchants Globally?,20250253,arpit chug,2025,https://2025.globalfintechfest.com/speakers,2026-08-25T06:37:05Z
Mr. Arpit Jaiswal,Group Product Manager,Google Pay,India,,https://www.linkedin.com/in/arpit-jaiswal/?originalSubdomain=in,https://2025.globalfintechfest.com/media/GFF_25_Speakers_Set_2_14_removebg_preview_db56d7fca1.png,Four - Category C,Advanced ML/AI techniques for Safe Payments,20250886,arpit jaiswal,2025,https://2025.globalfintechfest.com/speakers,2026-08-25T06:37:05Z
Mr. Arpit Kabra,Central Council Member,ICAI,India,"Quick decisions, swift execution, and impactful results—these define CA Arpit Kabra! A dynamic leader and one of the youngest ICAI Central Council Members, he has made a mark in finance, forensic accounting, and leadership. Known for tech-driven reforms and over 4.19 lakh hours of training, he inspires professionals through innovation, ethics, and knowledge-sharing.",https://in.linkedin.com/in/ca-arpit-kabra,https://2025.globalfintechfest.com/media/Speakers_2_2025_09_22_T130336_692_692ceea584.png,Four - Category C,AI Driven Financial Inclusion for MSMEs,20250160,arpit kabra,2025,https://2025.globalfintechfest.com/speakers,2026-08-25T06:37:05Z
Mr. Arpit Ratan,Chief Business Officer,Signzy Technologies,,,,https://2025.globalfintechfest.com/media/GFF_25_Speakers_40_removebg_preview_e8988fb106.png,Three - Category B,,,arpit ratan,2025,https://2025.globalfintechfest.com/speakers,2026-08-25T06:37:05Z
Mr. Arun Seethamraju,Head – Product & Digital Solutions,Reserve Bank Innovation Hub,,,,https://2025.globalfintechfest.com/media/Speakers_2_87_removebg_preview_1_ba551f8528.png,Four - Category C,,,arun seethamraju,2025,https://2025.globalfintechfest.com/speakers,2026-08-25T06:37:05Z
Mr. Arvind Vohra,"Country Head / Group Head - Retail Assets, Rural Banking and Microfinance",HDFC Bank,,"Mr. Arvind Vohra is a business leader with 2.5 decades of experience across banking, telecom, and consumer sectors. He has led customer focused transformation across retail assets by driving digital transformation, democratizing access to credit, analytics led go-to-market and micro segmentation led credit strategies. With leadership experience at Vodafone, Philips, and Standard Chartered Bank. He holds MBA from XIM Bhubaneswar and completed Senior Leadership Program at London Business School.",http://linkedin.com/in/arvind-vohra-788b846,https://2025.globalfintechfest.com/media/Speakers_2_2025_10_04_T112504_426_6d5ba650ce.png,Four - Category C,"Unlocking India’s Credit Network: Standardized, Inclusive, and Built on ONDC",20250292;20250679,arvind vohra,2025,https://2025.globalfintechfest.com/speakers,2026-08-25T06:37:05Z
Mr. Ashish Choudhury,Chief Investment Officer,NABVENTURES,India,"Ashish has over 18 years of experience in ICICI Group and has spent last 15 years in investment business (PE/VC) managing growth and early stage transactions across diversified sectors which include BFSI/fintech, Consumers, Agri, healthcare, education etc. He has experience of managing full life cycle of the fund and has evaluated large set of emerging companies across sectors. Ashish holds a Bachelor of Engineering in Computer Science and MBA degree from NMIMS, Mumbai",https://www.linkedin.com/in/ashishchoudhury/,https://2025.globalfintechfest.com/media/Speakers_2_43_removebg_preview_3400c07850.png,Four - Category C,Roots Before Returns - Why Agritech Grows Differently,20250161,ashish choudhury,2025,https://2025.globalfintechfest.com/speakers,2026-08-25T06:37:05Z
Mr. Ashish Goyal,"MD & Group Director, Finance",Fibe,India,"Ashish Goyal, Co-founder & Whole-time Director at EarlySalary (Fibe), drives the company’s capital strategy, leading key fundraises ($110M Series D, $90M Series E) and diversified funding. A Chartered Accountant and ex-CIO at Bajaj Allianz, he champions risk management, compliance, and fiscal discipline, ensuring sustained investor trust and 12+ quarters of disciplined growth, while building a responsible, scalable fintech.",www.linkedin.com/in/ashishgoyalearlysalary,https://2025.globalfintechfest.com/media/Speakers_2_44_removebg_preview_0f8ff97432.png,Four - Category C,Transforming Lending with AA: From Risk Assessment to Recovery,20250718,ashish goyal,2025,https://2025.globalfintechfest.com/speakers,2026-08-25T06:37:05Z
Mr. Ashish Kashyap,Founder & CEO,INDmoney,India,"Ashish Kashyap is a serial technology entrepreneur and the Founder of INDmoney, a leading wealth management and investment App. INDmoney empowers users to track and grow their NetWorth and at the same time enables investments across US and Indian markets from a single platform. Prior to launching INDmoney in 2019, Ashish previously founded leading travel group, ibibo Group (Goibibo, redBus) and payments fintech platform PayU India. Ashish is also an x-Googler.",http://linkedin.com/in/ashishkashyap,https://2025.globalfintechfest.com/media/GFF_25_Speakers_19_removebg_preview_926a1c6b19.png,Four - Category C,Money on their Terms: Redesigning Finance for GenZ Mindset,20250261;20250307,ashish kashyap,2025,https://2025.globalfintechfest.com/speakers,2026-08-25T06:37:05Z
Mr. Ashish Mehrotra,MD & CEO,Northern Arc,India,"Ashish Mehrotra is the MD & group CEO of Northern Arc Capital. He also serves as the Non-Executive Chairperson of Pragati Finserv, subsidiary of Northern Arc Group and is the member of the board for Northern Arc Investment Managers. He has over 25 years of experience across Retail & Commercial Banking, Wealth Management and Insurance. Previously, he was the MD & CEO of Niva Bupa Health Insurance. Before that, he was previously a Managing Director and also the Retail Bank Head for Citibank India.",https://www.linkedin.com/in/ashish-mehrotra-9050406?utm_source=share&utm_campaign=share_via&utm_content=profile&utm_medium=ios_app,https://2025.globalfintechfest.com/media/Speakers_2_2025_10_04_T114817_601_6c3ba399a3.png,Four - Category C,From FLDG to Default: Building Resilient Lending Partnerships,20250318;20250799,ashish mehrotra,2025,https://2025.globalfintechfest.com/speakers,2026-08-25T06:37:05Z
Mr. Ashish Panchal,MD & CEO,Bajaj Finserv Direct,India,"Ashish Panchal is MD & CEO of Bajaj Finserv Direct (BFSD), which runs Bajaj Markets, a digital financial marketplace, and Bajaj Technology Services, driving BFSI digital transformation. With 27+ years across manufacturing, FMCG, retail banking, lending, and payments, he has held senior roles at Citibank, Barclays, and Bajaj Finance. Known for scaling large businesses and start-ups, he blends strategy, innovation, and leadership to deliver sustainable growth.",,https://2025.globalfintechfest.com/media/Speakers_2_2025_10_05_T162939_591_27e286e14a.png,Four - Category C,"Unlocking India’s Credit Network: Standardized, Inclusive, and Built on ONDC",20250292,ashish panchal,2025,https://2025.globalfintechfest.com/speakers,2026-08-25T06:37:05Z
Mr. Ashish Singhal,Chief Executive Officer,IBDIC (Indian Banks' Digital Infrastructure Company),,,,https://2025.globalfintechfest.com/media/GFF_25_Speakers_19_removebg_preview_8c359603ea.png,Four - Category C,Reimagining Trade Finance: How Digital Public Infrastructure can Empower MSMEs & Global Trade,20250398,ashish singhal,2025,https://2025.globalfintechfest.com/speakers,2026-08-25T06:37:05Z
Mr. Ashok Chandra,Managing Director & CEO,Punjab National Bank,India,,,https://2025.globalfintechfest.com/media/GFF_25_Speakers_7_removebg_preview_0e2e42eacf.png,Two - Category A,National Champions in Transition: Reimagining the Role of Public Sector Banks in a Digital Bharat,20250157,ashok chandra,2025,https://2025.globalfintechfest.com/speakers,2026-08-25T06:37:05Z
Mr. Ashok Hariharan,Founder & CEO,IDfy,India,,,https://2025.globalfintechfest.com/media/Speakers_2_87_removebg_preview_a807f64420.png,Four - Category C,"The New Consent Economy: Privacy, Trust, and Digital Infrastructure",20250567,ashok hariharan,2025,https://2025.globalfintechfest.com/speakers,2026-08-25T06:37:05Z
Mr. Ashok Selva Ganesan,COO - Zoho Payment Technologies,Zoho,,,,https://2025.globalfintechfest.com/media/GFF_25_Speakers_58_removebg_preview_b518249a23.png,Four - Category C,Reimagining Payments - the Zoho Way,20250603,ashok selva ganesan,2025,https://2025.globalfintechfest.com/speakers,2026-08-25T06:37:05Z
Mr. Ashutosh Prakash Singh,Co Founder & CEO,Revrag Ai Technology,India,"Ashutosh is the Co-founder and CEO of RevRag.AI, where he’s building embedded AI agents for BFSI. With a background in product and growth, he brings sharp execution and storytelling to complex GTM challenges. Before RevRag, he built products in B2C fintech and AI-led automation, giving him a strong lens on both user experience and enterprise pain points. Ashutosh is known for his clarity in decision-making, deep interest in systems thinking, and the ability to break down BFSI workflows.",https://www.linkedin.com/in/ashutoshpsingh/,https://2025.globalfintechfest.com/media/GFF_25_Speakers_6_removebg_preview_80b6593a11.png,Four - Category C,RevRag AI Product Showcase at JA6 | Revrag AI Technology Pvt Ltd,20250574;61,ashutosh prakash singh,2025,https://2025.globalfintechfest.com/speakers,2026-08-25T06:37:05Z
Mr. Ashutosh Sinha,Senior Editor,Economic Times,,,,https://2025.globalfintechfest.com/media/thumbnail_Speakers_2_4_37850fdc8b_9542887848.png,Four - Category C,AI × Platforms × Finance: Designing Everyday Financial Experiences for a Billion Users,20250845,ashutosh sinha,2025,https://2025.globalfintechfest.com/speakers,2026-08-25T06:37:05Z
Mr. Ashutosh Tandon,"Operations Officer, Financial Institutions Group (FIG) Advisory",International Finance Corporation (IFC),India,"Overall 17.5+ years of work experience in the commercial, development finance & policy space. Working with IFC for the last 13.5 years. Primary focus on MSME & start-up finance (including focus on women), Climate Finance, Digital finance/ fintech, Financial Inclusion, & credit infrastructure. Past employers and IFC clients include HSBC Bank, RBI Fintech Dept, SIDBI, Au Financiers, Utkarsh SFB, Ratnakar Bank, BEE, Credit Bureaus, FIDC, IIBF",https://www.linkedin.com/in/ashutosh-tandon-31229915?utm_source=share&utm_campaign=share_via&utm_content=profile&utm_medium=ios_app,https://2025.globalfintechfest.com/media/Speakers_2_48_f70521ecf5.png,Four - Category C,Enabling Financial Institutions (FIs) Better Support MSMEs Through AI-Empowered Solutions,20250163;20250463,ashutosh tandon,2025,https://2025.globalfintechfest.com/speakers,2026-08-25T06:37:05Z
Mr. Ashwini Kumar Pandey,CISO,Punjab National Bank,India,"A Cyber security leader with more than 25 yrs of experience in the banking industry, he is now serving as the Group CISO of Punjab National Bank, the second largest Public sector bank of India for the last 2 years. He has also been the CISO for Oriental Bank of Commerce. His high level of expertise in information security and risk management, compliance, cybersecurity operations has duly contributed to the bank’s business growth and has ensured customer satisfaction at a broader level.",https://linkedin.com/in/ashwini-pandey-cciso-crisc-cism-cisa-iso-lead-auditor-ceisb-caiib-a8a6b0104,https://2025.globalfintechfest.com/media/GFF_25_Speakers_25_removebg_preview_39c5b3eff3.png,Four - Category C,The New Perimeter: Rethinking Bank Security in an Open API Economy,20250639,ashwini kumar pandey,2025,https://2025.globalfintechfest.com/speakers,2026-08-25T06:37:05Z
Mr. Ashwini Kumar Tewari,Managing Director (Corporate Banking and Subsidiaries),State Bank of India,,"Mr. Ashwini Kumar Tewari is a career banker and started his career in SBI in the year 1991 as a Probationary Officer and has spent more than three decades with the bank in India and abroad in various assignments. Presently since 21.11.2023, he is the Managing Director (Corporate Banking and Subsidiaries) of State Bank of India and a Whole Time Director handling the portfolio of Large Corporate and Commercial Credit business of the Bank alongwith Associates & Subsidiaries of the Bank. This includes major non-bank business like Credit cards, Mutual Fund, Life & General Insurance, Capital Markets, Custodial Services etc. and serving on the boards of all these companies.",,https://2025.globalfintechfest.com/media/Speakers_2_70_bfabb542ef.png,Four - Category C,Bridging the Gap: How FinTech's are Democratizing Access to Credit,20250426,ashwini kumar tewari,2025,https://2025.globalfintechfest.com/speakers,2026-08-25T06:37:05Z
Mr. Ashwini Tiwari,MD,State Bank of India,,,,https://2025.globalfintechfest.com/media/thumbnail_Speakers_2_4_37850fdc8b_07e3d13795_1e628f0bc4_55807dd690.png,Four - Category C,,,ashwini tiwari,2025,https://2025.globalfintechfest.com/speakers,2026-08-25T06:37:05Z
Mr. Asish Keshri,Lead Product Development BHIM,National Payments Corporation of India,,"Worked with multiple payment systems in the past. Currently, working on bhim for merchant solutions.",http://linkedin.com/in/asishkeshri,https://2025.globalfintechfest.com/media/Speakers_2_84_7d1b17b4ac.png,Four - Category C,,,asish keshri,2025,https://2025.globalfintechfest.com/speakers,2026-08-25T06:37:05Z
Mr. Atish Kumar Rout,General Manager,Punjab National Bank,India,"Mr Atish Rout, GM, Digital Banking at PNB is a seasoned technology leader with over 25 years of experience. He plays a pivotal role in bank’s digital transformation & in modernizing IT infrastructure. With emerging technologies in AI & cloud in digital banking platforms, he has led several initiatives that have enhanced operational efficiency & improved customer experience. Having a strategic vision & technical depth, he brings valuable insights that can evolve in a fast evolving digital world.",https://www.linkedin.com/in/atish-rout-5aab3914?utm_source=share&utm_campaign=share_via&utm_content=profile&utm_medium=ios_app,https://2025.globalfintechfest.com/media/GFF_25_Speakers_5_removebg_preview_e8cae018fa.png,Four - Category C,"Digital Lending, What Next?",20250542,atish kumar rout,2025,https://2025.globalfintechfest.com/speakers,2026-08-25T06:37:05Z
Mr. Atul Kumar Goel,Chief Executive,Indian Banks' Association,India,"Mr. Atul Kumar Goel is Chief Executive of IBA since March 2025. A Chartered Accountant with over three decades in four public sector banks, he was MD & CEO of Punjab National Bank, UCO Bank, and earlier Executive Director at Union Bank of India. He also chaired IBA (2021–2024) and led key committees on taxation, accounting standards, and retail banking. Known for turning around UCO Bank, he brings deep expertise in corporate banking, treasury, risk, compliance, and business transformation.",,https://2025.globalfintechfest.com/media/Speakers_2_45_removebg_preview_a7b9b56a25.png,Four - Category C,Reimagining Trade Finance: How Digital Public Infrastructure can Empower MSMEs & Global Trade,20250398,atul kumar goel,2025,https://2025.globalfintechfest.com/speakers,2026-08-25T06:37:05Z
Mr. Avinash Naik,Chief Information Officer,Bajaj Allianz General Insurance,India,,,https://2025.globalfintechfest.com/media/Speakers_2_87_removebg_preview_a807f64420.png,Four - Category C,,,avinash naik,2025,https://2025.globalfintechfest.com/speakers,2026-08-25T06:37:05Z
Mr. Avinash Ramesh Godkhindi,Managing Director & CEO,Zaggle,India,"Avinash Ramesh Godkhindi is the Managing Director and Chief Executive officer of our Company. He has been on the Board of our Company since May 7, 2012. He holds a bachelors’ degree in engineering from Bangalore University, Bengaluru and a masters’ degree in business administration from the University of Chicago, Chicago. He has been awarded the “Inspiring CEO” award by the Economic Times in 2022.",https://www.linkedin.com/in/avinashgodkhindi?utm_source=share&utm_campaign=share_via&utm_content=profile&utm_medium=ios_app,https://2025.globalfintechfest.com/media/Speakers_2_40_64560df50c.png,Four - Category C,Data to Dollars: The Revenue Opportunity in Open Data Economy,20250572,avinash ramesh godkhindi,2025,https://2025.globalfintechfest.com/speakers,2026-08-25T06:37:05Z
Mr. Avishkar Ghogare,Senior Lead UPI Product,National Payments Corporation of India,India,Seasoned product professional with a proven track record of managing and leading critical initiatives at NPCI. Currently advancing India’s Digital Payment Landscape with deep fintech expertise and hands-on experience in large-scale implementations in the intersection of technology and payments products.,https://www.linkedin.com/in/avishkar-ghogare-814b5865,https://2025.globalfintechfest.com/media/Speakers_2_25_869334d838.png,Four - Category C,BHIM VEGA- Merchant Payments Made Easy: UPI Plugin Approach,20250424,avishkar ghogare,2025,https://2025.globalfintechfest.com/speakers,2026-08-25T06:37:05Z
Mr. Avishkar Naik,Senior Vice President,National Stock Exchange of India,India,"Avishkar has been working in NSE for last 21 years and has headed various departments such as Investigation, Surveillance, Clearing Corporation Development , Listing and ISC Arbitration. He is trained in Six Sigma and has been awarded CA Professional Achiever award by Institute of Chartered Accountants of India. Avishkar is a Chartered Accountant and Company Secretary by profession.",https://www.linkedin.com/in/avishkar-naik-a350301b/?originalSubdomain=in,https://2025.globalfintechfest.com/media/Speakers_2_42_7d368ee276.png,Four - Category C,Investor-Enablement and Client Asset Protection,20250583,avishkar naik,2025,https://2025.globalfintechfest.com/speakers,2026-08-25T06:37:05Z
Mr. Avneesh Pandey,Executive Director,Securities and Exchange Board of India,India,"Avneesh Pandey is Executive Director, Information Technology at Securities and Exchange Board of India (SEBI). He has about three decades of securities market regulatory experience in covering vide range of IT initiatives including business process innovation, big data analytics, SupTech, Cyber security, IT audits and inspection etc. He sees himself as a technology strategist, process innovator and cyber security evangelist.",https://www.linkedin.com/in/avneeshpandey/,https://2025.globalfintechfest.com/media/Speakers_2_48_7008f04392.png,Two - Category A,Future of Cyber Security for the Financial Sector,20250312;20250317;20250556,avneesh pandey,2025,https://2025.globalfintechfest.com/speakers,2026-08-25T06:37:05Z
Mr. B V R Subrahmanyam,Chief Executive Officer,NITI Aayog,,,,https://2025.globalfintechfest.com/media/Speakers_2_87_removebg_preview_a807f64420.png,Four - Category C,The Future Dividend: How Digital Finance Can Drive Shared Prosperity,20250708,b v r subrahmanyam,2025,https://2025.globalfintechfest.com/speakers,2026-08-25T06:37:05Z
Mr. Balasubramanian K,India CEO & India Subcontinent Sub-Cluster Head,Citi,,,,https://2025.globalfintechfest.com/media/GFF_25_Speakers_59_removebg_preview_120b54ff77.png,Three - Category B,"Reimagining Finance in the Age of Scale, Speed, and Intelligence",20250194,balasubramanian k,2025,https://2025.globalfintechfest.com/speakers,2026-08-25T06:37:05Z
Mr. Barada Prasad Sabut,Head of Engineering,Unique Identification Authority of India,India,,,https://2025.globalfintechfest.com/media/Speakers_2_2025_10_05_T170428_359_5f4d45d7ff.png,Four - Category C,Use of Aadhar by Private Entities - SWIK Rules & Aadhaar App,20250087,barada prasad sabut,2025,https://2025.globalfintechfest.com/speakers,2026-08-25T06:37:05Z
Mr. Benjamin Ambrose,Chief Information Security Officer,National Payments Corporation of India,India,,,https://2025.globalfintechfest.com/media/Speakers_2_87_removebg_preview_a807f64420.png,Four - Category C,Cyber Defense and Resiliency in Modern AI Era,20250431,benjamin ambrose,2025,https://2025.globalfintechfest.com/speakers,2026-08-25T06:37:05Z
Mr. Benjamin Lee,Director,Nexus Global Payments,Singapore,,https://www.linkedin.com/in/benjaminlee81,https://2025.globalfintechfest.com/media/Speakers_2_28_e417831570.png,Four - Category C,"Redefining Speed, Safety, and Scale in Cross-Border Payments",20250254,benjamin lee,2025,https://2025.globalfintechfest.com/speakers,2026-08-25T06:37:05Z
Mr. Bertram D'souza,Chief Product & Innovation Officer,Protean,India,"Bertram is a Product Leader with 24+ years in Digital Payments, Banking, and Public Infrastructure. At Protean, he drives 0-to-1 product incubation and large-scale DPI projects. Previously EVP at Kotak Mahindra Bank, he led Digital Payments, eCommerce, Open Banking, and Partnerships. He has also held leadership roles at Vodafone mPesa, TCPSL, Worldline Global, 63 Moons, and Kiya.ai.",https://www.linkedin.com/in/bertramdsouza/,https://2025.globalfintechfest.com/media/Speakers_2_2025_09_22_T173228_738_c2585948b2.png,Four - Category C,,,bertram d souza,2025,https://2025.globalfintechfest.com/speakers,2026-08-25T06:37:05Z
Mr. BG Mahesh,CEO,Sahamati,India,"B.G. Mahesh - Mahesh is the CEO of Sahamati, a not-for-profit industry alliance of participants in the Account Aggregator (AA) ecosystem. He’s been leading the implementation of the Account Aggregator framework, a Digital Public Infrastructure for Data empowerment. AA is a techno-legal framework that gives individuals & small businesses control of their data. It’s being rolled out in India and is the largest implementation of Open Finance globally.",https://www.linkedin.com/in/bgmahesh/,https://2025.globalfintechfest.com/media/Speakers_2_36_de2b8831c7.png,Four - Category C,Account Aggregator: Reshaping Credit Markets and Securities Market Offerings,20250307,bg mahesh,2025,https://2025.globalfintechfest.com/speakers,2026-08-25T06:37:05Z
Mr. Bhargav Errangi,Founder,PopClub,,,https://www.linkedin.com/in/berrangi/?originalSubdomain=in,https://2025.globalfintechfest.com/media/GFF_25_Speakers_85_removebg_preview_9d50f388de.png,Four - Category C,Collaborative Innovation: Fintechs and Banks in the Age of AI,20250664,bhargav errangi,2025,https://2025.globalfintechfest.com/speakers,2026-08-25T06:37:05Z
Mr. Bhavani Rana,Technology Investment Advisor,Susquehanna Asia VC,,Bhavani has been working with SIG since 2019 and leads its investment activity in India. Prior to this role he was a Partner at Amadeus Capital Partners making investments in Asia. Bhavani began his investing career at Intel Capital where he worked for 11 years in Silicon Valley and 4 years in India.,https://www.linkedin.com/in/bhavaniprataprana/,https://2025.globalfintechfest.com/media/Speakers_2_52_417ef12b8f.png,Four - Category C,"Beyond Borders, Beyond Capital: Building a Global Fintech Investment Playbook",20250459,bhavani rana,2025,https://2025.globalfintechfest.com/speakers,2026-08-25T06:37:05Z
Mr. Bhavesh Adhia,Chief AI Officer & Chief Strategy Officer,Yotta,India,"Bhavesh Adhia is the Chief AI Officer and Chief Strategy Officer at Yotta, where he leads strategic AI initiatives within the Shakti Cloud Business Unit, driving innovation across the AI services portfolio and strengthening technology platform partnerships. With over 30 years of experience across ICT domains - including cloud computing, data centers, software, middleware, hardware, and ITSM - he has held leadership roles at IBM, Microsoft, Digital Equipment (now HP), and SAP.",https://www.linkedin.com/in/bhaveshadhia/,https://2025.globalfintechfest.com/media/Speakers_2_2025_09_19_T172230_032_removebg_preview_c3ea5f4b3c.png,Four - Category C,Data is the New Alpha: Foundation Models Trained on Financial Data,20250235,bhavesh adhia,2025,https://2025.globalfintechfest.com/speakers,2026-08-25T06:37:05Z
Mr. Bhavesh Jain,MD & CEO,TransUnion CIBIL,India,,https://www.linkedin.com/in/bsjain/?originalSubdomain=in,https://2025.globalfintechfest.com/media/Mr_Bhavesh_Jain_removebg_preview_b55a81306a.png,Three - Category B,Unlocking Rural Potential: Building Smart Financial Infrastructure for India’s Villages,20250098,bhavesh jain,2025,https://2025.globalfintechfest.com/speakers,2026-08-25T06:37:05Z
Mr. Bhavik Hathi,"Managing Director and Co-head, Global Transaction Advisory Group, Alvarez & Marsal",Alvarez and Marsal,India,"Mr. Hathi brings 16+ years of experience in advising clients in transactions and audit, and his primary areas of concentration are financial, commercial & operational due diligence. He has worked with clients across financial services, real estate, logistics, retail, consumer and aviation and has been involved in numerous transactions for private equity clients in India as well as corporates in sectors such as NBFC, banking, logistics, retail & consumer., and more.",https://www.linkedin.com/in/bhavik-hathi-30912826/,https://2025.globalfintechfest.com/media/Speakers_2_46_removebg_preview_9dfdaa1ed9.png,Four - Category C,Fragmented or Fortified? – The Rise of a Layered Fintech Landscape,20250465,bhavik hathi,2025,https://2025.globalfintechfest.com/speakers,2026-08-25T06:37:05Z
Mr. Bhavin Patel,CEO & Co-Founder,LenDenClub,India,,https://www.linkedin.com/in/bhavinpatel2022/?originalSubdomain=in,https://2025.globalfintechfest.com/media/Mr_Bhavin_Patel_removebg_preview_49c2df188b.png,Four - Category C,"Digital Lending, What Next?",20250542,bhavin patel,2025,https://2025.globalfintechfest.com/speakers,2026-08-25T06:37:05Z
Mr. Bhavin Turakhia,CEO,Zeta,,,,https://2025.globalfintechfest.com/media/Speakers_2_22_a2194512ac.png,Three - Category B,Profitable by Design: Can AI-Driven Decisioning Reinvent Banking Growth?,20250695,bhavin turakhia,2025,https://2025.globalfintechfest.com/speakers,2026-08-25T06:37:05Z
Mr. Bhavnish Lathia,CTO,Kotak Mahindra Bank,India,,,https://2025.globalfintechfest.com/media/Speakers_2_87_removebg_preview_a807f64420.png,Four - Category C,Data is the New Alpha: Foundation Models Trained on Financial Data,20250235,bhavnish lathia,2025,https://2025.globalfintechfest.com/speakers,2026-08-25T06:37:05Z
Mr. Bhupesh Kumar,Global Head of Transformation,Nucleus Software Exports,,"Bhupesh Kumar has been with Nucleus Software for 20+ years, specializing in core banking & lending product development. An expert in Retail, SME, MSME Lending, & Core Banking, he excels as a Product Owner in Agile with strong skills in requirement analysis and modeling. He led the FinnOne to FinnOne Neo® migration for GM Finance across 15 countries & has delivered major implementations for ICICI Bank, Mahindra Finance, Edelweiss, L&T Finance, & Bob Finance, driving global digital transformation.",,https://2025.globalfintechfest.com/media/GFF_25_Speakers_60_removebg_preview_c6b862f41e.png,Four - Category C,Zero to Trust: Building the Digital KYC+Onboarding Stack,20250574,bhupesh kumar,2025,https://2025.globalfintechfest.com/speakers,2026-08-25T06:37:05Z
Mr. Bhuvnesh Kumar,Chief Executive Officer,Unique Identification Authority of India (UIDAI),,,,https://2025.globalfintechfest.com/media/GFF_25_Speakers_93_removebg_preview_cc890dd7bd.png,Two - Category A,Bridging Identity and Innovation: UIDAI’s Role in the Age of AI and Fintech,20250165,bhuvnesh kumar,2025,https://2025.globalfintechfest.com/speakers,2026-08-25T06:37:05Z
Mr. Bindesh Pandey,"Group Vice President - Business Development, Digital Financial Solutions",Comviva Technologies,India,"Bindesh Pandey is a fintech leader with nearly 20 years of experience across 30+ countries. Known for guiding banks, fintechs, and NBFCs through digital transformation, he blends business leadership with deep tech expertise. With past stints at Infosys Finacle and Newgen, Bindesh excels at shaping operating models, driving innovation, and empowering leaders to achieve sustainable growth in financial services.",https://www.linkedin.com/in/bindesh-pandey-b6b0593,https://2025.globalfintechfest.com/media/GFF_25_Speakers_removebg_preview_96aa40dbbf.png,Four - Category C,"Who Owns the Merchant? Reimagining Acquiring, Credit, and Loyalty in a Digital-First Era",20250595,bindesh pandey,2025,https://2025.globalfintechfest.com/speakers,2026-08-25T06:37:05Z
Mr. Binod Kumar,Managing Director & Chief Executive Officer,Indian Bank,India,"Mr. Binod Kumar assumed charge as MD & CEO of Indian Bank on 16.01.2025. Prior to this, he served as Executive Director of Punjab National Bank. He is a Financial Risk Manager certified by GARP (USA) and a Certified Associate of the Indian Institute of Bankers. Shri Kumar has over 30 years of extensive and diverse banking experience including Branch and Administrative Office operations, Risk Management & Corporate Credit. He has also served as CEO of PNB's Dubai International Financial Centre.",https://www.linkedin.com/in/binod-singh-96b19817/,https://2025.globalfintechfest.com/media/GFF_25_Speakers_46_removebg_preview_de37b96cc6.png,Three - Category B,"Banking India@100: Financing Growth, Trust, and Global Influence",20250520,binod kumar,2025,https://2025.globalfintechfest.com/speakers,2026-08-25T06:37:05Z
Mr. Bipin Preet Singh,"Co-Founder, MD and CEO",MobiKwik,,"Bipin Preet Singh is the Managing Director, Co-Founder, and CEO of One MobiKwik Systems Ltd. He founded MobiKwik with a vision to transform the digital payments landscape in India. Bipin is a product enthusiast who loves good tech and smart engineers. He holds a bachelor’s degree in electrical engineering from the Indian Institute of Technology, Delhi, and has 20+ years of experience in technology, payments, and financial services.",,https://2025.globalfintechfest.com/media/GFF_25_Speakers_40_removebg_preview_516899c967.png,Three - Category B,"Shaping the Future of Responsible Digital Lending: Policy, Innovation, and Consumer Protection",20250707,bipin preet singh,2025,https://2025.globalfintechfest.com/speakers,2026-08-25T06:37:05Z
Mr. Bithin Mahanta,"Chief General Manager, MIRSD",Securities and Exchange Board of India,India,"Shri Bithin Mahanta is working as a Chief General Manager in the Market Intermediaries Regulation and Supervision Department and is in charge of the Supervision, Enforcement and Complaints vertical. Shri Bithin Mahanta has worked in various departments at SEBI which include Investigations, Surveillance, Derivatives and New Products, Organisational Restructuring Cell, Systemic Stability Unit, Market Regulation Department and Investment Management Department .",https://www.linkedin.com/in/bithin-mahanta-7503806/,https://2025.globalfintechfest.com/media/Speakers_2_89_04254169cb.png,Four - Category C,"AI in Advisory: Balancing Innovation, Bias, Product Suitability and Investor Protection",20250308,bithin mahanta,2025,https://2025.globalfintechfest.com/speakers,2026-08-25T06:37:05Z
Mr. Bo Christensen,Principal Financial Solutions & Strategy Manager,Agreena,Denmark,"Bo Tolstrup Christensen heads financial sector solutions & partnerships at Agreena, aiming to accelerate regenerative agriculture through innovative financing. Previously, he co-founded MobilePay, which today is a leading Nordic payment platform with 11 million users and 400,000 merchants. Over his career, Bo has worked across finance and innovation, including senior roles at Danske Bank, driving new business models and digital solutions.",https://www.linkedin.com/in/bo-tolstrup/,https://2025.globalfintechfest.com/media/Speakers_2_5_5a4e5c2f4e.png,Four - Category C,,,bo christensen,2025,https://2025.globalfintechfest.com/speakers,2026-08-25T06:37:05Z
Mr. Brendan Le Grange,Chief Credit Strategist,ConfirmU,United Kingdom,"A globally-experienced innovator and storyteller from the world of consumer lending, currently building one of the world's most interesting alternative credit scoring solutions, a student financial health platform, a European take on a ROSCA, and an AI-powered pest detection business for forestry. He is also the creator and host of How to Lend Money to Strangers, the podcast that brings you the world's most widely-sourced lending insights.",https://www.linkedin.com/in/brendanlegrange/,https://2025.globalfintechfest.com/media/GFF_25_Speakers_27_removebg_preview_1_74d7667d57.png,Four - Category C,"Collections 2.0: Compliance-First Collections + Gamification, UPI-Pull, and Conversational AI",20250320,brendan le grange,2025,https://2025.globalfintechfest.com/speakers,2026-08-25T06:37:05Z
Mr. Brijesh Baisakhiyar,DGM - Fintech Department,Reserve Bank of India,,,,https://2025.globalfintechfest.com/media/Speakers_2_73_52263753d1.png,Four - Category C,India Fintech Connect – Linking India’s Fintech with the World,20250059,brijesh baisakhiyar,2025,https://2025.globalfintechfest.com/speakers,2026-08-25T06:37:05Z
Mr. Brijesh Singh,"IPS, ADGP, Maharashtra",Government Of Maharashtra,,"An accomplished IPS olicer and visionary leader in cybersecurity, law enforcement, and public administration. Renowned for driving technological innovation and modernization in governance and public security systems. Spearheaded the implementation of the MH Cyber Project, CERT MH, and Predictive Policing Units, revolutionizing cybersecurity in Maharashtra. Modernized the Information & Public Relations Directorate with cutting-edge projects, including the Media and Social Media Analysis Centre and a state-of-the-añ recording studio. Pioneered the Automated Multi-Modal Biometric Identification System (AMBIS), integrating IRiS, face recognition, and fingerprinVpalm print technologies to combat crime. Led the Maharashtra Cyber Digital Crime Unit (MCDCU), orchestrating a massive takedown of pirate websites and issuing critical advisories to safeguard digital assets. Implemented CCTNS {Crime and Criminal Tracking Network & Systems) in Maharashtra.",,https://2025.globalfintechfest.com/media/Speakers_2_69_049468a392.png,Four - Category C,Guidelines to Guardrails: Evolving Cyber Regulations in a High-Risk World,20250556,brijesh singh,2025,https://2025.globalfintechfest.com/speakers,2026-08-25T06:37:05Z
Mr. Burkhard Balz,Member of the Executive Board of the Deutsche Bundesbank,Deutsche Bundesbank,,,,https://2025.globalfintechfest.com/media/Speakers_2_5_removebg_preview_66af29685e.png,Two - Category A,The Role of CBDCs in Cross-Border Payments: The Vision for Digital Euro,20250369,burkhard balz,2025,https://2025.globalfintechfest.com/speakers,2026-08-25T06:37:05Z
Mr. Carl Kingston,Country Head,ANZ Banking Group Ltd,Australia,"Carl is the Country Head (India) based out of Mumbai. In his current role, Carl is responsible for driving the business by catering to customers’ banking requirements through the bank’s strong cross-border connectivity. With prior work experience in Amsterdam, London and Sydney, Carl is a seasoned leader in strategy, growth and business transformation.",https://www.linkedin.com/in/carl-kingston/,https://2025.globalfintechfest.com/media/Speakers_2_47_removebg_preview_f3e98f7b64.png,Four - Category C,"Driving Real-Time, Frictionless Cross-Border Trade",20250272,carl kingston,2025,https://2025.globalfintechfest.com/speakers,2026-08-25T06:37:05Z
Mr. Challa Sreenivasulu Setty,Chairman,State Bank of India,India,"Mr. Challa Sreenivasulu Setty took over as Chairman of State Bank of India on 28th August 2024. He joined the Board of SBI as Managing Director in January 2020 and headed Retail & Digital Banking, International Banking, Global Markets & Technology verticals. A Bachelor of Science in Agriculture and also, a Certified Associate of Indian Institute of Bankers, he started his career with State Bank of India in 1988 as a Probationary Officer. Across a career spanning over three decades, he has rich experience in Corporate credit, Retail, Digital and International banking and banking in developed markets. Mr. Setty has held key assignments in State Bank of India in Stressed Assets Management, Corporate banking, Mid-Corporate banking, Global Markets and Technology both in India and abroad.",,https://2025.globalfintechfest.com/media/GFF_25_Speakers_82_removebg_preview_c9cb4f5fe5.png,Two - Category A,Financial Inclusion in the Digital Age: The Role of Fintech in Reaching the Unbanked,20250051,challa sreenivasulu setty,2025,https://2025.globalfintechfest.com/speakers,2026-08-25T06:37:05Z
Mr. Chandan Khaitan,CEO,Muthoot FinCorp ONE,,"Chandan Khaitan is the CEO of Muthoot FinCorp ONE and a stalwart in building tech-led businesses across FMCG, Retail, Commerce and Financial Services. A Harvard Business School alumni and Chartered Accountant, he has held various leadership roles at Flipkart, Walmart, Reckitt Benckiser Group, Nestle India Ltd. and Perfetti Van Melle. Outside work, he has a keen interest in sports and plays tennis regularly, while also being an avid trekker and a mountaineering enthusiast.",https://www.linkedin.com/in/chandan-khaitan-79153423/,https://2025.globalfintechfest.com/media/GFF_25_Speakers_1_removebg_preview_94dd5d4ad9.png,Four - Category C,Disruption in Credit for Last Mile Inclusion,20250434,chandan khaitan,2025,https://2025.globalfintechfest.com/speakers,2026-08-25T06:37:05Z
Mr. Chandru Iyer,HM Deputy Trade Commissioner,HMG,,,,https://2025.globalfintechfest.com/media/thumbnail_Speakers_2_4_37850fdc8b_07e3d13795_1e628f0bc4_96c09b4db9_c8d007cacd.png,Four - Category C,How UK and India can aim for further Fintech Collaboration & Regulatory Alignment post the India-UK Free Trade Agreement,20250563,chandru iyer,2025,https://2025.globalfintechfest.com/speakers,2026-08-25T06:37:05Z
Mr. Charanjot Singh Nanda,"President, ICAI and Part Time Member",Insurance Regulatory and Development Authority of India,,,,https://2025.globalfintechfest.com/media/thumbnail_Speakers_2_4_37850fdc8b_07e3d13795_1e628f0bc4.png,Four - Category C,,,charanjot singh nanda,2025,https://2025.globalfintechfest.com/speakers,2026-08-25T06:37:05Z
Mr. Chetan Krishnaswamy,"Vice President, Public Policy",Amazon,,"Chetan is a vice president at Amazon and leads India Public policy . An industry veteran, chetan has more two decades of experience working at various MNCs and also has a distinguished record as a journalist.",https://www.linkedin.com/in/chetan-krishnaswamy-87280210/,https://2025.globalfintechfest.com/media/Speakers_2_99_7255429e89.png,Four - Category C,Responsible AI in Finance: Designing Guardrails for Trust and Innovation,20250143,chetan krishnaswamy,2025,https://2025.globalfintechfest.com/speakers,2026-08-25T06:37:05Z
Mr. Chinmay Pol,Head of Banking Alliances,NPCI Bharat BillPay Limited (NBBL),India,,,https://2025.globalfintechfest.com/media/Speakers_2_87_removebg_preview_a807f64420.png,Four - Category C,,,chinmay pol,2025,https://2025.globalfintechfest.com/speakers,2026-08-25T06:37:05Z
Mr. Chirag Shah,Chairman,MoS Utility,India,,,https://2025.globalfintechfest.com/media/Speakers_2_87_removebg_preview_a807f64420.png,Four - Category C,Financial Inclusion 2.0: Services Beyond AePS & DMT,20250813,chirag shah,2025,https://2025.globalfintechfest.com/speakers,2026-08-25T06:37:05Z
Mr. Chiragh Kirpalani,CEO,Ayoconnect,Indonesia,"Chiragh Kirpalani is the Founder and CEO of Ayoconnect, an Indonesian fintech enabler that powers embedded finance and payment infrastructure. Headquartered in Jakarta, Ayoconnect is a Series B company backed by leading global investors including Tiger Global, SIG Global, PayU (Prosus), BRI Ventures, Mandiri Capital, among others. Chiragh is a seasoned entrepreneur with extensive experience scaling and working with startups across the USA, India, and Indonesia.",https://www.linkedin.com/in/ckirpalani/,https://2025.globalfintechfest.com/media/Speakers_2_42_6e22347c2c.png,Four - Category C,"Redefining Speed, Safety, and Scale in Cross-Border Payments",20250254,chiragh kirpalani,2025,https://2025.globalfintechfest.com/speakers,2026-08-25T06:37:05Z
Mr. Christophe Mariette,Co-Founder & Chairman - Lyra India,Lyra Network,,"As the Commercial Director of Lyra Network and Chairman of Lyra India, I have over 19 years of experience in leading and growing a company that provides seamless and secure payments for e-commerce, mobile, and POS transactions. Lyra Network operates in four continents and handles over 20 billion transactions per year for millions of merchants, banks, and fintechs.",,https://2025.globalfintechfest.com/media/GFF_25_Speakers_87_removebg_preview_45f187cb3a.png,Three - Category B,"Global Commerce, Local Ease: Fintechs Redefining Merchant Payments",20250252,christophe mariette,2025,https://2025.globalfintechfest.com/speakers,2026-08-25T06:37:05Z
Mr. D Surendran,Executive Director,Punjab National Bank,India,"Sri D. Surendran began his banking journey with Canara Bank in 1990, progressing to Chief General Manager by 2023 and now serving as Executive Director at Punjab National Bank. He brings rich expertise across Branch Banking, MSME, Retail Credit, Recovery, and HR. He led Project Aarohan‚ ÄîHR Transformation‚ Äîserved on the Canara HSBC Life Insurance Board, and currently drives IT, digital, and AI initiatives to modernize banking operations. please",,https://2025.globalfintechfest.com/media/GFF_25_Speakers_22_removebg_preview_434ddf6e71.png,Three - Category B,Next-Gen Banking Infrastructure: From Core Modernization to Customer-First Design,20250575,d surendran,2025,https://2025.globalfintechfest.com/speakers,2026-08-25T06:37:05Z
Mr. Damith Pallewatte,Managing Director/Chief Executive Officer,Hatton National Bank PLC,Sri Lanka,"Mr. Damith Pallewatte, Managing Director & CEO of Hatton National Bank PLC, is a seasoned banking and risk management professional with 30+ years of experience. He has served as Acting CEO, CRO, and DGM at HNB, and CRO at Nations Trust Bank. He holds an MBA (PIM-Sri Jayewardenepura), BSc (LSE), and is a Fellow of CIMA (UK). He chairs HNB Investment Bank, Lanka Ventures, and LVL Energy Fund, and serves as Director of Lanka Pay and VP/Director of ICC Sri Lanka.",https://www.linkedin.com/in/damith-pallewatte-frm-fcma-cgma-ba5b6814/,https://2025.globalfintechfest.com/media/Speakers_2_93_aafbca6378.png,Three - Category B,Bridging the Digital Divide: Ensuring Innovation Reaches the Unconnected,20250455,damith pallewatte,2025,https://2025.globalfintechfest.com/speakers,2026-08-25T06:37:05Z
Mr. David Finch,Global Managing Director - FinTech,TransUnion International,United Kingdom,"David Finch became Vice President for FinTech – International at TransUnion, in July 2022, assuming the role after being Chief Revenue Officer for UK & Europe for three years. With more than 20 years’ leadership experience in the UK, EMEA, the USA and Asia, David is responsible for influencing TransUnion’s international FinTech strategy, diffusing global solutions, product planning and management, driving revenue through local sales teams, market planning, and thought leadership.",https://uk.linkedin.com/in/david-finch-0008839,https://2025.globalfintechfest.com/media/GFF_25_Speakers_30_removebg_preview_612c6502ad.png,Three - Category B,The Next Bretton Moment: Can Public Infrastructure Rewrite the Rules of Global Finance?,20250571,david finch,2025,https://2025.globalfintechfest.com/speakers,2026-08-25T06:37:05Z
Mr. David Sabow,Global Head of Innovation Banking,HSBC,,,https://www.linkedin.com/in/david-sabow-51053a3/,https://2025.globalfintechfest.com/media/Speakers_2_14_removebg_preview_8f66832eee.png,Three - Category B,The Next Bretton Moment: Can Public Infrastructure Rewrite the Rules of Global Finance?,20250571,david sabow,2025,https://2025.globalfintechfest.com/speakers,2026-08-25T06:37:05Z
Mr. Daykin Credo,CEO,Go Payments,,,,https://2025.globalfintechfest.com/media/GFF_25_Speakers_76_removebg_preview_d98b3a6a2f.png,Four - Category C,,,daykin credo,2025,https://2025.globalfintechfest.com/speakers,2026-08-25T06:37:05Z
Mr. Debdoot Banerjee,Senior Director,Accion India,India,"Debdoot Banerjee is the Senior Director, Digital Strategy & Transformation working with the Accion Advisory team, based in India. Debdoot leads on scoping the digital transformation of Financial Service Providers (FSPs) at Accion , Prior to joining Accion, Debdoot was the Head of Products at Jana Small Finance Bank products, digital banking, and alliances. Besides leading large scale digital transformation project, Debdoot heads product initiatives for Accion in Asia",https://www.linkedin.com/in/debdoot-banerjee-25b5452/,https://2025.globalfintechfest.com/media/Speakers_2_83_173b7a85ef.png,Four - Category C,Creating an Efficient Lending Marketplace Leveraging AA,20250799,debdoot banerjee,2025,https://2025.globalfintechfest.com/speakers,2026-08-25T06:37:05Z
Mr. Debiprasad Banerjee,CEO,Ngenux,India,"AI leader with over 27 years of experience in driving business transformations, intelligent automation, and AI-driven strategic growth across industries. My focus lies in leveraging advanced AI technologies, data convergence, and automation to enable large-scale digital transformations, delivering measurable business impact. As CEO of Ngenux, I’m focused on building an engineering-led, GenAI-powered company that delivers real business outcomes.",https://www.linkedin.com/in/debiprasad-banerjee/,https://2025.globalfintechfest.com/media/Speakers_2_35_f9970521c5.png,Four - Category C,Collaborative Intelligence: Human + AI in Financial Services,20250226,debiprasad banerjee,2025,https://2025.globalfintechfest.com/speakers,2026-08-25T06:37:05Z
Mr. Debiprasad Sarangi,Co-Founder & Chief Executive Officer,iServeU Technology,India,"A fintech visionary with deep payment platform expertise, Debiprasad Sarangi is Founder & CEO of iServeU, a leading payment technology provider. Founded in 2016, iServeU serves solutions across UPI, card issuance, switching solutions to Banks, NBFCs & Fintechs. Under Sarangi's strategic direction, iServeU has emerged as a transformative force in the payments ecosystem and has built multiple dynamic payments platforms with a remarkable capacity of handling 3M+ daily transactions & over 1,000 TPS.",https://www.linkedin.com/in/debiprasad-sarangi-isu/,https://2025.globalfintechfest.com/media/Speakers_2_2025_09_22_T130932_411_ead3c125d8.png,Four - Category C,UPI at the Last Mile: Who will Power the Next 300 Million Users?,20250493;69,debiprasad sarangi,2025,https://2025.globalfintechfest.com/speakers,2026-08-25T06:37:05Z
Mr. Deep Agrawal,Head of Payments,PhonePe,,"Deep Agrawal is the Head of Payments at PhonePe. A technologist at heart, Deep has passionately driven the adoption of digital platforms and products at population scale over the course of his 15 years’ experience across consumer technology, banking and payments. At PhonePe, he oversees the entire payments suite of offerings and has been instrumental in driving PhonePe’s foray into multiple business lines and products which are first of their kind. An early proponent of UPI, his expertise lies in identifying white space opportunities and creating innovative offerings utilising open platforms and by forging strategic partnerships. Prior to this, Deep was Executive Vice President, Digital Banking at YES Bank where he was responsible for setting up the emerging digital payments vertical.",,https://2025.globalfintechfest.com/media/GFF_25_Speakers_79_removebg_preview_0bcaadf0a8.png,Four - Category C,Can Co-Branded Cards Win the Next Battle for Customer Affinity?,20250613,deep agrawal,2025,https://2025.globalfintechfest.com/speakers,2026-08-25T06:37:05Z
Mr. Deepak Bhartiya,Director - Products at PayU,PayU Payments,India,"Deepak Bhartiya, UPI Payments Lead at PayU, has 20+ years of expertise in digital payments. He has held key roles at ICICI Bank, Axis Bank, and NPCI, leading initiatives in UPI, IMPS, and mobile banking. At PayU, he has successfully driven UPI acquiring and issuing platforms and forged strong partnerships with banks, networks, and merchants. Known for blending business insight with technology, he delivers scalable, innovative payment solutions that fuel ecosystem growth.",https://www.linkedin.com/in/deepakbhartiya/,https://2025.globalfintechfest.com/media/Speakers_2_6_8340d387da.png,Four - Category C,"UPI NXT with PayU: Powering Speed, Choice & Growth for Businesses",20250839,deepak bhartiya,2025,https://2025.globalfintechfest.com/speakers,2026-08-25T06:37:05Z
Mr. Deepak Dastrala,CTO,Intellect Design Arena,India,"Deepak Dastrala is the Chief Technology Officer at IntellectAI, bringing 24 years of technology leadership in the financial and insurance sectors. He oversees the full spectrum of technology vision, engineering, and delivery for all platforms and products, excelling in product design, development, strategy, and innovation.",https://www.linkedin.com/in/deepak-dastrala-a3b7625,https://2025.globalfintechfest.com/media/GFF_25_Speakers_20_removebg_preview_7eae8f90b0.png,Four - Category C,"Agentic AI in Fintech: Autonomous Workflows for Risk, Compliance, and Ops",20250205,deepak dastrala,2025,https://2025.globalfintechfest.com/speakers,2026-08-25T06:37:05Z
Mr. Deepak Goel,Scientist 'G' & Group Coordinator (Cyber Laws),"Ministry of Electronics & Information Technology, Government of India",,,,https://2025.globalfintechfest.com/media/Speakers_2_4_37850fdc8b.png,Two - Category A,Roadmap for Fintech to Comply with DPDP,20250461,deepak goel,2025,https://2025.globalfintechfest.com/speakers,2026-08-25T06:37:05Z
Mr. Deepak H Saluja,Founder & CEO,Kee Platforms,UAE,"Deepak is the Founder and CEO of Kee Platforms, a global embedded financing platform for underserved SMEs and consumers. He is a seasoned fintech leader with over 25 years of transnational experience across banking, technology and entrepreneurship alongside a proven track record in building and scaling AI-powered credit fintechs. Kee Platforms offers an AI-integrated credit platform - for ecosystems, marketplaces, traditional and non-traditional lenders - that enables digital credit, underwriting, lending-as-a-service and embedded financing for underserved SMEs and Consumers. Deepak has held senior leadership roles at global institutions including JP Morgan, ABN AMRO, Standard Chartered and Citigroup, where he built a reputation for innovation, execution and client impact.",https://www.linkedin.com/in/deepak-h-saluja/,https://2025.globalfintechfest.com/media/Speakers_2_3_removebg_preview_c00026e42b.png,Four - Category C,Can AI Payments be the Future of Global E-Commerce?,20250224,deepak h saluja,2025,https://2025.globalfintechfest.com/speakers,2026-08-25T06:37:05Z
Mr. Deepak Jain,CEO & Co-Founder,FlexiLoans,India,,https://www.linkedin.com/in/deepak-jain-81a4048/?originalSubdomain=in,https://2025.globalfintechfest.com/media/GFF_25_Speakers_Set_2_8_removebg_preview_b193f9fc29.png,Four - Category C,"Collections 2.0: Compliance-First Collections + Gamification, UPI-Pull, and Conversational AI",20250320,deepak jain,2025,https://2025.globalfintechfest.com/speakers,2026-08-25T06:37:05Z
Mr. Deepak Mendiratta,Chief Executive Officer,PayU Finance India,India,"Mr. Deepak Mendiratta has more than 22 Years of experience in banking and financial services industry across lending, deposits and payments. During his journey he was involved in Risk, Credit, Underwriting, Business and Product roles and evolving how each of these can be fundamentally affected through the use of data and technology. He has previously been associated with JioMoney as Head of Consumer, Product & Segment, Standard Chartered Bank as Senior Product Manager, Citi as AVP.",linkedin.com/in/deepak-mendiratta-5a7b02,https://2025.globalfintechfest.com/media/GFF_25_Speakers_31_removebg_preview_cb39febf20.png,Four - Category C,"Digital Lending, What Next?",20250542,deepak mendiratta,2025,https://2025.globalfintechfest.com/speakers,2026-08-25T06:37:05Z
Mr. Deepak Sharma,Founder,Venture Studio,India,"Deepak Kumar Sharma is a seasoned digital business leader with 30+ years of experience across BFSI, Technology, and Telecom. Founder of Venture Studios, he also serves as Board Member & Independent Director at Suryoday Small Finance Bank and Experian India Credit, overseeing companies valued at over USD 2.5 billion. Formerly Kotak Mahindra Bank’s first President & Chief Digital Officer, he led innovations like Kotak 811, India Stack integration, and digital payments.",http://linkedin.com/in/deepaksharma71,https://2025.globalfintechfest.com/media/Speakers_2_10_6d8d9b0b65.png,Four - Category C,Network APIs: How Open Networks Are Ushering In a New Era in Digital Communications in BFSI,20250140,deepak sharma,2025,https://2025.globalfintechfest.com/speakers,2026-08-25T06:37:05Z
Mr. Deepak Shenoy,CEO,Capitalmind AMC,,,,https://2025.globalfintechfest.com/media/thumbnail_Speakers_2_4_37850fdc8b_9542887848.png,Four - Category C,Advancements in AI: Future Prospects in Securities Markets,20250304,deepak shenoy,2025,https://2025.globalfintechfest.com/speakers,2026-08-25T06:37:05Z
Mr. Deepak Sood,Member (Non-Life),Insurance Regulatory and Development Authority of India,India,,https://www.linkedin.com/in/soodeepak/?originalSubdomain=in,https://2025.globalfintechfest.com/media/Speakers_2_38_6a606e5202.png,Two - Category A,Insurance in the Digital Age: Managing Distribution for the Next Billion,20250586,deepak sood,2025,https://2025.globalfintechfest.com/speakers,2026-08-25T06:37:05Z
Mr. Deepak Verma,MD & CEO,FINDI,,"Deepak Verma is the Managing Director and CEO of FINDI, a leading provider of transaction management services in India. With over 20 years of experience in telecom and financial services, he has driven strategic initiatives and operational excellence. Previously, he was CFO at TSI for a decade, leading business planning, financial governance, EBITDA delivery, and fundraising. Earlier, at Bharti Airtel, he managed finance for Broadband, Data, and Retail, and served as Operations Controller at Kroll. A Chartered Accountant and Commerce graduate from Delhi University, Deepak combines technical expertise with strategic vision to drive FINDIâ€™s growth and innovation in transaction solutions.",,https://2025.globalfintechfest.com/media/GFF_25_Speakers_26_removebg_preview_37e0637529.png,Four - Category C,,,deepak verma,2025,https://2025.globalfintechfest.com/speakers,2026-08-25T06:37:05Z
Mr. Dennis Owusu-Sem,Chief Operating Officer,This Week in Fintech,USA,"Dennis Owusu-Sem serves as the COO of This Week in Fintech, the world's largest fintech publication with 200,000+ global readers. Dennis holds an MBA from the University of Oxford, where he was recognised on the Dean’s List for exceptional academic achievement. He also sits on an advisory council for NatWest, one of the largest banks in the UK. Dennis has been featured on several prestigious lists, including Forbes Top 25 Black British Leader to Follow and is an FT Advisor award winner.",dennis@thisweekinfintech.com,https://2025.globalfintechfest.com/media/GFF_25_Speakers_10_removebg_preview_b5684a480c.png,Four - Category C,"The New Map of Money: Designing Borderless, Scalable, and Inclusive Financial Systems",20250573,dennis owusu-sem,2025,https://2025.globalfintechfest.com/speakers,2026-08-25T06:37:05Z
Mr. Deval Sheth,Managing Director - Asia Pacific,Utimaco,India,,,https://2025.globalfintechfest.com/media/Speakers_2_87_removebg_preview_a807f64420.png,Four - Category C,Balancing Security & Convenience with Biometric Based Payments,20250421,deval sheth,2025,https://2025.globalfintechfest.com/speakers,2026-08-25T06:37:05Z
Mr. Devdatta Chandgadkar,CEO,RUGR SIL,India,DR. Devdatta Chandgadkar the Chief Executive Officer of RUGR SIL (Earlier Saraswat Infotech Pvt. Ltd. and now acquired by RUGR) . He served saraswat bank for 28 years. He held various positions and was the deputy managing director when he joined sil. He brings 45 years of banking experience and knowledge about technology and leveraging it to banking business. He has been instrumental in ensuring unwavering trust and support for the brand RUGR SIL.,https://www.linkedin.com/in/devadatta-chandgadkar-23a72354/,https://2025.globalfintechfest.com/media/Speakers_2_2025_10_05_T161624_498_97060392e9.png,Four - Category C,"Navigating the Future of Digital Banking - RUGR is Redefining the Way Bharat Pays, Banks, and Grows",20250337,devdatta chandgadkar,2025,https://2025.globalfintechfest.com/speakers,2026-08-25T06:37:05Z
Mr. Dewang Neralla,Founder & CEO,Hiwipay,India,"Dewang Neralla is a seasoned fintech entrepreneur with 30+ years of pioneering experience. He is the Co-Founder & CEO of HiWiPay, a cross-border payments platform transforming remittances with technology, simplicity, and compliance-first innovation. Previously, he founded NTT DATA Payment Services India (Atom Technologies) and co-founded 63 Moons Technologies, creating landmark fintech products. He has served as Co-Chair of the Merchant Aggregators Committee and on the Executive Council of PCI.",http://www.linkedin.com/in/dewangneralla,https://2025.globalfintechfest.com/media/Speakers_2_58_b8c9b82167.png,Four - Category C,India at the Heart of Global Remittances: $125 Billion and Beyond,20250789,dewang neralla,2025,https://2025.globalfintechfest.com/speakers,2026-08-25T06:37:05Z
Mr. Dhananjay Goel,Founder,Timble AI,India,,https://www.linkedin.com/in/goeldhananjay/,https://2025.globalfintechfest.com/media/GFF_25_Speakers_Set_2_15_removebg_preview_6f0f74cfea.png,Four - Category C,Startup Showcase - Timble AI,20250863,dhananjay goel,2025,https://2025.globalfintechfest.com/speakers,2026-08-25T06:37:05Z
Mr. Dhananjay Singh,Deputy Chief Engineering Delivery,National Payments Corporation of India,,,,https://2025.globalfintechfest.com/media/thumbnail_Speakers_2_4_37850fdc8b_07e3d13795_1e628f0bc4.png,Four - Category C,"Agentic AI in Fintech: Autonomous Workflows for Risk, Compliance, and Ops",20250205,dhananjay singh,2025,https://2025.globalfintechfest.com/speakers,2026-08-25T06:37:05Z
Mr. Dharmvir Jha,Statistical Advisor,MDONER,,,,https://2025.globalfintechfest.com/media/thumbnail_Speakers_2_4_37850fdc8b_07e3d13795_1e628f0bc4_96c09b4db9.png,Four - Category C,"Digital Payments Usage among MSMEs in India, with a Focus on the North-Eastern Region Date/Time",20250828,dharmvir jha,2025,https://2025.globalfintechfest.com/speakers,2026-08-25T06:37:05Z
Mr. Dheepak Rajoo,Chief Information Officer,Royal Sundaram,India,"Dheepak Rajoo is a seasoned technology executive with over 25 years of experience in Technology Management, Digital Transformation, and Business Innovation across the banking and insurance sectors. He currently serves as the Chief Information Officer at Royal Sundaram Insurance, where he leads enterprise-wide initiatives in technology modernization, digital enablement, and data transformation. Today, he is recognized as a thought leader in the FinTech, InsureTech, and digital ecosystems.",https://www.linkedin.com/in/dheepakrajoo/,https://2025.globalfintechfest.com/media/Speakers_2_87_a44aeced5f.png,Four - Category C,"The Global Insurance Reset: AI, Consumer Trust & Experience, Policy, and Business Impact",20250323,dheepak rajoo,2025,https://2025.globalfintechfest.com/speakers,2026-08-25T06:37:05Z
Mr. Dhirendra Kumar,Founder,Value Research,India,"Dhirendra Kumar, Founder & CEO of Value Research, has been India’s trusted voice in investing for over three decades. He built tools and ideas that help millions cut through noise and act with clarity. Through Value Research Online, Mutual Fund Insight, Wealth Insight, and his books Money, Markets & Mistakes and The Saver’s Guide, he champions clear thinking, disciplined investing, and trust. He also serves on advisory committees of SEBI, PFRDA, and IEPFA.",http://www.linkedin.com/in/dhirendra-vr,https://2025.globalfintechfest.com/media/Speakers_2_2025_10_05_T170840_625_df88755228.png,Three - Category B,Pension for Every Indian - The Next 300 Million,20250875,dhirendra kumar,2025,https://2025.globalfintechfest.com/speakers,2026-08-25T06:37:05Z
Mr. Dhvanil Gandhi,Director,MAS Financial Services,India,Mr. Dhvanil Gandhi is associated with the Company since April 2014 and over the last decade he has gained deep insights and hands-on expertise in all the departments and various aspects of the business of the Company. He has to his credit having developed the SME lending vertical of the company through its branches across India. He regularly engages with domestic and international investors and appraises them on the various developments and future growth prospects of the company.,https://www.linkedin.com/in/54494bb6/,https://2025.globalfintechfest.com/media/Speakers_2_2025_09_25_T130006_089_4b825fd380.png,Four - Category C,Secured Credit: The Only Panacea for MSME Lending?,20250055,dhvanil gandhi,2025,https://2025.globalfintechfest.com/speakers,2026-08-25T06:37:05Z
Mr. Dilip Modi,Founder & CEO,Spice Money,India,"Dilip Modi is a visionary entrepreneur transforming financial services across Bharat and the globe through Spice Money and Global Pay by WSFx. As a pioneering force, he is enabling a tech-driven financial ecosystem that reaches the last mile and every corner, making financial access seamless for rural communities while driving scalable global payment solutions.",https://www.linkedin.com/in/dilipmodi/?originalSubdomain=in,https://2025.globalfintechfest.com/media/GFF_25_Speakers_24_removebg_preview_1_387e1df98b.png,Three - Category B,Reimagining Collections to Power Credit Growth,20250449,dilip modi,2025,https://2025.globalfintechfest.com/speakers,2026-08-25T06:37:05Z
Mr. Dinesh Arora,Founder & CEO,Finnulate,India,,https://www.linkedin.com/in/arorad/?originalSubdomain=in,https://2025.globalfintechfest.com/media/GFF_25_Speakers_Set_2_17_removebg_preview_a8f87d12f4.png,Four - Category C,Startup Showcase - Finnulate,20250856,dinesh arora,2025,https://2025.globalfintechfest.com/speakers,2026-08-25T06:37:05Z
Mr. Dinesh Pai,"VP - Business Analysis and Investments, Zerodha, and Head",Rainmatter,,,,https://2025.globalfintechfest.com/media/GFF_25_Speakers_61_removebg_preview_504be60798.png,Four - Category C,The Resilient Fintech Investor: From Early Bets to Sustainable Scale,20250704,dinesh pai,2025,https://2025.globalfintechfest.com/speakers,2026-08-25T06:37:05Z
Mr. Dipu KV,Senior President,Bajaj Allianz General Insurance,,,,https://2025.globalfintechfest.com/media/Speakers_2_4_37850fdc8b.png,Four - Category C,"Inclusive Insurance for Bharat: Leveraging Tech, Policy, and Partnerships",20250802,dipu kv,2025,https://2025.globalfintechfest.com/speakers,2026-08-25T06:37:05Z
Mr. Dirk van Quaquebeke,Managing Partner,BEENEXT,,,,https://2025.globalfintechfest.com/media/Speakers_2_removebg_preview_93cdf3c11b.png,Three - Category B,Innovation and Resillience in Payments,20250781,dirk van quaquebeke,2025,https://2025.globalfintechfest.com/speakers,2026-08-25T06:37:05Z
Mr. DK Das,Senior Executive Vice President & Head - Digital Transformation & Excellence Unit (DTEU),Bandhan Bank,,,,https://2025.globalfintechfest.com/media/Speakers_2_48_a7d366441b.png,Four - Category C,Driving Innovation in Traditional Banking Models,20250679,dk das,2025,https://2025.globalfintechfest.com/speakers,2026-08-25T06:37:05Z
Mr. Dmytro Kolechko,CEO,Wing Bank,,,https://www.linkedin.com/in/dmytro-kolechko-019a8473/?originalSubdomain=kh,https://2025.globalfintechfest.com/media/GFF_25_Speakers_62_removebg_preview_e84ae4b9e1.png,Four - Category C,,,dmytro kolechko,2025,https://2025.globalfintechfest.com/speakers,2026-08-25T06:37:05Z
Mr. Ed O'Neill,"Vice President, Business Risk",Discover Network,USA,"Ed is responsible for implementing programs to identify, manage, and mitigate operational, regulatory, payment security, and other business risks. Ed has led efforts in payments security, fraud prevention, and risk management. With over 20 years in financial services, Ed is known for building collaborative programs that address complex risk, security, and compliance challenges across the payments ecosystem. Ed holds both an MBA and a BBA from Loyola University Chicago.",https://www.linkedin.com/in/ed-o-neill-8b7b945,https://2025.globalfintechfest.com/media/GFF_25_Speakers_28_removebg_preview_306dc53cf7.png,Four - Category C,,,ed o neill,2025,https://2025.globalfintechfest.com/speakers,2026-08-25T06:37:05Z
Mr. Esam Alkheshnam,Chief Executive Officer,Knet,,,,https://2025.globalfintechfest.com/media/GFF_25_Speakers_84_removebg_preview_81a10ef391.png,Four - Category C,"Redefining Speed, Safety, and Scale in Cross-Border Payments",20250254,esam alkheshnam,2025,https://2025.globalfintechfest.com/speakers,2026-08-25T06:37:05Z
Mr. Fadi AlAwami,Deputy Vice President,M2P Fintech,,,,https://2025.globalfintechfest.com/media/GFF_25_Speakers_21_removebg_preview_bce90920c5.png,Four - Category C,"Card Payments in a Multipolar World: Navigating Regulation, Local Networks, and Cross-Border Growth",20250509,fadi alawami,2025,https://2025.globalfintechfest.com/speakers,2026-08-25T06:37:05Z
Mr. Farokh Patel,"Vice President – Audit, Inspection & Compliance",CDSL,,"Farokh Patel is the Senior Vice President at Central Depository Services (India) Ltd (CDSL) with over 25 years of experience in regulatory compliance, audit & inspection, and investor grievance redressal. He has played a pivotal role in shaping policy frameworks and strengthening investor protection in the Indian securities market. Mr. Patel has been instrumental in driving technology-enabled solutions, fostering stakeholder collaboration, and building capacity in the regulatory ecosystem.",,https://2025.globalfintechfest.com/media/Speakers_2_21_056be58cc6.png,Four - Category C,Dematerialisation Mechanism For Commodity Derevatives,20250668,farokh patel,2025,https://2025.globalfintechfest.com/speakers,2026-08-25T06:37:05Z
Mr. Francois Villeroy de Galhau,Governor,Banque de France,,,,https://2025.globalfintechfest.com/media/Speakers_2_4_removebg_preview_f915ce7da9.png,Two - Category A,From Paris to Mumbai: Connecting Continents Through Finance and Technology,20250888,francois villeroy de galhau,2025,https://2025.globalfintechfest.com/speakers,2026-08-25T06:37:05Z
Mr. Fraser Mdwazika,Director Payments,Reserve Bank of Malawi,Malawi,"Fraser Mdwazika is the Director – National Payments System at the Reserve Bank of Malawi (RBM). He holds an MA in Economics from the University of Malawi and has 35 years of experience at RBM. Fraser has vast knowledge in payment systems and is credited with the establishment of Malawi’s Automated Transfer System, Central Securities Depository, National Switch and setting up a sound legal and regulatory framework. Currently, he is championing the establishment of the national e-payment gateway.",https://www.linkedin.com/in/fraser-mdwazika-913bb0129,https://2025.globalfintechfest.com/media/Speakers_2_59_8722604af5.png,Four - Category C,Serving Cash-Dependent Populations in a Digital World,20250443,fraser mdwazika,2025,https://2025.globalfintechfest.com/speakers,2026-08-25T06:37:05Z
Mr. Fredrik Kjell,COO,Truecaller,Sweden,"Mr Kjell has around 20 years of experience working in the digital consumer and B2B industry and joined Truecaller's management team in 2020. Kjell was part of the team that took Truecaller from a private to a public company in 2021, and today Kjell has the Group's global revenue responsibility across freemium users, paying users and B2B customers. Kjell is based in Stockholm but visits India frequently.",http://linkedin.com/in/fredrikkjell,https://2025.globalfintechfest.com/media/Speakers_2_2025_10_05_T161416_610_001d28f50e.png,Four - Category C,"Global, Instant, Trusted: What the Next Billion Users Will Expect from Finance",20250579,fredrik kjell,2025,https://2025.globalfintechfest.com/speakers,2026-08-25T06:37:05Z
Mr. G Padmanabhan,Former Executive Director,Reserve Bank of India,,,,https://2025.globalfintechfest.com/media/Speakers_2_2025_09_22_T145320_432_b90fae7333.png,Two - Category A,Data as Public Good: Harnessing Official Data for Innovation and Growth,20250184;20250809,g padmanabhan,2025,https://2025.globalfintechfest.com/speakers,2026-08-25T06:37:05Z
Mr. Ganesh Ananthanarayanan,Chief Operating Officer,Airtel Payments Bank,India,"Ganesh is the Chief Operating Officer (COO) at Airtel Payments Bank, where he oversees the Bank's operational strategy and execution, ensuring that the organization continues to grow and evolve in the rapidly changing fintech landscape. With his guidance and expertise in operational efficiency, business strategy, and customer-centric innovation, Ganesh has been instrumental in shaping the Bank’s path to success. Prior to joining the Bank, he served as EVP - Central Distribution at Bharti Airtel.",https://www.linkedin.com/in/ganesh-ananthanarayanan-537884/,https://2025.globalfintechfest.com/media/GFF_25_Speakers_21_removebg_preview_3309301e19.png,Four - Category C,Next-Gen Banking Infrastructure: From Core Modernization to Customer-First Design,20250575,ganesh ananthanarayanan,2025,https://2025.globalfintechfest.com/speakers,2026-08-25T06:37:05Z
Mr. Ganesh AR,Group Chief Technology Officer,Jio Financial Services,India,"Mr. Ganesh AR is an Engineer and an alumnus of IIM, Calcutta. He brings over three decades of cross-sectoral experience in large IT transformation and senior roles across IT and Information Security in the banking, capital markets, and retail industries. Before joining JFSL, he served as CISO at ICICI Bank for five years, prior to which he led Corporate and Treasury IT for over seven years. In his earlier stint, he was part of the India leadership team at Tesco Shared Services Centre.",https://in.linkedin.com/in/ganesh-ar-8353741,https://2025.globalfintechfest.com/media/Speakers_2_2025_09_26_T102847_021_fc14d81150.png,Four - Category C,Network APIs: How Open Networks Are Ushering In a New Era in Digital Communications in BFSI,20250140,ganesh ar,2025,https://2025.globalfintechfest.com/speakers,2026-08-25T06:37:05Z
Mr. Ganesh Gopalan,Founder & CEO,Gnani.ai,India,"Ganesh Gopalan is Co-Founder and CEO of Gnani.ai with 25+ years in tech, including leadership roles at IBM and Texas Instruments. At Gnani.ai he builds voice-first AI that improves customer and agent experiences across BFSI, telecom, healthcare, and more. He leads sales, marketing, HR, and finance, and champions accessible, research-driven Agentic AI from India. MBA, ISB. Tennis and cricket fan and a sci-fi reader.",https://www.linkedin.com/in/ganesh-gopalan/,https://2025.globalfintechfest.com/media/Speakers_2_74_a54f243ed2.png,Four - Category C,Data is the New Alpha: Foundation Models Trained on Financial Data,20250235,ganesh gopalan,2025,https://2025.globalfintechfest.com/speakers,2026-08-25T06:37:05Z
Mr. Gary Yeoh,Chief Marketing Officer,Payments Network Malaysia (PayNet),,,https://www.linkedin.com/in/gary-yeoh-2b11a924/?originalSubdomain=my,https://2025.globalfintechfest.com/media/GFF_25_Speakers_65_removebg_preview_381fb26c60.png,Four - Category C,Connected Choices: Driving Consumer Behavior in the Age of Real-Time Finance,20250227,gary yeoh,2025,https://2025.globalfintechfest.com/speakers,2026-08-25T06:37:05Z
Mr. Gaurav Agarwal,Senior Vice President,AuthBridge,India,"Dynamic leader with 20+ years of experience in retail and commercial banking, trade finance, and fintech. Holds an MBA in Marketing from IMT, Ghaziabad, and a degree in Economics from DU.",https://www.linkedin.com/in/gaurav-agarwal-37170ba8/,https://2025.globalfintechfest.com/media/GFF_25_Speakers_22_removebg_preview_31af7f2d27.png,Four - Category C,"Interoperable Digital Identity: The Missing Layer for a Trusted, Tokenized Economy and AI",20250438,gaurav agarwal,2025,https://2025.globalfintechfest.com/speakers,2026-08-25T06:37:05Z
Mr. Gaurav Agrawal,"Lead, Business Messaging Specialist - India",Meta,India,"Gaurav is Lead, Business Messaging Specialist, driving thought leadership in the FSI sector by bringing innovative financial solutions on WhatsApp for leading institutions like HDFC, SBI, ICICI, Kotak, Axis, Bajaj Finance, LIC, and more. With 15+ years of experience, he bridges business priorities with SaaS, AI, and tech solutions, engages regulators such as RBI and NPCI, and is recognized for building high-impact teams and delivering trusted results.",https://www.linkedin.com/in/gaurav-s-agrawal/,https://2025.globalfintechfest.com/media/GFF_25_Speakers_57_removebg_preview_e1bd4d3257.png,Four - Category C,Build Rich FinServ Experiences on WhatsApp,20250726,gaurav agrawal,2025,https://2025.globalfintechfest.com/speakers,2026-08-25T06:37:05Z
Mr. Gaurav Chopra,Founder,IndiaLends,India,,https://www.linkedin.com/in/gaurav-chopra-2084452/?originalSubdomain=in,https://2025.globalfintechfest.com/media/GFF_25_Speakers_Set_2_16_removebg_preview_59ea13eca7.png,Four - Category C,Redefining Consumer Credit: The Next Chapter for Digital Lenders in India,20250662,gaurav chopra,2025,https://2025.globalfintechfest.com/speakers,2026-08-25T06:37:05Z
Mr. Gaurav Hazrati,President-Financial Services,Tata Digital,India,"With nearly two decades of experience in fintech and digital innovation, Gaurav has played a pivotal role in building, scaling, and transforming financial services at leading institutions. From shaping Axis Direct to leading digital banking at IndusInd, and establishing multiple digital businesses at Tata Digital, his journey reflects visionary leadership and entrepreneurial excellence. A founding team member at Tata Digital, he has been instrumental in driving transformative growth at Tata Neu.",https://www.linkedin.com/in/gauravhazrati/,https://2025.globalfintechfest.com/media/Speakers_2_48_removebg_preview_f072b97e43.png,Four - Category C,Building Moats to Sustain Fintech Growth,20250428,gaurav hazrati,2025,https://2025.globalfintechfest.com/speakers,2026-08-25T06:37:05Z
Mr. Gaurav Kumar,Founder & CEO,Yubi,India,"Gaurav Kumar is the Founder & CEO of Yubi Group, the world’s only tech company powering the full debt lifecycle. With 18+ years in debt and fintech, he’s led Yubi to enable ₹1.4L Cr in debt volumes, connecting 17K+ enterprises and 6.2K+ investors. A serial entrepreneur, he previously co-founded Vivriti and held key roles at Northern Arc. Yubi Group now includes Accumn, Spocto X, and Aspero, reshaping India’s credit infrastructure.",https://www.linkedin.com/in/gaurav-kumar-2a465114/,https://2025.globalfintechfest.com/media/Speakers_2_2025_09_19_T174124_069_removebg_preview_f751606edf.png,Four - Category C,Democratizing Wealth Creation: Leveraging Technology to Enhance Capital Access and Inclusion,20250399,gaurav kumar,2025,https://2025.globalfintechfest.com/speakers,2026-08-25T06:37:05Z
Mr. Gaurav Mathur,Founder and CEO,Digital Gold India (SafeGold),India,"Gaurav Mathur is the Founder and CEO of SafeGold - Asia's largest digital gold platform with more than 50 million customers across the UAE, Thailand and India. SafeGold is integrated with more than 100 banks, fintechs and e-commerce platforms. Prior to SafeGold, Gaurav spent 15 years in the private equity industry with InVent Capital, India Equity Partners, JPMorgan in Singapore and Deutsche Bank in London. He has an MBA from IIM, Ahmedabad and a BA in Economics from Delhi University.",http://www.linkedin.com/in/gauravmathur-safegold,https://2025.globalfintechfest.com/media/GFF_25_Speakers_6_removebg_preview_716516b26f.png,Four - Category C,From Grams to Apps: Unlocking Wealth with Digital Gold,20250560,gaurav mathur,2025,https://2025.globalfintechfest.com/speakers,2026-08-25T06:37:05Z
Mr. Gaurav Shisodia,Vice President & Country Manager (India),Payoneer,,"Gaurav Shisodia, the Vice President of Payoneer India, is a seasoned professional with 20+ years of extensive experience in the banking and fintech industries. Gaurav has successfully led high-performing teams and contributed to the growth and expansion of multiple organizations. In his current role, Gaurav is responsible for driving the go-to-market strategy and accelerating India’s growth by overseeing the overall business strategies, strategic revenue priorities, and growth initiatives.",https://www.linkedin.com/in/gaurav-shisodia-742b5b15/,https://2025.globalfintechfest.com/media/Speakers_2_49_d615e9c492.png,Four - Category C,"The Neural Network of Money: AI, Policy, and the Next Generation of Cross-Border Infrastructure",20250637,gaurav shisodia,2025,https://2025.globalfintechfest.com/speakers,2026-08-25T06:37:05Z
Mr. Gautam Aggarwal,"Division President, South Asia",Mastercard,India,"Gautam Aggarwal oversees all of Mastercard's activities across South Asia and India, including business strategy, sales, product management, marketing and engagements with customers and regulators. As head of the company's South Asia division, he leads operations across the sub-continent, covering Sri Lanka, Bangladesh, Nepal, Maldives, and Bhutan, in addition to India.",https://www.linkedin.com/in/gautamagg?utm_source=share&utm_campaign=share_via&utm_content=profile&utm_medium=android_app,https://2025.globalfintechfest.com/media/GFF_25_Speakers_2_removebg_preview_98a89ff28c.png,Three - Category B,,,gautam aggarwal,2025,https://2025.globalfintechfest.com/speakers,2026-08-25T06:37:05Z
Mr. Gautam Ganjawala,Senior Partner,AZB & Partners,India,,,https://2025.globalfintechfest.com/media/Speakers_2_87_removebg_preview_a807f64420.png,Four - Category C,"Global Ambitions, Local Rules: Can Indian PAs Scale Cross-Border Without Friction?",20250507,gautam ganjawala,2025,https://2025.globalfintechfest.com/speakers,2026-08-25T06:37:05Z
Mr. Gautam Rege,Director & Co-Founder,Josh Software,,"Gautam Rege has nearly three decades of experience creating innovative security and scale solutions. His passion for programming and sports, including squash, hockey, and basketball, has shaped Josh's culture since 2007, emphasizing teamwork and competition. A published author and engaging speaker, Gautam shares his technology and entrepreneurship insights at international conferences, often incorporating humour.",https://www.linkedin.com/in/gautamrege/,https://2025.globalfintechfest.com/media/Speakers_2_2_removebg_preview_b61d1bc340.png,Four - Category C,"Voice, Trust, and Inclusion: How AI is Powering the Next Wave of FinTech in India",20250770,gautam rege,2025,https://2025.globalfintechfest.com/speakers,2026-08-25T06:37:05Z
Mr. George K John,Executive Director,ESAF Small Finance Bank,India,"Executive Director – ESAF Small Finance Bank A seasoned professional with over three decades of experience in Banking, Development Finance, and Institutional Transformation, I have dedicated my career to building sustainable organizations that balance growth with purpose. My journey from a grassroots volunteer to Executive Director reflects a lifelong commitment to inclusive finance, technology-led innovation, and social development",https://www.linkedin.com/in/george-john-bobby-14246118/,https://2025.globalfintechfest.com/media/Untitled_design_946ef03a32.png,Four - Category C,"Shaping the Future of Responsible Digital Lending: Policy, Innovation, and Consumer Protection",20250707,george k john,2025,https://2025.globalfintechfest.com/speakers,2026-08-25T06:37:05Z
Mr. Giridhar G. M.,Chief Customer Success,National Payments Corporation of India,,,,https://2025.globalfintechfest.com/media/thumbnail_Speakers_2_4_37850fdc8b_07e3d13795_1e628f0bc4.png,Four - Category C,,,giridhar g m,2025,https://2025.globalfintechfest.com/speakers,2026-08-25T06:37:05Z
Mr. Girish Budhiraja,Chief Sales & Marketing Officer,SBI Card,,Mr. Girish Budhiraja is the Executive Vice President and Chief Sales & Marketing Officer at SBI Card. In his current role he strategically drives revenue growth and product innovation at SBI Card. Mr. Girish has a wealth of knowledge across cards & payment industry while working with revered Global and Indian Brands.,https://www.linkedin.com/in/girish-budhiraja-047a991?utm_source=share&utm_campaign=share_via&utm_content=profile&utm_medium=ios_app,https://2025.globalfintechfest.com/media/Speakers_2_65_6aec7303ad.png,Four - Category C,From Trust Gaps to Credit Gains: Rethinking Onboarding in the AI Era,20250578,girish budhiraja,2025,https://2025.globalfintechfest.com/speakers,2026-08-25T06:37:05Z
Mr. Girish Krishnan A,"Director, Payments & Merchant Services",Amazon Pay,,,,https://2025.globalfintechfest.com/media/thumbnail_Speakers_2_4_37850fdc8b_07e3d13795_1e628f0bc4_96c09b4db9_c8d007cacd.png,Four - Category C,"UPI innovations form Amazon Pay capturing Biometric Authentication, UPI IoT, etc.",20250850,girish krishnan a,2025,https://2025.globalfintechfest.com/speakers,2026-08-25T06:37:05Z
Mr. Girish Pandey,"Director, Product Management",Meta,USA,"Girish Pandey is a senior fintech executive with 20+ years of experience in payments, product development, and strategy. At Meta, he leads global product management for Messaging Payments, and has also driven FB app monetization and consumer wallet initiatives. He previously held leadership roles at Visa, Mastercard, Citi, Capital One, Deloitte, and UnitedHealth. Girish holds degrees from IIT Bombay and IIT BHU, with certifications in Six Sigma, Risk Management, and CAIA.",https://www.linkedin.com/in/girishpandey/,https://2025.globalfintechfest.com/media/GFF_25_Speakers_34_removebg_preview_505c62c20b.png,Four - Category C,Seamless Payments on WhatsApp,20250618,girish pandey,2025,https://2025.globalfintechfest.com/speakers,2026-08-25T06:37:05Z
Mr. Gopal Majumder,Chief Business Officer,RUGR Fintech,India,"Mr. Majumder, one of the most prolific thought leaders, has straddled different senior leadership roles across Senior management think tank, Growth, Product & Corporate Strategy, and Change Management with marquee global organizations such as FIS, Hewlett Packard, Visa, and TCS in India and abroad. His leadership strategy and execution in complex and transformative enterprise business for major Banks and FinTech’s across the globe has consistently driven significant organic growth for the organizations and their clients. Currently at the helm of the mission to make Fintech accessible to the very last mile of the country, he is deeply rooted in the belief that Fintech holds a thematic and central future in banking, finance & commerce, and symbiotic & collective growth will be a natural derivative of the entire ecosystem, unlocking a whole new world of possibility and sustainability. Next Fintech revolution is taking a definitive and defining shape under his leadership.",https://www.linkedin.com/in/gopal-majumder-48742bb0/?originalSubdomain=in,https://2025.globalfintechfest.com/media/GFF_25_Speakers_23_removebg_preview_ba5f3faf74.png,Four - Category C,"Navigating the Future of Digital Banking - RUGR is Redefining the Way Bharat Pays, Banks, and Grows",20250337,gopal majumder,2025,https://2025.globalfintechfest.com/speakers,2026-08-25T06:37:05Z
Mr. Gopal Srinivasan,Chairman & Managing Director,TVS Capital Funds,India,,https://www.linkedin.com/in/gopal-srinivasan-4630808/?original_referer=https%3A%2F%2Fwww%2Ebing%2Ecom%2F&originalSubdomain=in,https://2025.globalfintechfest.com/media/Speakers_2_96_removebg_preview_e5e3bf7e92.png,Two - Category A,"Beyond Borders, Beyond Capital: Building a Global Fintech Investment Playbook",20250459,gopal srinivasan,2025,https://2025.globalfintechfest.com/speakers,2026-08-25T06:37:05Z
Mr. Goutham Danya,CISO,Google Pay,India,"Goutham Danya is the Chief Information Security Officer (CISO) for GPay, with over 17 years of experience in cybersecurity, cloud security, and compliance. He is committed to upholding the highest standards of privacy and security to protect payment products. At Amazon, he previously led secure-by-default and third-party security initiatives. With expertise spanning payments, finance, and technology, he holds prestigious certifications like CISSP, underscoring his versatile career.",https://www.linkedin.com/in/goutham-danya-17755018/,https://2025.globalfintechfest.com/media/Speakers_2_27_15c92b7ae2.png,Four - Category C,Can AI Manage Black Swan Events and How?,20250445,goutham danya,2025,https://2025.globalfintechfest.com/speakers,2026-08-25T06:37:05Z
Mr. GPJ Gupta,"Head - Large Tech Projects, Innovation and Transformation",Aditya Birla Capital,India,"With over 25 years of leadership experience in Banking Technology, Digital Payments, Digital Channels, Retail Liability & Asset Products, and Large-Scale Transformations. Having proven track record of delivering operational excellence and technology modernisation in highly regulated Financial Institutions",http://linkedin.com/in/gpj-gupta-51272877,https://2025.globalfintechfest.com/media/Speakers_2_2025_10_04_T112245_619_d42b1db2b2.png,Four - Category C,Enabling Financial Institutions (FIs) Better Support MSMEs Through AI-Empowered Solutions,20250463,gpj gupta,2025,https://2025.globalfintechfest.com/speakers,2026-08-25T06:37:05Z
Mr. Graham Davies,Joint CEO & Founder,SendSpend,,,,https://2025.globalfintechfest.com/media/Speakers_2_57_2e7252f80e.png,Four - Category C,"Driving Real-Time, Frictionless Cross-Border Trade",20250272,graham davies,2025,https://2025.globalfintechfest.com/speakers,2026-08-25T06:37:05Z
Mr. Guhan Muthusamy,Co-founder,Mindgate Solutions,India,"As Co-founder & Chief Architect at Mindgate Solutions, Guhan drives product architecture and strategic technology decisions. With 20+ years in fintech, he has been pivotal in scaling Mindgate as a leading partner for digital payment innovations. Earlier, as Software Architect at Byzan Systems, he led major projects, including internet banking and payment gateways for global banks.",https://www.linkedin.com/in/guhan-m-8447bab/,https://2025.globalfintechfest.com/media/GFF_25_Speakers_23_removebg_preview_5f1a85dbce.png,Four - Category C,AI-Powered Finance: Efficiency in Financial Operations,20250417,guhan muthusamy,2025,https://2025.globalfintechfest.com/speakers,2026-08-25T06:37:05Z
Mr. Guhaprasath Rajagopal,Managing Director,J.P. Morgan,India,,https://www.linkedin.com/in/guhaprasathr/?originalSubdomain=in,https://2025.globalfintechfest.com/media/GFF_25_Speakers_21_removebg_preview_1_5b96045016.png,Four - Category C,"Global from the Ground Up: Reimagining Fintech for a Multi-Currency, Multi-Regulator Future",20250566;32,guhaprasath rajagopal,2025,https://2025.globalfintechfest.com/speakers,2026-08-25T06:37:05Z
Mr. Gurjodhpal Singh,CEO,Tide India,India,,,https://2025.globalfintechfest.com/media/Speakers_2_2025_10_03_T215334_966_3a34f2f4e5.png,Four - Category C,,,gurjodhpal singh,2025,https://2025.globalfintechfest.com/speakers,2026-08-25T06:37:05Z
Mr. Gyan Chandra Misra,Chairman of the Committee on MSME & Start-up,ICAI,,,,https://2025.globalfintechfest.com/media/GFF_25_Speakers_Set_2_3_removebg_preview_dacedcdb22.png,Four - Category C,Bharat Connect for Business: Enabling Growth and Transformation for Businesses through Collaboration,20250824,gyan chandra misra,2025,https://2025.globalfintechfest.com/speakers,2026-08-25T06:37:05Z
Mr. Hare Krishna Jena,Managing Director,Clearing Corporation of India,India,,,https://2025.globalfintechfest.com/media/GFF_25_Speakers_20_removebg_preview_44a35da51d.png,Four - Category C,The Convergence of Payments and FX: India's Next Fintech Opportunity,20250183;20250656,hare krishna jena,2025,https://2025.globalfintechfest.com/speakers,2026-08-25T06:37:05Z
Mr. Harish Natarajan,"Practice Manager, Financial Inclusion & Infrastructure",The World Bank,India,"Harish leads a global team working on financial inclusion; payments and market infrastructures; digital finance; and credit infrastructure topics. He represents the World Bank in several international working groups on these topics. He was a lead contributor to the IMF-World Bank Bali Fintech Agenda, co-led the Future of Finance flagship paper, and co-chaired the CPMI-World Bank taskforce on Payment Aspects of Financial Inclusion. Prior to joining the World Bank, Harish worked in senior level positions at Visa in business development, operations, and risk management. He holds an under-graduate degree in Electrical and Electronics Engineering from Indian Institute of Technology -Madras, India and a Post Graduate Diploma, from Indian Institute of Management-Calcutta, India specializing in Finance and Systems.",https://www.linkedin.com/in/hnataraj/,https://2025.globalfintechfest.com/media/natarajan_c4eb0bb3d3.png,Three - Category B,,,harish natarajan,2025,https://2025.globalfintechfest.com/speakers,2026-08-25T06:37:05Z
Mr. Harjinder Kang,HM Trade Commissioner for South Asia and British Deputy High Commissioner for Western India,High Commission of UK,,,,https://2025.globalfintechfest.com/media/GFF_25_Speakers_23_removebg_preview_ef58a025db.png,Three - Category B,,,harjinder kang,2025,https://2025.globalfintechfest.com/speakers,2026-08-25T06:37:05Z
Mr. Harsha Bhowmik,"Director (Digital Economy and Fintech), Department of Economic Affairs","Ministry of Finance, Government of India",,,,https://2025.globalfintechfest.com/media/Speakers_2_16_542a827567.png,Two - Category A,,,harsha bhowmik,2025,https://2025.globalfintechfest.com/speakers,2026-08-25T06:37:05Z
Mr. Harshil Mathur,CEO & Co-founder,Razorpay,India,"Harshil Mathur CEO & Co-Founder, Razorpay Harshil started Razorpay after discovering the dismal state of online payments in India. He graduated from IIT Roorkee in 2013 and started working at Schlumberger. With an idea to change the way online payments functioned in India, Harshil quit his full-time job and founded Razorpay with his Co-Founder, Shashank Kumar in 2014, to simplify online payments. By early 2014, Razorpay was conceptualized with a vision to simplify online payments.",https://www.linkedin.com/in/harshilmathur/?originalSubdomain=in,https://2025.globalfintechfest.com/media/Speakers_2_95_b3029b2d9b.png,Three - Category B,"The New Operating System of Finance: Banks, Fintechs, and Capital at Scale",20250694;20250833,harshil mathur,2025,https://2025.globalfintechfest.com/speakers,2026-08-25T06:37:05Z
Mr. Harshvardhan Lunia,"Former - Chair of Fintech Convergence Council, and Former Co-Founder",Lendingkart,India,"Harshvardhan Lunia is the Founder of Lendingkart, one of the most popular fintech start-ups in India. As an entrepreneur, his journey began in 2014, when he wanted to provide quick loans to SME businesses. Since then, Lendingkart has grown to become one of the top players in this field. LK has raised more than $200 million dollars of funding. He was recently part of The Top 50 Financial Technology CEOs of 2023. He was the President of DLAI in 2019 and chairman of the IAMAI’s (FCC) in 2023.",https://www.linkedin.com/in/harshvardhan-lunia-1189887/?originalSubdomain=in,https://2025.globalfintechfest.com/media/Speakers_2_32_219cd15e39.png,Four - Category C,Digitising Rural Credit: Building Scalable and Sustainable Agri and Micro Finance Models,20250710,harshvardhan lunia,2025,https://2025.globalfintechfest.com/speakers,2026-08-25T06:37:05Z
Mr. Hemant Gala,CEO,PhonePe Lending Services,India,"Hemant is the CEO of PhonePe’s Lending business. Hemant Gala has been part of the founding team at PhonePe and has worked across multiplebusinesses over the past 8 years. He was part of the core team at PhonePe, building the Payments business from early days and then helped seed the Financial Services businesses in the last fewyears. Hemant has been in the Payments & Banking space for more then two decades with leadingroles at organisations like Flipkart, Visa, ICICI bank & HSBC",https://www.linkedin.com/in/hemant-gala-95a3327?originalSubdomain=in,https://2025.globalfintechfest.com/media/Speakers_2_2025_09_20_T104019_540_f91aff10b6.png,Four - Category C,Using Big Data & AI to Personalize and Enhance Lending Decisions,20250655,hemant gala,2025,https://2025.globalfintechfest.com/speakers,2026-08-25T06:37:05Z
Mr. Hemant Jhajhria,National Head of Consulting,KPMG Assurance and Consulting Services LLP,,"Hemant leads the Consulting business for KPMG (India) spanning Management Consulting, Technology Consulting and Risk Consulting practices across 15 industry sectors. He has over 24 years of experience in business management and strategy consulting. Hemant has advised many CEOs/Board members on shaping their growth and transformation agendas, building new businesses and adapting to new frontiers such as Gen AI.",http://linkedin.com/in/hemant-jhajhria-4b2180,https://2025.globalfintechfest.com/media/Speakers_2_2025_09_22_T121906_514_d4f6fb09d2.png,Four - Category C,National Champions in Transition: Reimagining the Role of Public Sector Banks in a Digital Bharat,20250157,hemant jhajhria,2025,https://2025.globalfintechfest.com/speakers,2026-08-25T06:37:05Z
Mr. Hemant Vishnoi,Founder,Enkash,India,"Hemant Vishnoi is the Founder of EnKash, a leading full-stack spend management & payments company. He has more than two decades of experience across digital payments and financial services. Hemant’s professional journey reflects a deep understanding of the payments ecosystem, built through senior leadership roles at some of the most respected names in the industry. Before starting EnKash, he held key positions at PayU India, Citrus Payment Solutions, MoneyGram International, and ICICI/First Data",https://www.linkedin.com/in/hemantvishnoi/,https://2025.globalfintechfest.com/media/Speakers_2_2025_09_19_T175430_303_removebg_preview_974aadde42.png,Four - Category C,Beyond Checkout: How Payment Aggregators Are Becoming Full-Stack Merchant Platforms,20250503,hemant vishnoi,2025,https://2025.globalfintechfest.com/speakers,2026-08-25T06:37:05Z
Mr. Hemendra Mathur,Venture Partner,Bharat Innovation Fund,India,"Hemendra has over 29 years of experience in venture capital, private equity, management consulting and investment banking. Hemendra in his career has invested in several early stage agritech and mid-sized companies in the agricultural supply chain. He is an investor, board member and adviser in many food and agritech start-ups. He is currently working as Venture Partner with Bharat Innovation Fund –investing in early stage deep-tech start-ups across sectors.",https://www.linkedin.com/in/hemendra333/,https://2025.globalfintechfest.com/media/GFF_25_Speakers_Set_2_1_removebg_preview_88a6e0d83f.png,Four - Category C,Can an Open Agriculture Network Unlock Opportunities for Farmers and Startups?,20250163;20250748,hemendra mathur,2025,https://2025.globalfintechfest.com/speakers,2026-08-25T06:37:05Z
Mr. Hero Choudhary,Managing Partner,BEENEXT,India,,https://www.linkedin.com/in/herochoudhary/?originalSubdomain=sg,https://2025.globalfintechfest.com/media/GFF_25_Speakers_67_removebg_preview_a8692ee297.png,Four - Category C,How Japanese Investors See Indian Fintechs,20250607,hero choudhary,2025,https://2025.globalfintechfest.com/speakers,2026-08-25T06:37:05Z
Mr. Hitendra Dave,CEO,HSBC,,,,https://2025.globalfintechfest.com/media/GFF_25_Speakers_16_removebg_preview_57582fb90d.png,Four - Category C,,,hitendra dave,2025,https://2025.globalfintechfest.com/speakers,2026-08-25T06:37:05Z
Mr. Hitesh Sachdev,"Head- Start-up Engagement, Innovation & Investments",ICICI Bank,India,"Hitesh Sachdev is a veteran banker with ICICI Bank. He has spent more than 22 years at ICICI Bank building and leading diverse verticals including Innovation, Fintech Investments, Private Equity, Investment Banking and SME Business. Hitesh currently heads the Startup Engagement and Investments team at ICICI Bank. He has played an instrumental role in setting up the Innovation team and executing cutting-edge technology projects for ICICI Bank in collaboration with startups.",https://www.linkedin.com/in/hitesh-sachdev-b1a21722,https://2025.globalfintechfest.com/media/Speakers_2_25_e582f840e1.png,Four - Category C,AI-Powered CX: Transforming Digital Banking,20250670,hitesh sachdev,2025,https://2025.globalfintechfest.com/speakers,2026-08-25T06:37:05Z
Mr. Hitesh Sethia,MD & CEO,Jio Financial Services,India,,,https://2025.globalfintechfest.com/media/Speakers_2_87_removebg_preview_a807f64420.png,Four - Category C,AI × Platforms × Finance: Designing Everyday Financial Experiences for a Billion Users,20250845,hitesh sethia,2025,https://2025.globalfintechfest.com/speakers,2026-08-25T06:37:05Z
Mr. Hitesh Talreja,CTO,LIC Housing Finance,,,,https://2025.globalfintechfest.com/media/Speakers_2_87_removebg_preview_1_ba551f8528.png,Four - Category C,,,hitesh talreja,2025,https://2025.globalfintechfest.com/speakers,2026-08-25T06:37:05Z
Mr. Howard Dawber,"Deputy Mayor of London for Business and Growth, and Chair",London and Partners,United Kingdom,"Howard was appointed Deputy Mayor for Business and Chair of London and Partners in December 2023. Howard worked in business as Managing Director Strategy of the Canary Wharf Group. Howard was involved in the development of the Elizabeth Line and supporting the 2012 Olympic Bid and Olympic Legacy as well as commercial inward investment projects in tech, health and life sciences, and financial services. Howard is the Chair of Labour Friends of Bangladesh and Labour Friends of USA.",https://www.linkedin.com/in/howard-dawber-obe-23ab2617/,https://2025.globalfintechfest.com/media/GFF_25_Speakers_32_removebg_preview_c7171c6456.png,Two - Category A,"Bridging Fintech Frontiers: How Augmented Intelligence and UK-India Collaboration Can Shape Inclusive, Responsible Finance",20250788,howard dawber,2025,https://2025.globalfintechfest.com/speakers,2026-08-25T06:37:05Z
Mr. Hrishikesh Nashikkar,Head - Blockchain,National Payments Corporation of India,,,,https://2025.globalfintechfest.com/media/Speakers_2_87_removebg_preview_1_ba551f8528.png,Four - Category C,,,hrishikesh nashikkar,2025,https://2025.globalfintechfest.com/speakers,2026-08-25T06:37:05Z
Mr. Hrithik Roshan,Indian Actor,,India,"Hrithik Roshan is one of India’s most acclaimed actors, celebrated for his versatility, charisma, and dedication to excellence. Known as the “Greek God of Bollywood” for his striking persona, fitness, and style, he has earned recognition as both a cinematic icon and global influencer. Beyond films, he is the founder of HRX, a leading lifestyle and fitness brand that inspires millions towards health and wellness.",,https://2025.globalfintechfest.com/media/Round_Table_Speakers_4_6daa115730.png,Three - Category B,"Navigating the Future of Digital Banking - RUGR is Redefining the Way Bharat Pays, Banks, and Grows",20250337,hrithik roshan,2025,https://2025.globalfintechfest.com/speakers,2026-08-25T06:37:05Z
Mr. Hrushikesh Mehta,"SVP, Financial Services",Open Network For Digital Commerce (ONDC),,,,https://2025.globalfintechfest.com/media/GFF_25_Speakers_27_removebg_preview_055cc5a3c4.png,Four - Category C,"Unlocking India’s Credit Network: Standardized, Inclusive, and Built on ONDC",20250292;20250293,hrushikesh mehta,2025,https://2025.globalfintechfest.com/speakers,2026-08-25T06:37:05Z
Mr. Hunsathon Wannasopa,Deputy Director,Bank of Thailand,,,,https://2025.globalfintechfest.com/media/Speakers_2_87_removebg_preview_1_ba551f8528.png,Four - Category C,,,hunsathon wannasopa,2025,https://2025.globalfintechfest.com/speakers,2026-08-25T06:37:05Z
Mr. Ian Gerard Desouza,Group Chief Financial Officer,National Stock Exchange of India,India,"Ian Gerard De Souza is the Chief Financial Officer at the National Stock Exchange of India Ltd. (NSEIL), where he leads the financial strategy, governance, and finance transformation of one of the world’s largest and most sophisticated stock exchanges. A qualified Chartered Accountant and Cost Accountant as well as MBA (Finance), Ian has held leadership roles at institutions such as HDFC Bank, HSBC, Yes Bank and essayed CFO roles at Bank of Baroda, Poonawala Housing, IMGC Limited and Bajaj Finance. Ian has consistently driven innovation, operational excellence, and strategic growth, across the BFSI sector. At NSEIL, he plays a key role in shaping the financial architecture of the exchange and its group entities. Ian serves on the boards of several NSE subsidiaries. Recently Ian has been felicitated at ET Edge India's C-Suite Titans Conclave 2025 – The Royal Chapter, held in Jaipur. He also awarded as a Finance Transformation Icon, Financial Express,7th August 2025.",https://www.linkedin.com/in/ian-de-souza-a2999417?utm_source=share&utm_campaign=share_via&utm_content=profile&utm_medium=android_app,https://2025.globalfintechfest.com/media/Speakers_2_31_5f0d211ff7.png,Four - Category C,Advancements in AI: Future Prospects in Securities Markets,20250304,ian gerard desouza,2025,https://2025.globalfintechfest.com/speakers,2026-08-25T06:37:05Z
Mr. Ilancheliyan V,"Joint Director, Financial Intelligence Unit (FIU-IND)","Ministry of Finance, Government of India",India,"Ilancheliyan V, CFA is Joint Director at Financial Intelligence Unit – India (‘FIU-IND’). His responsibilities included monitoring of internal mechanism and reporting by the Reporting Entities in line with the PMLA regulations. He has experience dealing with PMLA compliance matters across financial institutions, fintechs and DNFPBs. He is the convener of the sub-group under National Risk Assessment 2025 to assess the sectoral risk pertaining to the Professionals sector.",https://www.linkedin.com/in/ilancheliyan-v-87368460/,https://2025.globalfintechfest.com/media/Speakers_2_44_f62e4b148e.png,Two - Category A,"FATF, Fintech & India’s AML Regime: Are We Ready for Global Standards?",20250730,ilancheliyan v,2025,https://2025.globalfintechfest.com/speakers,2026-08-25T06:37:05Z
Mr. Imran Syed,Head of Cards,Scapia,India,"Imran Syed is a seasoned banking and fintech leader with over 15 years of experience in the consumer financial services space. He brings deep expertise across digital banking, cards, and payments, with a proven track record of building and scaling innovative card businesses. Imran played a pivotal role in launching the credit card business at Federal Bank, driving end-to-end strategy, product development, and go-to-market execution. At Kotak Mahindra Bank, he spearheaded multiple co-branded card initiatives, including the successful launch of the Kotak IndiGo Co-branded Credit Card (Kaching). He also drove digital lending platform launches, optimizing customer onboarding and credit delivery journeys.
For the past three years, Imran has led the Cards business at Scapia, where he continues to push boundaries in the fintech and travel credit card space, driving product innovation, customer-centric design, and P&L growth.
His core expertise lies in driving product strategy and development for cards, leading P&L and business growth, creating digital-first customer experiences, and forging strategic partnerships and co-brands that scale impact.",,https://2025.globalfintechfest.com/media/Speakers_2_65_83cff52d79.png,Four - Category C,Beyond Wallets and Screens: Designing the Future Consumer Experience,20250835,imran syed,2025,https://2025.globalfintechfest.com/speakers,2026-08-25T06:37:05Z
Mr. Inderjit Camotra,MD & CEO,Unity Small Finance Bank,India,"Appointed as the 1st CEO of Unity Bank (BharatPe & Centrum Group JV), Inderjit is a senior banker with 24 years across Standard Chartered, ANZ, Citibank & Centrum. An IIT Delhi B.Tech and NY MBA, he has led lending across global markets and SMEs in India. A thought leader in digital banking, eCommerce & blockchain, he’s a sought-after speaker, passionate traveler, adventure sports enthusiast, and rock guitarist.",https://in.linkedin.com/in/inderjit-camotra-4594b99,https://2025.globalfintechfest.com/media/GFF_25_Speakers_Set_2_2_removebg_preview_2f3d365ef6.png,Four - Category C,Profitable by Design: Can AI-Driven Decisioning Reinvent Banking Growth?,20250695,inderjit camotra,2025,https://2025.globalfintechfest.com/speakers,2026-08-25T06:37:05Z
Mr. Indunath Chaudhary,Co-founder and COO,BRISKPE,India,"Indunath Chaudhary, Co-founder & COO of BRISKPE, is a seasoned banking professional with 16 years of experience across Lending, Trade, Payments, and Supply Chain. He has held pivotal roles at Citi Bank N.A., Citicorp Finance, ICICI Bank, and the National Dairy Development Board. His career reflects deep industry expertise, adaptability across global institutions, and a strong focus on empowering businesses through innovative financial solutions.",https://in.linkedin.com/in/indunath,https://2025.globalfintechfest.com/media/GFF_25_Speakers_35_removebg_preview_e39e5c9c1b.png,Four - Category C,"The BRISKPE XPI Playbook - Smarter, Faster Cross-Border Payments Driven by APIs",20250631;20250709;5,indunath chaudhary,2025,https://2025.globalfintechfest.com/speakers,2026-08-25T06:37:05Z
Mr. Ishan Shah,Lead - Research and M&A,The Fintech Meetup,India,"Ishan Shah is currently associated with The Fintech Meetup (Fintech Yatra), India's largest fintech ecosystem and an early stage fintech investor. Quite passionate about fintech, financial services and financial inclusion, he leads financial institutional relaitonships, research and M&A. Previously, he was a financial services journalist with The Economic Times and Moneycontrol, covering developments in financial services, fintech and regulations.",https://www.linkedin.com/in/ishanshah26/,https://2025.globalfintechfest.com/media/GFF_25_Speakers_removebg_preview_011c62efb8.png,Four - Category C,Secured Credit: The Only Panacea for MSME Lending?,20250055,ishan shah,2025,https://2025.globalfintechfest.com/speakers,2026-08-25T06:37:05Z
Mr. Italo Borsatto,"Advisor (Blockchain, Digital Assets, Digital Identity)","BIS Innovation Hub, HK",,,,https://2025.globalfintechfest.com/media/thumbnail_Speakers_2_4_37850fdc8b_07e3d13795_1e628f0bc4.png,Four - Category C,,,italo borsatto,2025,https://2025.globalfintechfest.com/speakers,2026-08-25T06:37:05Z
Mr. Jacob Sebastian,Senior Trade Advisor,"Financial Services, British Deputy High Commission",,,,https://2025.globalfintechfest.com/media/GFF_25_Speakers_18_removebg_preview_8f1217c512.png,Four - Category C,,,jacob sebastian,2025,https://2025.globalfintechfest.com/speakers,2026-08-25T06:37:05Z
Mr. Jai Tandan,Partner,PwC,India,Jai is a partner with PricewaterhouseCoopers in their Deals practice focusing on financial due diligence. He brings over 20+ years of experience in financial due diligence and assurance. He focuses on digital and TMT.,http://linkedin.com/in/jai-tandan-3b9bb211,https://2025.globalfintechfest.com/media/GFF_25_Speakers_37_removebg_preview_7faff0a57a.png,Four - Category C,The Resilient Fintech Investor: From Early Bets to Sustainable Scale,20250704,jai tandan,2025,https://2025.globalfintechfest.com/speakers,2026-08-25T06:37:05Z
Mr. Jaideep Nikam,Chief Product Officer,iDigiCloud Technologies,,,https://www.linkedin.com/in/jaideep-nikam-911a2b14/?originalSubdomain=my,https://2025.globalfintechfest.com/media/GFF_25_Speakers_12_removebg_preview_af38c5ebb5.png,Four - Category C,IDIGI CORE - Complete Banking Solution,20250611,jaideep nikam,2025,https://2025.globalfintechfest.com/speakers,2026-08-25T06:37:05Z
Mr. Jaidev Janardana,CEO,Zopa,,,,https://2025.globalfintechfest.com/media/Speakers_2_73_52263753d1.png,Four - Category C,,,jaidev janardana,2025,https://2025.globalfintechfest.com/speakers,2026-08-25T06:37:05Z
Mr. Jalpesh Chitalia,Vice President - Growth Products,Visa Inc,USA,"Jalpesh Chitalia leads Growth Products at Visa, driving global AI-powered commerce initiatives and the Intelligent Commerce initiative. He advances tokenization, dispute models for autonomous agents, and scalable platforms worldwide. Known for strategic clarity and operational rigor, Jalpesh mentors talent, builds inclusive teams, and is recognized for his technical and business expertise in digital payments and intelligent commerce.",https://www.linkedin.com/in/jalpesh/,https://2025.globalfintechfest.com/media/GFF_25_Speakers_7_removebg_preview_197849cbd8.png,Four - Category C,The Future of Intelligent Commerce: How AI is Rewiring the Way the World Transacts,20250752,jalpesh chitalia,2025,https://2025.globalfintechfest.com/speakers,2026-08-25T06:37:05Z
Mr. James Daniels,SVP APAC,Fime,United Kingdom,,,https://2025.globalfintechfest.com/media/Speakers_2_87_removebg_preview_a807f64420.png,Four - Category C,Breaking the 18-Month Barrier: Rethinking Payments Testing in the Age of AI,20250701,james daniels,2025,https://2025.globalfintechfest.com/speakers,2026-08-25T06:37:05Z
Mr. Janak Dalal,Head of Securities Services,Deutsche Bank,,,,https://2025.globalfintechfest.com/media/GFF_25_Speakers_69_removebg_preview_faa8f788ff.png,Four - Category C,Reforming Foreign Portfolio Investment Access for the Next Decade,20250313,janak dalal,2025,https://2025.globalfintechfest.com/speakers,2026-08-25T06:37:05Z
Mr. Janaka Karunaratne,Deputy Governor,Central Bank of Srilanka,,,,https://2025.globalfintechfest.com/media/GFF_25_Speakers_69_removebg_preview_a910c29023.png,Two - Category A,"Unlocking Access, Trust, and Mobility in the Financial Ecosystem",20250546,janaka karunaratne,2025,https://2025.globalfintechfest.com/speakers,2026-08-25T06:37:05Z
Mr. Jay Kothari,Senior Vice President - Equities,DSP Mutual Fund,,,,https://2025.globalfintechfest.com/media/thumbnail_Speakers_2_4_37850fdc8b_07e3d13795_1e628f0bc4_96c09b4db9.png,Four - Category C,From Regulation to Reinvention: Transforming India’s Financial Architecture with IFSCA,20250090,jay kothari,2025,https://2025.globalfintechfest.com/speakers,2026-08-25T06:37:05Z
Mr. Jayan Mathews,Co-Founder,Sencov Technologies,India,"Jayan is a seasoned insurance and insurtech leader with over 18 years of experience. He has held senior roles at leading insurers such as Apollo Munich, ICICI Prudential, Bharti AXA, and Cover Genius, where he built award-winning products and drove digital innovation. As Co-founder and CEO of Sencov Technologies, Jayan is now focused on embedding insurance seamlessly into digital ecosystems, creating personalized and frictionless protection for customers",http://www.linkedin.com/in/jayanmathews,https://2025.globalfintechfest.com/media/GFF_25_Speakers_38_removebg_preview_080b573f80.png,Four - Category C,From Access to Action: Unlocking Affordable Insurance on ONDC,20250293,jayan mathews,2025,https://2025.globalfintechfest.com/speakers,2026-08-25T06:37:05Z
Mr. Jayant Kulkarni,Global Head of Merchant Services,HSBC,,"Jayant is heading Global Merchant Services at HSBC Global Payment Solutions, bringing over 24 years of experience in product management, partnership and operations across leading organisations. He currently leads HSBC’s global merchant service strategy, driving innovation and expansion in payment solution globally. Jayant is passionate about advancing digital transformation in the financial sector and has played a pivotal role in building HSBC’s merchant services business.",http://www.linkedin.com/in/jkworld1,https://2025.globalfintechfest.com/media/Speakers_2_removebg_preview_1_c2c9890f9c.png,Four - Category C,"Global Commerce, Local Ease: Fintechs Redefining Merchant Payments",20250252,jayant kulkarni,2025,https://2025.globalfintechfest.com/speakers,2026-08-25T06:37:05Z
Mr. Jayant Prabhu,Managing Director - Data & AI,Accenture,,,,https://2025.globalfintechfest.com/media/Speakers_2_87_removebg_preview_1_ba551f8528.png,Four - Category C,Collaborative Intelligence: Human + AI in Financial Services,20250226,jayant prabhu,2025,https://2025.globalfintechfest.com/speakers,2026-08-25T06:37:05Z
Mr. Jayesh Kenaudekar,Co-founder & CTO,Pryvx,Sweden,"Jayesh Kenaudekar is the Co-founder and CTO of PryvX, a Stockholm-based startup redefining how organizations collaborate while prioritizing data privacy to combat cybercrime. He has over six years of experience as an AI/ML engineer across startups, working on computer vision and NLP. With a creator’s mindset, he thrives on building from scratch and lives and breathes code and technology.",https://www.linkedin.com/in/jayesh-k-687324a0/,https://2025.globalfintechfest.com/media/Speakers_2_11_06a4a5dc3a.png,Four - Category C,AA + AI: The Future of Data-Driven Financial Services,20250719,jayesh kenaudekar,2025,https://2025.globalfintechfest.com/speakers,2026-08-25T06:37:05Z
Mr. Jayprakash Gupta,Founder,Dhan,India,"Mr. Jay Prakash Gupta is The Founder of Dhan (Moneylicious Securities Pvt Ltd), a technology led platform for long terms investors and super traders. An Alumnus of IIM Ahmedabad, Mr Gupta carries with him over 20 years of experience into Capital and Commodities Markets.",http://www.linkedin.com/in/jay-prakash-gupta-83303730,https://2025.globalfintechfest.com/media/Speakers_2_30_d71ab8e834.png,Four - Category C,Dematerialisation Mechanism For Commodity Derevatives,20250668,jayprakash gupta,2025,https://2025.globalfintechfest.com/speakers,2026-08-25T06:37:05Z
Mr. Jean Clement,Advisor – Payment Systems,European Central Bank,Germany,"Jean Clement brings 25+ years in payment systems, financial market infrastructure, and central banking. As Adviser for Payment Systems at the ECB he leads strategic initiatives for the Eurosystem’s financial market infrastructure, focusing on innovation, cross-border integration, and policy alignment. He oversees evolution of RTGS, TIPS instant payments, DLT settlement, and co-chairs global groups under BIS CPMI, promoting harmonization and innovation in cross-border payments.",https://www.linkedin.com/in/jeclement/,https://2025.globalfintechfest.com/media/Speakers_2_51_removebg_preview_1296a9e7a0.png,Four - Category C,Serving Cash-Dependent Populations in a Digital World,20250443,jean clement,2025,https://2025.globalfintechfest.com/speakers,2026-08-25T06:37:05Z
Mr. Jean-Paul Servais,"Chairman, Financial Services & Markets Authority, Belgium, and Chairman",IOSCO Board,,,,https://2025.globalfintechfest.com/media/Speakers_2_2025_10_03_T161645_069_c80dd5d6cf.png,Four - Category C,Resilient and Inclusive Capital Markets in a Tech-Driven World,20250754,jean-paul servais,2025,https://2025.globalfintechfest.com/speakers,2026-08-25T06:37:05Z
Mr. Jeevan Sonparote,Executive Director,Securities and Exchange Board of India,,,,https://2025.globalfintechfest.com/media/Speakers_2_88_c13e3de67a.png,Two - Category A,Audit and Compliance in the Era of Emerging Fintech,20250402,jeevan sonparote,2025,https://2025.globalfintechfest.com/speakers,2026-08-25T06:37:05Z
Mr. Jeremy Banks,Board Member,The Reserve Bank of New Zealand,New Zealand,"Jeremy Banks is a software development specialist with experience founding, growing and running software startups. Jeremy is a professional director with a variety of governance roles, including New Zealand's central bank, The Reserve Bank of New Zealand. Jeremy's Māori ancestry connects him to the indigenous people of New Zealand, where he is an active contributor within tribal spaces and activities.",https://www.linkedin.com/in/jrbanks/,https://2025.globalfintechfest.com/media/Speakers_2_52_removebg_preview_677ae8d367.png,Two - Category A,Money on their Terms: Redesigning Finance for GenZ Mindset,20250261,jeremy banks,2025,https://2025.globalfintechfest.com/speakers,2026-08-25T06:37:05Z
Mr. Jeremy Tan,CEO,Liquid Group,Singapore,"Jeremy Tan is the Founder and CEO of Liquid Group, a Singapore-based fintech specializing in cross-border payments across consumer, business, and remittance sectors. With 20+ years of experience, he has advanced secure payment connectivity in Asia. Jeremy is on Singapore's Payments Council at MAS, chairs the Payment Sub-Committee of the Singapore FinTech Association, and represents Singapore on the East Asia Business Council and Malaysia-Singapore Business Council",https://www.linkedin.com/in/jeremytankle/,https://2025.globalfintechfest.com/media/GFF_25_Speakers_1_removebg_preview_e395ac414d.png,Four - Category C,How are Alternate Payment Methods Gaining Relevance Among Merchants Globally?,20250253,jeremy tan,2025,https://2025.globalfintechfest.com/speakers,2026-08-25T06:37:05Z
Mr. Jinand V Shah,MD (Managing Director),OPL,,"Managing Director of OPL with 18 years of experience in banking, credit bureaus, rating agencies, MSMEs, and tech automation. He drives OPL’s leadership, vision, strategy, and go-to-market execution. Under his guidance, OPL has delivered impactful ecosystem-level projects contributing to digital transformation and financial inclusion across sectors in the nation.",https://www.linkedin.com/in/jinand-shah-b9148a4/,https://2025.globalfintechfest.com/media/Speakers_2_25_ab186e6876.png,Four - Category C,AI Driven Financial Inclusion for MSMEs,20250160;20250624,jinand v shah,2025,https://2025.globalfintechfest.com/speakers,2026-08-25T06:37:05Z
Mr. Jitendra Gupta,Founder & CEO,Jupiter,,"BFSI veteran with ~16 years of experience in the payments industry, best known as Founder of Jupiter, Citrus Pay and Lazy Pay. Jiten is the CEO and Founder of Jupiter, a digital-first bank designed to make money management simple for digitally savvy Indians. Before Jupiter, he served as MD at PayU India between Sep 2016 and June 2019. Prior to PayU, he founded Citrus Pay, which he scaled into a 300+ member team before selling to PayU in 2016, one of the largest fintech exits in India.",https://www.linkedin.com/in/guptajiten,https://2025.globalfintechfest.com/media/Speakers_2_2025_09_26_T103021_407_26d2d650ef.png,Four - Category C,Building Moats to Sustain Fintech Growth,20250428,jitendra gupta,2025,https://2025.globalfintechfest.com/speakers,2026-08-25T06:37:05Z
Mr. Jitesh Agarwal,Founder,Treelife,India,"Jitesh is the founder of Treelife, delivering end-to-end legal and financial solutions for startups, investors, global companies, and incubators/accelerators. A qualified CA, he spearheads Treelife’s VCFO, finance & tax advisory, AIF setup, FEMA advisory and GIFT IFSC practices, helping businesses navigate complex regulatory landscapes with clarity and confidence. His expertise also span across AIF structuring, tax strategy, GCC expansion and global market entry.",https://www.linkedin.com/in/jitesh-agarwal-a9457949,https://2025.globalfintechfest.com/media/GFF_25_Speakers_52_removebg_preview_2c01a611ad.png,Four - Category C,"Inclusive Insurance for Bharat: Leveraging Tech, Policy, and Partnerships",20250802,jitesh agarwal,2025,https://2025.globalfintechfest.com/speakers,2026-08-25T06:37:05Z
Mr. Jitin Bhasin,Founder & CEO,SaveIN,India,"Jitin Bhasin is the Founder & CEO of SaveIN, a healthcare-fintech platform making quality healthcare accessible and affordable in India. With over 18 years of experience across banking, insurance, and digital financial services, Jitin has built SaveIN as a pioneering embedded finance company offering instant, zero-cost pay-later solutions at healthcare centers nationwide. Prior to SaveIN, he held leadership roles at RupeeRedee, FincFriends, and BankBazaar, driving innovation in digital lending.",https://www.linkedin.com/in/jitinbhasin/,https://2025.globalfintechfest.com/media/Speakers_2_53_removebg_preview_63fcdbe875.png,Four - Category C,From Trust Gaps to Credit Gains: Rethinking Onboarding in the AI Era,20250578,jitin bhasin,2025,https://2025.globalfintechfest.com/speakers,2026-08-25T06:37:05Z
Mr. Joachim Samuelsson,CEO,Crunchfish Digital Cash,Sweden,"Joachim Samuelsson is the CEO and main owner of NASDAQ First North-listed Crunchfish, a pioneering fintech company based in Malmö, Sweden. As a deep tech innovator and serial entrepreneur, Joachim has consistently driven groundbreaking solutions at the intersection of technology and business. With over 20 granted patents in digital payments and communication technologies, Joachim holds a significant intellectual footprint in the payments industry.",www.linkedin.com/in/joachim-samuelsson-5729672,https://2025.globalfintechfest.com/media/Mr_Joachim_Samuelsson_CEO_Crunchfish_Digital_Cash_1405b087cb.png,Four - Category C,"Global, Instant, Trusted: What the Next Billion Users Will Expect from Finance",20250579,joachim samuelsson,2025,https://2025.globalfintechfest.com/speakers,2026-08-25T06:37:05Z
Mr. John Doran,"General Partner, Executive Committee",TCV,,,,https://2025.globalfintechfest.com/media/GFF_25_Speakers_70_removebg_preview_7a558faf57.png,Four - Category C,,,john doran,2025,https://2025.globalfintechfest.com/speakers,2026-08-25T06:37:05Z
Mr. Jonathan G Garzon,Chief Product Officer,CECOBAN,,"Lawyer specialized in technology and finance, with honors in both bachelor’s degrees Law, and Public Policies. He holds two different master’s degrees in business law and E-Commerce. He completed an MBA at EGADE Business School and a leadership program in innovation at MIT. He currently leads Business Development and Transformation at Cecoban and is co-founder of Open Finance Tribe MX, one of the most influential communities in Open Finance in Latin America.",https://www.linkedin.com/in/jonathangarzongalvan/,https://2025.globalfintechfest.com/media/GFF_25_Speakers_71_removebg_preview_21624ff79a.png,Four - Category C,Can AI Payments be the Future of Global E-Commerce?,20250224,jonathan g garzon,2025,https://2025.globalfintechfest.com/speakers,2026-08-25T06:37:05Z
Mr. Jonathan Lakin,Chief Executive Officer & Co-Founder,"Intent HQ, Intent HQ",,,,https://2025.globalfintechfest.com/media/Speakers_2_86_removebg_preview_23f434b19f.png,Four - Category C,,,jonathan lakin,2025,https://2025.globalfintechfest.com/speakers,2026-08-25T06:37:05Z
Mr. Jorn Vercamert,Chief Product Officer,Proximus Global,,"Jorn Vercamert is Chief Product Officer at Proximus Global, leading product strategy to deliver digital solutions that connect, protect, and engage businesses worldwide. He also serves as Managing Director at BICS, bringing 25+ years of leadership in product innovation and customer solutions. Known for his customer-first approach and collaborative leadership, Jorn is passionate about building future-focused, scalable solutions for the evolving digital landscape.",https://www.linkedin.com/in/jorn-vercamert-a898522/,https://2025.globalfintechfest.com/media/thumbnail_GFF_25_Speakers_73_removebg_preview_4004d06d5b_85a8a95248.png,Four - Category C,Network APIs: How Open Networks Are Ushering In a New Era in Digital Communications in BFSI,20250140,jorn vercamert,2025,https://2025.globalfintechfest.com/speakers,2026-08-25T06:37:05Z
Mr. Jose Luis Vasquez,Deputy Manager,Central Bank of Peru,,"José Vásquez is Deputy Manager of Strategy and Development of Retail Digital Payments at the Central Bank. He was Head of the Payment Interoperability Project and Head of the Financial Infrastructure Department of the Monetary Operations and Financial Stability Division. He holds a Master's degree in Applied Economics from the U. of Michigan (US), a Diploma in International Monetary Policy from the Kiel Institute (Germany) as well as a degree in Economics from The Catholic University of Peru.",,https://2025.globalfintechfest.com/media/GFF_25_Speakers_46_removebg_preview_c87668516c.png,Three - Category B,Bridging the Digital Divide: Ensuring Innovation Reaches the Unconnected,20250455,jose luis vasquez,2025,https://2025.globalfintechfest.com/speakers,2026-08-25T06:37:05Z
Mr. Jose Thomas,"Vice President, Financial Services – Adobe, North America",Adobe,India,"Jose Thomas, VP of Financial Services for North America at Adobe, is a seasoned leader with 20+ years in tech. Formerly GM at Microsoft Financial Services, he led global teams driving digital payments, AI, and core modernization for Fortune 100 clients. With experience across the U.S. and Asia, Jose now builds transformational partnerships at Adobe, helping financial institutions navigate digital transformation and deliver innovation, value, and measurable outcomes.",https://www.linkedin.com/in/josethom/,https://2025.globalfintechfest.com/media/Speakers_2_35_329a74754e.png,Four - Category C,"Reimagining Customer Experience in the era of AI: Bridging Strategy, Scale, and Seamless Journeys",20250372,jose thomas,2025,https://2025.globalfintechfest.com/speakers,2026-08-25T06:37:05Z
Mr. Joseph Joshy,Chief Technology Officer,International Financial Services Centres Authority,,"Joseph Joshy is Chief Technology Officer and Chief General Manager, Head of FinTech & IT at International Financial Services Centres Authority (IFSCA), a unified financial sector regulator for IFSCs established as a statutory authority by the Government of India. He is a Senior Technology Leader driving FinTech, Supervisory Technology (SupTech) and other strategic initiatives including contributing to the FinTech Agenda at India UK Financial Partnership, India US Financial Regulatory Dialogue, India Japan Macroeconomic Policy Dialogue, Joint Working Groups on FinTech between India and countries namely Singapore and UK, Global Financial Innovation Network (GFIN), InterRegulatory Technical Group (IRTG) on FinTech under the Financial Stability and Development Council - Sub Committee (FSDC - SC), FinTech bridges with Overseas Regulators [like Monetary Authority of Singapore (MAS)] among others.",https://www.linkedin.com/in/josephjoshy/,https://2025.globalfintechfest.com/media/Speakers_2_4_removebg_preview_3de1aefb2f.png,Three - Category B,GIFT IFSC: Transforming Cross Border Payment Ecosystem,20250100;20250392,joseph joshy,2025,https://2025.globalfintechfest.com/speakers,2026-08-25T06:37:05Z
Mr. Julian Gordon,VP - Asia Pacific and Middle East,Linux Foundation,,,,https://2025.globalfintechfest.com/media/Speakers_2_2025_10_04_T122721_661_074689e052.png,Four - Category C,,,julian gordon,2025,https://2025.globalfintechfest.com/speakers,2026-08-25T06:37:05Z
Mr. Juspal Manic,Chief Revenue Officer,Featurespace,United Kingdom,"As Chief Revenue Officer at Featurespace, Juspal leads growth, commercial, partnerships, and customer success teams. With 23+ years in financial services, he previously spent 22 years at TSYS in executive roles, launching new markets and payment verticals. He led the TSYS/Featurespace machine learning score Foresight, used by 30+ banks. Juspal holds an Executive MBA in International Banking and an MSc in Information Systems from City University, London.",https://www.linkedin.com/in/juspalmanic/,https://2025.globalfintechfest.com/media/GFF_25_Speakers_8_removebg_preview_7186b71e40.png,Four - Category C,"FATF, Fintech & India’s AML Regime: Are We Ready for Global Standards?",20250730,juspal manic,2025,https://2025.globalfintechfest.com/speakers,2026-08-25T06:37:05Z
Mr. K Kesavan,General Manager (Yono Business & TF Revamp),State Bank of India,India,"I am working as General Manager in State Bank of India, with three decades of banking expertise. A digital transformation leader with deep understanding of trade finance and innovation. Successfully led the centralization of SBI's trade finance operations. Spearheaded the integration of TREDS exchanges, which reduced transaction time by over 90%. Currently, leading the revamp of Yono Business, Yono Global and spearheading the adoption of AI/ML tools for trade finance processing.",http://linkedin.com/in/kesavan-k-7b7a991a,https://2025.globalfintechfest.com/media/Speakers_2_81_312c232b8d.png,Four - Category C,AI-Powered CX: Transforming Digital Banking,20250670,k kesavan,2025,https://2025.globalfintechfest.com/speakers,2026-08-25T06:37:05Z
Mr. K V Arangasamy,Founder & CEO,RUGR Fintech,India,"K.V. Arangasamy, a South Indian entrepreneur, educationist, and cultural advocate, has over a decade of pioneering work in technology and fintech. He founded Universys Technologies for industrial IoT and later launched Universys Payments Solutions in 2013, marking his early entry into digital finance. In 2022, he established RUGR, a fintech focused on digital banking and inclusion. Alongside business, he drives initiatives in education, sustainability, social development, and literature.",https://www.linkedin.com/in/kvaranga/,https://2025.globalfintechfest.com/media/Speakers_2_2025_10_03_T175315_251_7f04f86d35.png,Four - Category C,"Navigating the Future of Digital Banking - RUGR is Redefining the Way Bharat Pays, Banks, and Grows",20250337,k v arangasamy,2025,https://2025.globalfintechfest.com/speakers,2026-08-25T06:37:05Z
Mr. K V Kamath,Chairman,Jio Financial Services,India,,,https://2025.globalfintechfest.com/media/GFF_25_Speakers_1_removebg_preview_9104f01add.png,Two - Category A,"Reimagining Finance in the Age of Scale, Speed, and Intelligence",20250194,k v kamath,2025,https://2025.globalfintechfest.com/speakers,2026-08-25T06:37:05Z
Mr. K. Balachandran,"CEO, and Co-founder",IRIS,,"Mr. Balachandran is a co-founder of IRIS and currently serves as the Chief Financial Officer as well as the Head of the Consulting, Research, and Information Practice at the organization. Prior to founding IRIS, he worked with CRISIL as a Group Leader and Senior Analyst, and with Tata Economic Consultancy Services as a Business Economist.",https://www.linkedin.com/in/k-balachandran-5a64184/?originalSubdomain=in,https://2025.globalfintechfest.com/media/Speakers_2_45_7c32a09e1a.png,Four - Category C,Insight Fusion: Building the Future of Fintech with Survey & Industry Data,20250189,k balachandran,2025,https://2025.globalfintechfest.com/speakers,2026-08-25T06:37:05Z
Mr. Kalpen Parekh,Managing Director & CEO,DSP Asset Managers,India,"He has over two decades of experience in finance and asset management. Prior to joining DSP, Mr. Parekh was responsible for growing businesses at IDFC Mutual Fund, Birla Sun Life Asset Management Company Ltd., and ICICI Prudential Asset Management Company Ltd. He is passionate about behavioural finance and believes that investor behaviour is one of the most crucial aspects to a good investment experience.",https://www.linkedin.com/in/kalpen-parekh-3a9a047/,https://2025.globalfintechfest.com/media/GFF_25_Speakers_3_removebg_preview_969d798bdc.png,Four - Category C,Fintech Innovations and Growth - Exploring the Opportunities for Fintech Innovation and Growth in India,20250401,kalpen parekh,2025,https://2025.globalfintechfest.com/speakers,2026-08-25T06:37:05Z
Mr. Kalyan Kulkarni,CEO & Co-Founder,Ayanworks,India,"Kalyan Kulkarni, CEO & Co-Founder of AYANWORKS, is a specialist in Self-Sovereign Identity and decentralized trust technologies. With 26+ years of experience, he co-leads AYANWORKS, technology partner for Bhutan’s National Digital Identity program. He has authored books on blockchain, and AYANWORKS’ platform CREDEBL is recognized as a Digital Public Good.",https://www.linkedin.com/in/kkkulkarni,https://2025.globalfintechfest.com/media/GFF_25_Speakers_36_removebg_preview_1c5805842c.png,Four - Category C,"Interoperable Digital Identity: The Missing Layer for a Trusted, Tokenized Economy and AI",20250438,kalyan kulkarni,2025,https://2025.globalfintechfest.com/speakers,2026-08-25T06:37:05Z
Mr. Kamal Singhania,Senior Vice President,CCIL,India,,https://www.linkedin.com/in/kamal-singhania-a14075a/?originalSubdomain=in,https://2025.globalfintechfest.com/media/Speakers_2_removebg_preview_3f0fe06343.png,Four - Category C,Evolving FinTech Landscape in GIFT City,20250100,kamal singhania,2025,https://2025.globalfintechfest.com/speakers,2026-08-25T06:37:05Z
Mr. Kamlesh Chandra Varshney,Whole Time Member (WTM),Securities and Exchange Board of India,India,,,https://2025.globalfintechfest.com/media/2f6f3c82_fe02_49ac_8108_7af9140c6888_removebg_preview_0497fc4165.png,Two - Category A,,,kamlesh chandra varshney,2025,https://2025.globalfintechfest.com/speakers,2026-08-25T06:37:05Z
Mr. Kanchan Kumar,CEO,Truly Financial,USA,"Kanchan Kumar is a seasoned serial entrepreneur with a track record of building multiple businesses, raising venture funding, and executing successful exits. With a sharp eye for market gaps and a strong product vision, he transitioned into the fintech in 2015 and has since become a recognized voice in cross-border space. He is co-founder of Truly Financial - a business banking platform purpose-built for SMEs. It provides multi-currency business accounts, global payments across 100 countries",http://linkedin.com/in/kanchankumar,https://2025.globalfintechfest.com/media/Speakers_2_2025_09_25_T123050_177_6cce8a4f8c.png,Four - Category C,India at the Heart of Global Remittances: $125 Billion and Beyond,20250789,kanchan kumar,2025,https://2025.globalfintechfest.com/speakers,2026-08-25T06:37:05Z
Mr. Kannan Murali,Founding Member & Head of Products,M2P Fintech,,"Kannan Murali, part of M2P’s founding team and Head of Products, leads Lending Product Engineering and drives API-first infrastructure for banks and fintechs. His experience at AT&T and BestBuy shaped his approach to scale and stability. Outside of work, he enjoys trading, reading, gaming, and spending time with family.",,https://2025.globalfintechfest.com/media/GFF_25_Speakers_88_removebg_preview_ab83387819.png,Four - Category C,Product Built for Scale: The Modern Architecture of Fintech Platforms,20250577,kannan murali,2025,https://2025.globalfintechfest.com/speakers,2026-08-25T06:37:05Z
Mr. Kapish Kaushal,Vice President - Financial Services,Open Network for Digital Commerce,,"Kapish Kaushal is Vice President – Financial Services at ONDC and has 12+ years of experience in the financial services space working across multiple domains and geographies. Prior to ONDC, Kapish spent last 4 years in the Indian fintech start-up ecosystem in digital lending and payments. Before his fintech start-up journey, Kapish was a consultant with Mastercard and Deloitte and he started off his career in investment banking with Goldman Sachs",https://www.linkedin.com/in/kapishkaushal/,https://2025.globalfintechfest.com/media/GFF_25_Speakers_12_removebg_preview_9d7ac7ee2c.png,Four - Category C,Scaling Access: Mutual Funds via ONDC and the Promise of CBDC,20250294,kapish kaushal,2025,https://2025.globalfintechfest.com/speakers,2026-08-25T06:37:05Z
Mr. Karan Kapoor,Co-founder,Surepass.io,India,"Karan Kapoor co-founded Surepass, a leading digital identity and KYC platform delivering real-time verification APIs to Indian enterprises. He works at the intersection of identity verification, fraud prevention, and privacy, helping businesses onboard users safely and seamlessly.",https://www.linkedin.com/in/karankapoor229,https://2025.globalfintechfest.com/media/Speakers_2_43_7f35ed5fab.png,Four - Category C,"Interoperable Digital Identity: The Missing Layer for a Trusted, Tokenized Economy and AI",20250438,karan kapoor,2025,https://2025.globalfintechfest.com/speakers,2026-08-25T06:37:05Z
Mr. Karan Kirpalani,Chief Product Officer,Neysa,,,,https://2025.globalfintechfest.com/media/thumbnail_Speakers_2_4_37850fdc8b_07e3d13795_1e628f0bc4_96c09b4db9_c8d007cacd.png,Four - Category C,"Building GenAI into Your Fintech Stack: Architecture, APIs & Integration",20250221,karan kirpalani,2025,https://2025.globalfintechfest.com/speakers,2026-08-25T06:37:05Z
Mr. Karan Sapra,India Payments Head,Google Pay,India,"Karan is a distinguished leader, heading Payments and Financial Services at GPay. With deep expertise in BFSI, technology, and banking, he is uniquely positioned to build the future of fintech. He translates complex requirements into intuitive, reliable, and scalable consumer products. As a trusted expert on fintech and global finance, he offers unparalleled insights into a customer-first approach that is redefining financial services.",https://www.linkedin.com/in/karan-sapra-8a336617/,https://2025.globalfintechfest.com/media/Speakers_2_26_4184f31287.png,Four - Category C,Super‑Apps and Financial Ecosystems: Who Will Own the Customer?,20250659,karan sapra,2025,https://2025.globalfintechfest.com/speakers,2026-08-25T06:37:05Z
Mr. Karan Tandon,"Senior Manager, National e-Governance Division (NeGD)","Ministry of Electronics and Information Technology (MeitY), Government of India",,"Karan Tandon is a Senior Manager at the National e-Governance Division (NeGD) under the Ministry of Electronics and Information Technology, Government of India. He has over 15 years of professional experience, including 6 years in the digital governance ecosystem. At NeGD, he contributes to the development and integration of citizen-centric digital services, with a focus on compliance frameworks and large-scale platform integrations such as Entity Locker, DigiLocker, and API Setu.",https://www.linkedin.com/in/karantandon88/,https://2025.globalfintechfest.com/media/Speakers_2_61_c5c94b24e5.png,Four - Category C,The DigiLocker and EntityLocker Adoption Workshop,20250666,karan tandon,2025,https://2025.globalfintechfest.com/speakers,2026-08-25T06:37:05Z
Mr. Karthik Ganapathy,Co-founder,BillDesk,,,,https://2025.globalfintechfest.com/media/Speakers_2_73_52263753d1.png,Four - Category C,How Real Time Rails are Redefining Global Payments,20250654,karthik ganapathy,2025,https://2025.globalfintechfest.com/speakers,2026-08-25T06:37:05Z
Mr. Kartik Poddar,Chief Business Officer,Symbo Insurance,India,"Kartik Poddar is the Co-founder & CBO at Symbo, a leading insurtech platform pioneering innovative insurance solutions across fintech, NBFCs, travel, logistics & consumer brands. With 15+ years of leadership experience, he brings deep expertise in scaling ROI-driven digital ecosystems, partnerships, & product innovation. Outside the boardroom, Kartik is an active improv comedy performer with his group - Kaamedy Inc.",https://www.linkedin.com/in/kartikpoddar,https://2025.globalfintechfest.com/media/GFF_25_Speakers_4_removebg_preview_6ac12479d8.png,Four - Category C,From Access to Action: Unlocking Affordable Insurance on ONDC,20250293,kartik poddar,2025,https://2025.globalfintechfest.com/speakers,2026-08-25T06:37:05Z
Mr. Kashinath Hariharan,Managing Director & Chief Executive Officer,Jio Payment Solutions,India,"He is the MD&CEO of Jio Payment Solutions Limited, prior to this he has had a rich experience in Banking, a Business leader with a proven track record of wrking in multiple domains across diverse industries with deep appreciation of technology. Areas of Interest include: Payments,Fintech &digital business Enterprise wide digital transformation & running innovation projects Transaction Banking,Payments,Trade & Cash Management,Working Capital management including financial supply chain management.",https://www.linkedin.com/in/kashinath-hariharan-78844bb/,https://2025.globalfintechfest.com/media/GFF_25_Speakers_5_removebg_preview_81d0789a37.png,Four - Category C,,,kashinath hariharan,2025,https://2025.globalfintechfest.com/speakers,2026-08-25T06:37:05Z
Mr. Kashish Patel,"Manager, Business Development",GIFT IFI,,,,https://2025.globalfintechfest.com/media/thumbnail_Speakers_2_4_37850fdc8b_07e3d13795_1e628f0bc4_96c09b4db9.png,Four - Category C,,,kashish patel,2025,https://2025.globalfintechfest.com/speakers,2026-08-25T06:37:05Z
Mr. Kaushik Srinivasan,Co-Founder,eMudhra,India,"Kaushik is the Co-founder of eMudhra and leads Product Development, Engineering and Professional Services for its Identity, Authentication and eSignature solutions. He led the team to launch India’s first eSign service, now transformative for BFSI and FinTech sectors. Previously with UBS Wealth Management and Trafelet Delta Funds, he holds a Bachelor’s & Master’s in Computer Engineering from Stevens Institute, is a CFA charter holder and a 2024 Businessworld 40 Under 40 winner.",https://www.linkedin.com/in/kaushik85/,https://2025.globalfintechfest.com/media/Speakers_2_50_0e6395c600.png,Four - Category C,Balancing Security & Convenience with Biometric Based Payments,20250421,kaushik srinivasan,2025,https://2025.globalfintechfest.com/speakers,2026-08-25T06:37:05Z
Mr. Kaustubh Dhavse,Chief Advisor (Investments & Strategy),Government of Maharashtra,,,,https://2025.globalfintechfest.com/media/Speakers_2_21_4114b6c5c0.png,Three - Category B,MSMEs Unlocking Growth for India’s Next Economic Milestone,20250782,kaustubh dhavse,2025,https://2025.globalfintechfest.com/speakers,2026-08-25T06:37:05Z
Mr. Kedar Kulkarni,Co-founder & CEO,Hyperverge,,,https://www.linkedin.com/in/writetokedar/,https://2025.globalfintechfest.com/media/Speakers_2_70_a4972d32ff.png,Four - Category C,AI-Driven Risk Management and Fraud Detection,20250207,kedar kulkarni,2025,https://2025.globalfintechfest.com/speakers,2026-08-25T06:37:05Z
Mr. Kenneth Gay,Chief Fintech Officer,Monetary Authority of Singapore,Singapore,"Kenneth Gay heads the FinTech and Innovation Group at MAS, driving tech and innovation strategies for Singapore’s financial sector. He previously led MAS’s Enterprise Knowledge Department, focusing on digital transformation, GenAI, and data governance. He also has experience in regulatory policy, financial stability, and reserves management. Kenneth holds a BA in Economics and MA in International Relations from the University of Chicago.",http://linkedin.com/in/kenneth-gay-6a895593,https://2025.globalfintechfest.com/media/GFF_25_Speakers_84_removebg_preview_5f13dd0350.png,Two - Category A,Serving Cash-Dependent Populations in a Digital World,20250443,kenneth gay,2025,https://2025.globalfintechfest.com/speakers,2026-08-25T06:37:05Z
Mr. Keshav Reddy,Founder,Equal AI,,,,https://2025.globalfintechfest.com/media/GFF_25_Speakers_93_removebg_preview_9f9450ac46.png,Four - Category C,Building a Future India Together,20250643;56,keshav reddy,2025,https://2025.globalfintechfest.com/speakers,2026-08-25T06:37:05Z
Mr. Ketan Doshi,Managing Director,Pay Point India Network,India,"Ketan Doshi, MD of PayPoint, is a visionary FinTech leader powering last-mile digital finance. With a Master's in Financial Services Management, he fuses strategy and innovation to scale growth. Partnering with 100+ providers, he has empowered 1Cr+ customers with secure digital access. A changemaker and inclusion champion, he transforms challenges into opportunities, driving PayPoint's mission to bridge India's financial gap.",https://www.linkedin.com/in/ketan-doshi-a7863bab/,https://2025.globalfintechfest.com/media/GFF_25_Speakers_5_removebg_preview_aa6465672b.png,Four - Category C,Unlocking ATOs Beyond Cash and AePS: For All Regulated Entities,20250758,ketan doshi,2025,https://2025.globalfintechfest.com/speakers,2026-08-25T06:37:05Z
Mr. Kevin Lee Zi Xian,CEO & Country Head,Razorpay Curlec,Malaysia,"Kevin Lee, Country Head of Razorpay Curlec, spearheads one of Malaysia’s leading forces in the digital payment revolution. Under his leadership, Razorpay Curlec is redefining the financial services landscape through cutting-edge fintech solutions and customer-centric innovations that drive seamless, scalable digital transformation.",https://www.linkedin.com/in/kevinzxlee/,https://2025.globalfintechfest.com/media/GFF_25_Speakers_71_removebg_preview_f3448c3582.png,Four - Category C,"Global Commerce, Local Ease: Fintechs Redefining Merchant Payments",20250252,kevin lee zi xian,2025,https://2025.globalfintechfest.com/speakers,2026-08-25T06:37:05Z
Mr. Khalifa Naddari,Head of Sales,Ericsson Mobile Financial Services,UAE,"Khalifa is the Head of Sales for Ericsson Mobile Financial Services, where he drives strategies that help organizations expand market reach and create new revenue opportunities through accessible and convenient financial solutions. With over 20 years in telecom, fintech, and digital transformation, he has led complex engagements with communication service providers and industry partners worldwide, advancing innovation, inclusion, and sustainable growth.",https://www.linkedin.com/in/khalifanaddari/,https://2025.globalfintechfest.com/media/GFF_25_Speakers_31_removebg_preview_0dffa026f8.png,Four - Category C,Breaking Silos: The Full-Stack Fintech Infrastructure Play,20250565,khalifa naddari,2025,https://2025.globalfintechfest.com/speakers,2026-08-25T06:37:05Z
Mr. Khilan Haria,Chief Product Officer,Razorpay,,,,https://2025.globalfintechfest.com/media/Speakers_2_87_removebg_preview_1_ba551f8528.png,Four - Category C,Hyper personalization and use of agentic AI in UPI,20250848,khilan haria,2025,https://2025.globalfintechfest.com/speakers,2026-08-25T06:37:05Z
Mr. Kiran Belsekar,Executive Vice President,Bandhan Life,India,"Kiran Belsekar, with 20+ years in IT leadership, specializes in cybersecurity, governance, and resilience in financial services. As Bandhan Life’s IT leader, he drives secure, scalable growth. Formerly SVP at ENAM Asset Management, he led digital transformation and security strategy. An MBA in IT, he has earned multiple accolades for excellence in cybersecurity, governance, and risk management.",https://www.linkedin.com/in/kiran-belsekar,https://2025.globalfintechfest.com/media/Speakers_2_2025_09_19_T123025_152_removebg_preview_4d62bbe47f.png,Four - Category C,"The Global Insurance Reset: AI, Consumer Trust & Experience, Policy, and Business Impact",20250323,kiran belsekar,2025,https://2025.globalfintechfest.com/speakers,2026-08-25T06:37:05Z
Mr. Kiran Shetty,CEO & Regional Head,Swift India,,"Kiran is the CEO & Regional Head, India & South Asia for SWIFT. Kiran has over 2+ decades of experience in the financial services industry, with top Fortune 500 groups. In his last role, Kiran was instrumental in expanding Western Union business in the South Asia region. Kiran was also part of top 100 Global leaders group at Western Union. He has been recognized with the prestigious National Award for E-Governance (driving financial inclusion), by GoI -2016.",https://www.linkedin.com/in/kiran-shetty-b816625/,https://2025.globalfintechfest.com/media/GFF_25_Speakers_92_removebg_preview_1327debcc5.png,Four - Category C,"The New Map of Money: Designing Borderless, Scalable, and Inclusive Financial Systems",20250573,kiran shetty,2025,https://2025.globalfintechfest.com/speakers,2026-08-25T06:37:05Z
Mr. Kishore Narne,Executive Director,Motilal Oswal Financial Services,India,"Kishore Narne is Executive Director at Motilal Oswal Financial Services Ltd., heading Commodities, Global Markets, NRI Business, GIFT City, and Dubai operations. With 25+ years of experience in global markets, he has led Motilal Oswal to an industry leading positions and won multiple industry accolades. A regular voice on business media, he also serves on advisory committees of various exchanges and trade bodies",http://www.linkedin.com/in/kishorenarne,https://2025.globalfintechfest.com/media/Speakers_2_44_c9ed44f3e6.png,Four - Category C,Dematerialisation Mechanism For Commodity Derevatives,20250668,kishore narne,2025,https://2025.globalfintechfest.com/speakers,2026-08-25T06:37:05Z
Mr. Koushik Kadidal,Chief Data Officer,PayU,,,https://www.linkedin.com/in/kkadidal/?originalSubdomain=in,https://2025.globalfintechfest.com/media/GFF_25_Speakers_1_removebg_preview_6372037656.png,Four - Category C,,,koushik kadidal,2025,https://2025.globalfintechfest.com/speakers,2026-08-25T06:37:05Z
Mr. Kris Gopalakrishnan,"Chair, GFF2025, Founder - Infosys and Chairman",Axilor Ventures,India,,https://www.linkedin.com/in/kris-gopalakrishnan-10b49950/?originalSubdomain=in,https://2025.globalfintechfest.com/media/Speakers_2_15_removebg_preview_64afb814fc.png,Two - Category A,Empowering Finance for a Better World - Powered by AI,20250016;20250020;20250057,kris gopalakrishnan,2025,https://2025.globalfintechfest.com/speakers,2026-08-25T06:37:05Z
Mr. Krishna Chaitanya,CPO,Perfios,,"Krishna Chaitanya is the Chief Product Officer at Perfios, with over 15 years of experience in fintech. He has led product innovation across lending, insurance, PFM, and stock trading. Prior to Perfios, he drove lending product strategy at Paytm and Flipkart, enabling scale through alternate credit models. As a founding member of Aditya Birla MyUniverse, he played a key role in shaping India’s account aggregation ecosystem.",,https://2025.globalfintechfest.com/media/GFF_25_Speakers_14_removebg_preview_efab570eff.png,Four - Category C,AI-Powered Finance: Efficiency in Financial Operations,20250417,krishna chaitanya,2025,https://2025.globalfintechfest.com/speakers,2026-08-25T06:37:05Z
Mr. Krishna Kota,Head of Marketing & Customer Experience – Consumer Banking Group,DBS Bank India,India,"Krishna drives product marketing and customer experience. He leads marketing communications, developing engaging customer experiences, and leveraging insights from customer feedback and data to optimize strategies. His expertise spans creative, media, martech and performance marketing, ensuring a cohesive and positive brand presence across all customer interactions.",https://www.linkedin.com/in/krishnakota01,https://2025.globalfintechfest.com/media/Speakers_2_92_f74f236e0d.png,Four - Category C,Redefining Customer Engagement: From Notifications to Conversational Banking,20250785,krishna kota,2025,https://2025.globalfintechfest.com/speakers,2026-08-25T06:37:05Z
Mr. Krishna Prasad,Founder & CEO,One Money,India,,,https://2025.globalfintechfest.com/media/Speakers_2_87_removebg_preview_7fa3b880cb.png,Four - Category C,Building a Future India Together,20250643,krishna prasad,2025,https://2025.globalfintechfest.com/speakers,2026-08-25T06:37:05Z
Mr. Krishna Sastry Pendyala,"Partner, Cyber Security",Ernst & Young (E&Y) LLP,,"Mr. Krishna Sastry Pendyala is Partner, Cyber Security Consulting, Ernst & Young. He was Executive Director, PricewaterhouseCoopers India, Principal Consultant and Global Head, Tata Consultancy Services, and a Forensic Scientist at the Ministry of Home Affairs, Government of India, for 23 years. His core areas of expertise are Digital Forensic investigations, Cyber Security Compromise Assessment and Investigation, Red Teaming Exercise, Threat Hunting, Incident Response Management and E-Discovery",https://in.linkedin.com/in/krishna-sastry-pendyala-4573128,https://2025.globalfintechfest.com/media/GFF_25_Speakers_13_removebg_preview_d05e8a027f.png,Four - Category C,Audit and Compliance in the Era of Emerging Fintech,20250402,krishna sastry pendyala,2025,https://2025.globalfintechfest.com/speakers,2026-08-25T06:37:05Z
Mr. Krishnan R,Director & CEO,Unimoni Financial Services,India,"CA Krishnan R, a visionary leader and financial strategist, has been key to Unimoni ,as its growth since 2005. Rising from Manager‚ÄìInternal Audit to Director & CEO, he led major reforms in cost control, budgeting, and MIS. As CEO since 2021, he drives innovation in cross-border payments, forex, and digital services, while ensuring compliance and customer focus. His ‚Äúgrowth through empowerment‚Äù philosophy aligns teams with Unimoni‚Äôs mission: Simplifying Financial Lives, Globally.",https://in.linkedin.com/in/ca-krishnan-r-66759715,https://2025.globalfintechfest.com/media/GFF_25_Speakers_15_removebg_preview_fa5938c04d.png,Four - Category C,"The Future of Money Movement: Real-Time, AI-Powered, and Borderless",20250364,krishnan r,2025,https://2025.globalfintechfest.com/speakers,2026-08-25T06:37:05Z
Mr. Krishnendu Majumdar,Chief product & Tech Officer,Yubi Group,,,,https://2025.globalfintechfest.com/media/thumbnail_Speakers_2_4_37850fdc8b_07e3d13795_1e628f0bc4_55807dd690.png,Four - Category C,Yubi Agentic AI Product Suite Showcase,20250827,krishnendu majumdar,2025,https://2025.globalfintechfest.com/speakers,2026-08-25T06:37:05Z
Mr. Kuldeep Chouhan,Lead Product Development BHIM,National Payments Corporation of India,India,,,https://2025.globalfintechfest.com/media/Speakers_2_87_removebg_preview_7fa3b880cb.png,Four - Category C,,,kuldeep chouhan,2025,https://2025.globalfintechfest.com/speakers,2026-08-25T06:37:05Z
Mr. Kuldeep Parashar,Founder & CEO,PensionBox,India,,https://www.linkedin.com/in/kuldeepparashar/?originalSubdomain=in,https://2025.globalfintechfest.com/media/GFF_25_Speakers_Set_2_19_removebg_preview_fed4df63cf.png,Four - Category C,Startup Showcase - PensionBox,20250867,kuldeep parashar,2025,https://2025.globalfintechfest.com/speakers,2026-08-25T06:37:05Z
Mr. Kulin Shah,Co-founder & COO,Onsurity,India,,,https://2025.globalfintechfest.com/media/Speakers_2_90_removebg_preview_de6020a89f.png,Four - Category C,"The Global Insurance Reset: AI, Consumer Trust & Experience, Policy, and Business Impact",20250323,kulin shah,2025,https://2025.globalfintechfest.com/speakers,2026-08-25T06:37:05Z
Mr. Kunal Bajaj,Investor,DSP Investments,India,"Kunal Bajaj is a seasoned financial services executive with 20+ years experience across investment banking, venture capital, and fintech entrepreneurship. Currently Advisor to a 150-year old single-family office. Former Head of Capital Markets at Blume Ventures and Founder/CEO of Clearfunds (sold to MobiKwik). 16+ years at top investment banks including Goldman Sachs, JP Morgan, Credit Suisse in Equities. Chartered Accountant with proven track record in fundraising, M&A, and scaling businesses.",https://www.linkedin.com/in/kuna1bajaj/,https://2025.globalfintechfest.com/media/Speakers_2_2025_09_25_T122817_575_94230c89a0.png,Four - Category C,Multiplying Avenues With The Right Pitch,20250056,kunal bajaj,2025,https://2025.globalfintechfest.com/speakers,2026-08-25T06:37:05Z
Mr. Kunal Pande,Partner,KPMG,,"Kunal has 25+ yrs of experience with KPMG. He has held leadership roles in Tech & Risk Consulting focusing on Financial Services (FS). He is currently National lead Digital Trust - FS and Co-lead Digital Risk & Cyber. He is part of KPMG Global Payments Core Team. He has worked with Regulators, Central Banks, Banks, Fintechs, Payment Cos, MIIs, Brokers, Funds, Insurance, etc. He has authored a number of publications & has been speaker at various conferences. He is BTech E&C (Gold Medalist) & MBA.",http://www.linkedin.com/in/kunalpande,https://2025.globalfintechfest.com/media/Speakers_2_5_0826c1b2db.png,Three - Category B,Guardrails for Responsible Adoption of AI in Securities Market,20250312,kunal pande,2025,https://2025.globalfintechfest.com/speakers,2026-08-25T06:37:05Z
Mr. Kunal Rana,Director - Merchants,Google Pay India,India,"Kunal leads the merchant businesses at Google Pay that spans across QR codes, Soundboxes, Merchant credit, Card tokenization, Tap & Pay, online payment and Marketing services. He is also the co-chair of the UPI committee at PCI.",https://www.linkedin.com/in/kunalrana/,https://2025.globalfintechfest.com/media/Speakers_2_10_72d1d04c3e.png,Four - Category C,Beyond Checkout: How Payment Aggregators Are Becoming Full-Stack Merchant Platforms,20250503,kunal rana,2025,https://2025.globalfintechfest.com/speakers,2026-08-25T06:37:05Z
Mr. Kunal Shah,Founder,CRED,India,"Kunal Shah is the founder of CRED, a platform that brings the benefits of high-trust communities to millions of creditworthy individuals, brands, and financial institutions. Nearly six years since inception, CRED processes the majority of India’s credit card payments and is used monthly by >14 million of India’s most trustworthy. His previous startup, FreeCharge, pioneered online payments in India over a decade ago.",https://www.linkedin.com/in/kunalshah1/,https://2025.globalfintechfest.com/media/Kunal_Shah_4b20b79b36.png,Three - Category B,The Future Dividend: How Digital Finance Can Drive Shared Prosperity,20250195;20250708,kunal shah,2025,https://2025.globalfintechfest.com/speakers,2026-08-25T06:37:05Z
Mr. Kush Mehra,CBO,Pine Labs,,,,https://2025.globalfintechfest.com/media/GFF_25_Speakers_1_removebg_preview_7a42bab01a.png,Four - Category C,,,kush mehra,2025,https://2025.globalfintechfest.com/speakers,2026-08-25T06:37:05Z
Mr. Leandro Santos,"Senior Manager, Digital Payments & Emerging Markets",Amazon,USA,,,https://2025.globalfintechfest.com/media/Speakers_2_87_removebg_preview_1410f9e7da.png,Four - Category C,,,leandro santos,2025,https://2025.globalfintechfest.com/speakers,2026-08-25T06:37:05Z
Mr. Ling Wu,CEO & Founder,TBCASoft,USA,"Ling Wu is the Founder and CEO of HIVEX®, a Silicon Valley–based cross-border payment network built on blockchain. HIVEX® has connected over 1.5B mobile payment users globally, enabling seamless QR and NFC payments across millions of merchants. As the first compliant cross-border payment network using multi-currency stablecoins for clearing and settlement, HIVEX® is redefining the future of global payments under Ling’s leadership.",https://www.linkedin.com/in/ling-wu-270802/,https://2025.globalfintechfest.com/media/Speakers_2_40_6f50543eb5.png,Four - Category C,Can AI Payments be the Future of Global E-Commerce?,20250224,ling wu,2025,https://2025.globalfintechfest.com/speakers,2026-08-25T06:37:05Z
Mr. Lokanath Panda,COO,BLS e-Services,India,"Mr. Lokanath Panda stands as a distinguished leader in the operations and technology landscape, renowned for his strategic acumen and a proven track record of driving organizational growth. Currently, he holds the position of COO at BLS E-Services, a subsidiary of the globally recognized visa and immigration services powerhouse, BLS International. In this pivotal role, he is the central architect behind aligning the company's day-to-day functions with its long-term strategic vision.",https://www.linkedin.com/in/lokanathpanda/,https://2025.globalfintechfest.com/media/Speakers_2_2025_10_04_T121833_761_d6fe13fc5f.png,Four - Category C,Financial Inclusion 2.0: Services Beyond AePS & DMT,20250813,lokanath panda,2025,https://2025.globalfintechfest.com/speakers,2026-08-25T06:37:05Z
Mr. Lokesh Garg,DG,NSCIIPC,India,,,https://2025.globalfintechfest.com/media/Speakers_2_87_removebg_preview_1410f9e7da.png,Four - Category C,,,lokesh garg,2025,https://2025.globalfintechfest.com/speakers,2026-08-25T06:37:05Z
Mr. M S Subramanya Rao,"DDG, CQCD, NSO","Ministry of Statistics and Programme Implementation, Government of India",India,"Shri M. S. Subramanya Rao is an accomplished officer of the Indian Statistical Service (ISS) belonging to the 2000 batch. He is presently serving as Deputy Director General in the Coordination and Quality Control Division of the National Statistics Office, which functions under the Ministry of Statistics and Programme Implementation, Government of India, New Delhi.",https://www.linkedin.com/in/subramanya-rao-9328221a4/?originalSubdomain=uk,https://2025.globalfintechfest.com/media/Speakers_2_42_ac78fcc9d3.png,Four - Category C,Insight Fusion: Building the Future of Fintech with Survey & Industry Data,20250189,m s subramanya rao,2025,https://2025.globalfintechfest.com/speakers,2026-08-25T06:37:05Z
Mr. Madhur Deora,CFO,Paytm,India,"Mr. Madhur Deora is the Executive Director, President, and Group Chief Financial Officer of Paytm. He has been associated with Paytm since October 2016. Prior to Paytm, he spent 17 years with Citi Investment Banking in New York, London, and Mumbai. Madhur graduated cum laude from the Wharton School, and cum laude from Phillips Exeter Academy.",https://in.linkedin.com/in/madhurdeora,https://2025.globalfintechfest.com/media/Speakers_2_76_ac37f1e764.png,Four - Category C,Money on their Terms: Redesigning Finance for GenZ Mindset,20250261,madhur deora,2025,https://2025.globalfintechfest.com/speakers,2026-08-25T06:37:05Z
Mr. Madhur Singhal,Managing Partner & CEO,Praxis Global Alliance,,,,https://2025.globalfintechfest.com/media/GFF_25_Speakers_21_removebg_preview_64fe2e6ab0.png,Four - Category C,Breaking Silos: The Full-Stack Fintech Infrastructure Play,20250565,madhur singhal,2025,https://2025.globalfintechfest.com/speakers,2026-08-25T06:37:05Z
Mr. Madhusudan Ekambaram,Cofounder & CEO,KreditBee,India,"Madhusudan Ekambaram is the Co-founder and CEO of KreditBee, where he has built one of India’s leading fintech platforms through innovation and customer focus. He is also a founding member of FACE, working to promote responsible digital lending. Madhusudan has been honored with the Rashtrapati Puraskar and has led KreditBee to win major awards, including Business Today’s “Most Innovative Startup of the Year” and ET BFSI’s “Best Fintech Startup.”",https://www.linkedin.com/in/madhusudane/,https://2025.globalfintechfest.com/media/Speakers_2_55_removebg_preview_10f342ffe7.png,Four - Category C,Fragmented or Fortified? – The Rise of a Layered Fintech Landscape,20250465,madhusudan ekambaram,2025,https://2025.globalfintechfest.com/speakers,2026-08-25T06:37:05Z
Mr. Madhusudanan R,Co-founder,M2P Fintech,India,"Madhusudanan R. combines deep product intuition with a builder’s mindset. He is focused on reshaping global banking infrastructure and believes that every business has the potential to become a fintech. At M2P, his clarity of vision has helped create a trusted platform powering the future of financial services. Off the clock, you'll find him experimenting in the kitchen as a weekend chef.",https://www.linkedin.com/in/madhusudanan-r-founder-of-m2p-talk-to-me-if-you-are-building-a-fintech/,https://2025.globalfintechfest.com/media/Mr_Madhusudanan_R_Co_founder_M2_P_Fintech_4fa7a3f621.png,Three - Category B,Innovation and Collaboration in Fintech,20250756,madhusudanan r,2025,https://2025.globalfintechfest.com/speakers,2026-08-25T06:37:05Z
Mr. Mahaveer Singhvi,Joint Secretary (New Emerging and Strategic Technologies Division),"Ministry of External Affairs, Government of India",,,https://www.linkedin.com/in/mahaveer-singhvi-56635855/,https://2025.globalfintechfest.com/media/GFF_25_Speakers_25_removebg_preview_144fe95664.png,Two - Category A,Fintech Diplomacy: Building Bridges for Inclusive Global Growth,20250059;20250190,mahaveer singhvi,2025,https://2025.globalfintechfest.com/speakers,2026-08-25T06:37:05Z
Mr. Mahavir Jindal,Chief Operating Officer,Amazon Pay India,India,"Mahavir Jindal serves as the Chief Operating Officer (COO) at Amazon Pay India, where he oversees the company’s operations and drives strategic initiatives to enhance its payment services. His leadership plays a crucial role in strengthening Amazon Pay’s position in India’s competitive fintech market. With over 20 years of experience in the fintech and e-commerce sectors, Mahavir has a proven track record of scaling businesses and driving operational excellence. Before joining Amazon Pay.",https://www.linkedin.com/in/mahavir-jindal-791a971/?originalSubdomain=in,https://2025.globalfintechfest.com/media/GFF_25_Speakers_2_removebg_preview_accf285f46.png,Four - Category C,"Global Ambitions, Local Rules: Can Indian PAs Scale Cross-Border Without Friction?",20250507,mahavir jindal,2025,https://2025.globalfintechfest.com/speakers,2026-08-25T06:37:05Z
Mr. Mahendra Nerurkar,Vice President - Emerging Markets - Payments,Amazon Pay India,India,"Mahendra Nerurkar is the Vice President of Emerging Countries Payments at Amazon, leading Amazon's payments operations for APAC, MENA and LATAM. He is dedicated to making digital payments trusted, convenient and rewarding ultimately simplifying customers' lives and helping them fulfill their aspirations. Previously, Mahendra led product and general management roles for various global businesses at Amazon. And prior to Amazon, he worked as a strategy and technology consultant at Oliver WymaMahendra Nerurkar is the Vice President of Emerging Countries Payments at Amazon, leading Amazon's payments operations for APAC, MENA and LATAM. He is dedicated to making digital payments trusted, convenient and rewarding ultimately simplifying customers' lives and helping them fulfill their aspirations. Previously, Mahendra led product and general management roles for various global businesses at Amazon. And prior to Amazon, he worked as a strategy and technology consultant at Oliver Wyman .",https://www.linkedin.com/in/mahendra-nerurkar-049593/,https://2025.globalfintechfest.com/media/GFF_25_Speakers_3_removebg_preview_5da4d0fa33.png,Three - Category B,The Policy Dividend: How RBI’s approach is powering India’s payment innovation?,20250819,mahendra nerurkar,2025,https://2025.globalfintechfest.com/speakers,2026-08-25T06:37:05Z
Mr. Mahesh Kokalaki,Founder & CEO,Climate Capital Market,India,"Passionate about enriching lives with innovative technologies, Mahesh is leading Climate Capital Market as its Founder & CEO. He along with his team are working at the intersection of NetZero, BFSI and Technology from GIFT City, India's International Financial Centre. As Ph.D. Scholar at NFSU, Mahesh is researching on """"Climate Finance Integrity"""" to address Greenwashing Risks in Global Climate Capital flow to find easy-efficient-effective tech-solutions for Unlocking Climate Capital at scale.",https://www.linkedin.com/in/kokalakimahesh,https://2025.globalfintechfest.com/media/Speakers_2_81_f40197cac7.png,Four - Category C,Embracing the Future: GIFT IFI Architecting a Strong and Competent Fintech Talent Pipeline,20250101,mahesh kokalaki,2025,https://2025.globalfintechfest.com/speakers,2026-08-25T06:37:05Z
Mr. Mahesh Kumar Jain,Co-Founder & Chairman,Integra Micro Systems,India,"Co-Founder & Chairman, Integra Micro Systems & i25 Outreach With over 47 years in IT, Mahesh Kumar Jain, an IIT Kanpur (B.Tech, 1975) and IISc Bangalore (M.Tech, 1977) alumnus, drives innovation and social impact. Professional Highlights HCL: Pioneered India’s first microcomputer (HCL 8C) and mini-computer systems as an R&D Engineer. Integra Micro Systems: Leads advancements in financial inclusion, phygital services, and government initiatives (PDS, banking). Jataayu Software: Co-founded, leading mobile handset software and VAS for operators. BCFI Chairman (under IAMAI): Promotes financial inclusion and regulatory alignment. Social Impact Education: Founded FAER, supporting engineering innovation. NAAC Industry Member (2018-24). Sustainability: Leads Fair Climate Network, solar projects, and rural business units for sustainable livelihoods. Legacy Mahesh’s leadership in technology and sustainability inspires industry-wide innovation.",https://www.linkedin.com/in/MaKuJa/,https://2025.globalfintechfest.com/media/Speakers_2_64_001e05ac93.png,Four - Category C,Financial Inclusion 2.0: Services Beyond AePS & DMT,20250813,mahesh kumar jain,2025,https://2025.globalfintechfest.com/speakers,2026-08-25T06:37:05Z
Mr. Mahesh Ramamoorthy,CIO,Yes Bank,India,,,https://2025.globalfintechfest.com/media/Speakers_2_87_removebg_preview_9bef3c98a1.png,Four - Category C,Programmable Asset and Smart Contracts - Future of Financial Instruments,20250447,mahesh ramamoorthy,2025,https://2025.globalfintechfest.com/speakers,2026-08-25T06:37:05Z
Mr. Mahmoud Abu Ebeid,CEO & Co-Founder,Global Software Solutions Group,UAE,"Mahmoud A is the CEO & Co-founder of Global Software Solutions Group, a leading Software and digital transformation company headquartered in the UAE. He is widely recognized for his visionary leadership in driving open banking and digital innovation across the MENA region. GSS Group has become a key enabler of API-driven financial ecosystems, working closely with regulators, banks, and fintechs to implement cutting-edge Digital solutions, payments solutions, open banking solutions and etc.",https://www.linkedin.com/in/mahmoud-abuebeid-b801778a/,https://2025.globalfintechfest.com/media/GFF_25_Speakers_31_removebg_preview_6aca878d5c.png,Four - Category C,From Core to Cloud: How Global Banks Are Rewriting the Rules of Scale,20250636,mahmoud abu ebeid,2025,https://2025.globalfintechfest.com/speakers,2026-08-25T06:37:05Z
Mr. Manas Mishra,CPO,PayU Payments,India,"Manas Mishra is the Chief Product Officer at PayU. He has over 2 decades of experience across payments, ecommerce, internet and IT domains. At PayU he leads the formulation and execution of the company‚Äôs product strategy. He is responsible for the next generation of PayU products and ensuring that PayU and Wibmo continues to innovate solutions, improving merchant and customer experience. Manas leads Product, UX, Network Alliance, PSS, and Design teams at PayU.",,https://2025.globalfintechfest.com/media/Speakers_2_56_removebg_preview_e3fbf64a69.png,Four - Category C,Beyond Checkout: How Payment Aggregators Are Becoming Full-Stack Merchant Platforms,20250503,manas mishra,2025,https://2025.globalfintechfest.com/speakers,2026-08-25T06:37:05Z
Mr. Manav Narang,Head of India,Plug & Play,India,"Manav leads Plug and Play's operations in India while also serving as Head of Financial Services for the APAC region and Engagement Director for GIFT International Fintech Innovation Hub - powered by Plug and Play. With over 15 years of expertise in the banking and insurance sectors, he has worked with prominent organizations including JP Morgan, Barclays, MetLife, TD Bank, Nedbank, OakNorth, and others.",https://www.linkedin.com/in/manav-narang/,https://2025.globalfintechfest.com/media/GFF_25_Speakers_39_removebg_preview_92fd435475.png,Four - Category C,Multiplying Avenues With The Right Pitch,20250056;20250100,manav narang,2025,https://2025.globalfintechfest.com/speakers,2026-08-25T06:37:05Z
Mr. Mani Mamallan,Chairman & Managing Director,Electronic Payment and Services (EPS),,,https://www.linkedin.com/company/electronic-payment-and-services-p-ltd/?viewAsMember=true,https://2025.globalfintechfest.com/media/Speakers_2_3_removebg_preview_938fe61ccd.png,Four - Category C,"Who Owns the Merchant? Reimagining Acquiring, Credit, and Loyalty in a Digital-First Era",20250595,mani mamallan,2025,https://2025.globalfintechfest.com/speakers,2026-08-25T06:37:05Z
Mr. Manish Agrawal,General Manager,Punjab National Bank,India,"Mr. Manish Agrawal is Chief Technology Officer (CTO) of Punjab National Bank. Mr. Agrawal is a techno banker with 26 + years of experience in Banking Technology, Digital Transformation, Information Security, Business Process Re-engineering and Field Operations.",www.linkedin.com/in/manish-agrawal-46ab401,https://2025.globalfintechfest.com/media/GFF_25_Speakers_24_removebg_preview_1_f6c94ead67.png,Four - Category C,"Who Owns the Merchant? Reimagining Acquiring, Credit, and Loyalty in a Digital-First Era",20250595,manish agrawal,2025,https://2025.globalfintechfest.com/speakers,2026-08-25T06:37:05Z
Mr. Manish Gupta,Senior Director,Google Deepmind,India,"Dr. Manish Gupta: Senior Director at Google DeepMind, leading AI research teams in India and Japan. He previously headed VideoKen, Xerox & IBM India research centers, and led system software for the Blue Gene/L supercomputer at IBM T.J. Watson Research Center, which won a National Medal of Technology in 2009. A Fellow of ACM, he holds a Ph.D. from UIUC, has 75 papers, 19 US patents, and multiple IBM awards.",https://www.linkedin.com/in/manish-gupta-4556591/,https://2025.globalfintechfest.com/media/Speakers_2_20_781e8b4fae.png,Three - Category B,Unlocking Full Potential of the Human - AI convergence,20250804,manish gupta,2025,https://2025.globalfintechfest.com/speakers,2026-08-25T06:37:05Z
Mr. Manish Kohli,Global Head - Global Payments Solutions,HSBC,,,,https://2025.globalfintechfest.com/media/GFF_25_Speakers_17_removebg_preview_f1cc32daeb.png,Four - Category C,Tokenization and the Role of Agentic AI Workflows in Enabling Tokenized Economies,20250798,manish kohli,2025,https://2025.globalfintechfest.com/speakers,2026-08-25T06:37:05Z
Mr. Manish Kumar,CEO,GSTN,India,,,https://2025.globalfintechfest.com/media/Speakers_2_87_removebg_preview_9bef3c98a1.png,Four - Category C,,,manish kumar,2025,https://2025.globalfintechfest.com/speakers,2026-08-25T06:37:05Z
Mr. Manish Kumar Gupta,"Chief Executive of Urban Unsecured Assets, Payments, and Digital Partnerships",L&T Finance,India,"Mr. Manish Kumar Gupta is the Chief Executive of Urban Unsecured Assets, Payments & Digital Partnerships at L&T Finance Ltd. (LTF). He is a senior leader with over 23 years of experience in financial and technology services domains and possesses a deep understanding of the retail and corporate banking landscape. His expertise extends to the rapidly evolving areas of digital banking, payments, and cards. Prior to LTF, he successfully scaled Glance Digital (InMobi Group) globally, innovating in AI-powered content and commerce experiences on smart devices. His impressive career includes leading major digital and business transformations at giants like ICICI Bank, Deutsche Bank, HSBC, DBS Bank, and TransUnion CIBIL. Mr. Gupta is an alumnus of Indian Institute of Technology Delhi (IIT Delhi) and holds an MBA from Indian School of Business, Hyderabad. He is also a Certified Financial Planner and CertICM holder.",https://www.linkedin.com/in/manish-kumar-gupta-3885972?utm_source=share&utm_campaign=share_via&utm_content=profile&utm_medium=android_app,https://2025.globalfintechfest.com/media/Speakers_2_97_7f63661deb.png,Four - Category C,From Checkout to Credit: Redefining Aggregator Value Beyond Payments,20250471,manish kumar gupta,2025,https://2025.globalfintechfest.com/speakers,2026-08-25T06:37:05Z
Mr. Manish Mimani,Founder & CEO,Protectt.ai Labs,India,"Manish Mimani is Founder CEO of Protectt.ai Labs Pvt. Ltd. Manish is a visionary leader with two decades of rich experience in Digital Transformation and Mobile Banking Fraud Control with a wealth of global experience. He is widely recognized as a trailblazer & Innovator having spearheaded groundbreaking initiative in Building Mobile Banking App Security, Transaction Security, Fraud Control. He is a visionary leader with a passion for innovation and has created India’s first Mobile App Security & Fraud Control Platform . An Award-Winning Tech to address critical challenges of Mobile Banking Frauds. Prior to founding Protectt.ai, he has been a part of Global CIO roles in other previous stints across India, US, UK & Japan. He is the winner of CIO100 award for 3 consecutive years between 2017 to 2019 and many other awards for Tech & Digital Transformation such as ‘Innovation & Leadership Award In Information Security’ by BW Security 2023",https://in.linkedin.com/in/manish-mimani-a09b734,https://2025.globalfintechfest.com/media/Mr_Manish_Mimani_removebg_preview_70d79e01fd.png,Four - Category C,"AI-Powered Risk Engines: Building Trust in Real-Time, Always-On Payments",20250564,manish mimani,2025,https://2025.globalfintechfest.com/speakers,2026-08-25T06:37:05Z
Mr. Manjunatha NS,Director,PepperTree.AI,India,,https://www.linkedin.com/in/manjunatha-ns-90106320/?originalSubdomain=in,https://2025.globalfintechfest.com/media/GFF_25_Speakers_Set_2_20_removebg_preview_4680b9855b.png,Four - Category C,Startup Showcase - GIROPie,20250858,manjunatha ns,2025,https://2025.globalfintechfest.com/speakers,2026-08-25T06:37:05Z
Mr. Mannoj Varma,Director,Lyra Network,,"Mr. Mannoj Varma is a seasoned Business Leader and Director at Lyra India, renowned for his strategic leadership in driving innovation and growth within the financial and technology sectors for more than 20+ years of experience. With a strong focus on taking Unified Payments Interface (UPI) to the global stage, Mr. Varma has successfully led initiatives in product and project management, facilitating the integration of digital payment solutions across diverse global markets.",http://www.linkedin.com/in/mannojvarma,https://2025.globalfintechfest.com/media/GFF_25_Speakers_14_removebg_preview_99f74d882d.png,Four - Category C,Product Built for Scale: The Modern Architecture of Fintech Platforms,20250577,mannoj varma,2025,https://2025.globalfintechfest.com/speakers,2026-08-25T06:37:05Z
Mr. Manoj Dugar,"MD & Head of Asia (ex. Greater China), Global Payments Solutions",The Hongkong & Shanghai Banking Corporation Limited,,,https://www.linkedin.com/in/manoj-dugar-44a6a35/?originalSubdomain=sg,https://2025.globalfintechfest.com/media/GFF_25_Speakers_78_removebg_preview_129ecf5e81.png,Four - Category C,Connected Choices: Driving Consumer Behavior in the Age of Real-Time Finance,20250227,manoj dugar,2025,https://2025.globalfintechfest.com/speakers,2026-08-25T06:37:05Z
Mr. Manoj Gyawali,CEO,Nabil Bank,Nepal,"Mr.Manoj Kumar Gyawali holds a Chartered Accountant qualification from The ICAN India. His banking career spans over 25 years and he is currently the Chief Executive Officer of the Nabil Bank;1st commercial bank of Nepal. Prior to Nabil he served as a CEO of Jyoti Bikas Bank. He has also worked as director of Cherakhola Hydropower, Global IME Capital, and Nepal Rastra Bank. He is popularly known for his strategic and transformational leadership, also for his motivational sessions.",,https://2025.globalfintechfest.com/media/Speakers_2_1_c89517b936.png,Four - Category C,"Fintech Futures – Sandboxes, Innovation Hubs, and Policy Labs",20250406,manoj gyawali,2025,https://2025.globalfintechfest.com/speakers,2026-08-25T06:37:05Z
Mr. Manoj Jain,Chief Compliance Officer,The Multi Commodity Exchange of India,India,"Mr. Manoj Jain brings over 26 years of rich domestic and international experience in Business Development, Product Management, and Operations. He has held senior leadership roles with Axis Bank, IL&FS Securities Services Ltd., NTT Data, Wipro, ICRA, and the Securities and Exchange Board of India (SEBI). Mr. Jain combines deep regulatory knowledge with hands-on experience in building scalable systems and driving innovation in financial services.",https://www.linkedin.com/in/mkjain/,https://2025.globalfintechfest.com/media/Speakers_2_11_2248abd998.png,Four - Category C,Dematerialisation Mechanism For Commodity Derevatives,20250668,manoj jain,2025,https://2025.globalfintechfest.com/speakers,2026-08-25T06:37:05Z
Mr. Manoj Kumar,Executive Director,Securities and Exchange Board of India,India,"Mr. Manoj Kumar, as an Executive Director, is heading the Investment Management Department of SEBI. He has been associated with key SEBI initiatives such as Accounting Standards Committee chaired by Y H Malegam, Corporate Governance Committee chaired by Narayana Murthy. He has been the Member of the core group that successfully designed and implemented Integrated Market Surveillance System. Currently, he is a member secretary of the Mutual Funds Advisory Committee (MFAC).",,https://2025.globalfintechfest.com/media/Speakers_2_47_daa597730b.png,Two - Category A,"Leveraging AI: Use Cases, Benefits and Challenges",20250303,manoj kumar,2025,https://2025.globalfintechfest.com/speakers,2026-08-25T06:37:05Z
Mr. Masashi Namatame,Chief Digital Officer,Tokio Marine Holdings,Japan,"Mr. Namatame joined Tokio Marine Holdings in 2018, assumed Managing Executive Officer and Group Chief Digital Officer (CDO) in April 2021 and Senior Managing Executive Officer, CDO, from April 2024. Prior to Tokio Marine, he was Managing Director, and the member of the board at BlackRock Japan, where he was the head of strategic business development and institutional businesses, lead strategic partnership program and developed Japan mid-term strategic plan. Before that he had a number of senior",https://www.linkedin.com/in/masashi-namatame-92860418/?originalSubdomain=jp,https://2025.globalfintechfest.com/media/Masashi_Namatame_025a89dabc.png,Four - Category C,Beyond Premiums and Policies: Building the Next Generation of Trust in Insurance,20250820,masashi namatame,2025,https://2025.globalfintechfest.com/speakers,2026-08-25T06:37:05Z
Mr. Mathews Markose,Chief Executive Officer,Muthoot Capital Services,India,"Mathews Markose is a Banking professional with hands on experience in Retail Liabilities, Branch Banking, Retail Assets & SME businesses across all levels of the hierarchy. He comes with a rich experience spanning 28 years with organisations like HSBC, ICICI Bank, Kotak Mahindra Bank and ESAF Small Finance Bank before joining Muthoot Capital Services as the CEO. His core competence lies in setting up businesses from the grassroot, Team building, setting up Products, Processes and Compliance .",https://www.linkedin.com/in/mathews-markose-61875511/,https://2025.globalfintechfest.com/media/GFF_25_Speakers_23_removebg_preview_b739203649.png,Four - Category C,Next-Gen Banking Infrastructure: From Core Modernization to Customer-First Design,20250575,mathews markose,2025,https://2025.globalfintechfest.com/speakers,2026-08-25T06:37:05Z
Mr. Maxim Afanasyev,"Financial Services Industry Head for JAPAC at Global GTM, Solutions and Strategic Industries",Google Cloud,Singapore,"Member of Global Strategic Industries team with responsibility for BFSI in JAPAC. Provides sales and engineering with insights on BFSI needs to ensure Google brings right AI capabilities to industry. Works with most leading BFSIs on their business goals solved by Agentic AI and other techs. Worked as Managing Director in charge of AI globally at Standard Chartered Bank. Before Asia Maxim was at McKinsey where he headed AI and headed Trading in RBS. PhD from Stanford University, with focus on AI",https://www.linkedin.com/in/maxim-afanasyev-phd-1a5396/,https://2025.globalfintechfest.com/media/Speakers_2_2025_10_04_T113811_347_11950dc1fb.png,Four - Category C,Enabling Financial Institutions (FIs) Better Support MSMEs Through AI-Empowered Solutions,20250463,maxim afanasyev,2025,https://2025.globalfintechfest.com/speakers,2026-08-25T06:37:05Z
Mr. Mayank Bathwal,CEO,Aditya Birla Health Insurance,,,,https://2025.globalfintechfest.com/media/GFF_25_Speakers_94_removebg_preview_1433e3b5b0.png,Four - Category C,From Access to Action: Unlocking Affordable Insurance on ONDC,20250293,mayank bathwal,2025,https://2025.globalfintechfest.com/speakers,2026-08-25T06:37:05Z
Mr. Mayank Goyal,Founder & CEO,moneyHOP,India,"Mayank Goyal, Founder & CEO of HOP Financial Solutions, is a distinguished finance professional with an academic foundation from Imperial College London and over a decade of experience in London’s finance sector, including Bank of America. He has spearheaded fintech innovations, facilitating remittances exceeding $400M. Deeply committed to social impact, he actively supports the Pratham Education Foundation, exemplifying leadership, innovation, and societal contribution.",https://www.linkedin.com/in/mayankgoyalcfa/,https://2025.globalfintechfest.com/media/Speakers_2_57_removebg_preview_b002bd1ed4.png,Four - Category C,"Neobanks After the Reset: AI, Cross-Border, and Cash-Flow Credit - A Playbook for Sustainable Growth",20250773,mayank goyal,2025,https://2025.globalfintechfest.com/speakers,2026-08-25T06:37:05Z
Mr. Mayank Jain,"Director Credit Products, International and Emerging Markets",Amazon Pay,India,,,https://2025.globalfintechfest.com/media/Speakers_2_87_removebg_preview_9bef3c98a1.png,Four - Category C,Can Co-Branded Cards Win the Next Battle for Customer Affinity?,20250613,mayank jain,2025,https://2025.globalfintechfest.com/speakers,2026-08-25T06:37:05Z
Mr. Mehdi Cherkaoui,"Regional Manager, FIG Advisory Services and Project Development - South Asia",IFC - International Finance Corporation,,,,https://2025.globalfintechfest.com/media/thumbnail_Speakers_2_4_37850fdc8b_07e3d13795.png,Four - Category C,,,mehdi cherkaoui,2025,https://2025.globalfintechfest.com/speakers,2026-08-25T06:37:05Z
Mr. Metessh D Bhati,EVP & Chief Digital & AI Officer,Protean eGovernance Technologies,India,,,https://2025.globalfintechfest.com/media/Speakers_2_87_removebg_preview_9bef3c98a1.png,Four - Category C,,,metessh d bhati,2025,https://2025.globalfintechfest.com/speakers,2026-08-25T06:37:05Z
Mr. Milan Naik,President,Boxx Insurance,,"Milan founded Goals101 in 2017, his first entrepreneurial venture, which got acquired by M2P Fintech. BOXX Insurance, his next venture, a Consumer & SME Cyber Protection company recently got acquired by Zurich Global Ventures. Milan has been on Advisory Boards of Growth stage companies advising Founders on Growth : Monetisation : Fund Raise. He is also an avid angel investor. Prior to BOXX & Goals101, Milan worked with leading global consulting & insurance companies across Asia & Middle East.",http://linkedin.com/in/milannaik,https://2025.globalfintechfest.com/media/Speakers_2_56_aac825721b.png,Four - Category C,"Cyber Resilience for India’s Digital Economy: Building Trust, Together",20250234,milan naik,2025,https://2025.globalfintechfest.com/speakers,2026-08-25T06:37:05Z
Mr. Mit Desai,"Principal, Financial Services",Praxis Global Alliance,,,,https://2025.globalfintechfest.com/media/GFF_25_Speakers_22_removebg_preview_753574a5f2.png,Four - Category C,Global Capital × Local Innovation: Fintech Investment Narratives,20250570,mit desai,2025,https://2025.globalfintechfest.com/speakers,2026-08-25T06:37:05Z
Mr. Mithilesh Singh,CISO & DPO,LIC,India,"Mithilesh is a seasoned professional having more than two decades of global experience in Cyber Security, Data Privacy and Risk Management across the industries. He has demonstrated his acumen & leadership as a trusted advisor for Board, Senior Management and Regulators in various Cyber matters. He is recipient of five times Top 100 CIOs & CISOs awards and has a track record of excellence in his role as a leader. His broad range of experience in Technology Risk, Cyber Security, Cloud Security, Digital Payments, Enterprise Risk Management, Information Systems Audit, Third Party Risk Management, Data Privacy, Emerging Technologies and Information Security Management System (ISMS) demonstrates his strong understanding of the key challenges and considerations involved in securing complex IT systems and Critical Information Infrastructure. He has deeper expertise dealing with Legal, Government and Regulatory Compliances governing various industries and sectors especially for BFSI.",https://www.linkedin.com/in/mithilesh/,https://2025.globalfintechfest.com/media/GFF_25_Speakers_Set_2_10_removebg_preview_d817797b60.png,Four - Category C,Roadmap for Fintech to Comply with DPDP,20250461,mithilesh singh,2025,https://2025.globalfintechfest.com/speakers,2026-08-25T06:37:05Z
Mr. Mohit Bedi,"CBO, Co-Founder",Kiwi,India,"Mohit Bedi is the Chief Business Officer and co-founder of Kiwi, India’s first fintech to link credit cards directly to UPI. At Kiwi, he is driving the vision of making credit simple, secure, and rewarding, with the product already scaling to hundreds of thousands of users across 500+ cities. Mohit brings over two decades of leadership experience in payments and banking, having held senior roles at Axis Bank and PayU, where he spearheaded partnerships and digital payment innovations.",https://in.linkedin.com/in/mohit-bedi-764680,https://2025.globalfintechfest.com/media/GFF_25_Speakers_6_removebg_preview_429a6e298d.png,Four - Category C,"Designing Contextual Finance: Where Credit, Commerce and Choice Intersect",20250658,mohit bedi,2025,https://2025.globalfintechfest.com/speakers,2026-08-25T06:37:05Z
Mr. Mohit Mehra,Vice President-Payments and Primary Markets,Zerodha & Rainmatter,India,"Mohit leads payments and primary markets at Zerodha. Before his present role, Mohit used to run his family's four-generation-old stock brokerage in Kolkata.",https://www.linkedin.com/in/mohit-mehra-cal/,https://2025.globalfintechfest.com/media/Speakers_2_27_b374f96293.png,Four - Category C,Fintechs as the Enabler of Global Mobility,20250547,mohit mehra,2025,https://2025.globalfintechfest.com/speakers,2026-08-25T06:37:05Z
Mr. Mohit Monga,"VP Product - Financial Services, AI",Open Network For Digital Commerce (ONDC),,,,https://2025.globalfintechfest.com/media/GFF_25_Speakers_24_removebg_preview_d42822cfed.png,Four - Category C,From Access to Action: Unlocking Affordable Insurance on ONDC,20250293,mohit monga,2025,https://2025.globalfintechfest.com/speakers,2026-08-25T06:37:05Z
Mr. Movin Jain,Founder and CTO,Skydo,India,"Movin Jain is the Co-Founder of Skydo, a cross-border payments platform serving 25,000+ Indian MSME exporters and freelancers, with In-Principle RBI authorisation as a Payment Aggregator. He previously led Payments Product at PhonePe, shaping India’s UPI ecosystem, and held roles at Ola, Meesho and InMobi. An IIT Delhi and IIM Ahmedabad alumnus, Movin began his career as a trader at Barclays in London and is passionate about running, music and automobiles.",https://in.linkedin.com/in/movinjain,https://2025.globalfintechfest.com/media/Speakers_2_54_9550e131a0.png,Four - Category C,"Global Ambitions, Local Rules: Can Indian PAs Scale Cross-Border Without Friction?",20250392;20250507,movin jain,2025,https://2025.globalfintechfest.com/speakers,2026-08-25T06:37:05Z
Mr. Mudit Agarwal,CEO,Indian Highways Management Company,,"Mudit Agarwal, CEO of IHMCL, is driving India’s shift to barrier-less tolling through ATMS, MLFF, and AI-powered deployments. He is aligning Computer Vision standards to build a Unified Tolling Platform. With 30+ years across telecom, cloud, and public policy, his leadership spans Vodafone, Reliance, Rakuten Symphony, McKinsey & Co., and BCG - advancing citizen-centric, safe, and sustainable digital highways.",http://www.linkedin.com/in/mudit-agarwal-0b568011,https://2025.globalfintechfest.com/media/Speakers_2_2025_10_04_T102342_534_47a6bcc9af.png,Four - Category C,MSMEs Unlocking Growth for India’s Next Economic Milestone,20250782,mudit agarwal,2025,https://2025.globalfintechfest.com/speakers,2026-08-25T06:37:05Z
Mr. Mukul Jain,Chief Technology Officer,Axis Max Life Insurance,India,"Mukul Jain, CTO at Axis Max Life Insurance, has 24+ years of experience in digital transformation, technology strategy, and analytics. He has led innovations at Prudential Financial and TATA AIA, earning multiple awards, and is recognized for aligning technology with business goals, scaling operations, and driving data-led growth and competitive advantage.",https://www.linkedin.com/in/mukuljain1/?originalSubdomain=in,https://2025.globalfintechfest.com/media/Speakers_2_8_f2b8121c7e.png,Four - Category C,"Inclusive Insurance for Bharat: Leveraging Tech, Policy, and Partnerships",20250802,mukul jain,2025,https://2025.globalfintechfest.com/speakers,2026-08-25T06:37:05Z
Mr. Murali Mohan Rao Manduva,CTO,DCB Bank,,,,https://2025.globalfintechfest.com/media/GFF_25_Speakers_5_removebg_preview_fa75bff8b0.png,Four - Category C,Next-Gen Banking Infrastructure: From Core Modernization to Customer-First Design,20250575,murali mohan rao manduva,2025,https://2025.globalfintechfest.com/speakers,2026-08-25T06:37:05Z
Mr. Muzaffer Hamid,CEO,Mercury Payments,UAE,,,https://2025.globalfintechfest.com/media/Speakers_2_87_removebg_preview_9bef3c98a1.png,Four - Category C,,,muzaffer hamid,2025,https://2025.globalfintechfest.com/speakers,2026-08-25T06:37:05Z
Mr. Nabendu Das,Chief of Chief of Engineering & Head of Products,Tally Solutions,,,,https://2025.globalfintechfest.com/media/GFF_25_Speakers_Set_2_3_removebg_preview_dacedcdb22.png,Four - Category C,Bharat Connect for Business: Enabling Growth and Transformation for Businesses through Collaboration,20250824,nabendu das,2025,https://2025.globalfintechfest.com/speakers,2026-08-25T06:37:05Z
Mr. Nageen Kommu,Founder & CEO,Digitap.AI Enterprise Solutions,,"Our leadership team includes Nageen Kommu – Founder & CEO ,An IIM Ahmedabad and NITK alumnus, Nageen brings 20+ years of experience in telecom, consulting (EY), and startups. He drives product vision, growth, and platform strategy at Digitap, leveraging his deep expertise in AI/ML and digital transformation.",https://www.linkedin.com/in/nageen-kommu-188aa338,https://2025.globalfintechfest.com/media/GFF_25_Speakers_25_removebg_preview_8fc7b06a6f.png,Four - Category C,"The New Consent Economy: Privacy, Trust, and Digital Infrastructure",20250567,nageen kommu,2025,https://2025.globalfintechfest.com/speakers,2026-08-25T06:37:05Z
Mr. Nalin Agrawal,Co-founder and Director,Snapmint Financial Services,India,"Nalin, an IIT Bombay alumnus, is the Co-founder and Director of Snapmint, India’s leading Zero-Cost EMI payment company. A seasoned fintech leader, he has played a pivotal role in transforming and democratizing fair, transparent EMI shopping across India. Since its inception, Snapmint has revolutionized credit access for over 50 million users, partnered with India’s top consumer brands, and made Zero-Cost EMI shopping more accessible to young, aspirational India.",https://www.linkedin.com/in/nalinagrawal/,https://2025.globalfintechfest.com/media/Speakers_2_59_removebg_preview_9fd1b9f668.png,Four - Category C,Lending as a Platform: Can Indian Fintechs Build Global-Scale Credit Marketplaces?,20250768,nalin agrawal,2025,https://2025.globalfintechfest.com/speakers,2026-08-25T06:37:05Z
Mr. Nalin Bansal,Chief Relationship Management (Partnerships & Central Government),National Payments Corporation of India,,,,https://2025.globalfintechfest.com/media/thumbnail_Speakers_2_4_37850fdc8b_07e3d13795_1e628f0bc4.png,Four - Category C,The Policy Dividend: How RBI’s approach is powering India’s payment innovation?,20250819,nalin bansal,2025,https://2025.globalfintechfest.com/speakers,2026-08-25T06:37:05Z
Mr. Nalin Negi,CEO,BharatPe,India,"Mr. Nalin Negi is the CEO of BharatPe, leading its strategy, growth, and financial performance. With 20+ years in banking and fintech, he brings strong expertise in finance, risk, and operations. Previously CFO at BharatPe and SBI Card, he has been instrumental in scaling the lending and payments business, strengthening governance, and advancing BharatPe’s mission to empower India’s merchants through innovative financial solutions.",https://www.linkedin.com/in/nalin-negi-8a9bbb3/,https://2025.globalfintechfest.com/media/GFF_25_Speakers_9_removebg_preview_b0a6c09ee6.png,Four - Category C,,,nalin negi,2025,https://2025.globalfintechfest.com/speakers,2026-08-25T06:37:05Z
Mr. Nandakumar Palani,CTO,NABARD,India,"Founding & former CEO of IFTAS; Technology leader with roots in HDFC Bank, Cognizant and other organizations.",https://www.linkedin.com/in/nandakumar-palani-a751023,https://2025.globalfintechfest.com/media/Speakers_2_2025_09_26_T113148_512_2a1f660c09.png,Four - Category C,AI Driven Financial Inclusion for MSMEs,20250160,nandakumar palani,2025,https://2025.globalfintechfest.com/speakers,2026-08-25T06:37:05Z
Mr. Nandan Nilekani,Chairman,Infosys,India,,,https://2025.globalfintechfest.com/media/nandan_ad0f8280eb.png,Two - Category A,Finternet - Building the Digital Infrastructure for the World,20250791,nandan nilekani,2025,https://2025.globalfintechfest.com/speakers,2026-08-25T06:37:05Z
Mr. Nao Murakami,Founder & General Partner,Incubate Fund Asia,Singapore,"I'm a Founder & General Partner at Incubate Fund Asia. Incubate Fund Asia is a seed stage focused venture capital fund investing in India and SEA. Focus sectors are B2B Commerce, Mobility, SaaS, Entertainment, HR, Education, and Health Care. Portfolio startups include Captain Fresh, Yulu, ShopKirana, Plum, etc. Before starting Incubate Fund Asia, I have been an Investment Banker at Nomura focusing on IT / Internet sector startups (early stage to pre-IPO stage) for 6.5 years in Tokyo and NY.",https://www.linkedin.com/in/murakaminao/,https://2025.globalfintechfest.com/media/Speakers_2_57_d007b328cc.png,Three - Category B,Multiplying Avenues With The Right Pitch,20250056,nao murakami,2025,https://2025.globalfintechfest.com/speakers,2026-08-25T06:37:05Z
Mr. Narendra Agrawal,President and Head - Branch Banking and Retail Liabilities,RBL Bank,,,,https://2025.globalfintechfest.com/media/Speakers_2_87_removebg_preview_1_ba551f8528.png,Four - Category C,,,narendra agrawal,2025,https://2025.globalfintechfest.com/speakers,2026-08-25T06:37:05Z
Mr. Narendra Babu,CTO,PayU,,"20+ years of experience in managing end to end large scale software products for industries and domains across e-commerce, retail, ads & other internet apps. Experience in working actively with business stakeholders to deliver business value while creating IP with high performance teams Expertise in building scalable backend applications & developer productivity platforms for large software companies",,https://2025.globalfintechfest.com/media/Speakers_2_46_26fac6648c.png,Four - Category C,"Building GenAI into Your Fintech Stack: Architecture, APIs & Integration",20250221,narendra babu,2025,https://2025.globalfintechfest.com/speakers,2026-08-25T06:37:05Z
Mr. Narendra Nath Gangavarapu,"Joint Secretary, National Security Council Secretariat",Government of India,India,"Narendra Nath Gangavarapu, is working as Joint Secretary, National Security Council Secretariat tasked with responsibilities for ensuring cyber security in India. He is also driving the initiative on the Trusted Telecom Supply Chain. He drives the cyber security R&D fund at NSCS and supported projects on security of Critical and Emerging Technologies and their use for enhancing cyber security. He holds a Masters in Technology from Indian Institute of Technology, Delhi",https://www.linkedin.com/in/narendra-nath-gangavarapu-1984a88?utm_source=share&utm_campaign=share_via&utm_content=profile&utm_medium=android_app,https://2025.globalfintechfest.com/media/Speakers_2_64_a77d439f88.png,Four - Category C,Guidelines to Guardrails: Evolving Cyber Regulations in a High-Risk World,20250556,narendra nath gangavarapu,2025,https://2025.globalfintechfest.com/speakers,2026-08-25T06:37:05Z
Mr. Narendra Yadav,CBO &. Head Middle East market,Paytm Group,,,,https://2025.globalfintechfest.com/media/thumbnail_Speakers_2_4_37850fdc8b_07e3d13795_1e628f0bc4_96c09b4db9.png,Four - Category C,,,narendra yadav,2025,https://2025.globalfintechfest.com/speakers,2026-08-25T06:37:05Z
Mr. Naveen Chaluvadi,Chief Digital Officer,YES BANK,India,"Naveen Chaluvadi is Chief Digital Officer at YES BANK, leading initiatives across digital channels and payments to position the bank as a preferred fintech partner. With over two decades in banking technology since 2003, he has expertise in product design, digital banking, and payments, with a passion for transaction engineering. A Mechanical Engineer from M. S. Ramaiah College and MBA from IIM Ahmedabad, Naveen is a recognized leader in driving digital transformation in financial services.",https://www.linkedin.com/in/naveen-chaluvadi-7697ba12/?originalSubdomain=in,https://2025.globalfintechfest.com/media/GFF_25_Speakers_96_removebg_preview_43bba55888.png,Four - Category C,Collaborative Innovation: Fintechs and Banks in the Age of AI,20250664,naveen chaluvadi,2025,https://2025.globalfintechfest.com/speakers,2026-08-25T06:37:05Z
Mr. Navin Mistry,Country Director - India & MEA,Tazapay,,,,https://2025.globalfintechfest.com/media/thumbnail_Speakers_2_4_37850fdc8b_07e3d13795_1e628f0bc4_55807dd690.png,Four - Category C,Commercial Payments 2.0: What is Changing and Why it Matters,20250792,navin mistry,2025,https://2025.globalfintechfest.com/speakers,2026-08-25T06:37:05Z
Mr. Navin Surya,Co-founder & Strategic Partner,Beams VC,,"Fintech Industry Expert, Founder, Mentor, Investor and Board Member. Founder & Former Advisory Board Member of Global Fintech Fest (GFF) Founder & Former Chairman of Payments Council of India (PC) Founder & Former Chairman of Fintech Convergence Council (FCC) Founder and Former MD of ItzCash Card Limited.",https://www.linkedin.com/in/naveensurya?utm_source=share&utm_campaign=share_via&utm_content=profile&utm_medium=android_app,https://2025.globalfintechfest.com/media/Speakers_2_30_f9c1199ca6.png,Four - Category C,The Next Bretton Moment: Can Public Infrastructure Rewrite the Rules of Global Finance?,20250571,navin surya,2025,https://2025.globalfintechfest.com/speakers,2026-08-25T06:37:05Z
Mr. Neelesh Gupta,Head Product BHIM,National Payments Corporation of India,India,"Neelesh Gupta is a seasoned product leader with over 25 years of experience in the payments ecosystem, spanning both B2B and B2C domains. He brings deep expertise in UPI-based mobile applications, cards, acceptance, e-commerce and commerce platforms, as well as acquiring and issuing businesses. His career covers the entire spectrum of payments from closed loop schemes to open-loop models where he has consistently combined strategic vision with operational excellence to drive growth & innovation",http://linkedin.com/in/neeleshkumargupta,https://2025.globalfintechfest.com/media/Speakers_2_61_292093c96c.png,Four - Category C,BHIM VISHWAS,20250425,neelesh gupta,2025,https://2025.globalfintechfest.com/speakers,2026-08-25T06:37:05Z
Mr. Neelesh Man Singh Pradhan,Chief Executive Officer,Nepal Clearing House (NCHL),Nepal,"Mr. Pradhan has over over 24 years of leadership in strategy, financial management, banking, fintech, and project execution across multiple jurisdictions. He has worked extensively with central banks, government agencies, and financial institutions on national initiatives and projects. As the founding CEO of NCHL, he pioneered major payment systems in Nepal, including ECC, ACH, RTGS gateway, NPI, CORPORATEPAY, connectIPS, National Payment Switch, NEPALPAY (Card & QR), and cross-border payments.",https://www.linkedin.com/in/neelesh-man-singh-pradhan-8498194/,https://2025.globalfintechfest.com/media/Speakers_2_60_removebg_preview_06b99524db.png,Four - Category C,Beyond Bilateral: Multilateral Frameworks for Real-time Cross Border Payments,20250212,neelesh man singh pradhan,2025,https://2025.globalfintechfest.com/speakers,2026-08-25T06:37:05Z
Mr. Neeraj Bansal,CEO,CredRight,India,"Neeraj is the co-founder & CEO of CredRight, a tech enabled NBFC serving nano enterprises across Tier-2 to Tier-4 towns in India. Prior to CredRight he has worked with IT services companies, consulting multinational banks in Europe. He is alumnus of IIM Lucknow and BIT Durg",https://www.linkedin.com/in/neerajbans/,https://2025.globalfintechfest.com/media/Speakers_2_4_0a4ff5638f.png,Four - Category C,Creating an Efficient Lending Marketplace Leveraging AA,20250799,neeraj bansal,2025,https://2025.globalfintechfest.com/speakers,2026-08-25T06:37:05Z
Mr. Neeraj Gambhir,"Group Executive – Treasury, Markets & Wholesale Banking Products",Axis Bank,India,,,https://2025.globalfintechfest.com/media/Speakers_2_87_removebg_preview_9bef3c98a1.png,Four - Category C,The Convergence of Payments and FX: India's Next Fintech Opportunity,20250656,neeraj gambhir,2025,https://2025.globalfintechfest.com/speakers,2026-08-25T06:37:05Z
Mr. Nehal Vora,Managing Director & CEO,CDSL,,"Nehal Vora is the Managing Director and CEO of Central Depository Services (India) Limited (CDSL). With close to three decades of experience in significant roles at BSE, DSP Merrill Lynch, and SEBI, Nehal has driven transformative growth at CDSL since September 2019. He continues to contribute meaningfully to India’s capital markets through his active participation in various SEBI advisory committees, as well as his role on the advisory board of National Institute of Securities Markets (NISM).",https://www.linkedin.com/in/nehal-vora-33829026/,https://2025.globalfintechfest.com/media/GFF_25_Speakers_7_removebg_preview_26c34f0b99.png,Four - Category C,"Market Infrastructure 2.0: Reinventing Clearing, Settlement & Surveillance in the Age of Instant Finance",20250311,nehal vora,2025,https://2025.globalfintechfest.com/speakers,2026-08-25T06:37:05Z
Mr. Nikhil Aggarwal,Founder & CEO,Grip Invest,,"Nikhil is the Founder of Grip Invest, a SEBI regulated OBPP platform. Grip offers retail investors a single platform for all fixed-return investments including FDs, Mutual Funds, Bonds and SDIs. The platform has enabled 2,500+ Cr in investments from 50,000 retail investors. Nikhil was previously Vice-President, Morgan Stanley's Investment Banking team. He subsequently co-founded Chalo, India's leading applicable for intra-city bus transport before worked as a Consultant with The World Bank.",,https://2025.globalfintechfest.com/media/GFF_25_Speakers_28_removebg_preview_a77a981291.png,Four - Category C,Scaling Access: Mutual Funds via ONDC and the Promise of CBDC,20250294,nikhil aggarwal,2025,https://2025.globalfintechfest.com/speakers,2026-08-25T06:37:05Z
Mr. Nikhil Kumar,Co-founder,Setu,,"Nikhil Kumar is the Co-Founder and Chief Evangelist of Setu, an API infrastructure company powering digital financial services across India, acquired by Pine Labs in one of Indian fintech’s landmark exits. He earlier helped build India’s digital public infrastructure—UPI, eKYC, BBPS, and launched BHIM with Prime Minister Narendra Modi laying the foundation of India's fintech revolution.",https://www.linkedin.com/in/nikhilkumarks/,https://2025.globalfintechfest.com/media/Speakers_2_33_733af4de9c.png,Four - Category C,Beyond Premiums and Policies: Building the Next Generation of Trust in Insurance,20250820,nikhil kumar,2025,https://2025.globalfintechfest.com/speakers,2026-08-25T06:37:05Z
Mr. Nikhil Kurhe,Co-founder & CEO,Finarkein,India,"Nikhil Kurhe is the Co-founder & CEO of Finarkein, a privacy-first data infrastructure company at the forefront of India’s Digital Public Infrastructure revolution—powering ecosystems like Account Aggregator (AA), ABDM, ONDC-FS, and OCEN. Under his leadership, Finarkein has built industry-first solutions such as the Smart AA orchestration layer, enabling multi-AA connectivity and real-time data insights across BFSI landscape. Nikhil continues to champion a DPI-first future through innovation.",https://www.linkedin.com/in/nikhilkurhe,https://2025.globalfintechfest.com/media/GFF_25_Speakers_32_removebg_preview_3007ea32d2.png,Four - Category C,Using Big Data & AI to Personalize and Enhance Lending Decisions,20250655,nikhil kurhe,2025,https://2025.globalfintechfest.com/speakers,2026-08-25T06:37:05Z
Mr. Nikhil Marwaha,Partner,Vertex Ventures,India,"Nikhil is a Partner with Vertex Ventures Southeast Asia & India based in Gurgaon, New Delhi, looking at early stage opportunities in consumer, B2B tech, fintech and healthcare. Prior to joining Vertex, Nikhil has 12+ years of investing experience with New Enterprises Associates (NEA), Avendus Future Leaders Fund, Baring Private Equity Partners and MegaDelta Capital.",https://in.linkedin.com/in/nikhil-marwaha-a3a00510,https://2025.globalfintechfest.com/media/Speakers_2_61_removebg_preview_5728087354.png,Four - Category C,Over A Decade of Fintech Industry in India - Mapping the Returns,20250054,nikhil marwaha,2025,https://2025.globalfintechfest.com/speakers,2026-08-25T06:37:05Z
Mr. Nikhil Nair,Co-founder & CEO,Zeny Daily Savings,,"Nikhil Nair is Co-founder & CEO of Zeny, a company building daily savings and sachet financial services for 300M informal workers in India. He earlier founded Ohm Mobility (EV financing platform) and spent 5 years in Kenya scaling M-KOPA, a pioneering Pay-As-You-Go fintech started by the M-PESA team. Nikhil has worked across clean energy and fintech in India, Africa and Middle East. An Oxford MBA (Skoll Scholar), he is now based in Bangalore.",,https://2025.globalfintechfest.com/media/GFF_25_Speakers_29_removebg_preview_4d27566857.png,Four - Category C,Scaling Access: Mutual Funds via ONDC and the Promise of CBDC,20250294,nikhil nair,2025,https://2025.globalfintechfest.com/speakers,2026-08-25T06:37:05Z
Mr. Nilesh Patel,Founder & CEO,LeadSquared,USA,"Nilesh Patel, Founder & CEO of LeadSquared, is a seasoned entrepreneur with 20+ years of experience in sales and marketing. He leads a growing team of 1200+ employees, helping businesses drive high-velocity sales through LeadSquared. His vision is to offer a one-stop solution for managing the full customer lifecycle - from lead management to sales and support. Before LeadSquared, Nilesh founded Proteans, later acquired by Symphony Teleca Corporation in 2010",https://www.linkedin.com/in/nilesh-patel-067227/,https://2025.globalfintechfest.com/media/Speakers_2_62_removebg_preview_c30cb1d74b.png,Four - Category C,Redefining Consumer Credit: The Next Chapter for Digital Lenders in India,20250662,nilesh patel,2025,https://2025.globalfintechfest.com/speakers,2026-08-25T06:37:05Z
Mr. Nilesh Pathak,Co-Founder & CPTO,BRISKPE,India,"Nilesh Pathak brings 25+ years of expertise in technology, cross-border payments, treasury, and global risk management. Having held leadership roles at NIUM, JP Morgan, Dentsu Isobar, and LBi India, he drives BRISKPE’s innovative product and technology strategy. An alumnus of Mumbai University and C-DAC, with a Big Data certification from BITS Pilani, his global experience and passion for innovation have positioned BRISKPE as a leader in revolutionizing global payments.",https://in.linkedin.com/in/nileshpathak,https://2025.globalfintechfest.com/media/GFF_25_Speakers_42_removebg_preview_263f3a9a62.png,Four - Category C,"The BRISKPE XPI Playbook - Smarter, Faster Cross-Border Payments Driven by APIs",20250631;20250709,nilesh pathak,2025,https://2025.globalfintechfest.com/speakers,2026-08-25T06:37:05Z
Mr. Nimit Bhatia,Senior Director - Product Management at PayU,PayU Payments,India,"Nimit Bhatia is a seasoned payments industry professional with over 12 years of experience building and scaling digital payment solutions across India's leading fintech companies for companies like Payu, Paytm & Freecharge. Currently at his role as Senior Director in Payu he is leading the UPI, Affordability & Prepaid Products.",https://www.linkedin.com/in/nimitbhatia89/,https://2025.globalfintechfest.com/media/Speakers_2_4_9d8868c936.png,Four - Category C,"UPI NXT with PayU: Powering Speed, Choice & Growth for Businesses",20250839,nimit bhatia,2025,https://2025.globalfintechfest.com/speakers,2026-08-25T06:37:05Z
Mr. Nirav Kamdar,"VP, Payments Tech for Emerging Markets",Amazon,,"Nirav Kamdar is the Director & Chief Technology Officer at Amazon Pay. He is responsible for building innovative and scalable software solutions that enable Amazon to efficiently operate its worldwide logistics network. Additionally, he strategies in crafting tech-led initiatives and manages carrier execution systems, and provides visibility for day-to-day tech-led functioning. Prior to this, he worked with Microsoft for 16 years. He holds a Master’s degree in Computer Science from Virginia Tech.",https://www.linkedin.com/search/results/all/?keywords=Nirav%20Kamdar-%20Director%20%26%20Chief%20Technology%20Officer&origin=GLOBAL_SEARCH_HEADER&sid=%3ALW,https://2025.globalfintechfest.com/media/GFF_25_Speakers_10_removebg_preview_b45c05f06c.png,Four - Category C,Product Built for Scale: The Modern Architecture of Fintech Platforms,20250577,nirav kamdar,2025,https://2025.globalfintechfest.com/speakers,2026-08-25T06:37:05Z
Mr. Nirav Prajapati,Co-founder & CEO,Ignosis Systems,India,"I am passionate about building innovative businesses and products, exploring cutting-edge technologies, and contributing to the startup ecosystem. I have a keen interest in Fintech opportunities in India and possess in-depth knowledge of Account Aggregators, OCEN, ONDC Finserv, and digital lending practices.",https://in.linkedin.com/in/niravprajapati1,https://2025.globalfintechfest.com/media/Speakers_2_6_removebg_preview_c1214a805c.png,Four - Category C,AA + AI: The Future of Data-Driven Financial Services,20250719,nirav prajapati,2025,https://2025.globalfintechfest.com/speakers,2026-08-25T06:37:05Z
Mr. Nisarg Panchal,Founder & CEO,DigiTathya,India,"Nisarg Panchal is a Mumbai based entrepreneur with a background in fintech product development and private equity. At 27, he founded his company to combat counterfeiting and protect consumers and brands through secure QR tech, data analytics, and supply chain integrity‚ Äîdriven by a strong focus on trust, innovation, and impact.",https://www.linkedin.com/in/nisarg-panchal-a0a718192?lipi=urn%3Ali%3Apage%3Ad_flagship3_profile_view_base_contact_details%3BEwN9HWloTCur5J5OoUU3zA%3D%3D,https://2025.globalfintechfest.com/media/GFF_25_Speakers_4_removebg_preview_b69a7e1f99.png,Four - Category C,Zero to Trust: Building the Digital KYC+Onboarding Stack,20250574;20250606,nisarg panchal,2025,https://2025.globalfintechfest.com/speakers,2026-08-25T06:37:05Z
Mr. Nishant Shekhar,Chief Product Officer,Wegofin Digital Solutions,India,"A Product visionary, driving fintech forward. With a sharp eye for innovation and deep industry expertise, he leads the product vision at Wegofin. From building scalable issuer solutions to empowering small banks with cutting edge fintech, he brings strategic clarity, user-first thinking and relentless execution to the table.",https://www.linkedin.com/in/nishant-shekhar-1085aa10?utm_source=share&utm_campaign=share_via&utm_content=profile&utm_medium=android_app,https://2025.globalfintechfest.com/media/GFF_25_Speakers_8_removebg_preview_fe5dc39e48.png,Four - Category C,"AI-Powered Risk Engines: Building Trust in Real-Time, Always-On Payments",20250564,nishant shekhar,2025,https://2025.globalfintechfest.com/speakers,2026-08-25T06:37:05Z
Mr. Nishant Singh,Vice President of Engineering,Groww,India,,,https://2025.globalfintechfest.com/media/Speakers_2_87_removebg_preview_9bef3c98a1.png,Four - Category C,,,nishant singh,2025,https://2025.globalfintechfest.com/speakers,2026-08-25T06:37:05Z
Mr. Nishchay Ag,Co-Founder & CEO,Jar,India,"Nishchay AG is the co-founder and CEO of Jar, India’s fastest-growing personal finance platform. With global experience at Honeywell and Bounce, he brings a unique vision for financial inclusion. Through Jar, Nishchay empowers millions of Indians to save and invest easily, making financial fitness accessible and rewarding for all.",https://www.linkedin.com/in/nishchay-ag-904b325/,https://2025.globalfintechfest.com/media/Speakers_2_15_ffda34d481.png,Four - Category C,Disruption in Credit for Last Mile Inclusion,20250434,nishchay ag,2025,https://2025.globalfintechfest.com/speakers,2026-08-25T06:37:05Z
Mr. Nitendra Rajput,SVP & Head - AI Garage,Mastercard,India,,https://www.linkedin.com/in/nitendra-rajput/?original_referer=https%3A%2F%2Fwww%2Egoogle%2Ecom%2F&originalSubdomain=in,https://2025.globalfintechfest.com/media/Speakers_2_73_83f5a7907a.png,Four - Category C,The Future of Intelligent Commerce: How AI is Rewiring the Way the World Transacts,20250752,nitendra rajput,2025,https://2025.globalfintechfest.com/speakers,2026-08-25T06:37:05Z
Mr. Nitesh Ranjan,Executive Director,Union Bank of India,India,"Shri Nitesh Ranjan, Executive Director of Union Bank of India since 2021, leads the Bank’s digital transformation for superior customer experience, employee engagement, and a stronger balance sheet, while reinforcing risk and compliance. He serves on the Board of NPCI and the IBA Steering Committee on PSB Reforms. A post-graduate in Economics, he has also completed the Leadership Development Programme at IIM Bangalore.",,https://2025.globalfintechfest.com/media/GFF_25_Speakers_13_removebg_preview_743192fe36.png,Four - Category C,Reimagining Collections to Power Credit Growth,20250449,nitesh ranjan,2025,https://2025.globalfintechfest.com/speakers,2026-08-25T06:37:05Z
Mr. Nitin Agrawal,Founder & CEO,Navadhan,India,"Nitin is building AceN-Navadhan, a Tech-led finance platform for the under-banked & has 25yrs of experience, mainly in fin services in Rural/ Agri, SME lending, Microfinance, Channel finance. He is at the forefront of financial inclusion space in India and served as CEO of a large listed NBFC. He has seen business cycles with managing heady days of microfinance growth in leading Bank,NBFCs to managing crisis and revival - including working extensively with regulators and government stakeholders.",https://www.linkedin.com/in/nitin-agrawal-28215a6/,https://2025.globalfintechfest.com/media/Speakers_2_2025_09_25_T173715_717_27d4c21e84.png,Four - Category C,Roots Before Returns - Why Agritech Grows Differently,20250161,nitin agrawal,2025,https://2025.globalfintechfest.com/speakers,2026-08-25T06:37:05Z
Mr. Nitin Bhargava,COO,Al Masraf Bank,,,https://www.linkedin.com/in/nitin-bhargava-b646924?utm_source=share&utm_campaign=share_via&utm_content=profile&utm_medium=ios_app,https://2025.globalfintechfest.com/media/Speakers_2_32_8ac8868e18.png,Four - Category C,"Payments, SME Lending and AI",20250800,nitin bhargava,2025,https://2025.globalfintechfest.com/speakers,2026-08-25T06:37:05Z
Mr. Nitin Bhatnagar,Regional Director India South Asia Middle East,PCI Security standards,India,,https://www.linkedin.com/in/nitinbhatnagarpci/,https://2025.globalfintechfest.com/media/Speakers_2_2025_10_05_T121032_960_8e1665195d.png,Four - Category C,Roadmap for Fintech to Comply with DPDP,20250461,nitin bhatnagar,2025,https://2025.globalfintechfest.com/speakers,2026-08-25T06:37:05Z
Mr. Nitin Chugh,Deputy Managing Director & Head (Digital Banking & Transformation),State Bank of India,,"Shri. Nitin Chugh is a career banker with an overall experience of 32 years. He serves as Deputy Managing Director and Head of Digital Banking & Transformation at State Bank of India. Prior to joining SBI in March 2022, he was the MD and CEO of Ujjivan Small Finance Bank from December 2019 to September 2021. He also served for over 18 years at HDFC Bank from 2001 to mid-2019, where he managed several leadership roles in retail banking. His last role at HDFC Bank was that of Group Head for Digital Banking where he oversaw the digital transformation of HDFC Bank from 2013 to 2019. Shri. Nitin Chugh is an accomplished industry leader and well regarded in retail and digital banking. He is an engineer and MBA by qualification. He also serves on the board of SBI Payments Services Ltd.",https://www.linkedin.com/in/nitinchugh71/?originalSubdomain=in,https://2025.globalfintechfest.com/media/Speakers_2_54_removebg_preview_aa72548323.png,Three - Category B,Responsible and Ethical Data Sourcing for AI Deployment,20250234;20250692,nitin chugh,2025,https://2025.globalfintechfest.com/speakers,2026-08-25T06:37:05Z
Mr. Nitin Jaisingh,Associate Director - Product Management,PayU Payments,India,"Nitin is Associate Director–Product at PayU with 9 years of experience in fintech. At PayU, he has scaled UPI infrastructure, designed merchant-friendly solutions for UPI and Subscription Payments, and contributed to PPI and Split Payments. Earlier with ICICI Bank and Paytm, he built innovative payment products that strengthened digital ecosystems. His expertise continues to drive PayU’s impact in India’s payments space.",https://www.linkedin.com/in/nitin-jai-singh-4aa35b85/,https://2025.globalfintechfest.com/media/Speakers_2_3_ac6c1b6ca9.png,Four - Category C,"UPI NXT with PayU: Powering Speed, Choice & Growth for Businesses",20250839,nitin jaisingh,2025,https://2025.globalfintechfest.com/speakers,2026-08-25T06:37:05Z
Mr. Nitin Mishra,Executive Director - Operate,National Payments Corporation of India,India,,,https://2025.globalfintechfest.com/media/Speakers_2_87_removebg_preview_18aab4de0b.png,Four - Category C,Always-On India: Keeping the World’s Largest Payments System Running at Scale,20250751,nitin mishra,2025,https://2025.globalfintechfest.com/speakers,2026-08-25T06:37:05Z
Mr. Nitin Saxena,Partner - FS Digital,KPMG,,,,https://2025.globalfintechfest.com/media/Speakers_2_2025_10_04_T122937_533_4de1349af1.png,Four - Category C,Responsible and Ethical Data Sourcing for AI Deployment,20250692,nitin saxena,2025,https://2025.globalfintechfest.com/speakers,2026-08-25T06:37:05Z
Mr. Nitin Singhal,Managing Director,Sinch,,"Nitin Singhal is Managing Director for Sinch in India, where he is responsible for spearheading the vision and mission of the company, accelerated business growth, driving long-term strategy, ensuring execution of key steps in acquiring new customer, strengthening the install base and delivering innovative products and services for digital transformation, empowering every organization to achieve breakthrough customer experience.",,https://2025.globalfintechfest.com/media/GFF_25_Speakers_31_removebg_preview_09b1b9a1ad.png,Four - Category C,Redefining Customer Engagement: From Notifications to Conversational Banking,20250785,nitin singhal,2025,https://2025.globalfintechfest.com/speakers,2026-08-25T06:37:05Z
Mr. Nityanand Sharma,CEO,Simpl,,,,https://2025.globalfintechfest.com/media/Speakers_2_4_37850fdc8b.png,Four - Category C,,,nityanand sharma,2025,https://2025.globalfintechfest.com/speakers,2026-08-25T06:37:05Z
Mr. Nobutake Suzuki,President & CEO,MUFG Innovation Partners,India,,,https://2025.globalfintechfest.com/media/GFF_25_Speakers_14_removebg_preview_1_ebf52ce647.png,Four - Category C,"Beyond Borders, Beyond Capital: Building a Global Fintech Investment Playbook",20250459,nobutake suzuki,2025,https://2025.globalfintechfest.com/speakers,2026-08-25T06:37:05Z
Mr. Nobuya Kawasaki,Chief Executive for Aisa Pacific,MUFG Bank,Singapore,"Nobuya Kawasaki was appointed Chief Executive for Asia Pacific of MUFG Bank, Ltd on 1 April 2025. He is responsible for overseeing the safety and soundness of the bank’s operations across 18 markets in the region as well as business promotion led by the Global Corporates, Japanese Corporates and Commercial Banking business groups.",https://jp.linkedin.com/in/nobu-kawasaki-053324340,https://2025.globalfintechfest.com/media/GFF_25_Speakers_7_removebg_preview_1_36dc61e1da.png,Four - Category C,How Japanese Investors See Indian Fintechs,20250607,nobuya kawasaki,2025,https://2025.globalfintechfest.com/speakers,2026-08-25T06:37:05Z
Mr. P Vasudevan,Executive Director,Reserve Bank of India,,,,https://2025.globalfintechfest.com/media/GFF_25_Speakers_45_removebg_preview_799ce0fe0d.png,Two - Category A,Digital Credit Infrastructure: Are We Ready for the Next 100 Million Borrowers?,20250319;20250694;20250825,p vasudevan,2025,https://2025.globalfintechfest.com/speakers,2026-08-25T06:37:05Z
Mr. Pablo Londono,"Director - Payments Middle East, Africa, Turkey",Amazon,UAE,"Pablo Londono, Managing Director of Amazon Payment Services, brings 15+ years of Amazon experience in finance and operations. Starting as an MBA intern in 2007, he rose through roles across the US, Italy, and Spain, notably as MENA Regional Finance Director. His expertise spans technology, logistics, and manufacturing, backed by a production engineering degree and Carnegie Mellon MBA. Originally from Medellin, Colombia, Pablo enjoys cooking for his wife Lina and children Martin and Antonia.",https://www.linkedin.com/in/pablo-londono-2487683/,https://2025.globalfintechfest.com/media/Speakers_2_cb386c972d.png,Four - Category C,"Fintech Futures – Sandboxes, Innovation Hubs, and Policy Labs",20250406,pablo londono,2025,https://2025.globalfintechfest.com/speakers,2026-08-25T06:37:05Z
Mr. Pam Kaur,Group CFO,HSBC,,,,https://2025.globalfintechfest.com/media/Speakers_2_73_52263753d1.png,Four - Category C,,,pam kaur,2025,https://2025.globalfintechfest.com/speakers,2026-08-25T06:37:05Z
Mr. Pankaj Gadgil,"MD & CEO, Aditya Birla Housing Finance, and Head Digital Platforms & Payment Strategy",Aditya Birla Capital,,,,https://2025.globalfintechfest.com/media/Speakers_2_34_dfe02e2d3b.png,Four - Category C,"Designing Contextual Finance: Where Credit, Commerce and Choice Intersect",20250658,pankaj gadgil,2025,https://2025.globalfintechfest.com/speakers,2026-08-25T06:37:05Z
Mr. Pankaj Sharma,Head - Business Transformation,IndusInd bank,,,,https://2025.globalfintechfest.com/media/Speakers_2_73_52263753d1.png,Four - Category C,Next-Gen Banking Infrastructure: From Core Modernization to Customer-First Design,20250575,pankaj sharma,2025,https://2025.globalfintechfest.com/speakers,2026-08-25T06:37:05Z
Mr. Pankaj Singh,Co-founder and Partner,YAN Fund,India,"A banking professional turned early-stage fintech investor with expertise in Cards, Collections, Trade Finance & Treasury. An alumnus of Hansraj, Manipal & IIM Shillong, he worked with GE Capital, AMEX, ICICI, Kotak & BAML before backing 20+ fintechs including Phicommerce, Data Sutram & Tartan. He co-founded ₹100 Cr YAN Fund, later ₹400 Cr Aagama Ventures Fund and drives thought leadership in fintech & innovation.",,https://2025.globalfintechfest.com/media/GFF_25_Speakers_12_removebg_preview_c7523993a9.png,Four - Category C,Over A Decade of Fintech Industry in India - Mapping the Returns,20250054,pankaj singh,2025,https://2025.globalfintechfest.com/speakers,2026-08-25T06:37:05Z
Mr. Parag Rao,Group Head,HDFC Bank,,,,https://2025.globalfintechfest.com/media/GFF_25_Speakers_Set_2_3_removebg_preview_dacedcdb22.png,Four - Category C,"Cyber Resilience for India’s Digital Economy: Building Trust, Together",20250234,parag rao,2025,https://2025.globalfintechfest.com/speakers,2026-08-25T06:37:05Z
Mr. Parimal Shivendu,Group Head at Easebuzz,Easebuzz,,"Parimal Kumar Shivendu is an accomplished financial sector leader with over 15 years of experience spanning financial sector regulation, risk management, compliance, and technology driven innovation. Currently, he serves as the Group Head at Easebuzz Private Limited, where he leads the Finance, Risk, and Compliance verticals.",https://www.linkedin.com/in/parimal-kumar-shivendu-b963581a/,https://2025.globalfintechfest.com/media/GFF_25_Speakers_21_removebg_preview_fd933514e4.png,Four - Category C,Financing India’s Global Ambitions: How Fintechs can Enable $2 Trillion Exports,20250735,parimal shivendu,2025,https://2025.globalfintechfest.com/speakers,2026-08-25T06:37:05Z
Mr. Partha Sinha,Regional Compliance Lead - APAC,Wise,India,"Partha Sinha is Regional Compliance Lead for APAC at Wise and Executive Director/Board Member of Wise’s India entities. A regional leader in cross-border payments and FinTech regulatory strategy, he bridges innovation with local laws and guidelines. He co-chairs the International Remittance Committee at the Payments Council of India (PCI), being a catalyst in shaping policy and advancing the cross-border payments ecosystem.",https://www.linkedin.com/in/parthasinha/,https://2025.globalfintechfest.com/media/Speakers_2_43_b264c4f3a2.png,Four - Category C,India at the Heart of Global Remittances: $125 Billion and Beyond,20250789,partha sinha,2025,https://2025.globalfintechfest.com/speakers,2026-08-25T06:37:05Z
Mr. Pavan Agrawal,CTO,Yes Bank,India,,,https://2025.globalfintechfest.com/media/Speakers_2_87_removebg_preview_00355f5458.png,Four - Category C,,,pavan agrawal,2025,https://2025.globalfintechfest.com/speakers,2026-08-25T06:37:05Z
Mr. Pavan Bachwal,Head,Ericsson Mobile Financial Services,Sweden,"Pavan Bachwal is Head of Ericsson Mobile Financial Services, driving fintech innovation, customer engagement, and market growth. With 19+ years of experience in mobile financial services and digital banking, he has helped telecoms, banks, and fintechs scale secure solutions, from wallets to cross-border payments. He holds an MBA from IMD, Switzerland, and a Bachelor's in Electrical Engineering from Mumbai University.",https://www.linkedin.com/in/pavan-bachwal-3777a59/,https://2025.globalfintechfest.com/media/GFF_25_Speakers_32_removebg_preview_8a779a7629.png,Four - Category C,"The Neural Network of Money: AI, Policy, and the Next Generation of Cross-Border Infrastructure",20250637,pavan bachwal,2025,https://2025.globalfintechfest.com/speakers,2026-08-25T06:37:05Z
Mr. Peng Yang,CEO,Ant International,Singapore,"As Chief Executive Officer, Mr. Yang leads Ant International’s efforts in delivering a full stack of innovative digital payment, financial technology and digitalization solutions to global merchants. He also acts as the President of the Greater China Payment and Embedded Finance businesses, which provide cross-border mobile payment and digital marketing solutions for Chinese users traveling worldwide. Additionally, Mr. Yang manages Ant International’s Hong Kong and Macao operations.",https://sg.linkedin.com/in/yp-peng-yang,https://2025.globalfintechfest.com/media/Speakers_2_65_removebg_preview_ea6a569962.png,Four - Category C,Can AI Payments be the Future of Global E-Commerce?,20250224,peng yang,2025,https://2025.globalfintechfest.com/speakers,2026-08-25T06:37:05Z
Mr. Peshotan Dastoor,Group President & Head of Sales,UTI Asset Management Company,India,"Mr. Peshotan (Pesi) Dastoor is Group President & Head – Sales at UTI AMC. With over 32 years in financial services across banking and mutual funds, he has held leadership roles at Franklin Templeton and ING. He holds an M.Com from Mumbai University, an MBA from Xavier’s Institute of Management, and the Claritas Investment Certificate from CFA Institute, USA. He joined UTI AMC in May 2021 to lead its sales strategy and growth.",https://www.linkedin.com/in/peshotan-dastoor-863664a/,https://2025.globalfintechfest.com/media/Speakers_2_66_removebg_preview_d06621b9f4.png,Four - Category C,"Omnichannel Communications Revolution: Building Customer Trust and Loyalty Through Reliable, Trusted, and Personalized Communications in BFSI",20250141,peshotan dastoor,2025,https://2025.globalfintechfest.com/speakers,2026-08-25T06:37:05Z
Mr. Phil Carmalt,"Managing Director, Head of Asia Treasury Product",Bank of America,USA,"Phil Carmalt is Managing Director and Head of Treasury Product, Asia Pacific at Bank of America. He is responsible for leading the bank’s product management team to drive and execute its product strategy and vision for the region, across channels, cash and liquidity products. Phil has more than 20 years of financial services experience in Hong Kong, Singapore and the UK with expertise in transaction banking from diverse roles across technology, program management, business management, product, client management, innovation and sales. Phil joined the bank in May 2025 from DBS Bank where he was most recently Head of Cash & Trade Product in Hong Kong. He previously worked at Citibank and HSBC in various regional transaction banking roles.",https://www.linkedin.com/in/philcarmalt/,https://2025.globalfintechfest.com/media/Speakers_2_21_b77301acba.png,Four - Category C,Beyond Bilateral: Multilateral Frameworks for Real-time Cross Border Payments,20250212,phil carmalt,2025,https://2025.globalfintechfest.com/speakers,2026-08-25T06:37:05Z
Mr. Pinak Chakraborty,Chief Information Officer,Airtel Payments Bank,India,"Pinak Chakraborty is the Chief Information Officer (CIO) at Airtel Payments Bank and he is responsible for driving the Bank's technology strategy, overseeing the design and delivery of its products, and ensuring the operational stability of its IT systems. Pinak also leads initiatives to implement robust technical governance and introduce world-class systems, all aimed at propelling the bank into its next phase of growth.",https://www.linkedin.com/in/pinakchakraborty/,https://2025.globalfintechfest.com/media/GFF_25_Speakers_59_removebg_preview_c916c536b3.png,Four - Category C,,,pinak chakraborty,2025,https://2025.globalfintechfest.com/speakers,2026-08-25T06:37:05Z
Mr. Piyush Chourasia,Chief Regulatory Officer,National Stock Exchange of India,India,"Piyush Chourasia is the Chief Regulatory Officer at the NSE. He is part of multiple Committees and Working Groups at SEBI and RBI. He has also contributed to various Government committees and reports on financial markets, as well as to various IOSCO, WFE and CCP12 Committees and Working Groups. In his previous assignments, he served as the Chief Regulatory Officer and Head Strategy at NSE Clearing and prior to that as the Chief Risk & Regulatory Officer for Indian Clearing Corporation Limited",https://in.linkedin.com/in/piyush-chourasia-18375413,https://2025.globalfintechfest.com/media/Speakers_2_2025_09_22_T181755_925_d074c41b5c.png,Four - Category C,"Leveraging AI: Use Cases, Benefits and Challenges",20250303,piyush chourasia,2025,https://2025.globalfintechfest.com/speakers,2026-08-25T06:37:05Z
Mr. Prabhu Narayan,Director,Cyber Security & CSIRT-FIN,,,,https://2025.globalfintechfest.com/media/Speakers_2_87_removebg_preview_1_ba551f8528.png,Four - Category C,,,prabhu narayan,2025,https://2025.globalfintechfest.com/speakers,2026-08-25T06:37:05Z
Mr. Prabhu Rangarajan,Co-founder,M2P Fintech,India,"Prabhu co-founded M2P to help modernize banking infrastructure and now leads Operations and InfoSec, building systems that scale with strength and security. He thrives in the energy of start-ups—where ideas move fast and problems get solved in real time. Off the clock, he’s a deep space tech enthusiast drawn to what lies beyond Earth.",https://www.linkedin.com/in/prabhu-rangarajan/,https://2025.globalfintechfest.com/media/Prabhu_R_e6ff210ce7.png,Three - Category B,Enabling Financial Institutions (FIs) Better Support MSMEs Through AI-Empowered Solutions,20250463,prabhu rangarajan,2025,https://2025.globalfintechfest.com/speakers,2026-08-25T06:37:05Z
Mr. Pradeep Sharma,Director - Lending,Tata Digital,India,"Pradeep has over 10 years of experience in scaling lending businesses, driving growth, managing P&L, and forging high-impact partnerships. He has held strategic roles at industry leaders including Bajaj Finance, IndusInd Bank, and Infosys Consulting. Currently, Pradeep leads the lending business at Tata Digital",https://www.linkedin.com/in/pradeep-sharma-08730b70/,https://2025.globalfintechfest.com/media/GFF_25_Speakers_9_removebg_preview_b13c28d2bd.png,Four - Category C,"Unlocking India’s Credit Network: Standardized, Inclusive, and Built on ONDC",20250292,pradeep sharma,2025,https://2025.globalfintechfest.com/speakers,2026-08-25T06:37:05Z
Mr. Pradyuman Pokharel,Chief Executive Officer,Muktinath Bikas Bank,Nepal,"Pradyuman Pokharel, CEO of Muktinath Bikas Bank since 2018, is a seasoned banker with over 30 years of experience. He has led the bank to win several national and international awards, champions financial inclusion with significant lending in micro and deprived sectors, and also serves as President of the Development Bankers’ Association Nepal.",http://linkedin.com/in/pradyumanpokharel,https://2025.globalfintechfest.com/media/GFF_25_Speakers_44_removebg_preview_3d640681fc.png,Four - Category C,Cross-Border Digital Finance – Regional Strategies and South-South Collaboration,20250456,pradyuman pokharel,2025,https://2025.globalfintechfest.com/speakers,2026-08-25T06:37:05Z
Mr. Pramod Bagri,"Partner, Business Process Solutions",Deloitte,,,,https://2025.globalfintechfest.com/media/GFF_25_Speakers_Set_2_3_removebg_preview_dacedcdb22.png,Four - Category C,Bharat Connect for Business: Enabling Growth and Transformation for Businesses through Collaboration,20250824,pramod bagri,2025,https://2025.globalfintechfest.com/speakers,2026-08-25T06:37:05Z
Mr. Pramod Ganji,Founder & CEO,Zrika,,"Pramod Ganji is the Founder & CEO of Zrika and a seasoned fintech leader with two decades of experience in banking technology, merchant acquiring, and digital payments. At 38, he blends deep domain expertise with entrepreneurial execution, having spearheaded key initiatives at NPCI (RuPay) and other leading institutions. An IIM Ahmedabad alumnus, Pramod has been recognized among India’s Top 100 Great People Managers and profiled by Forbes and Fortune. Under his leadership, Zrika is building AI-powered platforms for payments, onboarding, and risk management that enable banks to scale securely, compliantly, and with confidence.",https://www.linkedin.com/in/ganjipramod/,https://2025.globalfintechfest.com/media/GFF_25_Speakers_63_removebg_preview_6f91a1b579.png,Four - Category C,"Zrai Shield, the Next Big Leap in AI-Powered Fraud Management for Finance",20250572;20250602,pramod ganji,2025,https://2025.globalfintechfest.com/speakers,2026-08-25T06:37:05Z
Mr. Pramod Rao,Group Chief Risk Officer,PayU,India,"With 27 years of experience, Pramod is a seasoned leader in risk management, transaction monitoring, compliance, and investigations. He has worked with Axis Bank, Vodafone, Citi, ICICI Bank, and HSBC, and served on Visa REC and Mastercard APAC councils. A B.Com graduate with PGDBM and Cyber Law diploma, he has also completed executive leadership programs at Kellogg and IIM Ahmedabad. He has led governance forums, disciplinary panels, and high-profile investigations.",https://www.linkedin.com/in/pramod-rao-8103045/,https://2025.globalfintechfest.com/media/Speakers_2_83_5f850aed90.png,Four - Category C,Trust Without Borders: Securing Cross-Border Data in Real-Time Finance,20250562,pramod rao,2025,https://2025.globalfintechfest.com/speakers,2026-08-25T06:37:05Z
Mr. Pramod Sharma,Founder & CEO,IntelleWings,,"Pramod, after delivering tech solutions to top banks like Bank of America and Morgan Stanley, recognized a gap in AML and sanctions compliance. Sensing current solutions fell short, he founded IntelleWings. His passion drives the team to use cutting-edge tech and deep analysis to create accurate, easy-to-use compliance solutions, solving long-unaddressed, complex problems.",https://www.linkedin.com/in/pramod-sharma-49288225/,https://2025.globalfintechfest.com/media/Speakers_2_61_d6d4b2ec32.png,Four - Category C,"Beyond APIs : Can India's Fintech Infra Power the Next Billion in Asia, Africa & Beyond",20250554,pramod sharma,2025,https://2025.globalfintechfest.com/speakers,2026-08-25T06:37:05Z
Mr. Pranay Jhaveri,"Managing Director, India & South Asia",Euronet Worldwide,India,"Mr. Pranay Jhaveri has been with Euronet for 10 years & has held various sales leadership positions with fortune 50 multinationals prior to Euronet. He has rich experience in digital payments, enterprise sales & business development, partnerships and apt at strategic planning and execution. Under his leadership Euronet India businesses, associated revenues and operating income has grown multi-fold making Euronet one of the largest B2B payment enterprise in India.",https://www.linkedin.com/in/pranayjhaveri/,https://2025.globalfintechfest.com/media/GFF_25_Speakers_19_removebg_preview_aafc09c0fd.png,Three - Category B,"Beyond APIs : Can India's Fintech Infra Power the Next Billion in Asia, Africa & Beyond",20250554,pranay jhaveri,2025,https://2025.globalfintechfest.com/speakers,2026-08-25T06:37:05Z
Mr. Prashant Deshpande,CISO & CDO,Shriram Finance,India,"Prashant Deshpande, based in Mumbai, MH, IN, is currently SVP - CISO & CDO, Shriram Finance Limited, He has been with the Shriram Group for over 25 years, with expertise in Business-Information technology alignment, Digital initiatives, Information Security, Risk Management, Business Continuity. With a robust skill set that includes Core Banking, IT Strategy, Banking, Data Center, Derivatives and more.",https://www.linkedin.com/in/prashantndeshpande/,https://2025.globalfintechfest.com/media/Speakers_2_68_removebg_preview_5783b1ae7e.png,Four - Category C,Cyber Resilience in a Digitally Interconnected Rural Credit System,20250162,prashant deshpande,2025,https://2025.globalfintechfest.com/speakers,2026-08-25T06:37:05Z
Mr. Prashant Devadiga,"Head, Data Science",National Payments Corporation of India,India,,,https://2025.globalfintechfest.com/media/Speakers_2_87_removebg_preview_00355f5458.png,Four - Category C,,,prashant devadiga,2025,https://2025.globalfintechfest.com/speakers,2026-08-25T06:37:05Z
Mr. Prashant Joshi,CEO,Lendingkart,India,"Prashant Joshi is the MD & CEO of Lendingkart Finance Ltd., a Mumbai-based fintech providing collateral-free working capital finance to MSMEs. Lendingkart uses a digital-first approach with advanced analytics and credit models for seamless financing. With 32+ years in banking and financial services, Prashant has held leadership roles across retail, SME, and corporate banking in foreign and Indian private banks/NBFCs.",https://www.linkedin.com/in/prashant-joshi-3a52182/?originalSubdomain=in,https://2025.globalfintechfest.com/media/Speakers_2_91_9fdf9bd780.png,Four - Category C,Lending as a Platform: Can Indian Fintechs Build Global-Scale Credit Marketplaces?,20250768,prashant joshi,2025,https://2025.globalfintechfest.com/speakers,2026-08-25T06:37:05Z
Mr. Prashant Kumar,Managing Director & CEO,Yes Bank,India,,,https://2025.globalfintechfest.com/media/Speakers_2_18_9b7dd725f6.png,Two - Category A,Baazigars of Bharat: Lessons from Great Comebacks,20250727,prashant kumar,2025,https://2025.globalfintechfest.com/speakers,2026-08-25T06:37:05Z
Mr. Prashant Mehra,"Group Head, Credit Risk",HDFC Bank,India,"Mr. Prashant is responsible for ensuring the portfolio quality, debt management and NPA control for the retail lending product segments of the bank. (Vehicle loans, Unsecured loans, Mortgages, Cards, Agriculture & Microfinance). Additionally, Prashant also oversees the fraud management framework across the various asset, liability and payment products and ensures adequate controls that lead to better predictive as well as preventive fraud control for the bank. He has been with the bank since December 1998 and has since managed various roles in the Credit function to ensure a robust lending architecture is in place. He is a Production Engineer (1993 batch), MBA (1996), from Mumbai University who started his career with Mahindra and Mahindra, Auto Motive division, moved to GE Countrywide and after a stint of 2.5 years there, joined HDFC Bank in 1998.",,https://2025.globalfintechfest.com/media/Speakers_2_14_6161e2816a.png,Four - Category C,AI-Driven Risk Management and Fraud Detection,20250207,prashant mehra,2025,https://2025.globalfintechfest.com/speakers,2026-08-25T06:37:05Z
Mr. Prashant Pitti,Co-founder,Optimo Capital,India,"IIT Madras B.Tech (2005). Prashant co-founded EaseMyTrip where he leads marketing, investor relations, and media and founded Optimo Capital in 2024 to power Indian MSMEs; 350+ employees, profitable from month one. Investor across startups; now exploring nutrition and real estate. Outside work he reads, travels, meditates, and plays chess, pickleball, and cricket. Into bio-hacking since 2024, created 32 herbal-extract powders. Fitness and nutrition enthusiast who never skips the gym twice.",https://www.linkedin.com/in/prashantpitti,https://2025.globalfintechfest.com/media/Speakers_2_68_a0ac8d151d.png,Four - Category C,Using Big Data & AI to Personalize and Enhance Lending Decisions,20250655,prashant pitti,2025,https://2025.globalfintechfest.com/speakers,2026-08-25T06:37:05Z
Mr. Prashant Sagar,"OSD, FATF Cell, Department of Revenue",Government of India,,,,https://2025.globalfintechfest.com/media/thumbnail_Speakers_2_4_37850fdc8b_07e3d13795_1e628f0bc4_96c09b4db9_c8d007cacd.png,Four - Category C,"Financial Integrity for a $10 Trillion India: Building Safe, Compliant and Trusted Digital Rail",20250809,prashant sagar,2025,https://2025.globalfintechfest.com/speakers,2026-08-25T06:37:05Z
Mr. Prashant Vagal,Chief Operating Officer,National Securities Depository (NSDL),India,"Mr. Prashant Vagal is Executive VP and Chief Operating Officer. He has completed Bachelor of Engineering and MBA in finance and over 29 years of experience in Capital Markets. Mr. Vagal has been associated with NSDL for 28 years now and handled various activities viz., Business development, Participant and CC Interface, Issuer Services, New Product developments, Settlements, Training, Investor Education, Marketing, Corporate Communications etc. He is also a member of Committees at SEBI and RBI.",https://www.linkedin.com/in/prashant-vagal-3aa11615,https://2025.globalfintechfest.com/media/Speakers_2_85_removebg_preview_02898052d4.png,Four - Category C,"Building a Real-Time, Retail Centric Bond Market: Challenges and Tech Solutions",20250306;20250668,prashant vagal,2025,https://2025.globalfintechfest.com/speakers,2026-08-25T06:37:05Z
Mr. Prashanth Ramdas,"Partner, Fintech & Financial Regulatory",Khaitan & Co,India,"Prashanth is a Partner in the Fintech & Financial Regulatory practice of Khaitan & Co. With a wealth of experience spanning more than 12 years, Prashanth advises a variety of fintech clients engaged in digital lending, payments, wealthtech, insurtech, as well as digital assets. He also assists clients with obtaining regulatory licenses & approvals, liaising with financial regulators & analysing new Fintech product structures from a financial regulatory & compliance perspective.",https://www.linkedin.com/in/prashanthramdas,https://2025.globalfintechfest.com/media/Speakers_2_6_ff8dfe6ca0.png,Four - Category C,From Checkout to Credit: Redefining Aggregator Value Beyond Payments,20250471,prashanth ramdas,2025,https://2025.globalfintechfest.com/speakers,2026-08-25T06:37:05Z
Mr. Prasun Sikdar,Managing Director & CEO,Bima Sugam India Federation,India,,,https://2025.globalfintechfest.com/media/Speakers_2_87_removebg_preview_00355f5458.png,Four - Category C,,,prasun sikdar,2025,https://2025.globalfintechfest.com/speakers,2026-08-25T06:37:05Z
Mr. Prathit Bhobe,CEO & Managing Director,TATA AMC,,,,https://2025.globalfintechfest.com/media/thumbnail_Speakers_2_4_37850fdc8b_07e3d13795_1e628f0bc4_96c09b4db9_c8d007cacd.png,Four - Category C,Building a Future India Together,20250643,prathit bhobe,2025,https://2025.globalfintechfest.com/speakers,2026-08-25T06:37:05Z
Mr. Praveen Dhabhai,CEO,Payworld,India,,https://www.linkedin.com/in/praveen-dhabhai-b4038515/?originalSubdomain=in,https://2025.globalfintechfest.com/media/GFF_25_Speakers_Set_2_5_removebg_preview_a7c807a9be.png,Four - Category C,,,praveen dhabhai,2025,https://2025.globalfintechfest.com/speakers,2026-08-25T06:37:05Z
Mr. Praveen Regmi,CEO,IME Pay,Nepal,"Mr. Praveen Regmi is the Vice President at IME Group Nepal and looks after Fintech and Global Business. He is a highly accomplished finance and technology professional with expertise in banking, digital payments, remittance, and financial systems. With over 18 years of experience in the industry, he has played a pivotal role in shaping the digital banking and payments in Nepal.",https://www.linkedin.com/in/praveen-regmi%F0%9F%87%B3%F0%9F%87%B5-2510a4a4/,https://2025.globalfintechfest.com/media/Speakers_2_7_a79d99a68e.png,Four - Category C,,,praveen regmi,2025,https://2025.globalfintechfest.com/speakers,2026-08-25T06:37:05Z
Mr. Praveen Shankaran,COO,Kfintech,India,,,https://2025.globalfintechfest.com/media/Speakers_2_87_removebg_preview_00355f5458.png,Four - Category C,,,praveen shankaran,2025,https://2025.globalfintechfest.com/speakers,2026-08-25T06:37:05Z
Mr. Pravin Jadhav,Founder & CEO,Dhan,India,"Pravin is the Founder, Managing Director and CEO of Raise Financial Services. He has over 2 decades of rich experience in Product, Growth and Consumer Marketing in Investing, Wealth, Payments and eCommerce verticals. Raise owns and operates platforms like - Dhan, Fuzz AI, ScanX, Upsurge and FilterCoffee, all are financial services anchored around Indian Markets. Pravin has held founding and leadership roles in Paytm Money, Servify, Freecharge, Wishberg and Rediff.",https://www.linkedin.com/in/pravinj/,https://2025.globalfintechfest.com/media/Round_Table_Speakers_21_e86d455582.png,Four - Category C,Trading UX - Secrets Decoded,20250729,pravin jadhav,2025,https://2025.globalfintechfest.com/speakers,2026-08-25T06:37:05Z
Mr. Pravin Kumar,Chief Market Information Security Officer,National Payments Corporation of India,India,"Pravin Kumar is the Chief Market Information Security Officer and Data Protection Officer at the National Payments Corporation of India, with over 25 years of experience in Banking & Finance. He holds MBA degree from JBIMS and numerous certifications, including CISSP, PMP, CIPM, and many more. His major responsibilities at NPCI include managing cybersecurity risks of critical infrastructures, overseeing the digital payment ecosystem risk, and ensuring privacy risk and compliance",https://www.linkedin.com/in/pravinkr,https://2025.globalfintechfest.com/media/Speakers_2_2_4af960ff6d.png,Four - Category C,New Age and Geo Political Threats to Digital Payment Ecosystem and Strategy to Protect,20250680,pravin kumar,2025,https://2025.globalfintechfest.com/speakers,2026-08-25T06:37:05Z
Mr. Pravin Tambe,Senior Vice President,Winjit Technologies,India,"With 19+ years of experience working closely in the BFSI domain for running multiple Digital transformation programs powered by cutting-edge technologies. He was also instrumental in setting up a nationwide program with the Government vertical to bring Financial inclusion for more than 1CR+ beneficiaries. Over the years, he has held several leadership roles, showcasing his versatility and commitment to innovation and business excellence, and currently leading as Business unit Head at Winjit.",https://www.linkedin.com/in/pravintambe/,https://2025.globalfintechfest.com/media/Speakers_2_70_removebg_preview_a511dd9b07.png,Four - Category C,"AI-Powered Risk Engines: Building Trust in Real-Time, Always-On Payments",20250564,pravin tambe,2025,https://2025.globalfintechfest.com/speakers,2026-08-25T06:37:05Z
Mr. Priyanshu Yadav,Domain Expert,Cybersecurity,India,"I work at the Ministry of Electronics and Information Technology (MeitY), Government of India, driving awareness and implementation of the Digital Personal Data Protection Act, 2023. Passionate about building a privacy-first digital India, I engage with government, industry, and citizens to simplify data protection and strengthen trust in innovation.",http://www.linkedin.com/in/advpriyanshu,https://2025.globalfintechfest.com/media/Speakers_2_86_76f394e2b3.png,Four - Category C,,,priyanshu yadav,2025,https://2025.globalfintechfest.com/speakers,2026-08-25T06:37:05Z
Mr. Purvang Shah,CGM IT,State Bank of India,,,,https://2025.globalfintechfest.com/media/Speakers_2_4_37850fdc8b.png,Four - Category C,,,purvang shah,2025,https://2025.globalfintechfest.com/speakers,2026-08-25T06:37:05Z
Mr. Pushkar Mukewar,CEO,Drip Capital,,,,https://2025.globalfintechfest.com/media/GFF_25_Speakers_95_removebg_preview_ff0bb624bb.png,Four - Category C,Financing India’s Global Ambitions: How Fintechs can Enable $2 Trillion Exports,20250735,pushkar mukewar,2025,https://2025.globalfintechfest.com/speakers,2026-08-25T06:37:05Z
Mr. PV Sreekanth,Chief- Bajaj Finserv Digital Platforms,Bajaj Finance,India,"Sreekanth PV is Deputy Executive Vice President – Digital Platforms at Bajaj Finance, where he leads product and platform strategy across financial services. With over two decades of experience, he has driven transformative innovations in lending architecture, customer experience, and digital ecosystems. At GFF 2025, he represents Bajaj Finance’s pioneering work in the ONDC fintech initiative, shaping protocols and journeys that redefine financial inclusion at scale.",https://www.linkedin.com/in/sreekanth-pv-19687a6/,https://2025.globalfintechfest.com/media/Speakers_2_41_f39612a074.png,Four - Category C,"Unlocking India’s Credit Network: Standardized, Inclusive, and Built on ONDC",20250292,pv sreekanth,2025,https://2025.globalfintechfest.com/speakers,2026-08-25T06:37:05Z
Mr. Rahul Ayyappan,Co-founder & CTO,Finacus Solutions,,"As Co-Founder and CTO of Finacus, he drives the company’s technology strategy and oversees the end-to-end development of its payment and banking solutions for domestic and international markets. With over 18 years of experience in software development, he leads the engineering team in delivering secure, scalable, and high-performance platforms that power digital banking and payments. His focus on technology excellence ensures Finacus continues to provide reliable, future-ready solutions to financial institutions worldwide.",https://www.linkedin.com/in/rahul-ayyappan-b4a100115/,https://2025.globalfintechfest.com/media/Speakers_2_1_removebg_preview_95736213db.png,Four - Category C,Beyond Inclusion: Building Profitable Digital Banks for the Next Billion,20250647,rahul ayyappan,2025,https://2025.globalfintechfest.com/speakers,2026-08-25T06:37:05Z
Mr. Rahul Bhargava,Consultant,World Bank,Singapore,"Rahul Bhargava is a globally recognized business leader with over 22 years of experience driving innovation and collaborative transformation in the financial services and payments industry. His expertise lies in successfully helping global organisations navigate the complex landscape of innovation in payments, evolution of digital money, assets and money movement, application of emerging technologies like AI, and delivering complex multi-market, public-private strategic initiatives.",https://www.linkedin.com/in/rahulbhargava/?originalSubdomain=sg,https://2025.globalfintechfest.com/media/Speakers_2_23_ae212b8c2c.png,Four - Category C,From Core to Cloud: How Global Banks Are Rewriting the Rules of Scale,20250636,rahul bhargava,2025,https://2025.globalfintechfest.com/speakers,2026-08-25T06:37:05Z
Mr. Rahul Chari,Founder & CTO,PhonePe,India,"Rahul is the co-founder and CTO at PhonePe. He is a serial entrepreneur in the consumer internet spaceand has built PhonePe into one of India’s fastest growing and largest fintech companies. He comes with over two decades of experience in consumer internet and enterprise software space. He has strong experience in building world-class tech platforms for web-scale, continuously scaling systems to deal with hyper-growth and evolving the processes and practices to meet the demands of a startups.",https://www.linkedin.com/in/rahulchari/,https://2025.globalfintechfest.com/media/Mr_Rahul_Chari_Co_Founder_and_CTO_Phone_Pe_3be625f10d.png,Three - Category B,Launch of payments 360 by PhonePe,20250843,rahul chari,2025,https://2025.globalfintechfest.com/speakers,2026-08-25T06:37:05Z
Mr. Rahul Dayal,Executive Director & CTO,White Oak Capital Asset Management,,,,https://2025.globalfintechfest.com/media/GFF_25_Speakers_Set_2_3_removebg_preview_dacedcdb22.png,Four - Category C,Responsible and Ethical Data Sourcing for AI Deployment,20250692,rahul dayal,2025,https://2025.globalfintechfest.com/speakers,2026-08-25T06:37:05Z
Mr. Rahul Handa,Chief Business Officer,NPCI BHIM Services Limited (NBSL),,"Mr. Rahul Handa is the CBO of NPCI BHIM Services Limited. He ensures to align business strategies with market opportunities,business development, managing partnerships, & ensuring the integration of various business functions to drive growth & profitability. Rahul has over 20 years of experience in consulting & startups across various verticals & geographies. Worked in both B2C and B2B domains, across roles spanning P&L management, Sales and Alliances, Marketing & Product & Portfolio Management.",http://linkedin.com/in/rahul-handa-7aa17b,https://2025.globalfintechfest.com/media/Speakers_2_79_2a37933e0f.png,Four - Category C,UPI Plugin: Simplifying In-App Payment Experiences,20250769,rahul handa,2025,https://2025.globalfintechfest.com/speakers,2026-08-25T06:37:05Z
Mr. Rahul Jain,CEO,Peach Payments,India,"Rahul Jain is the Co-founder & CEO of Peach Payments, a leading payment gateway empowering businesses across Africa. He drives the company's vision to simplify online payments, enabling thousands of merchants to thrive. An IESE 40Under40 Entrepreneur and a respected voice in fintech, Rahul is dedicated to fostering entrepreneurial success by providing secure, seamless payment solutions tailored for Africa's diverse markets.",https://www.linkedin.com/in/rahuljain19/,https://2025.globalfintechfest.com/media/Speakers_2_29_f6b2d30ccf.png,Four - Category C,Fintechs as the Enabler of Global Mobility,20250547,rahul jain,2025,https://2025.globalfintechfest.com/speakers,2026-08-25T06:37:05Z
Mr. Rahul Kothari,Chief Operating Officer,Razorpay,India,"15 years of sales, product management, strategic and operational leadership experience in technology led businesses - Built new product and revenue lines and scaled businesses beyond the company and board expectations - Led teams to over deliver on top line and bottom line P&L targets consistently - Built, nurtured and strengthened high performance culture across teams - Experience of working across US, European, Australian and Indian cultures/clients",https://www.linkedin.com/in/rahulkothari/?originalSubdomain=in,https://2025.globalfintechfest.com/media/GFF_25_Speakers_26_removebg_preview_8da95fcc9a.png,Four - Category C,"Global from the Ground Up: Reimagining Fintech for a Multi-Currency, Multi-Regulator Future",20250566,rahul kothari,2025,https://2025.globalfintechfest.com/speakers,2026-08-25T06:37:05Z
Mr. Rahul Matthan,Partner,Trilegal,India,"Rahul Matthan is partner with Trilegal and leads the technology practice of the firm. He has featured on MIT Sloan Management Review's list of 50 leaders shaping India’s digital economy. He has served on the RBI Committee for Household Finance, the Kris Gopalakrishnan committee on Non-Personal Data, and the RBI's Committee on establishing a Framework for Responsible and Ethical Enablement of AI. During India's Presidency of the G20 he served as the DPI Advisor to the Ministry of Finance.",https://www.linkedin.com/in/rahul-matthan/,https://2025.globalfintechfest.com/media/Speakers_2_2025_09_22_T115501_144_bfa9130b67.png,Four - Category C,,,rahul matthan,2025,https://2025.globalfintechfest.com/speakers,2026-08-25T06:37:05Z
Mr. Rahul Singhal,"Senior Director Product Management, PayU Payments & PayU Digital Labs",PayU Payments,India,"Rahul has 14+ years of experience in fintech product management, technology, and strategy. At PayU, he leads Authentication Solutions, International Payments, and Post-Payment products. He has launched biometric, Subscription Multiplier, and non-3DS authentication solutions, driving 2X GMV growth in FY’25. He also built core platforms like ReconX and billing systems. Earlier, he worked with Infosys and Wipro",https://www.linkedin.com/in/rahulsinghal2810/,https://2025.globalfintechfest.com/media/Speakers_2_56_6ec43c691e.png,Four - Category C,"Intelligent Authentication Suite: Smarter, Faster, Safer Payments for India and Beyond",20250840,rahul singhal,2025,https://2025.globalfintechfest.com/speakers,2026-08-25T06:37:05Z
Mr. Raja Debnath,Chairperson & CEO,Veefin Solutions,India,"Raja Debnath is the Chariman and CEO of the Veefin Group, a leading global provider of Working Capital technology. With over 20 years of experience in MSME and Retail Banking, he has driven digital transformation and innovative fintech solutions. Under his leadership, Veefin has expanded to serve over 500 clients worldwide, delivering cutting-edge SCF technology and transaction banking services. Raja holds an MBA from Oxford University & JBIMS, Mumbai.",https://www.linkedin.com/in/rajadebnath/,https://2025.globalfintechfest.com/media/GFF_25_Speakers_38_removebg_preview_a21608d879.png,Four - Category C,Breaking Silos: The Full-Stack Fintech Infrastructure Play,20250565,raja debnath,2025,https://2025.globalfintechfest.com/speakers,2026-08-25T06:37:05Z
Mr. Rajagopal P,"Head - Digital Payment Solutions and Agentic AI Payments, India and South Asia",VISA,,"Rajagopal P is a product and business leader with over 2 decades of experience spanning digital payments, e-commerce, product management, business development and strategy. Currently serving as Head-Digital Payment Solutions and Agentic AI solutions for India and South Asia. Additionally, he led the Asia Pacific GTM of Visa’s Agentic AI solution, viz., Visa Intelligent Commerce. Previously, he held leadership roles at Reliance Industries as well.",https://www.linkedin.com/in/rajagopalp2008/?utm_source=share&utm_campaign=share_via&utm_content=profile&utm_medium=android_app,https://2025.globalfintechfest.com/media/Speakers_2_39_fd0e59b9fe.png,Four - Category C,AI Meets Finance: From Payments to Predictive Operations,20250568,rajagopal p,2025,https://2025.globalfintechfest.com/speakers,2026-08-25T06:37:05Z
Mr. Rajat Verma,Chief Executive Officer,DBS Bank India,,,,https://2025.globalfintechfest.com/media/thumbnail_Speakers_2_4_37850fdc8b_07e3d13795_1e628f0bc4_96c09b4db9.png,Four - Category C,,,rajat verma,2025,https://2025.globalfintechfest.com/speakers,2026-08-25T06:37:05Z
Mr. Rajeev Ahuja,Executive Director,RBL Bank,,,,https://2025.globalfintechfest.com/media/thumbnail_Speakers_2_4_37850fdc8b_07e3d13795_1e628f0bc4_96c09b4db9_c8d007cacd.png,Four - Category C,Building a Future India Together,20250643,rajeev ahuja,2025,https://2025.globalfintechfest.com/speakers,2026-08-25T06:37:05Z
Mr. Rajeev Hasnah,First Deputy Governor,Bank of Mauritius,Mauritius,,,https://2025.globalfintechfest.com/media/Speakers_2_87_removebg_preview_353203582d.png,Two - Category A,,,rajeev hasnah,2025,https://2025.globalfintechfest.com/speakers,2026-08-25T06:37:05Z
Mr. Rajeev Ranjan,Co-founder,Equal,,,,https://2025.globalfintechfest.com/media/thumbnail_Speakers_2_4_37850fdc8b_07e3d13795_1e628f0bc4_96c09b4db9_c8d007cacd.png,Four - Category C,Building a Future India Together,20250643,rajeev ranjan,2025,https://2025.globalfintechfest.com/speakers,2026-08-25T06:37:05Z
Mr. Rajeev Ranjan Prasad,Chief General Manager,State Bank of India,India,"Mr. Rajeev Ranjan Prasad, represents State Bank of India and is a top management executive with a career spanning over three decades. Sh. Prasad joined the Bank in 1992 and has over the years been part of different departments at levels working both in India and abroad. Currently Mr. Rajeev Ranjan Prasad is Head of Digital Transformation department of SBI, spearheading the Digital Initiatives of the Bank, working on various Products/ Projects which are bringing immense value to the Bank.",linkedin.com/in/rajeev-prasad-a760ba202,https://2025.globalfintechfest.com/media/GFF_25_Speakers_19_removebg_preview_5efeda939d.png,Four - Category C,Programmable Asset and Smart Contracts - Future of Financial Instruments,20250447,rajeev ranjan prasad,2025,https://2025.globalfintechfest.com/speakers,2026-08-25T06:37:05Z
Mr. Rajeev Ranka,Partner,SMBC ARF/IF Asia,India,"Rajeev Ranka is currently a Partner at Incubate Fund Asia, leading all India investment activities for the fund. Incubate Fund is the largest venture capital fund from Japan, managing $1 billion in assets under management (AUM) and investing in India through its dedicated $250 million Asia fund. Rajeev has spent 10+ years in startup Investing and held positions with Rocket Internet in Europe and Southeast Asia. He began his career with Deloitte Consulting S&O and is a graduate of IIT Bombay.",https://www.linkedin.com/in/rajeevranka/,https://2025.globalfintechfest.com/media/Speakers_2_44_896a66aa6e.png,Four - Category C,How Japanese Investors See Indian Fintechs,20250607,rajeev ranka,2025,https://2025.globalfintechfest.com/speakers,2026-08-25T06:37:05Z
Mr. Rajesh Desai,"Co-Founder, MD & CEO",Lyra Network,,"Rajesh Desai is a seasoned leader with over 30+ years of experience in the dynamic IT and fintech industries. As the CEO and Managing Director of Lyra Network, he has been a transformative force in the evolution of payment solutions across India and beyond. He has won prestigious awards, including Global Indian of the Year & Top 10 CEOs of Digital India. He was honoured by the Ambassador of France for Excellence, and he features regularly in national newspapers and media.",http://www.linkedin.com/in/rajeshdesai,https://2025.globalfintechfest.com/media/GFF_25_Speakers_15_removebg_preview_5875fab048.png,Four - Category C,PA to Grow 10X by When and How,20250505;20250812,rajesh desai,2025,https://2025.globalfintechfest.com/speakers,2026-08-25T06:37:05Z
Mr. Rajesh Dhuddu,Partner & Leader - Emerging Tech,PwC,India,"Rajesh Dhuddu is a prominent figure in the tech sector, particularly known for his work in blockchain, web 3, AI, cybersec, and metaverse. He is a Partner and Leader of Emerging Technologies at PwC India, where he works to accelerate the adoption of next-generation technologies. Prior to his current role, Rajesh was a Senior Vice President at Tech Mahindra. He has been recognized as a key leader in Emerging Tech by several organizations, including Forbes, World Economic Forum.",http://linkedin.com/in/rajeshdhuddu,https://2025.globalfintechfest.com/media/Speakers_2_53_3153bf03e6.png,Four - Category C,"AI-Powered Risk Engines: Building Trust in Real-Time, Always-On Payments",20250564,rajesh dhuddu,2025,https://2025.globalfintechfest.com/speakers,2026-08-25T06:37:05Z
Mr. Rajesh Londhe,Director,Phi Commerce Private Limited,India,"Rajesh Londhe, Co-Founder and Head of Payments at Phi Commerce, holds a B.E. in Computer Engineering from Pune University with 21+ years of experience in retail payment systems. He began his career at Allahabad Bank and held key roles at Euronet Worldwide and ElectraCard Services, notably leading global delivery for Standard Chartered Bank. His banking expertise has been vital in building efficient operational and settlement teams at Phi Commerce.",https://www.linkedin.com/in/rajesh-londhe-8046425/,https://2025.globalfintechfest.com/media/Speakers_2_10_a0f039e687.png,Four - Category C,"Who Owns the Merchant? Reimagining Acquiring, Credit, and Loyalty in a Digital-First Era",2;20250595,rajesh londhe,2025,https://2025.globalfintechfest.com/speakers,2026-08-25T06:37:05Z
Mr. Rajesh Muthuramalingam,Senior Vice President - Global AI Delivery and Purple Fabric GTM,Intellect Design Arena,United Kingdom,"With 23+ years at the intersection of technology and business, Rajesh’s passion lies in building and scaling next-gen AI powered solutions/products on Purple Fabric, Intellect’s proprietary AI platform. His primary focus is on ""productionising"" AI - moving from concept to production at scale. Under his leadership, AI moves from an experimental technology to a core driver of business value, delivering a definitive and sustainable competitive advantage for clients.",https://www.linkedin.com/in/rajesh30/,https://2025.globalfintechfest.com/media/GFF_25_Speakers_54_removebg_preview_4dac69c364.png,Four - Category C,AI Meets Finance: From Payments to Predictive Operations,20250568,rajesh muthuramalingam,2025,https://2025.globalfintechfest.com/speakers,2026-08-25T06:37:05Z
Mr. Rajesh Pai Fondekar,"Group Vice President & Head of Product Management, Digital Financial Solutions",Comviva Technologies,India,"Rajesh brings 25+ years of expertise in Payments, Digital Channels, and Transaction Banking, with a strong track record in managing digital business and driving transformation. Skilled across retail, corporate, and trade finance, he combines deep domain knowledge with a passion for delivering exceptional digital experiences. A proven leader, he excels at collaboration, innovation, and driving business growth through impactful solutions.",https://www.linkedin.com/in/rajesh-fondekar-98a85743/,https://2025.globalfintechfest.com/media/GFF_25_Speakers_10_removebg_preview_d0530993e6.png,Four - Category C,"The Future of Money Movement: Real-Time, AI-Powered, and Borderless",20250364,rajesh pai fondekar,2025,https://2025.globalfintechfest.com/speakers,2026-08-25T06:37:05Z
Mr. Rajesh Saraf,Chief Data and Operations Officer,CDSL,,,,https://2025.globalfintechfest.com/media/Speakers_2_4_37850fdc8b.png,Four - Category C,Investor-Enablement and Client Asset Protection,20250583,rajesh saraf,2025,https://2025.globalfintechfest.com/speakers,2026-08-25T06:37:05Z
Mr. Rajesh Thapar,CISO,National Stock Exchange of India,India,"Rajesh is CISO at NSE India Ltd and has 3 decades of IT and Infosec experience primarily in BFSI. Prior to NSE, he was CISO of Axis Bank Ltd and Yes Bank Ltd. He specialises in cyber risk assessments, designing and driving enterprise security programs, driving control optimization initiatives and balancing adoption of emerging technologies with appropriate risk management.",https://www.linkedin.com/in/rajesh-thapar-6110025/,https://2025.globalfintechfest.com/media/Speakers_2_96_c2f9d0dbac.png,Four - Category C,"Cyber Resilience for India’s Digital Economy: Building Trust, Together",20250234;20250312,rajesh thapar,2025,https://2025.globalfintechfest.com/speakers,2026-08-25T06:37:05Z
Mr. Rajib Ranjan Borah,CEO & Cofounder,iRage,India,"Rajib is Co-founder/CEO of iRage (High Frequency Trading, Broking/ Clearing, Fund Management) & Co-founder of QuantInsti (global quant education). Serves on advisory committees of all major Indian exchanges. Previously at Optiver (Amsterdam), PwC, Bloomberg (New York), Oracle. National Olympiad finalist, represented India 4 times at World Puzzle Championship. Visiting faculty in Finance at IIM Ahmedabad & IIT Bombay. Education: B.E. Computer Engineering (NIT Surathkal), PGDM (IIM Calcutta).",https://www.linkedin.com/in/rajibrborah/,https://2025.globalfintechfest.com/media/Speakers_2_2025_09_26_T102139_127_b6cc4fd3c2.png,Four - Category C,Decoding Algos 101,20250667,rajib ranjan borah,2025,https://2025.globalfintechfest.com/speakers,2026-08-25T06:37:05Z
Mr. Rajit Bhattacharya,Founder & CEO,Data Sutram,India,"Rajit Bhattacharya is the Founder & CEO of Data Sutram, a RegTech company developing a real-time Identity Bureau to solve fraud and risk in India’s financial sector. Featured in Forbes 30 Under 30, he started building data-driven solutions at 19 and now leads one of the fastest-growing companies in AI. Rajit has spoken at Global Fintech Forums such as International Data Science Summit, Cyber Security Summit in Delhi, Forbes 30 under 30 Summit in Detroit and Global Fintech Festival in Mumbai.",https://www.linkedin.com/in/rajitbhattacharya/,https://2025.globalfintechfest.com/media/GFF_25_Speakers_11_removebg_preview_333d924385.png,Four - Category C,From Trust Gaps to Credit Gains: Rethinking Onboarding in the AI Era,20250578,rajit bhattacharya,2025,https://2025.globalfintechfest.com/speakers,2026-08-25T06:37:05Z
Mr. Rajiv Mishra,Executive Director,Bank of India,India,,,https://2025.globalfintechfest.com/media/Speakers_2_98_f91e7b1991.png,Four - Category C,"Omnichannel Communications Revolution: Building Customer Trust and Loyalty Through Reliable, Trusted, and Personalized Communications in BFSI",20250141,rajiv mishra,2025,https://2025.globalfintechfest.com/speakers,2026-08-25T06:37:05Z
Mr. Rajiv Naresh,Chief Executive Officer,Navi Technologies,India,"Rajiv Naresh is the MD and CEO of Navi Limited and a founding team member of the Navi Group. Since 2019, he has led key functions including Legal, Compliance, and served as Chief of Staff to Founder Sachin Bansal and CEO of Navi Mutual Fund. He also has held multiple Board positions in executive and non-executive roles across Navi. A trained lawyer, he began his career in a corporate law firm handling high-value deals in TMT, renewable energy and advising for various new age tech startups.",http://linkedin.com/in/rajivnaresh/,https://2025.globalfintechfest.com/media/Speakers_2_2025_09_26_T101140_333_0adc904531.png,Four - Category C,Money on their Terms: Redesigning Finance for GenZ Mindset,20250261,rajiv naresh,2025,https://2025.globalfintechfest.com/speakers,2026-08-25T06:37:05Z
Mr. Rajjat Gulati,Co-founder,Plutos One,,,,https://2025.globalfintechfest.com/media/GFF_25_Speakers_Set_2_3_removebg_preview_dacedcdb22.png,Four - Category C,Startup Showcase - Plutos One,20250861,rajjat gulati,2025,https://2025.globalfintechfest.com/speakers,2026-08-25T06:37:05Z
Mr. Rajneesh Karnatak,Managing Director & CEO,Bank of India,,,,https://2025.globalfintechfest.com/media/GFF_25_Speakers_37_removebg_preview_36fc152f7e.png,Three - Category B,Digitising Rural Credit: Building Scalable and Sustainable Agri and Micro Finance Models,20250710,rajneesh karnatak,2025,https://2025.globalfintechfest.com/speakers,2026-08-25T06:37:05Z
Mr. Rakesh Dosi,Chief Business Officer,Protean e-Gov,India,"Rakesh Dosi is a distinguished leader at the intersection of digital transformation, financial services, and enterprise technology. With over two and half decades of experience across India’s tech landscape, he has championed innovation and customer-centric growth. As Chief Business Officer at Protean eGov Technologies Ltd., he drives the domestic business portfolio and leads expansion into new sectors, leveraging next-gen technologies to strengthen India’s digital public infrastructure.",http://in.linkedin.com/in/rakeshdosi,https://2025.globalfintechfest.com/media/Speakers_2_3_bd13610100.png,Four - Category C,Insight Fusion: Building the Future of Fintech with Survey & Industry Data,20250189;20250314,rakesh dosi,2025,https://2025.globalfintechfest.com/speakers,2026-08-25T06:37:05Z
Mr. Rakesh Jain,CEO,Reliance General Insurance,India,"Mr. Rakesh Jain is the Chief Executive Officer of Reliance General Insurance, one of India’s leading private general insurance companies. A Chartered Accountant by qualification, Rakesh is a member of the Institute of the Chartered Accountants of India and the Institute of Cost Accountants of India. He has over 3 decades of rich and varied experience across leadership positions with top corporate houses in India like ITC, ICICI and Reliance.",https://www.linkedin.com/in/rakesh-jain-a28383320?utm_source=share&utm_campaign=share_via&utm_content=profile&utm_medium=android_app,https://2025.globalfintechfest.com/media/GFF_25_Speakers_33_removebg_preview_f435893ff8.png,Four - Category C,Beyond Premiums and Policies: Building the Next Generation of Trust in Insurance,20250820,rakesh jain,2025,https://2025.globalfintechfest.com/speakers,2026-08-25T06:37:05Z
Mr. Rakesh Jha,ED,ICICI,India,,,https://2025.globalfintechfest.com/media/Speakers_2_87_removebg_preview_353203582d.png,Four - Category C,AI-Powered Finance: Efficiency in Financial Operations,20250417,rakesh jha,2025,https://2025.globalfintechfest.com/speakers,2026-08-25T06:37:05Z
Mr. Rakesh Shembekar,Chief Strategy & Technology Officer,DGFT,India,"Rakesh Shembekar is an Executive Officer and Head of the Strategic Technology Office at DG Financial Technology (DGFT). In this role, he leads the company's technology strategy, focusing on digital transformation and technology-driven innovation. His primary responsibilities include: -Developing and implementing DGFT's long-term technology vision. -Analyzing emerging technology trends. -Leading strategic IT and systems architecture initiatives.",https://www.linkedin.com/in/rakeshjapan/,https://2025.globalfintechfest.com/media/Speakers_2_71_removebg_preview_9dc2bec20a.png,Four - Category C,"Embedded Finance in E-commerce: Personalised Payments, Powering Global Trade",20250548,rakesh shembekar,2025,https://2025.globalfintechfest.com/speakers,2026-08-25T06:37:05Z
Mr. Ram Iyer,Founder & CEO,Vayana,India,"""Ram Iyer is the Founder & CEO of Vayana. A serial entrepreneur with over 25 years in the Cash Management and Trade Finance space providing solutions to some of the largest Banks in India and across the globe. At Vayana, Ram has led the company with the vision to democratize access to affordable finance for MSMEs. Previously, he was the co- founder and CEO of CashTech Solutions, a leading Cash Management service provider in Asia which was acquired by Nasdaq-listed Fundtech.",https://www.linkedin.com/in/ramaswamy-iyer-b40aa96/,https://2025.globalfintechfest.com/media/GFF_25_Speakers_4_removebg_preview_67f94f10a1.png,Four - Category C,LEI (Legal Entity Identifier) - From Regulatory Mandates to Marketplace: The Untapped Potential of LEI in Digital Economy,20250183,ram iyer,2025,https://2025.globalfintechfest.com/speakers,2026-08-25T06:37:05Z
Mr. Rama Mohan Rao Amara,"Managing Director (MD (IB, GM & T)",State Bank of India,India,"Mr. Rama Mohan Rao Amara is currently Managing Director (IB, GM &T) in State Bank of India (SBI) from 18 Dec 2024 and is responsible for international banking, Global Markets and Technology. Before this assignment he served as Group Chief Risk Officer in the bank. He also served as MD & CEO of SBI Card, a pureplay credit card company, for two and half years, where he steered the company successfully and improved the financial and risk profile of the company. He amassed international experience while handling key assignments for SBI in international markets like, Singapore and US. During his stint as CEO at SBI (California), he turned it around and made the operations profitable with significant improvement in risk profile. He has been a part of SBI, India’s oldest and largest banking group, for more than three decades and handled several key assignments, across India and aboard.",,https://2025.globalfintechfest.com/media/Speakers_2_24_5b25877861.png,Three - Category B,"One World, Many Payment Systems: Driving Interoperability in Digital Payments",20250741,rama mohan rao amara,2025,https://2025.globalfintechfest.com/speakers,2026-08-25T06:37:05Z
Mr. Rama Subramaniam Gandhi,"Former Deputy Governor, Reserve Bank of India, and Advisory Council",Sahamati,,"Mr Gandhi is currently a financial sector policy expert and adviser. He is an independent director on the boards of several entities like a bank, financial market infrastructure entity, an account aggregator and fintech companies. He is a prolific speaker and covers, including monetary and financial sector policy & regulation, payment systems policy and related subjects. He was a Deputy Governor of the Reserve Bank of India for three years and was an accomplished central banker for 37 years.",http://www.linkedin.com/in/gandhi-r-90a14017b,https://2025.globalfintechfest.com/media/GFF_25_Speakers_51_removebg_preview_8fca6bcd1a.png,Two - Category A,"Investor Awareness and Education in Fintech- Steps Taken by SEBI, Challenges Faced and Potential Solutions to Mitigate Risks",20250315,rama subramaniam gandhi,2025,https://2025.globalfintechfest.com/speakers,2026-08-25T06:37:05Z
Mr. Ramakrishnan Gopalan,Head of Products and Solutions - India and South Asia,Visa,India,"Ramakrishnan Gopalan is VP, Head of Products & Solutions for India and South Asia at Visa, leading product strategy for the region. Previously, he spent 20 years at Citi in India and Singapore in roles across cards, lending, risk, product development, and digital channels, most recently as Director of Strategic Initiatives. Ramki holds an MBA from IIM and a Bachelor’s from IIT, is based in Mumbai, and sits on Visa’s INSA and APAC leadership teams.",https://www.linkedin.com/in/ramakrishnan-gopalan-a909062/,https://2025.globalfintechfest.com/media/GFF_25_Speakers_10_removebg_preview_4786959146.png,Four - Category C,"Card Payments in a Multipolar World: Navigating Regulation, Local Networks, and Cross-Border Growth",20250509,ramakrishnan gopalan,2025,https://2025.globalfintechfest.com/speakers,2026-08-25T06:37:05Z
Mr. Ramana Kumar,CEO - Middle East,Paytm,UAE,"Ramana Kumar is the CEO of Paytm Middle East, leading one of the world’s largest fintechs in digital payments and embedded finance. Formerly founding CEO of Magnati (subsidiary of FAB & Brookfield), he transformed it into a leading payments player. Ramana has pioneered several first-to-market initiatives in UAE and the Middle East, spanning cashless growth, data monetization, AI, and financial inclusion, making him a key innovator in the region’s payments industry.",https://ae.linkedin.com/in/ramana-kumar-a-0a45453,https://2025.globalfintechfest.com/media/Speakers_2_72_removebg_preview_4eb4717c39.png,Four - Category C,,,ramana kumar,2025,https://2025.globalfintechfest.com/speakers,2026-08-25T06:37:05Z
Mr. Ramesh Ghurram,CISO,Bombay Stock Exchange (BSE),,,,https://2025.globalfintechfest.com/media/thumbnail_Speakers_2_4_37850fdc8b_07e3d13795_1e628f0bc4_55807dd690.png,Four - Category C,Guidelines to Guardrails: Evolving Cyber Regulations in a High-Risk World,20250556,ramesh ghurram,2025,https://2025.globalfintechfest.com/speakers,2026-08-25T06:37:05Z
Mr. Ramesh Lakshminarayanan,CIO,HDFC Bank,India,"Mr. Ramesh Lakshminarayanan is Group Head - IT and Chief Information Officer at HDFC Bank. He leads the entire IT and Digital function of the Bank to unify all the technology and digital developments and create a more holistic core and customer experience layer. He is responsible for technology strategy, strengthening foundational technology, enhancing the digital capabilities and harnessing new age AI/ML technology solutions for the bank.",https://in.linkedin.com/in/ramesh-lakshminarayanan-8ab67b10,https://2025.globalfintechfest.com/media/GFF_25_Speakers_9_removebg_preview_8c0a76c7d4.png,Four - Category C,Beyond Inclusion: Building Profitable Digital Banks for the Next Billion,20250647,ramesh lakshminarayanan,2025,https://2025.globalfintechfest.com/speakers,2026-08-25T06:37:05Z
Mr. Ramesh Narayanaswamy,Chief Technology Officer,Aditya Birla Capital,India,,,https://2025.globalfintechfest.com/media/Speakers_2_33_12e1100afb.png,Four - Category C,"Building GenAI into Your Fintech Stack: Architecture, APIs & Integration",20250221,ramesh narayanaswamy,2025,https://2025.globalfintechfest.com/speakers,2026-08-25T06:37:05Z
Mr. Ramki Gaddipati,"Co-Founder, CTO, and APAC CEO",Zeta,India,"Ramki Gaddipati is the Co-Founder, CTO, and APAC CEO of Zeta, a banking tech unicorn backed by SoftBank and Mastercard. A BITS Pilani alumnus and BusinessWeek “Best Entrepreneur Under 25 in Asia,” he co-founded Zeta in 2015 to help banks go digital-first. Today, Zeta powers 25M+ accounts globally, including India’s largest private bank. Ramki leads global product and engineering, driving $350M in innovation to build the world’s most advanced banking platform.",http://www.linkedin.com/in/gramki,https://2025.globalfintechfest.com/media/Speakers_2_73_removebg_preview_9dbd8c09ca.png,Four - Category C,Collaborative Innovation: Fintechs and Banks in the Age of AI,20250664,ramki gaddipati,2025,https://2025.globalfintechfest.com/speakers,2026-08-25T06:37:05Z
Mr. Ranjan Reddy,Founder,Bureau ID,USA,"Ranjan R Reddy is a seasoned entrepreneur with over 17 years of experience in mobile payments and digital identity. He is the Founder and CEO of Bureau Inc., a platform that provides identity verification and fraud prevention solutions to businesses. Prior to Bureau, Ranjan founded Qubecell, a mobile payments company acquired by Boku, where he later served as Chief Business Officer.",https://www.linkedin.com/in/ranjanready/,https://2025.globalfintechfest.com/media/GFF_25_Speakers_12_removebg_preview_47439ec471.png,Four - Category C,Operationalising DPDP – Lessons for the Financial Sector Ecosystem,20250512,ranjan reddy,2025,https://2025.globalfintechfest.com/speakers,2026-08-25T06:37:05Z
Mr. Ranvir Singh,Founder & CEO,Kissht,India,"Ranvir Singh is the Founder and CEO of Kissht, a leading digital lending platform bridging the credit gap for millions of underserved Indians. An alumnus of IIT Bombay and IIM Bangalore, Ranvir brings over 25 years of experience in financial services, strategy, and digital transformation. Prior to launching Kissht in 2015, he spent more than eight years at McKinsey & Company as an Associate Partner, advising global banks, insurers, and microfinance institutions on growth, risk, and innovation.",https://www.linkedin.com/in/ranvir-singh-23701719/,https://2025.globalfintechfest.com/media/GFF_25_Speakers_14_removebg_preview_e581a3f242.png,Four - Category C,Redefining Consumer Credit: The Next Chapter for Digital Lenders in India,20250662,ranvir singh,2025,https://2025.globalfintechfest.com/speakers,2026-08-25T06:37:05Z
Mr. Ratan Kumar Kesh,ED,Bandhan Bank,,,,https://2025.globalfintechfest.com/media/GFF_25_Speakers_67_removebg_preview_1d33d962bd.png,Four - Category C,Disruption in Credit for Last Mile Inclusion,20250434,ratan kumar kesh,2025,https://2025.globalfintechfest.com/speakers,2026-08-25T06:37:05Z
Mr. Ravi Aurora,"Senior Vice President, Global Public Policy & Government Affairs",Mastercard,USA,"Ravi Aurora is Senior Vice President, Global Government Affairs & Policy at Mastercard. In this role, he leads engagement with multilateral and international institutions, focusing on enabling the global digital payments ecosystem. Working with international and regional institutions such as the World Bank, UN System, G20/B20, the ASEAN, and many others, Ravi drives public-private partnerships focused on digital inclusion, trust, and resilience, as well as enabling market access and competition. Ravi serves on the Board of the United States Council for International Business (USCIB) whose mission is to engage with multilateral and international decisionmakers to facilitate commerce and shape policy outcomes that promote inclusive economic growth and sustainable development. He also serves on the Boards of Network 20/20 (an inclusive international community that bridges the gap between the private sector and foreign policy worlds), U.S. – Bangladesh Business Council, US – India Friendship Alliance, and The Woodstock Institute.",,https://2025.globalfintechfest.com/media/Speakers_2_72_057fba11f1.png,Four - Category C,Digitally Included: Building a Financial Ecosystem for All,20250405;20250661,ravi aurora,2025,https://2025.globalfintechfest.com/speakers,2026-08-25T06:37:05Z
Mr. Ravi Garg,"Director & Head, Business Messaging & Payments - India",Meta,India,"Ravi is the Head for WhatsApp's Business for India, driving all of WA's revenue and growth in India. Ravi joined WhatsApp from Microsoft where he spent close to 13 years leading multiple roles. Ravi brings with him over 25 years of experience in high growth industries such IT, Telecom & FMCG across verticals, such as Sales, Marketing, Business Strategy and Operations",https://www.linkedin.com/in/ravi-garg-6b59505/,https://2025.globalfintechfest.com/media/Speakers_2_74_removebg_preview_4ae0f1efd3.png,Four - Category C,The Future of Intelligent Commerce: How AI is Rewiring the Way the World Transacts,20250752,ravi garg,2025,https://2025.globalfintechfest.com/speakers,2026-08-25T06:37:05Z
Mr. Ravi Kaushik,Executive Director - Head of Asia,Flourish Ventures,United Kingdom,"I lead Flourish Ventures investment and portfolio in India and Emerging Asia. I have more than 15 years of professional experience in operating businesses globally and in full cycle investing across venture capital and private equity. I was previously the Founding Member and General Partner at WaterBridge Ventures, as early stage VC with ~$200M in AUM. Prior to that, I was a growth PE investor where I invested $10-$35M in high quality growth stage companies such as Equitas etc,",https://www.linkedin.com/in/kaushikravi/,https://2025.globalfintechfest.com/media/GFF_25_Speakers_96_removebg_preview_8762467baa.png,Four - Category C,Over A Decade of Fintech Industry in India - Mapping the Returns,20250054,ravi kaushik,2025,https://2025.globalfintechfest.com/speakers,2026-08-25T06:37:05Z
Mr. Ravi Santhanam,"Group Head, Chief Marketing Officer & Head – Direct to Consumer Business",HDFC Bank,,"Mr. Ravi Santhanam, Group Head, CMO & Head – Direct to Consumer Business at HDFC Bank, drives digital origination, fulfilment, and customer centricity through the Bank’s NPS system. He previously led Liability Products, Programs & Communications, and earlier held leadership roles at Vodafone, Reliance Communications, ICICI Bank & PowerGen. Featured in Forbes’ Top 50 CMOs (2020), he holds a Mechanical Engg. degree (Anna Univ.), and is an alumnus of IIM Calcutta & Harvard Business School.",https://www.linkedin.com/in/ravi-santhanam-089b065?originalSubdomain=in,https://2025.globalfintechfest.com/media/Speakers_2_2025_09_26_T155622_316_77976e0335.png,Four - Category C,"Reimagining Customer Experience in the era of AI: Bridging Strategy, Scale, and Seamless Journeys",20250372,ravi santhanam,2025,https://2025.globalfintechfest.com/speakers,2026-08-25T06:37:05Z
Mr. Ravi Varma Datla,Senior Vice President - Customer Solutions,Mastercard,India,,,https://2025.globalfintechfest.com/media/Speakers_2_37_85dbcd516e.png,Four - Category C,"Card Payments in a Multipolar World: Navigating Regulation, Local Networks, and Cross-Border Growth",20250509,ravi varma datla,2025,https://2025.globalfintechfest.com/speakers,2026-08-25T06:37:05Z
Mr. Ravindra Kundu,Managing Director,Cholamandalam Investment and Finance Company,,"With over 36 years of rich experience in the automobile and financial services sectors—including 24 years at Cholamandalam—Ravindra Kundu has established himself as a leader in credit, collections, and business growth. Elevated to Executive Director in January 2020 and, most recently, appointed Managing Director for a five-year term beginning October 7, 2024, he is steering the company through its next chapter.",https://www.linkedin.com/in/ravindrakundu/?originalSubdomain=in,https://2025.globalfintechfest.com/media/GFF_25_Speakers_2_removebg_preview_c5487198a5.png,Four - Category C,,,ravindra kundu,2025,https://2025.globalfintechfest.com/speakers,2026-08-25T06:37:05Z
Mr. Ravindra N,CRO,Bank of Baroda,,,,https://2025.globalfintechfest.com/media/GFF_25_Speakers_Set_2_3_removebg_preview_dacedcdb22.png,Four - Category C,Trust Without Borders: Securing Cross-Border Data in Real-Time Finance,20250562,ravindra n,2025,https://2025.globalfintechfest.com/speakers,2026-08-25T06:37:05Z
Mr. Ravindra Rai,MD CEO,BOB Card,India,"Mr. Ravindra Rai is the Managing Director & CEO of BOBCARD LIMITED, a wholly-owned subsidiary of the Bank of Baroda. Mr. Rai is spearheading the revitalization and transformation of BOBCARD, aiming to establish it as a formidable player in the credit card industry. He is focused on driving strategic growth, enhancing customer experiences, and implementing innovative solutions to position BOBCARD as a frontrunner in ‘Reimagining Credit for India’.",https://www.linkedin.com/in/ravindra-rai-8bb9b416,https://2025.globalfintechfest.com/media/Speakers_2_2025_10_05_T203055_647_1725b046f6.png,Four - Category C,Onboarding the Next 300 Mn Users on Digital Payments - Where How and When?,20250446,ravindra rai,2025,https://2025.globalfintechfest.com/speakers,2026-08-25T06:37:05Z
Mr. Richard Nash,Vice President and Head of Global Government Relations,PayPal,USA,,https://www.linkedin.com/in/nashrichard/,https://2025.globalfintechfest.com/media/GFF_25_Speakers_28_removebg_preview_1_347429d466.png,Four - Category C,"Redefining Speed, Safety, and Scale in Cross-Border Payments",20250254,richard nash,2025,https://2025.globalfintechfest.com/speakers,2026-08-25T06:37:05Z
Mr. Ripunjai Gaur,COO - Offline Payments,Paytm,India,"With a distinguished career spanning over 18 years, Ripunjai Gaur serves as the Chief Business Officer for Offline Payments at Paytm. He leads the largest offline payments platform in India, serving over 40 million merchants across various sectors and geographies. Ripunjai has been instrumental in expanding Paytm's offline merchant business from the ground up, spearheading various teams such as Sound Box, EDC, and cash voucher business, significantly increasing the user base. His expertise includes designing and developing full-stack payments and financial solutions for the merchant business, managing the P&L, enhancing operational efficiency, fostering partnerships, and optimizing the merchant lifecycle for cross-selling opportunities. A financial services veteran, Ripunjai is deeply passionate about financial inclusion and firmly believes that digital payments will transform the way people live and work.",https://www.linkedin.com/in/ripunjaigaur/?originalSubdomain=in,https://2025.globalfintechfest.com/media/Mr_Ripunjai_Gaur_removebg_preview_f381ce0dcb.png,Four - Category C,Onboarding the Next 300 Mn Users on Digital Payments - Where How and When?,20250446,ripunjai gaur,2025,https://2025.globalfintechfest.com/speakers,2026-08-25T06:37:05Z
Mr. Rishi Gupta,MD & CEO,Fino Payments Bank,,,https://www.linkedin.com/in/rishi-gupta-28290b21/?originalSubdomain=in,https://2025.globalfintechfest.com/media/GFF_25_Speakers_74_removebg_preview_2259e41b01.png,Three - Category B,Bridging the Digital Divide: Ensuring Innovation Reaches the Unconnected,20250455,rishi gupta,2025,https://2025.globalfintechfest.com/speakers,2026-08-25T06:37:05Z
Mr. Rishi Nathany,Chief Business Officer,The Multi Commodity Exchange of India,India,"Mr. Rishi Nathany is the Chief Business Officer at MCX. He is a Commerce graduate, a Certified Financial Planner and an alumnus of IIM, Kozhikode. He has over 25 years of rich and diverse experience across the financial services domain, from equity, commodity, currency and insurance broking, financial planning, training, wealth and portfolio management to the exchange business. Prior to joining MCX, he has held CXO level positions in various financial services companies and exchanges.",https://www.linkedin.com/in/rishinathany,https://2025.globalfintechfest.com/media/Speakers_2_2025_09_26_T101733_237_909611c4bb.png,Four - Category C,Trading UX - Secrets Decoded,20250729,rishi nathany,2025,https://2025.globalfintechfest.com/speakers,2026-08-25T06:37:05Z
Mr. Rishi Sarin,Head of Pre-sales APAC,BPC Banking Technologies,Singapore,"Banking tech leader with 19+ years’ experience across presales, product, and delivery. As APAC Presales Head at BPC, I drive growth through strategic deals with tier-1 banks, digital banks, and PSPs. I bring deep expertise in core banking and payments, shaped by my role at Temenos where I helped build its global payments solution. Passionate about aligning tech with business goals to power digital transformation.",linkedin.com/in/rishisarin,https://2025.globalfintechfest.com/media/GFF_25_Speakers_3_removebg_preview_d3a6678d3a.png,Four - Category C,"AI-Powered Risk Engines: Building Trust in Real-Time, Always-On Payments",20250564,rishi sarin,2025,https://2025.globalfintechfest.com/speakers,2026-08-25T06:37:05Z
Mr. Rishit Jhunjhunwala,CEO,Truecaller,India,,https://www.linkedin.com/in/rishit/?originalSubdomain=in,https://2025.globalfintechfest.com/media/Mr_Rishit_Jhunjhunwala_1_removebg_preview_fe57eb8912.png,Four - Category C,,,rishit jhunjhunwala,2025,https://2025.globalfintechfest.com/speakers,2026-08-25T06:37:05Z
Mr. Ritesh Pai,"CEO, PhonePe International",PhonePe,India,"Ritesh Pai is the CEO of International Payments at PhonePe. Ritesh is a seasoned Digital Payments sector leader with a proven track record of launching innovative solutions and structuring strategic business partnerships globally. At PhonePe he will lead the company’s international expansion plans. With over 2 decades of banking experience, Ritesh comes with deep insights and skills in project management, system solutions and design.",https://www.linkedin.com/in/riteshrpai/,https://2025.globalfintechfest.com/media/GFF_25_Speakers_33_removebg_preview_3821a41845.png,Four - Category C,Fintechs as the Enabler of Global Mobility,20250547,ritesh pai,2025,https://2025.globalfintechfest.com/speakers,2026-08-25T06:37:05Z
Mr. Ritesh Shukla,CEO,NPCI International Payments Limited (NIPL),India,,,https://2025.globalfintechfest.com/media/Speakers_2_93_removebg_preview_9732f66e67.png,Three - Category B,"One World, Many Payment Systems: Driving Interoperability in Digital Payments",20250741,ritesh shukla,2025,https://2025.globalfintechfest.com/speakers,2026-08-25T06:37:05Z
Mr. Ritesh Tiwari,CPTO & Co-Founder,Castler,India,,,https://2025.globalfintechfest.com/media/GFF_25_Speakers_Set_2_23_removebg_preview_83984a04fd.png,Four - Category C,Startup Showcase - Castler,20250869,ritesh tiwari,2025,https://2025.globalfintechfest.com/speakers,2026-08-25T06:37:05Z
Mr. Roberto Valdovinos,CFO,People's Clearinghouse,Mexico,"Roberto holds a Master from Paris-Sorbonne University and an M.Phil. from Columbia University. He has led multiple Mexico–U.S. financial inclusion initiatives, including serving as director of the Mexican government’s Institute of Mexicans Abroad. Currently, he directs People’s Clearinghouse, a payment switch that connects rural financial institutions with one another and with cross-border remittance networks.",,https://2025.globalfintechfest.com/media/GFF_25_Speakers_50_removebg_preview_66a15d3b90.png,Four - Category C,How Real Time Rails are Redefining Global Payments,20250654,roberto valdovinos,2025,https://2025.globalfintechfest.com/speakers,2026-08-25T06:37:05Z
Mr. Rohan Bagai,Senior Partner,AZB & Partners,India,"Rohan Bagai is a Senior Partner at AZB & Partners, where he helps drive the firm’s FinTech, Payments, and Data Protection practices. He advises leading Indian and multinational clients on complex regulatory and compliance matters across digital payments, financial services, virtual assets, e-commerce, and emerging technologies. He has been at the forefront of advising on India’s data protection laws, regulatory framework for payment systems, and the evolving landscape for virtual digital assets.",https://www.linkedin.com/in/rohanbagai/,https://2025.globalfintechfest.com/media/Speakers_2_26_2fdef9ed9e.png,Four - Category C,Beyond Bilateral: Multilateral Frameworks for Real-time Cross Border Payments,20250212,rohan bagai,2025,https://2025.globalfintechfest.com/speakers,2026-08-25T06:37:05Z
Mr. Rohit Kataria,Associate Director - Product Management,PayU,India,"With 11 years in fintech, Rohit is driving innovation at PayU by building core platform features that optimize latency, boost conversions, and elevate customer experience. He has implemented critical compliance frameworks including Tokenization, 3DS2, and MFA for card transactions. Skilled across cards, UPI, APMs, and POS, Rohit earlier worked with Oxigen, bringing deep technical and strategic expertise to strengthen PayU’s payment ecosystem.",https://www.linkedin.com/in/rohit-kataria-53bba020/,https://2025.globalfintechfest.com/media/Speakers_2_84_5401d1bd2d.png,Four - Category C,"Intelligent Authentication Suite: Smarter, Faster, Safer Payments for India and Beyond",20250840,rohit kataria,2025,https://2025.globalfintechfest.com/speakers,2026-08-25T06:37:05Z
Mr. Romain Zanolo,"Managing Director, Payment Services APAC and INDIA",IDEMIA,Singapore,"As Managing Director for APAC&INDIA Payment Services at IDEMIA, Romain leads the financial institution business across the region, overseeing P&L, go-to-market strategies, and major bank and fintech partnerships. He brings firsthand insight into what it takes to scale innovative payment solutions across diverse markets. In addition to his core responsibilities, Romain has been entrusted to lead IDEMIA’s global sales efforts in the crypto space, including the launch of IDEMIA’s own cold wallet.",https://www.linkedin.com/in/romainzanolo/,https://2025.globalfintechfest.com/media/Speakers_2_71_b275ccef8c.png,Four - Category C,"Card Payments in a Multipolar World: Navigating Regulation, Local Networks, and Cross-Border Growth",20250509,romain zanolo,2025,https://2025.globalfintechfest.com/speakers,2026-08-25T06:37:05Z
Mr. Ronak Shah,CEO,OPL,India,"A visionary leader with an MBA from Symbiosis Institute of Business Management and 22+ years of entrepreneurial and strategic experience. He has driven growth, innovation, and brand excellence across sectors. Known for building scalable organizations, his strengths include business planning, brand positioning, strategic marketing, team building, and developing global networks for sustained success.",https://www.linkedin.com/in/ronak-shah-12a47523/,https://2025.globalfintechfest.com/media/Speakers_2_100_405d5284bb.png,Four - Category C,Secured Credit: The Only Panacea for MSME Lending?,20250055,ronak shah,2025,https://2025.globalfintechfest.com/speakers,2026-08-25T06:37:05Z
Mr. Roshan Regmi,Chief Information and Digital Officer,NMB Bank,Nepal,"I am a Banking and Technology leader with over 20+ years of experience, currently serving as Chief Information and Digital Officer at NMB Bank Limited. My area of work includes driving digital transformation and fintech collaboration. Since joining NMB in 2015, I have held leadership roles including Chief Officer – Retail Business and Head of Operations & IT, spearheading core banking transformations, large-scale mergers, and the expansion of digital financial services.",http://linkedin.com/in/roshan-regmi-207239b,https://2025.globalfintechfest.com/media/GFF_25_Speakers_53_removebg_preview_7471361dff.png,Four - Category C,Connected Choices: Driving Consumer Behavior in the Age of Real-Time Finance,20250227,roshan regmi,2025,https://2025.globalfintechfest.com/speakers,2026-08-25T06:37:05Z
Mr. Rupesh Kumar,Co-founder & CTO,OneCard,India,,,https://2025.globalfintechfest.com/media/Speakers_2_87_removebg_preview_353203582d.png,Four - Category C,"Agentic AI in Fintech: Autonomous Workflows for Risk, Compliance, and Ops",20250205,rupesh kumar,2025,https://2025.globalfintechfest.com/speakers,2026-08-25T06:37:05Z
Mr. Rutvik Paikine,Policy & Communications Analyst,Sahamati,India,,,https://2025.globalfintechfest.com/media/Speakers_2_2025_09_22_T112308_250_be2791f134.png,Four - Category C,"Use Case Showcase Workshop: “AA in Action""",20250720,rutvik paikine,2025,https://2025.globalfintechfest.com/speakers,2026-08-25T06:37:05Z
Mr. Ryu Muramatsu,Managing Partner,GMO Global Fintech Fund,,,,https://2025.globalfintechfest.com/media/GFF_25_Speakers_38_removebg_preview_517cf9625d.png,Four - Category C,,,ryu muramatsu,2025,https://2025.globalfintechfest.com/speakers,2026-08-25T06:37:05Z
Mr. S Anand,Founder and CEO,PaySprint,India,S. Anand is an entrepreneur who started the B2B Fintech PaySprint in Dec'2020 after close to 2 decades of experience working across various MNC's. PaySprint todays is focussed in creating a Seamless Business Banking experience for MSME's / SME's through Business Banking / Verification stack/ API Stack and Escrow solutions along with Software Escrow.,http://linkedin.com/in/s-anand-1852537,https://2025.globalfintechfest.com/media/Speakers_2_2025_09_22_T104025_837_f103f28ce8.png,Four - Category C,Lending as a Platform: Can Indian Fintechs Build Global-Scale Credit Marketplaces?,20250768,s anand,2025,https://2025.globalfintechfest.com/speakers,2026-08-25T06:37:05Z
Mr. S K Sarogi,APAC Head of Expansion,Wise,,,,https://2025.globalfintechfest.com/media/Speakers_2_73_52263753d1.png,Four - Category C,,,s k sarogi,2025,https://2025.globalfintechfest.com/speakers,2026-08-25T06:37:05Z
Mr. S Ramann,Chairperson,PFRDA,India,"Mr. S. Ramann assumed charge as Chairperson, PFRDA in June, 2025. Mr. Ramann served as an officer of the Indian Audit & Accounts Service (IA&AS) from the 1991 batch. Prior to joining PFRDA, he served as the Dy C&AG and CTO in the Office of the C&AG of India. He has previously held several leadership positions, including CMD of the SIDBI, MD of NeSL - Information Utility, Principal Accountant General of the State of Jharkhand; CGM and then as ED at the SEBIduring the period 2006 to 2013.",,https://2025.globalfintechfest.com/media/Speakers_2_2025_10_05_T161129_185_2a8ba4f1ef.png,Four - Category C,Pension for Every Indian - The Next 300 Million,20250875,s ramann,2025,https://2025.globalfintechfest.com/speakers,2026-08-25T06:37:05Z
Mr. Sabyasachi Goswami,CEO,Perfios,,,https://www.linkedin.com/in/sabyasachi-goswami-6bb57099/?originalSubdomain=in,https://2025.globalfintechfest.com/media/GFF_25_Speakers_22_removebg_preview_55f6435f7b.png,Three - Category B,From FinTech to TechFin: Who Will Shape the Next Decade of BFSI,20250890,sabyasachi goswami,2025,https://2025.globalfintechfest.com/speakers,2026-08-25T06:37:05Z
Mr. Sachin Bansal,Executive Chairman,Navi Group,India,,https://in.linkedin.com/in/sachinbansal,https://2025.globalfintechfest.com/media/Mr_Sachin_Bansal_removebg_preview_4b638552ac.png,Three - Category B,,,sachin bansal,2025,https://2025.globalfintechfest.com/speakers,2026-08-25T06:37:05Z
Mr. Sachin Castelino,Chief Strategy & Transformation Officer,In-Solutions Global,India,"Sachin is a seasoned leader with 10+ years in banking, payments, and financial services. His expertise in business, operations, and technology has helped drive transformation at ISG. Known for strategic execution and scalable, tech-driven solutions, Sachin brings strong leadership and a visionary approach, making him a key asset in dynamic, fast-evolving environments.",https://www.linkedin.com/in/sachin-castelino-017a3942/?originalSubdomain=in,https://2025.globalfintechfest.com/media/Mr_Sachin_Castelino_removebg_preview_4cbb3ed92d.png,Four - Category C,"Unlocking Access, Trust, and Mobility in the Financial Ecosystem",20250546,sachin castelino,2025,https://2025.globalfintechfest.com/speakers,2026-08-25T06:37:05Z
Mr. Sachin Seth,"Regional Managing Director, India & South Asia",CRIF,,"Mr. Sachin Seth has successfully led large-scale IT teams in executing transformation projects for regulated organizations within the banking and insurance sectors. Sachin is a thought leader with almost 3 decades of rich global work experience across Fintech, Digital and Technology space. Before joining CRIF this year, he has been a Partner and Digital, Fintech leader with EY and Executive Director with IBM focusing on India and overseas markets.",https://www.linkedin.com/in/sachinseth2023/,https://2025.globalfintechfest.com/media/GFF_25_Speakers_16_removebg_preview_d613d6d0f3.png,Four - Category C,Account Aggregator: Reshaping Credit Markets and Securities Market Offerings,20250307,sachin seth,2025,https://2025.globalfintechfest.com/speakers,2026-08-25T06:37:05Z
Mr. Sachin Singhal,CTO,NBSL,India,"Sachin Singhal is the Chief Technology Officer of NPCI BHIM Services Limited. With an impressive 20+ years of experience in the financial sector, Sachin has played a key role in transformative initiatives in the Indian digital payments space, particularly in advancing financial inclusion at scale & has deep expertise in building low-latency, cloud-native, and event-driven architectures.",http://linkedin.com/in/sachinsinghal01,https://2025.globalfintechfest.com/media/Speakers_2_2025_09_26_T101001_189_04c91f65ec.png,Four - Category C,Data is the New Alpha: Foundation Models Trained on Financial Data,20250235,sachin singhal,2025,https://2025.globalfintechfest.com/speakers,2026-08-25T06:37:05Z
Mr. Sachindra Nath,Founder & MD,UGRO Capital,India,,,https://2025.globalfintechfest.com/media/Speakers_2_87_removebg_preview_353203582d.png,Four - Category C,,,sachindra nath,2025,https://2025.globalfintechfest.com/speakers,2026-08-25T06:37:05Z
Mr. Sadaf Sayeed,CEO,Muthoot Microfin,India,"Sadaf Sayeed is the founding CEO of Muthoot Microfin Limited, a prominent NBFC-MFI. Under his leadership, the company has grown to manage an impressive ₹12,500+ crore AUM, serving 3.44 million customers across 20 states. Recognised for his leadership and industry impact, he was pivotal in the company’s 2024 public listing. A two-decade financial sector veteran, he holds key roles in microfinance bodies and has received multiple awards for excellence and inclusive finance.",https://in.linkedin.com/in/sadaf-sayeed-108ba97,https://2025.globalfintechfest.com/media/GFF_25_Speakers_29_removebg_preview_b1f9aa84dc.png,Four - Category C,"Digital Lending, What Next?",20250542,sadaf sayeed,2025,https://2025.globalfintechfest.com/speakers,2026-08-25T06:37:05Z
Mr. Sagar Agarvwal,Founder and Managing Partner,Beams Fintech Fund,India,"Sagar Agarwal is the Founder & Managing Partner of Beams Fintech Fund, India’s First Growth-Stage Fintech and Financial Services Focused Fund. With over 17 years of investing experience in senior roles across India, the Middle East, and Africa, Sagar has advised on over $500 million in investments, across 3 Funds, executing more than 36 growth-stage deals in the Fintech, Consumer and Healthcare space & part of 3 Unicorns during his journey.",https://www.linkedin.com/in/sagar-agarwal-8502333/,https://2025.globalfintechfest.com/media/GFF_25_Speakers_13_removebg_preview_bd41dfdde5.png,Four - Category C,Fragmented or Fortified? – The Rise of a Layered Fintech Landscape,20250465,sagar agarvwal,2025,https://2025.globalfintechfest.com/speakers,2026-08-25T06:37:05Z
Mr. Sagar Tanna,Founder & CEO,Trackwizz,India,"Sagar Tanna is the founder and CEO of TSS Consultancy Private Limited, a technology company that created a software called ""TrackWizz"" committed to fighting financial crime and simplifying operations. TrackWizz serves more than 350+ institutions with a team of 500+ in the area of Anti Money Laundering, KYC & Due Diligence. 2. Anti-Money Laundering, Screenzaa (sanction screening), Risk Rating, transaction monitoring, AML training 3. Insider trading:- D360 4. FATCA reporting",https://www.linkedin.com/in/sagar-tanna-trackwizz/,https://2025.globalfintechfest.com/media/Speakers_2_76_removebg_preview_4fb2658f41.png,Four - Category C,AI-Driven Risk Management and Fraud Detection,20250207,sagar tanna,2025,https://2025.globalfintechfest.com/speakers,2026-08-25T06:37:05Z
Mr. Sahil Anand,Founder & Managing Partner,Cedar-IBSi Capital,India,"Sahil is the Founder & Managing Partner at Cedar-IBSi Capital (www.cedaribsicapital.vc), the region's leading early-stage FinTech venture capital fund, primarily focused on B2B FinTech and Financial Services-Infrastructure companies. The $20-25mn fund has achieved a First Close and has completed initial investments in Cogniquest and WonderLend Hubs, both disruptive advanced solutions that address large market opportunities in BFSI and beyond.",http://www.linkedin.com/in/sahil-anand-0669a689/,https://2025.globalfintechfest.com/media/GFF_25_Speakers_61_removebg_preview_8ed8863798.png,Four - Category C,Over A Decade of Fintech Industry in India - Mapping the Returns,20250054,sahil anand,2025,https://2025.globalfintechfest.com/speakers,2026-08-25T06:37:05Z
Mr. Sahil Kini,Chief Executive Officer,Reserve Bank Innovation Hub (RBIH),India,"Sahil Kini is the CEO of the Reserve Bank Innovation Hub. He is the Co‚ÄëFounder and former CEO of Setu, a startup building API infrastructure for¬†banking and financial services. Prior to Setu, Sahil was a Principal at Aspada Investment Advisors. He was also an early team member of Aadhaar, India‚Äôs digital ID system. He has contributed to the architecture of UPI and Account Aggregator (AA) as a volunteer at iSPIRT. Before entering fintech, he worked at McKinsey & Company and Titan Industries.",https://www.linkedin.com/in/sahilkini/,https://2025.globalfintechfest.com/media/GFF_25_Speakers_17_removebg_preview_631a39d838.png,Three - Category B,"Fintech Kal, Aaj aur Kal: Imperitives for Future Growth",20250756;20250786,sahil kini,2025,https://2025.globalfintechfest.com/speakers,2026-08-25T06:37:05Z
Mr. Sai Giridhar,MD & CEO,Axis Finance,India,,https://www.linkedin.com/in/sai-giridhar-ba702b3/?originalSubdomain=in,https://2025.globalfintechfest.com/media/Speakers_2_2025_10_04_T194030_738_e53746f226.png,Four - Category C,,,sai giridhar,2025,https://2025.globalfintechfest.com/speakers,2026-08-25T06:37:05Z
Mr. Sam Subramaniam,President Pvt Equity & Group Strategy Head,Bajaj Finserv,India,"Sam’s career spans over 30 years in the financial industry and he has deep expertise in VC/PE investments, structuring deals, fundraising and business strategy. Sam holds a Bachelor’s degree in Civil Engineering from IIT Madras, MS degree from Vanderbilt University and he is an MBA from Booth School of Business, University of Chicago.",,https://2025.globalfintechfest.com/media/Speakers_2_77_removebg_preview_da4e819eb2.png,Four - Category C,Over A Decade of Fintech Industry in India - Mapping the Returns,20250054,sam subramaniam,2025,https://2025.globalfintechfest.com/speakers,2026-08-25T06:37:05Z
Mr. Sameer Jadhav,EVP for Digital Products - Innovation & Partnerships,Aditya Birla Capital,India,"Over 25 yrs of experience across Financial Services, Consumer Goods, Aerospace, Metals Industries in India and North America. Leading GenAI & Agentic AI, Digital Products, Innovation, Fintech Engagement a at ABCL. Worked on Digital Transformation initiatives for Customer Journey Re-engineering, Digital Public Infrastructure initiatives such as ONDC etc. and implementation of Omnichannel customer service architecture including Chatbot, WhatsApp, Voice channels across ABCL.",https://www.linkedin.com/in/sameer-jadhav-85379ba/,https://2025.globalfintechfest.com/media/Speakers_2_2025_10_05_T163343_944_78898a1571.png,Four - Category C,"Omnichannel Communications Revolution: Building Customer Trust and Loyalty Through Reliable, Trusted, and Personalized Communications in BFSI",20250141,sameer jadhav,2025,https://2025.globalfintechfest.com/speakers,2026-08-25T06:37:05Z
Mr. Sameer Nigam,Founder & CEO,PhonePe,India,"Sameer Nigam founded PhonePe in 2015 and serves as the Chief Executive Officer of the PhonePe Group. Over the past decade, he has led PhonePe to becoming India's largest digital payments platform. PhonePe Group is now diversifying into multiple other consumer tech sectors (Pincode - hyperlocal e-commerce, Indus AppStore and ShareMarket - stock broking). He holds an MBA from Wharton Business School, USA, and a Master’s degree in Computer Science from University of Arizona, Tucson-USA.",https://in.linkedin.com/in/sanigam,https://2025.globalfintechfest.com/media/GFF_25_Speakers_15_removebg_preview_fafc6a46aa.png,Three - Category B,Launch of payments 360 by PhonePe,20250751;20250843,sameer nigam,2025,https://2025.globalfintechfest.com/speakers,2026-08-25T06:37:05Z
Mr. Sameer Ratolikar,CISO,HDFC Bank,,,,https://2025.globalfintechfest.com/media/GFF_25_Speakers_76_removebg_preview_48e4ec9f82.png,Four - Category C,Cyber Defense and Resiliency in Modern AI Era,20250431,sameer ratolikar,2025,https://2025.globalfintechfest.com/speakers,2026-08-25T06:37:05Z
Mr. Sameer Shetty,Head Digital Business & Transformation,Axis Bank,India,,,https://2025.globalfintechfest.com/media/Speakers_2_87_removebg_preview_353203582d.png,Four - Category C,Connected Choices: Driving Consumer Behavior in the Age of Real-Time Finance,20250227,sameer shetty,2025,https://2025.globalfintechfest.com/speakers,2026-08-25T06:37:05Z
Mr. Sami Mahmal,"Head of Data & AI, Asia-Pacific",Zurich Insurance Group,Singapore,"Sami Mahmal has a decade of experience in advanced analytics, IoT, and web technologies, spearheading Data & AI strategy for Zurich Insurance Group. Sami is instrumental in driving innovative solutions that seamlessly blend technological advancements with significant business impact.",https://www.linkedin.com/in/mahmalsami/,https://2025.globalfintechfest.com/media/GFF_25_Speakers_23_removebg_preview_b62bbd6771.png,Four - Category C,"The Global Insurance Reset: AI, Consumer Trust & Experience, Policy, and Business Impact",20250323,sami mahmal,2025,https://2025.globalfintechfest.com/speakers,2026-08-25T06:37:05Z
Mr. Samir Shah,Executive Vice-Chair & Co-Founder,Dvara Holdings,India,"Samir Shah, currently leads Dvara, a strategic #VentureStudio and mission driven platform specialising in founding world class companies dedicated to financial inclusion. Till Jan 2018, he was the MD & CEO of NCDEX. During this period, he had the fortune of leading NCDEX Group's several initiatives that helped make India's agri marketing system more efficient. Samir has almost three decades of experience in building institutions and market infrastructure.",https://www.linkedin.com/in/samir-shah-b3945a1/,https://2025.globalfintechfest.com/media/Speakers_2_71_d6caf40293.png,Four - Category C,Roots Before Returns - Why Agritech Grows Differently,20250161,samir shah,2025,https://2025.globalfintechfest.com/speakers,2026-08-25T06:37:05Z
Mr. Sampath Kumar Rangasamy,Chief Online & New Products Development,National Payments Corporation of India,,,,https://2025.globalfintechfest.com/media/thumbnail_Speakers_2_4_37850fdc8b_07e3d13795_1e628f0bc4.png,Four - Category C,Collaborative Intelligence: Human + AI in Financial Services,20250226,sampath kumar rangasamy,2025,https://2025.globalfintechfest.com/speakers,2026-08-25T06:37:05Z
Mr. Sandeep Batra,MD,HSBC,,,,https://2025.globalfintechfest.com/media/GFF_25_Speakers_41_removebg_preview_a97c8e269a.png,Four - Category C,Super‑Apps and Financial Ecosystems: Who Will Own the Customer?,20250659,sandeep batra,2025,https://2025.globalfintechfest.com/speakers,2026-08-25T06:37:05Z
Mr. Sandeep Chagger,Group COO,Peach Payments,,,,https://2025.globalfintechfest.com/media/GFF_25_Speakers_39_removebg_preview_0bd84e4af1.png,Four - Category C,"Embedded Finance in E-commerce: Personalised Payments, Powering Global Trade",20250548,sandeep chagger,2025,https://2025.globalfintechfest.com/speakers,2026-08-25T06:37:05Z
Mr. Sandeep Chouhan,Vice Chairman,Biz2Credit,,,https://www.linkedin.com/in/sandeepchouhan,https://2025.globalfintechfest.com/media/Speakers_2_46_ce75665fd8.png,Four - Category C,"Payments, SME Lending and AI",20250800,sandeep chouhan,2025,https://2025.globalfintechfest.com/speakers,2026-08-25T06:37:05Z
Mr. Sandeep Dixit,"Director Project, International Fintech Institute","GIFT City, Gandhinagar",India,,https://www.linkedin.com/in/sandeep-dixit-a62a34363/?originalSubdomain=in,https://2025.globalfintechfest.com/media/Speakers_2_1_removebg_preview_1b80bc9fa7.png,Four - Category C,Embracing the Future: GIFT IFI Architecting a Strong and Competent Fintech Talent Pipeline,20250101,sandeep dixit,2025,https://2025.globalfintechfest.com/speakers,2026-08-25T06:37:05Z
Mr. Sandeep Ghule,Co-founder,Credilio,India,Former Banking Professional (ex-ICICI & HSBC) & a serial entrepreneur. Currently building Credilio - with a vision to provide credit card access to every UPI user in India,https://www.linkedin.com/in/sandeep-ghule-2a28a82/,https://2025.globalfintechfest.com/media/GFF_25_Speakers_70_removebg_preview_11aae511b3.png,Four - Category C,"The Convergence of Payments, Credit, and Social Commerce",20250552,sandeep ghule,2025,https://2025.globalfintechfest.com/speakers,2026-08-25T06:37:05Z
Mr. Sandeep Indurkar,"CEO, Resilient Payments",BharatPe,India,"Mr. Sandeep Indurkar is the CEO of Resilient Payments Pvt Ltd, a BharatPe subsidiary, overseeing the company's payment vertical. With over two decades of experience in banking and financial services, he has played a pivotal role in BharatPe's strategic initiatives, including the launch of BharatSwipe and BharatPe Speaker. Under his leadership, Resilient Payments received the Reserve Bank of India's authorization to operate as an Online Payment Aggregator",https://www.linkedin.com/in/sandeep-indurkar-138b6826/,https://2025.globalfintechfest.com/media/Speakers_2_99_removebg_preview_37f9b868ba.png,Four - Category C,"The Convergence of Payments, Credit, and Social Commerce",20250552;20250621,sandeep indurkar,2025,https://2025.globalfintechfest.com/speakers,2026-08-25T06:37:05Z
Mr. Sandeep Jethwani,Co-founder & CEO,Dezerv,,,https://www.linkedin.com/in/sandeepjethwani/?originalSubdomain=in,https://2025.globalfintechfest.com/media/GFF_25_Speakers_40_removebg_preview_89b5984f2d.png,Four - Category C,Fintech Innovations and Growth - Exploring the Opportunities for Fintech Innovation and Growth in India,20250401,sandeep jethwani,2025,https://2025.globalfintechfest.com/speakers,2026-08-25T06:37:05Z
Mr. Sandeep Patil,Partner,QED Investors,,"Sandeep Patil Sandeep joined QED in 2020 in London as a partner and heads the fund’s investments into Asia. His portfolio includes Refyne, OneCard, Jupiter, FinancePeer, Upswing, Pashouses, Skor and ECL. He brings extensive experience in consumer internet and is a global veteran of the banking and financial services industry. With a career spanning over two decades, he has developed and executed major growth strategies and led, operated, advised, and invested in companies of all sizes in the United States, the United Kingdom, India and Southeast Asia.",,https://2025.globalfintechfest.com/media/GFF_25_Speakers_30_removebg_preview_0606d21965.png,Three - Category B,,,sandeep patil,2025,https://2025.globalfintechfest.com/speakers,2026-08-25T06:37:05Z
Mr. Sandeep Tiwari,Expert - Security Architechure & Engineering,National Payments Corporation of India,,,,https://2025.globalfintechfest.com/media/thumbnail_Speakers_2_4_37850fdc8b_07e3d13795_1e628f0bc4_96c09b4db9_c8d007cacd.png,Four - Category C,The New Perimeter: Rethinking Bank Security in an Open API Economy,20250639,sandeep tiwari,2025,https://2025.globalfintechfest.com/speakers,2026-08-25T06:37:05Z
Mr. Sandeep Ubale,Chief General Manager & Dy. Chief Digital Officer,State Bank of India,India,"Shri Sandeep P Ubale has a banking career spanning 35+ years. He has held various assignments in‚ÄØRetail, Rural Banking, NPA Management, International Banking, IT, FRT and Digital and Foreign assignment. He was one of the key members of team behind Yono. Presently, Mr. Ubale heads Analytics, CRM, Digital Marketing, Yono Business, Yono Global and Trade Finance Revamp. Mr Ubale‚Äôs domain is digital transformation, and he was also a board member of Indian Banks Digital Infrastructure Corporation.",http://linkedin.com/in/sandeeppubale,https://2025.globalfintechfest.com/media/GFF_25_Speakers_8_removebg_preview_b7c867cfdc.png,Four - Category C,From Core to Cloud: How Global Banks Are Rewriting the Rules of Scale,20250636,sandeep ubale,2025,https://2025.globalfintechfest.com/speakers,2026-08-25T06:37:05Z
Mr. Sandiip Bharadwaj,MD & CEO,Paytm Money,India,"Sandiip Bharadwaj, MD & CEO of Paytm Money, brings 25+ years of leadership across banking, broking, wealth, and fintech. He is driving Paytm Money’s mission to democratize investing in India through customer-first, technology-led platforms. Previously, he led HDFC Securities’ digital transformation with HDFC SKY and InvestRight, and expanded IIFL Securities as CEO. As Co-Chairman of ASSOCHAM’s Capital Markets Council, he champions policy, innovation, and investor protection.",http://www.linkedin.com/in/sandiip-bharadwaj-02542b12,https://2025.globalfintechfest.com/media/Speakers_2_45_2a7869a68d.png,Four - Category C,Trading UX - Secrets Decoded,20250729,sandiip bharadwaj,2025,https://2025.globalfintechfest.com/speakers,2026-08-25T06:37:05Z
Mr. Sandip Shah,"Head, IFSC Department",GIFT City,India,"Mr. Sandip Shah, Head of IFSC Dept. at Gujarat International Finance Tec-City Co. Ltd (GIFT City). GIFT City is developing an International Financial Services hub in Gandhinagar, Gujarat. Mr. Shah has over 13 years of professional experience in Project Development, Policy Matters, International Financial services regulations and Securities market.",https://www.linkedin.com/in/sandip-shah-62966312/?originalSubdomain=in,https://2025.globalfintechfest.com/media/Mr_Sandip_Shah_removebg_preview_36ff363360.png,Four - Category C,,,sandip shah,2025,https://2025.globalfintechfest.com/speakers,2026-08-25T06:37:05Z
Mr. Sandipan Mitra,Founder & CEO,PICE,India,"With over a decade of experience in technology and product development, he has dedicated his career to the B2B payments and banking space. Currently, he is leading a fintech startup catering to sol props of India solving challenges around business payments and credit with 60+ employees and backed by prominent VCs such as Nexus and Paramark Ventures. In the past, he successfully scaled a product from MVP to over 2 million users.",https://www.linkedin.com/in/thesandi001/,https://2025.globalfintechfest.com/media/Speakers_2_2025_10_04_T114353_611_f3bd0a4518.png,Four - Category C,Commercial Payments 2.0: What is Changing and Why it Matters,20250792,sandipan mitra,2025,https://2025.globalfintechfest.com/speakers,2026-08-25T06:37:05Z
Mr. Sanjay Kaul,MD & CEO,GIFT City,India,,,https://2025.globalfintechfest.com/media/Speakers_2_87_removebg_preview_353203582d.png,Four - Category C,,,sanjay kaul,2025,https://2025.globalfintechfest.com/speakers,2026-08-25T06:37:05Z
Mr. Sanjay Purao,Executive Director,Securities and Exchange Board of India,,,,https://2025.globalfintechfest.com/media/thumbnail_Speakers_2_4_37850fdc8b_07e3d13795.png,Two - Category A,Investor-Enablement and Client Asset Protection,20250583,sanjay purao,2025,https://2025.globalfintechfest.com/speakers,2026-08-25T06:37:05Z
Mr. Sanjay Rawal,CEO,Open Futures Group,India,"Mr. Sanjay Rawal, CEO of Open Futures Group since 2008, has pioneered India’s journey in algorithmic and quantitative trading, establishing the firm as a market leader. With over two decades in capital markets, he has also served as President of CPAI, shaping policy and industry reforms. His leadership reflects innovation, foresight, and a deep commitment to advancing India’s trading ecosystem.",https://www.linkedin.com/in/sarawal/,https://2025.globalfintechfest.com/media/Speakers_2_62_0e7444fc9e.png,Four - Category C,Decoding Algos 101,20250667,sanjay rawal,2025,https://2025.globalfintechfest.com/speakers,2026-08-25T06:37:05Z
Mr. Sanjay Tripathy,Co-founder & CEO,BRISKPE,India,"Sanjay brings over 30 years of transformative leadership spanning geographies, industries, and functions. With a stellar track record at iconic brands like HDFC Life, Mattel, Pepsi, Reliance, and Amul, he has driven strategy, marketing, E-commerce, and core business innovation. A Stanford Business School alumnus, with credentials from IRMA and Odisha University of Agriculture & Technology, he also serves on the board of Invesco Mutual Fund. Currently, he is the Co-founder & CEO of BRISKPE.",https://in.linkedin.com/in/tripathysanjay,https://2025.globalfintechfest.com/media/GFF_25_Speakers_45_removebg_preview_76f22f30db.png,Three - Category B,BRISKPE XPI,20250573;20250631,sanjay tripathy,2025,https://2025.globalfintechfest.com/speakers,2026-08-25T06:37:05Z
Mr. Sanjay Tugnait,President & CEO,Fairfax Digital (A Fairfax Company),,,https://www.linkedin.com/in/sanjaytugnait/?originalSubdomain=ca,https://2025.globalfintechfest.com/media/Speakers_2_98_454b2bd4a5.png,Four - Category C,Bridging the Gap: How FinTech's are Democratizing Access to Credit,20250426,sanjay tugnait,2025,https://2025.globalfintechfest.com/speakers,2026-08-25T06:37:05Z
Mr. Sanjeet Singh,Senior Advisor,NITI Aayog,,,,https://2025.globalfintechfest.com/media/Speakers_2_4_37850fdc8b.png,Four - Category C,,,sanjeet singh,2025,https://2025.globalfintechfest.com/speakers,2026-08-25T06:37:05Z
Mr. Sanjeev Mehta,Founder & Global CEO,Akashaverse,,,https://www.linkedin.com/in/sanjeevmehtascbank?utm_source=share&utm_campaign=share_via&utm_content=profile&utm_medium=ios_app,https://2025.globalfintechfest.com/media/Speakers_2_2025_10_05_T121243_616_04e9bacf53.png,Four - Category C,MSMEs Unlocking Growth for India’s Next Economic Milestone,20250782,sanjeev mehta,2025,https://2025.globalfintechfest.com/speakers,2026-08-25T06:37:05Z
Mr. Sanjeev Yadav,Director (Authentication),Unique Identification Authority of India,India,"Sh. Sanjeev Yadav is Director (Auth) at UIDAI. He has been instrumental is continuous development of Auth ecosystem which includes simplifying the onboarding process, has facilitated amendment in SWIK Rules wherein private entities can also use Aadhaar auth facilities. Technologically, he had worked towards successful launch of L1 RD devices and Face Auth, a friendly solution being used by almost all. A rapid growth observed in terms of number of entities being onboarded and auth transactions.",https://www.linkedin.com/in/sanjeev-yadav-20a7a41b4?utm_source=share&utm_campaign=share_via&utm_content=profile&utm_medium=android_app,https://2025.globalfintechfest.com/media/Speakers_2_70_3854eeae04.png,Four - Category C,Use of Aadhar by Private Entities - SWIK Rules & Aadhaar App,20250087,sanjeev yadav,2025,https://2025.globalfintechfest.com/speakers,2026-08-25T06:37:05Z
Mr. Sanjib Subba,Founder,Kathmandu FinteK,Nepal,"Kathmandu based Financial Inclusion professional with proven track record in Banking, Fintech, Green Finance amongst others.",https://www.linkedin.com/in/sanjibsubba/?originalSubdomain=np,https://2025.globalfintechfest.com/media/Mr_Sanjib_Subba_removebg_preview_bf2039ba02.png,Four - Category C,Trust Without Borders: Securing Cross-Border Data in Real-Time Finance,20250562,sanjib subba,2025,https://2025.globalfintechfest.com/speakers,2026-08-25T06:37:05Z
Mr. Sanjiv Bajaj,Jt Chairman and MD,Bajaj Capital,India,"Sanjiv Bajaj is Jt Chairman & MD of BajajCapital, India’s premier investment services company, established in 1965. Guided by his visionary philosophy of #SabkaBhala committed to creating a financially prosperous future for every Indian. He is a prominent figure in Indian personal finance industry and also a successful investor, entrepreneur and a business coach. He champions customer-focused insurance and investment solutions, driving industry-leading innovations.",https://www.linkedin.com/in/sanjiv-bajaj/,https://2025.globalfintechfest.com/media/Speakers_2_49_bd26d0f9dd.png,Four - Category C,From FLDG to Default: Building Resilient Lending Partnerships,20250318,sanjiv bajaj,2025,https://2025.globalfintechfest.com/speakers,2026-08-25T06:37:05Z
Mr. Sanjiv Purushotham,Founder & CEO,Bridge Solutions,,"Sanjiv Pushottam has 30+ years of global leadership across Mastercard, Amex, Citibank, and Uber. He has built multi-million-dollar businesses, advised national banks, and led portfolios over $500M. With expertise in fintech, payments, and digital transformation, he has driven cross-border collaboration, business growth, and profitability. Skilled in navigating regulations, forging alliances, and aligning strategies with global policy, he brings deep experience across cultures and markets.",http://www.linkedin.com/in/sanjivpurushotham,https://2025.globalfintechfest.com/media/Speakers_2_59_e447ae4b9e.png,Four - Category C,"Beyond APIs : Can India's Fintech Infra Power the Next Billion in Asia, Africa & Beyond",20250554,sanjiv purushotham,2025,https://2025.globalfintechfest.com/speakers,2026-08-25T06:37:05Z
Mr. Sanjiv Singhal,Founder & COO,Scripbox,,,https://www.linkedin.com/in/sanjivsinghal/?originalSubdomain=in,https://2025.globalfintechfest.com/media/GFF_25_Speakers_44_removebg_preview_07f1b522e3.png,Three - Category B,,,sanjiv singhal,2025,https://2025.globalfintechfest.com/speakers,2026-08-25T06:37:05Z
Mr. Sanjoy Ghosh,Chief General Manager,NABARD,India,"Mr. Sanjoy Ghosh is Chief General Manager at NABARD, leading Corporate Planning & Communications. With nearly 30 years of experience, his work spans strategic planning, Natural Resource Management, infrastructure financing, and climate action, having previously served as COO of NABCONS. He holds a B.Sc. in Agricultural Sciences (BHU), a PG in Forestry Management (IIFM), and a PG in Economics (Panjab University).",https://www.linkedin.com/in/sanjoy-ghosh-5b06023a/,https://2025.globalfintechfest.com/media/Speakers_2_2025_10_05_T161808_440_961a5ed480.png,Four - Category C,Future of Green Finance: Aligning DFI and MDBs Green Financing Strategies with AI and Fintech,20250163,sanjoy ghosh,2025,https://2025.globalfintechfest.com/speakers,2026-08-25T06:37:05Z
Mr. Sanjoy Sen,"Managing Director & Group Head, Consumer Banking","DBS, Singapore",Singapore,,,https://2025.globalfintechfest.com/media/Speakers_2_87_removebg_preview_18aab4de0b.png,Four - Category C,,,sanjoy sen,2025,https://2025.globalfintechfest.com/speakers,2026-08-25T06:37:05Z
Mr. Santosh Kumar Singh,Partner & Managing Director,Intellecap Advisory Services,India,"Santosh Singh has 20+ years of experience in working with various MSMEs on business modelling, strategy design, project feasibility analysis, and financial valuations. He has extensive experience of analysing growth potential and defining investment opportunities in agriculture, clean energy, financial inclusion, and other impact sectors across Asia and Africa. He has also analysed (Business Plan and Business Strategy) for more than 100 Base of Pyramid organizations operating in Asia and Africa.",https://in.linkedin.com/in/santoshksingh,https://2025.globalfintechfest.com/media/Speakers_2_2025_09_22_T115745_210_c0f7881704.png,Four - Category C,AI Driven Financial Inclusion for MSMEs,20250160,santosh kumar singh,2025,https://2025.globalfintechfest.com/speakers,2026-08-25T06:37:05Z
Mr. Santosh Navlani,Chief Operating Officer,ET Money,India,"Mr. Santosh leads Growth, Product Strategy, Design, and Investor Education, driving the brand’s mission to empower Indians with smarter financial decisions. Under his leadership, ET Money launched pioneering tools like the Fund Report Card, Portfolio Health, ET Money Genius. Previously, he was SVP of Digital Business at DSP BlackRock. He co-founded Moneysights (acquired by Times Internet) and has held roles at InMobi, Burrp, and Cartesian Consulting.",https://www.linkedin.com/in/santoshnavlani/,https://2025.globalfintechfest.com/media/Speakers_2_33_19b4c2598b.png,Four - Category C,"AI in Advisory: Balancing Innovation, Bias, Product Suitability and Investor Protection",20250308,santosh navlani,2025,https://2025.globalfintechfest.com/speakers,2026-08-25T06:37:05Z
Mr. Sarath Kummamuru,Chief Digital & Technology Officer,NPCI Bharat BillPay Limited,India,"A seasoned product technology leader, entrepreneur.",http://linkedin.com/in/kcsarath,https://2025.globalfintechfest.com/media/Speakers_2_62_21990bc2ce.png,Four - Category C,Collaborative Innovation: Fintechs and Banks in the Age of AI,20250664,sarath kummamuru,2025,https://2025.globalfintechfest.com/speakers,2026-08-25T06:37:05Z
Mr. Saravanan Nattanmai,Partner,Premji Invest,India,"Saravanan Nattanmai is the Partner for Financial Services Sector at Premji Invest. PI is investment office sponsored by Mr. Azim Premji, Chairman of Wipro Limited. Saravanan is a seasoned private equity professional with 20+ years of experience in private equity across sectors / stages and Corporate Strategy and Planning and has held leadership positions and been on the boards of regulated companies with best-in-class corporate governance in India.",https://www.linkedin.com/in/saravanan-nattanmai-270b9410/,https://2025.globalfintechfest.com/media/Speakers_2_79_removebg_preview_17d4bd8a93.png,Four - Category C,Blended Finance for Bharat: Unlocking Private Capital for Rural Development,20250711,saravanan nattanmai,2025,https://2025.globalfintechfest.com/speakers,2026-08-25T06:37:05Z
Mr. Sarbvir Singh,CEO,Policybazaar,India,,,https://2025.globalfintechfest.com/media/Speakers_2_87_removebg_preview_18aab4de0b.png,Four - Category C,,,sarbvir singh,2025,https://2025.globalfintechfest.com/speakers,2026-08-25T06:37:05Z
Mr. Saryana Gopinath,"Head, Policy & Govt Partnerships",Razorpay,India,,,https://2025.globalfintechfest.com/media/Speakers_2_87_removebg_preview_18aab4de0b.png,Four - Category C,,,saryana gopinath,2025,https://2025.globalfintechfest.com/speakers,2026-08-25T06:37:05Z
Mr. Sashank Rishyasringa,Co-founder,Axio,India,"Sashank Rishyasringa co-founded axio(formerly Capital Float) in 2013. Under his direction, the company has grown to become a leading digital finance company. With him as Managing Director, the company has pioneered technological innovations altering the country's digital lending landscape. He was also Senior Engagement Manager at McKinsey & Co, where he advised several Fortune 500 companies, national governments, and non-profits on business strategy, product innovation, and organizational design",https://www.linkedin.com/in/sashankrishyasringa/,https://2025.globalfintechfest.com/media/Speakers_2_81_removebg_preview_b019d980a7.png,Four - Category C,Digital Credit Infrastructure: Are We Ready for the Next 100 Million Borrowers?,20250319,sashank rishyasringa,2025,https://2025.globalfintechfest.com/speakers,2026-08-25T06:37:05Z
Mr. Sashi Krishnan,Director,National Institute of Securities Markets,India,"Director, National Institute of Securities Markets (NISM)",https://in.linkedin.com/in/sashi-krishnan-18255bb,https://2025.globalfintechfest.com/media/GFF_25_Speakers_27_removebg_preview_ecb6c8e7cf.png,Four - Category C,"Investor Awareness and Education in Fintech- Steps Taken by SEBI, Challenges Faced and Potential Solutions to Mitigate Risks",20250315,sashi krishnan,2025,https://2025.globalfintechfest.com/speakers,2026-08-25T06:37:05Z
Mr. Sasidhar Thumuluri,Managing Director & CEO,Sub-K IMPACT,India,"Sasi has 20+ years of financial inclusion and capital markets experience in 20+ countries. He started his professional journey at BASIX and went on to pursue international career in impact investments and business strategy at MicroVest, Habitat for Humanity and IFC. He serves on the board of BCFI and advisory board for Center for Analytical Finance of ISB. Sasi has earned two masters’ degrees from Princeton University and Indian Institute of Forest Management.",https://www.linkedin.com/in/sasidhar-thumuluri-b93607/,https://2025.globalfintechfest.com/media/Speakers_2_2025_10_04_T114107_998_67ea5fbba9.png,Four - Category C,Financial Inclusion 2.0: Services Beyond AePS & DMT,20250813,sasidhar thumuluri,2025,https://2025.globalfintechfest.com/speakers,2026-08-25T06:37:05Z
Mr. Sateesh Palagiri,Chief Mobility Solutions,National Payments Corporation of India,India,"An experienced technology professional, delivering turnkey technology projects with hands-on experience in Switching Technology, Applications Delivery, and Management, he has been associated with NPCI since the company's formation. Handling multifarious profiles with specific reference to NFS Switching Technology, RuPay, and the most recent deliveries for UPI, he brings over 15 years of relevant experience in Banking Technologies, both in the domestic and international markets.",http://linkedin.com/in/sateesh-palagiri-96a90034,https://2025.globalfintechfest.com/media/Speakers_2_2025_10_05_T162522_581_d7254b23b7.png,Four - Category C,NPCI Technology Landscape,20250849,sateesh palagiri,2025,https://2025.globalfintechfest.com/speakers,2026-08-25T06:37:05Z
Mr. Sathya Ram,Head of Core Payments,HSBC,Singapore,"Sathya heads the Global Core payments product team responsible for product strategy, delivery and management of domestic payment products. Leading a team of product management professionals globally, he oversees the digital transformation of Realtime payments, ACH, Receivables, Virtual Accounts. and responsible for USD Settlement Institution function in HK. Sathya was instrumental in setting up an Innovation Lab in Singapore to explore Corporate Treasury use cases through Fintech partnerships.",http://linkedin.com/in/sathya-ram-a4a83214,https://2025.globalfintechfest.com/media/Speakers_2_2025_09_26_T155832_057_ba1f0959ad.png,Four - Category C,"Fintech Futures – Sandboxes, Innovation Hubs, and Policy Labs",20250406,sathya ram,2025,https://2025.globalfintechfest.com/speakers,2026-08-25T06:37:05Z
Mr. Satish Mohan,CEO,Dhiway,,,https://www.linkedin.com/in/satishmohan/?originalSubdomain=in,https://2025.globalfintechfest.com/media/GFF_25_Speakers_72_removebg_preview_e5db7d392a.png,Four - Category C,"Interoperable Digital Identity: The Missing Layer for a Trusted, Tokenized Economy and AI",20250438,satish mohan,2025,https://2025.globalfintechfest.com/speakers,2026-08-25T06:37:05Z
Mr. Satyajit Kanekar,Co-Founder,86400,India,"Satyajit is the Co-Founder of 86400 (An Initiative by Mobileware Technologies), a leading digital payments infrastructure company powering banks, NBFCs, fintechs, corporates, and enterprises. With over 25 years of experience, he drives the company’s vision of delivering future-ready payment solutions. He co-founded 86400 along with Amitabh Kanekar to build a trusted platform that has processed 13+ billion transactions for 120+ institutions.",https://www.linkedin.com/in/satyajitkanekar/,https://2025.globalfintechfest.com/media/GFF_25_Speakers_8_removebg_preview_b18ca964f8.png,Four - Category C,"Beyond APIs : Can India's Fintech Infra Power the Next Billion in Asia, Africa & Beyond",20250554;3,satyajit kanekar,2025,https://2025.globalfintechfest.com/speakers,2026-08-25T06:37:05Z
Mr. Satyen Patel,Executive Chairman,"Eton Solutions, L.P.",USA,"Satyen started his career with The Pillsbury Company, Minneapolis as Strategic Development Director. He then joined Pepsi in NYC as International Business Development & Operations Director. Thereafter, M.D. for Nike SEA & South Asia based in Singapore & a non-exec director at 3i PLC APAC. Satyen also served on boards of Neilsoft Ltd. & ICON Aircraft Inc. He was also a co-founder, board member & Exec Vice Chair at Cambridge Solutions Ltd. a publicly listed IT & BPO company in financial services.",www.linkedin.com/in/satyenpatel,https://2025.globalfintechfest.com/media/Speakers_2_82_removebg_preview_26541d4315.png,Four - Category C,Evolving FinTech Landscape in GIFT City,20250100,satyen patel,2025,https://2025.globalfintechfest.com/speakers,2026-08-25T06:37:05Z
Mr. Saurabh Chandra,"National Leader & Partner, FS Consulting (Domestic)",EY,India,"Saurabh Chandra is currently the National Leader & Partner - FS Consulting (Domestic) with EY. A seasoned banker, and an Internet tech-entrepreneur, holds 8 patents & trade secrets, 2 books and 5 research papers. He has been on board & advisory for regulated entities, industry associations, and VC/PE . A recipient of “Indian Achievers Award - 2023” by govt NGO in the field of science, technology & entrepreneurship, and is an alumnus of IIT Kanpur & IIM Ahmedabad.",,https://2025.globalfintechfest.com/media/Speakers_2_2025_10_04_T170336_036_3f0a8f2531.png,Four - Category C,Redefining Consumer Credit: The Next Chapter for Digital Lenders in India,20250662,saurabh chandra,2025,https://2025.globalfintechfest.com/speakers,2026-08-25T06:37:05Z
Mr. Saurabh Drolia,Director of Product,Google India,India,"Saurabh Drolia leads Google Pay India’s consumer and UPI initiatives from the Bangalore office. Previously a product leader at Microsoft in Seattle, Hyderabad, and Bangalore, he led teams for Microsoft Teams, Bing, and MSN, and also spent time in the start-up world. Saurabh holds B.S. and M.A. degrees in Computer Science from the University of Texas at Austin, where he was a Research Assistant on a next-generation processor team.",https://www.linkedin.com/in/sdrolia/,https://2025.globalfintechfest.com/media/Speakers_2_52_bfea100171.png,Four - Category C,"Digital Payments Usage among MSMEs in India, with a Focus on the North-Eastern Region Date/Time",20250828,saurabh drolia,2025,https://2025.globalfintechfest.com/speakers,2026-08-25T06:37:05Z
Mr. Saurabh Gupta,Co-founder & CEO,VeriSmart Ai,India,"Times Entrepreneur and Angel Investor. Sold the last two ventures to Times Internet and a UK-based PE-Fund respectively. Carries more than a decade of experience as a start-up founder. Working in AI since 2008, and have been awarded as a Top 10 AI personalities as per the Bloomberg list, Entrepreneur 35U35 by Entrepreneur India. Serial Entrepreneur by Economic Times. Presently building Verismart.ai, A Digital public infrastructure democratizing data intelligence at scale for hyper-personalization, built on a blockchain layer to enable privacy-compliant data interoperability for more than 560 million + consumers. Enabled Digital Travel ID and Digipass as privacy-compliant access management. Profound speaker in Blockchain, AI, and Data Privacy at 50+ conferences in India, UAE, US, Singapore.",https://www.linkedin.com/in/saurabh-verismart/,https://2025.globalfintechfest.com/media/Speakers_2_88_removebg_preview_224dacf114.png,Four - Category C,"The New Consent Economy: Privacy, Trust, and Digital Infrastructure",20250567,saurabh gupta,2025,https://2025.globalfintechfest.com/speakers,2026-08-25T06:37:05Z
Mr. Saurabh Kumar,Senior Director Product at PayU,PayU Payments,India,"Saurabh is Senior Director of Product at PayU with 14 years of global experience at Goldman Sachs, Unilever, KPMG, and Uber, where he drove consulting programs, customer platforms, and best-practice frameworks. At PayU, he leads Trident FRM, a SaaS fraud risk management platform protecting banks, merchants, facilitators, and consumers, and also manages cross-border payments and bill payment products.",https://www.linkedin.com/in/saurabhkumar89/,https://2025.globalfintechfest.com/media/Speakers_2_55_d433cedbcc.png,Four - Category C,Trident AI : AI-Powered Fraud Detection Platform for Evolving Payment Threats,20250841,saurabh kumar,2025,https://2025.globalfintechfest.com/speakers,2026-08-25T06:37:05Z
Mr. Saurabh Shukla,Chief Technology Officer,Bank of Baroda,India,"Saurabh Shukla, CTO at Bank of Baroda, is a career banker with 24 years in IT, specializing in digital strategy, analytics, cloud, platform engineering, risk management, and cybersecurity. He has led key digital transformations, set up the Analytics & Tech CoE and Cybersecurity Operations Centre, and drove tech integration post-bank amalgamation. He holds a BE in Computer Science, MSc, and Executive MBA.",http://www.linkedin.com/in/saurabh-shukla,https://2025.globalfintechfest.com/media/Speakers_2_43_381338def2.png,Four - Category C,Profitable by Design: Can AI-Driven Decisioning Reinvent Banking Growth?,20250695,saurabh shukla,2025,https://2025.globalfintechfest.com/speakers,2026-08-25T06:37:05Z
Mr. Saurav Singla,Head of Data Science,National Payments Corporation of India,India,"Saurav Singla is the Head of Data Science at NPCI, where he leads AI and machine learning initiatives in AML, money mule detection, and fraud prevention across digital payment systems. With over 18 years of experience in data science, he specializes in graph analytics, deep learning, and machine learning. His technology interests include scalable graph modeling, deep learning, and machine learning.",https://www.linkedin.com/in/saurav-singla-5b412320/,https://2025.globalfintechfest.com/media/Speakers_2_83_removebg_preview_889a5fd72b.png,Four - Category C,Unmasking Financial Crime: Money Mule Detection with AI,20250700,saurav singla,2025,https://2025.globalfintechfest.com/speakers,2026-08-25T06:37:05Z
Mr. Shailendra Gaur,Head of Marketing,GIFT IFI,India,"Shailendra Gaur is a strategic leader shaping the intersection of education, technology, and fintech talent development. He drives Growth and Marketing at GIFT IFI, positioning it as a global hub for innovation and future-ready professionals. With leadership experience at leading education brands, he brings a forward-looking perspective on how education and skilling can empower transformation and strengthen talent pipeline.",http://www.linkedin.com/in/shailendra-gaur,https://2025.globalfintechfest.com/media/Speakers_2_55_b46fb48084.png,Four - Category C,,,shailendra gaur,2025,https://2025.globalfintechfest.com/speakers,2026-08-25T06:37:05Z
Mr. Shailendra Thakur,Chief Transform Technology,NPCI Bharat BillPay Limited,India,,,https://2025.globalfintechfest.com/media/Speakers_2_2025_10_04_T130425_537_a77b5e019f.png,Four - Category C,"Breaking Silos for Businesses: Creating a Connected Experience Across Payments, Lending and Compliance",20250549,shailendra thakur,2025,https://2025.globalfintechfest.com/speakers,2026-08-25T06:37:05Z
Mr. Shailesh Paul,CEO,Wibmo (PayU Digital),India,"As CEO, Shailesh will lead Wibmo's strategic vision, driving sustainable growth, strengthening our position in the fintech ecosystem, and scaling Wibmo's presence while responding to evolving market and regulatory landscapes. Shailesh is a seasoned payments leader with over two decades of experience across Asia Pacific, India, and the Middle East. He was most recently at Visa, where he served as Global Head of Small Business Acceptance. Shailesh is an alumnus of the Wharton School of Business .",https://www.linkedin.com/in/shailesh-paul/,https://2025.globalfintechfest.com/media/GFF_25_Speakers_64_removebg_preview_872e6d516f.png,Four - Category C,Evolving FinTech Landscape in GIFT City,20250100,shailesh paul,2025,https://2025.globalfintechfest.com/speakers,2026-08-25T06:37:05Z
Mr. Shaji Varghese,Chief Executive Officer,Muthoot FinCorp,India,,https://www.linkedin.com/in/shaji-varghese-0678639/?originalSubdomain=in,https://2025.globalfintechfest.com/media/Whats_App_Image_2025_09_22_at_5_14_14_PM_removebg_preview_017c12265b.png,Four - Category C,"Financial Marketplace, by Muthoot FinCorp",20250585,shaji varghese,2025,https://2025.globalfintechfest.com/speakers,2026-08-25T06:37:05Z
Mr. Shaleen Srivastava,"General Manager – Head of Strategy, DA and Partnerships, Experian India",Experian India,India,Shaleen has over 22 years of experience in the Financial Services industry and is an leading voice and pioneer in enabling the Digital Lending journey in India over the last 15+ year. He is part of the exclusive group responsible for setting up and driving the growth of the Credit Bureau industry in India. Shaleen has helped create solutions to solve critical industry problems of Fraud and the usage of Alternative Data to service New to Credit consumers and the verification of Identity.,https://www.linkedin.com/in/shaleensrivastava1980/,https://2025.globalfintechfest.com/media/Speakers_2_84_removebg_preview_493b30eed8.png,Four - Category C,From Trust Gaps to Credit Gains: Rethinking Onboarding in the AI Era,20250578,shaleen srivastava,2025,https://2025.globalfintechfest.com/speakers,2026-08-25T06:37:05Z
Mr. Sharath Bulusu,"Senior Director, Product Management",Google Pay India,,"Sharath leads Google Pay in India and has extensive global experience building consumer products across search, media, commerce & fintech. In addition to Google, he has helped create products at Myntra, HouseTrip, Twitter and the Guardian.",https://www.linkedin.com/in/sharathbulusu/?originalSubdomain=in,https://2025.globalfintechfest.com/media/Speakers_2_2025_10_05_T122848_818_d665449962.png,Four - Category C,Asset Tokenisation – The Next Innovation in Finance,20250593,sharath bulusu,2025,https://2025.globalfintechfest.com/speakers,2026-08-25T06:37:05Z
Mr. Shardendu Jha,Partner,Ernst & Young,,"18+ years experience of working in Financial Services on IT Strategy & Transformation programs; specializing in Core Banking and Credit Risk Management Specialization in IT Strategy, Enterprise Architecture, Application & Data Architecture, IT Sourcing, Outsourcing, Operating Model Definition, etc. Experience of several full Software Development Lifecycles in different capacities Technical expertise in Core Banking implementations, Solution Design, Data Warehousing, Business Intelligence, etc.",https://www.linkedin.com/in/shardendu-jha-08073b8?utm_source=share&utm_campaign=share_via&utm_content=profile&utm_medium=ios_app,https://2025.globalfintechfest.com/media/Speakers_2_85_0f34d497d3.png,Four - Category C,"Omnichannel Communications Revolution: Building Customer Trust and Loyalty Through Reliable, Trusted, and Personalized Communications in BFSI",20250141,shardendu jha,2025,https://2025.globalfintechfest.com/speakers,2026-08-25T06:37:05Z
Mr. Shashank Joshi,"Deputy CEO & Head of Global Corporate & Investment Banking, India",MUFG Bank,,,https://www.linkedin.com/in/shashank-joshi-a469518/,https://2025.globalfintechfest.com/media/GFF_25_Speakers_47_removebg_preview_d13e8b2a60.png,Four - Category C,How Japanese Investors See Indian Fintechs,20250607,shashank joshi,2025,https://2025.globalfintechfest.com/speakers,2026-08-25T06:37:05Z
Mr. Shashank Kumar,MD & Co-Founder,Razorpay,India,"Shashank started Razorpay, along with Harshil Mathur, after discovering the dismal state of online payments in India. He graduated from IIT Roorkee, and before taking the entrepreneurial route with Razorpay, Shashank worked with Microsoft US as a software developer. With the idea ofchanging the way online payments function in India,Shashank quit his full-time job. By early 2014, Razorpay was conceptualized with a vision to simplify online payments. Razorpay is one of the only two India-focused.",https://www.linkedin.com/in/kumarshashank/?originalSubdomain=in,https://2025.globalfintechfest.com/media/GFF_25_Speakers_7_removebg_preview_58614bbf90.png,Three - Category B,Always-On India: Keeping the World’s Largest Payments System Running at Scale,20250751,shashank kumar,2025,https://2025.globalfintechfest.com/speakers,2026-08-25T06:37:05Z
Mr. Shashikumar Valsakumar,"Executive Director, Market Regulation Department (MRD)",Securities and Exchange Board of India,,,,https://2025.globalfintechfest.com/media/Speakers_2_4_37850fdc8b.png,Two - Category A,,,shashikumar valsakumar,2025,https://2025.globalfintechfest.com/speakers,2026-08-25T06:37:05Z
Mr. Shashishekhar Vempati,Co-founder,Deeptech for Bharat Foundation,India,"As co-founder of DeepTech for Bharat Foundation, Shashi champions India's AI ecosystem through the 'AI for India' initiative. He holds several public roles, including as the Chairperson of the Committee for Science & Technology Communication for Government of India. As CEO of Prasar Bharati, India's Public Broadcaster, Shashi drove sweeping reforms at DD and AIR. An IIT Bombay alumnus, Shashi is the author of the book 'Collective Spirit Concrete Action – Mann ki Baat and its Influence on India'.",https://www.linkedin.com/in/shashivempati/,https://2025.globalfintechfest.com/media/Speakers_2_16_69896351fb.png,Four - Category C,,,shashishekhar vempati,2025,https://2025.globalfintechfest.com/speakers,2026-08-25T06:37:05Z
Mr. Shashvat Nakrani,Founder & COO,BharatPe,India,"Mr. Shashvat Nakrani is the Founder of BharatPe, a leading fintech platform transforming digital payments and credit for India’s merchants. An IIT Delhi alumnus, he launched BharatPe in 2018, introducing India’s first interoperable UPI QR. Under his leadership, the company now serves 8M+ merchants across 400+ cities and offers lending, POS, and UPI-TPAP services, with a sharp focus on innovation and financial inclusion.",https://www.linkedin.com/in/shashvat-nakrani/,https://2025.globalfintechfest.com/media/Shashvat_N_removebg_preview_bbd79a7078.png,Three - Category B,Fragmented or Fortified? – The Rise of a Layered Fintech Landscape,20250465,shashvat nakrani,2025,https://2025.globalfintechfest.com/speakers,2026-08-25T06:37:05Z
Mr. Shashwat Chandra,"Director, Product",Moneyview,,,,https://2025.globalfintechfest.com/media/thumbnail_Speakers_2_4_37850fdc8b_07e3d13795_1e628f0bc4_55807dd690.png,Four - Category C,,,shashwat chandra,2025,https://2025.globalfintechfest.com/speakers,2026-08-25T06:37:05Z
Mr. Shergeran Naidoo,Head of Stakeholder Engagements,PayInc,,"Shergeran has held diverse roles at PayInc (formerly BankservAfrica), from Compliance and Risk to Legal and Governance, and now serves as Head of Stakeholder Engagements. His career spans Nedbank (Private Banking, Private Clients, Corporate Finance) and Standard Bank (Corporate Governance). An admitted attorney with a BA (LLB) from UKZN, he also holds a PGDip in Tax Law (UJ) and an MBA (UNISA). Passionate about mentorship and self-development, his most valued role is as father and husband.",https://www.linkedin.com/in/shergeran-roberto-naidoo/,https://2025.globalfintechfest.com/media/Speakers_2_27_removebg_preview_c9a75eef0b.png,Four - Category C,Serving Cash-Dependent Populations in a Digital World,20250443,shergeran naidoo,2025,https://2025.globalfintechfest.com/speakers,2026-08-25T06:37:05Z
Mr. Shinichiro Nishikawa,Head of Global Payments and Services Division,NTT DATA Japan,Japan,"Mr. Nishikawa’s career has been dedicated to the Payment industry for over 28 years. He played a pivotal role in planning & developing a Payment Gateway for e-commerce & promoting 3D Secure in Japan in collaboration with VISA/MasterCard. He took the helm as the Head of the Global Payment & Service Division, committing to further expansion strategies. His career is a testament to his extensive experience & leadership qualities, with emphasis on his global perspective & deep local knowledge.",,https://2025.globalfintechfest.com/media/Speakers_2_2025_09_19_T125557_231_removebg_preview_d3625e1387.png,Four - Category C,How Real Time Rails are Redefining Global Payments,20250654,shinichiro nishikawa,2025,https://2025.globalfintechfest.com/speakers,2026-08-25T06:37:05Z
Mr. Shiv Bhasin,CTO,IndusInd Bank,,,,https://2025.globalfintechfest.com/media/Speakers_2_4_37850fdc8b.png,Four - Category C,,,shiv bhasin,2025,https://2025.globalfintechfest.com/speakers,2026-08-25T06:37:05Z
Mr. Shiva RV,Deputy Chief - AI Platforms - Build,National Payments Corporation of India,India,"Aarvee is a technology leader and open-source contributor with strong expertise in software development, AI, and digital innovation. He has worked extensively on creating scalable solutions, driving product excellence, and advancing developer communities. Through his active presence on GitHub and LinkedIn, Aarvee shares knowledge, mentors peers, and fosters collaboration. His work reflects a commitment to harnessing technology making-him a sought after voice in the industry forums.",https://www.linkedin.com/in/aarvee11,https://2025.globalfintechfest.com/media/Speakers_2_7_c9448d651f.png,Four - Category C,Sensestack- Impact to Causation Observability Stack Built on OpenTelemetry,20250775,shiva rv,2025,https://2025.globalfintechfest.com/speakers,2026-08-25T06:37:05Z
Mr. Shivanand Neji,Founder and CEO,Amicus Agrotech,India,,,https://2025.globalfintechfest.com/media/Speakers_2_87_removebg_preview_a8a9b4600c.png,Four - Category C,,,shivanand neji,2025,https://2025.globalfintechfest.com/speakers,2026-08-25T06:37:05Z
Mr. Shridhar Garge,Director Partnerships & Programs,NVIDIA India,India,"Shridhar Garge is an accomplished business leader with over 2 decades of career spanning in the Indian Tech Industry. He is member of NVIDIA’s core leadership in the region for the last 15 years, Shridhar is responsible for directing NVIDIA’s Go-To-Market strategies & partnerships and steering programs to develop a thriving ecosystem around NVIDIA in India. He is passionate about India’s AI Sovereignty and his role in NVIDIA gives him a 360-degree view of how AI ecosystem is evolving.",https://www.linkedin.com/in/shridhargarge/,https://2025.globalfintechfest.com/media/Speakers_2_87_05c49b3916.png,Four - Category C,Tokenization and the Role of Agentic AI Workflows in Enabling Tokenized Economies,20250798,shridhar garge,2025,https://2025.globalfintechfest.com/speakers,2026-08-25T06:37:05Z
Mr. Shubhanga Prasad,"Co-founder & Partner - London, UK and Bengaluru, India",Agama Ventures,,"Shubhanga Prasad is the Co-Founder & Managing Partner of Aagama Ventures, a ₹400 Cr early-stage fund focused on India × Fintech × AI. He previously was Interim COO and Head of Product and Technology at OakNorth, one of the UK’s leading fintechs, and is also a Partner at BetaPlus, a friends and family angel investment office with 45+ fintech and SaaS investments. Shubhanga also advises fintech ventures such as Riskcovry, CrowdInvest, and Lemon, bringing deep expertise at the intersection of banking, product, and venture capital. He started his banking career at YES Bank, and has completed his MBA from SCMHRD, Pune and has a gold medal in Mechanical Engineering from PESIT, Bangalore. He is currently based in London.",,https://2025.globalfintechfest.com/media/Speakers_2_15_5d5126b66d.png,Four - Category C,"Embedded Finance in E-commerce: Personalised Payments, Powering Global Trade",20250548,shubhanga prasad,2025,https://2025.globalfintechfest.com/speakers,2026-08-25T06:37:05Z
Mr. Shyam Srinivasan,"Former MD, Federal Bank; Operating Partner & Board Member",TVS Capital Funds,India,"Shyam Srinivasan is a Senior Advisor and Operating Partner at TVS Capital Funds. With a distinguished career spanning over three decades in the banking and financial services industry, Shyam brings invaluable experience in driving strategic growth, digital transformation, and institutional excellence.",,https://2025.globalfintechfest.com/media/Speakers_2_77_71c9b7519b.png,Four - Category C,Blended Finance for Bharat: Unlocking Private Capital for Rural Development,20250711,shyam srinivasan,2025,https://2025.globalfintechfest.com/speakers,2026-08-25T06:37:05Z
Mr. Sid Swaminathan,MD & CEO,JioBlackRock AMC,India,,,https://2025.globalfintechfest.com/media/Speakers_2_87_removebg_preview_a8a9b4600c.png,Four - Category C,Democratizing Wealth Creation: Leveraging Technology to Enhance Capital Access and Inclusion,20250399,sid swaminathan,2025,https://2025.globalfintechfest.com/speakers,2026-08-25T06:37:05Z
Mr. Sidharth Sehgal,Vice President - Product Management,PayU Payments,,,,https://2025.globalfintechfest.com/media/thumbnail_Speakers_2_4_37850fdc8b_07e3d13795_1e628f0bc4_55807dd690.png,Four - Category C,Trident AI : AI-Powered Fraud Detection Platform for Evolving Payment Threats,20250841,sidharth sehgal,2025,https://2025.globalfintechfest.com/speakers,2026-08-25T06:37:05Z
Mr. Simon Williams,"Managing Director, APAC ex Japan Head of Government Affairs & Public Policy",BlackRock,,"Simon Williams, is APAC ex Japan Head of BlackRock's Government Affairs & Public Policy (GAPP), which engages with policy makers and regulators at the global, regional, and national levels to help address financial services policy challenges and to bring the voice of the end investor to the table. The team delivers data driven thought leadership to policy makers, clients, and industry peers, across the spectrum of financial policy issues impacting savers and investors.",,https://2025.globalfintechfest.com/media/Speakers_2_2_removebg_preview_3c0a8ea060.png,Four - Category C,Reforming Foreign Portfolio Investment Access for the Next Decade,20250313,simon williams,2025,https://2025.globalfintechfest.com/speakers,2026-08-25T06:37:05Z
Mr. Sina Sohangir,VP of AI Engineering,FICO,USA,"Sina Sohangir is VP of AI Engineering at FICO, leading Generative AI initiatives across products like Fraud Manager, Customer Communications, and Decision Modeler. With 15+ years in AI at FICO, Snap, Bolt, and Twitter, he has built large-scale ML systems and co-founded startups including GraphDive (acquired) and TrendBoard. Sina holds a PhD from Stanford and is passionate about advancing Generative AI, mentoring innovators, and driving meaningful impact through technology.",https://www.linkedin.com/in/sohangir/,https://2025.globalfintechfest.com/media/Speakers_2_1_removebg_preview_f45a33f040.png,Four - Category C,Profitable by Design: Can AI-Driven Decisioning Reinvent Banking Growth?,20250695,sina sohangir,2025,https://2025.globalfintechfest.com/speakers,2026-08-25T06:37:05Z
Mr. Sirin Kumar,"General Manager, Fintech Department",Reserve Bank of India,India,,,https://2025.globalfintechfest.com/media/Speakers_2_87_removebg_preview_a8a9b4600c.png,Four - Category C,,,sirin kumar,2025,https://2025.globalfintechfest.com/speakers,2026-08-25T06:37:05Z
Mr. Sivaramakrishnan Iswaran,"CEO, Zoho Payment Technologies & Global Head Finance and Operations BU",Zoho,India,"Sivaramakrishnan Iswaran is the CEO of Zoho Payment Technologies, a wholly owned subsidiary of Zoho Corporation. With over two decades at Zoho, he has held several leadership roles and contributed to the launch of key products in finance, payments, and operations. He currently leads the growth strategy for Zoho Payments and also serves as the Global Head of the Finance and Operations Business Unit at Zoho. Siva is passionate about building software that addresses real business needs.",https://www.linkedin.com/in/isiva,https://2025.globalfintechfest.com/media/Mr_Sivaramakrishnan_Iswaran_CEO_Zoho_Payments_Zoho_ec44dc6f68.png,Four - Category C,Bharat Connect for Business: Enabling Growth and Transformation for Businesses through Collaboration,20250549;20250824,sivaramakrishnan iswaran,2025,https://2025.globalfintechfest.com/speakers,2026-08-25T06:37:05Z
Mr. Smarak Swain,"Director-FATF Cell, Department of Revenue",Government of India,,,,https://2025.globalfintechfest.com/media/thumbnail_Speakers_2_4_37850fdc8b_9542887848.png,Four - Category C,,,smarak swain,2025,https://2025.globalfintechfest.com/speakers,2026-08-25T06:37:05Z
Mr. Soumya Chakraborty,Deputy Director General,"Ministry of Statistics and Programme Implementation, Government of India",,"Mr. Soumya Chakraborty is a Deputy Director General in the Enterprise Survey Division of India’s National Statistics Office (NSO) and an officer of the Indian Statistical Service with over 26 years of experience. He has led several high-impact statistical initiatives including base revision of IIP and WPI and surveys like Annual Survey of Industries (ASI), Annual Survey of Unincorporated Sector Enterprises (ASUSE) and the pilot study Annual Survey of Service Sector Enterprises (ASSSE). He played a key role in launching the Quarterly Bulletin on Unincorporated Sector Enterprises (QBUSE) - India’s first high-frequency data on the informal sector and also in the digital transformation of the NSO’s survey ecosystem, transitioning from PAPI (paper-based) to CAPI (computer-assisted), A recognized expert in industrial and informal sector statistics, he represented India in various global forums. He holds a Master’s Degree in Statistics and PGDBA with specialization in Finance.",https://www.linkedin.com/in/soumya-chakraborty-82801297/?originalSubdomain=in,https://2025.globalfintechfest.com/media/Speakers_2_26_2216d93486.png,Two - Category A,Insight Fusion: Building the Future of Fintech with Survey & Industry Data,20250189,soumya chakraborty,2025,https://2025.globalfintechfest.com/speakers,2026-08-25T06:37:05Z
Mr. Soumya Ranjan Routray,Product- VP,iServeU Technology,India,,https://www.linkedin.com/in/soumya-routray/?originalSubdomain=in,https://2025.globalfintechfest.com/media/GFF_25_Speakers_Set_2_25_removebg_preview_fa4ed29785.png,Four - Category C,Startup Showcase - iServeU,20250864,soumya ranjan routray,2025,https://2025.globalfintechfest.com/speakers,2026-08-25T06:37:05Z
Mr. Sourabh Tomar,Head UPI Product,National Payments Corporation of India,,,,https://2025.globalfintechfest.com/media/thumbnail_Speakers_2_4_37850fdc8b_07e3d13795_1e628f0bc4_55807dd690.png,Four - Category C,Hyper personalization and use of agentic AI in UPI,20250848,sourabh tomar,2025,https://2025.globalfintechfest.com/speakers,2026-08-25T06:37:05Z
Mr. Sridhar Narayan,CBO,Perfios,India,,https://www.linkedin.com/in/sridharnarayan/?originalSubdomain=in,https://2025.globalfintechfest.com/media/GFF_25_Speakers_24_removebg_preview_1_e1b6d87170.png,Four - Category C,Can AI Manage Black Swan Events and How?,20250445,sridhar narayan,2025,https://2025.globalfintechfest.com/speakers,2026-08-25T06:37:05Z
Mr. Sridhar Srinivasan,Co-founder & CTO,Nivesh,,,,https://2025.globalfintechfest.com/media/Speakers_2_4_37850fdc8b.png,Four - Category C,,,sridhar srinivasan,2025,https://2025.globalfintechfest.com/speakers,2026-08-25T06:37:05Z
Mr. Srikanth Bureddy,Founder,Buddy Loan,India,"Srikanth Bureddy is a serial entrepreneur, visionary, creator, and an innovator.",https://www.linkedin.com/in/srikanth-bureddy-045bb459,https://2025.globalfintechfest.com/media/Speakers_2_53_ecf3ac8b2c.png,Four - Category C,Beyond Wallets and Screens: Designing the Future Consumer Experience,20250835,srikanth bureddy,2025,https://2025.globalfintechfest.com/speakers,2026-08-25T06:37:05Z
Mr. Srikanth Velamakanni,Co-Founder and Group Chief Executive,Fractal.ai,,,https://www.linkedin.com/in/srikanthvelamakanni/?originalSubdomain=in,https://2025.globalfintechfest.com/media/GFF_25_Speakers_49_removebg_preview_7fedab47b9.png,Four - Category C,,,srikanth velamakanni,2025,https://2025.globalfintechfest.com/speakers,2026-08-25T06:37:05Z
Mr. Srikrishna Narsimhan,Chief Executive Officer & Executive Director,Wsfx Global Payment,,,,https://2025.globalfintechfest.com/media/thumbnail_Speakers_2_4_37850fdc8b_07e3d13795_1e628f0bc4_55807dd690.png,Four - Category C,Beyond Rates & Spreads: Building Transparency & Trust in Forex | M2P Fintech,20250789;34,srikrishna narsimhan,2025,https://2025.globalfintechfest.com/speakers,2026-08-25T06:37:05Z
Mr. Srinivas Jain,Executive Director and Head of Strategy,SBI Mutual Fund,India,,,https://2025.globalfintechfest.com/media/Speakers_2_95_removebg_preview_dd9e740653.png,Three - Category B,Fintech Innovations and Growth - Exploring the Opportunities for Fintech Innovation and Growth in India,20250401,srinivas jain,2025,https://2025.globalfintechfest.com/speakers,2026-08-25T06:37:05Z
Mr. Srinivasu MN,"Co-founder, Director",BillDesk,,,,https://2025.globalfintechfest.com/media/Speakers_2_94_ab5a0ab9d4.png,Three - Category B,The Policy Dividend: How RBI’s approach is powering India’s payment innovation?,20250819,srinivasu mn,2025,https://2025.globalfintechfest.com/speakers,2026-08-25T06:37:05Z
Mr. SS Sarma,Director,CERT-In,,,,https://2025.globalfintechfest.com/media/thumbnail_Speakers_2_4_37850fdc8b_07e3d13795_1e628f0bc4_55807dd690.png,Four - Category C,Audit and Compliance in the Era of Emerging Fintech,20250402,ss sarma,2025,https://2025.globalfintechfest.com/speakers,2026-08-25T06:37:05Z
Mr. Stavan Parikh,"VP & GM, Global Payments",Google,USA,"Stavan Parikh is the Vice President and General Manager of Payments at Google. In this role, he leads Google's consumer payment efforts which include the GPay and Wallet products, as well as Google’s core payments platform that powers all monetization. With over a decade of experience in the Payments space, Stavan has a strong track record of building solutions that scale globally and provide localized and personalized experiences for XB+ users everywhere, across the B2B and B2C space.",https://www.linkedin.com/in/stavan-parikh-6020332/,https://2025.globalfintechfest.com/media/Speakers_2_9_5e8cfed7d2.png,Four - Category C,Connecting the Dots: Global Payment Trends and The India Story,20250880,stavan parikh,2025,https://2025.globalfintechfest.com/speakers,2026-08-25T06:37:05Z
Mr. Steven Chan,Group Chief Government Relations and Policy Officer,Prudential PLC,,"Steven Chan, based in Singapore, oversees several teams across 24 markets in Asia, Africa, and the UK, and a member of Prudential's Global Leadership Team. He advises the Group Board, global executive leadership, market/country CEOs, and functional heads on issues related geopolitics, macroeconomics, risks, regulations and public sector opportunities.",https://www.linkedin.com/in/chansteven/,https://2025.globalfintechfest.com/media/Speakers_2_26_removebg_preview_3beb6455e5.png,Four - Category C,"The Global Insurance Reset: AI, Consumer Trust & Experience, Policy, and Business Impact",20250323,steven chan,2025,https://2025.globalfintechfest.com/speakers,2026-08-25T06:37:05Z
Mr. Subhash Kelkar,CTO,Bombay Stock Exchange (BSE),India,"Shri Subhash Kelkar, CIO at BSE Limited has 30+ years of career spanning across Technology and Digital field. He has held many senior management positions primarily in Banking and Finance, Capital Markets and Telecom domains. He has led many path-breaking digital transformations. His expertise lies in creating and implementing Tech Strategy, mobile applications design, data analytics, infrastructure, cloud migration, and cybersecurity.",https://in.linkedin.com/in/subhash-kelkar-519a908,https://2025.globalfintechfest.com/media/Speakers_2_3_64b654f23c.png,Four - Category C,One-Stop Shop across the Available Assets – Technological Gaps and Viability,20250309,subhash kelkar,2025,https://2025.globalfintechfest.com/speakers,2026-08-25T06:37:05Z
Mr. Subramanya S V,CEO,Groww Wealth,India,,,https://2025.globalfintechfest.com/media/Speakers_2_66_003ce88483.png,Four - Category C,"AI in Advisory: Balancing Innovation, Bias, Product Suitability and Investor Protection",20250308,subramanya s v,2025,https://2025.globalfintechfest.com/speakers,2026-08-25T06:37:05Z
Mr. Subrat Kumar Nanda,Chief General Manager,NABARD,India,"Shri Subrat Kumar Nanda, Chief General Manager at NABARD, has 33+ years of experience across Agri-project financing, rural infrastructure, and institutional development. He has served in multiple states, was faculty at NBSC (2016–2021), and now heads the Institutional Development Department. He led the computerization of 63,000 PACS and drives key initiatives like M-PACS, co-operative bank strengthening, and RRB amalgamation to make rural institutions strong and future-ready.",,https://2025.globalfintechfest.com/media/Speakers_2_2025_09_26_T101930_094_125ebc6687.png,Four - Category C,Centralized Digital Credit Infrastructure (CDCI) for Regional Rural Banks (RRBs),20250624,subrat kumar nanda,2025,https://2025.globalfintechfest.com/speakers,2026-08-25T06:37:05Z
Mr. Subrat Mohanty,ED,Axis Bank,India,,,https://2025.globalfintechfest.com/media/Speakers_2_87_removebg_preview_a8a9b4600c.png,Four - Category C,Can AI Manage Black Swan Events and How?,20250445,subrat mohanty,2025,https://2025.globalfintechfest.com/speakers,2026-08-25T06:37:05Z
Mr. Sudarshan Chari,MD & Head SME,DBS Bank,India,"Sudarshan Chari heads SME business for DBS Bank India. Prior to DBS, he has worked at Avendus Capital, RBL Bank and Citibank, handling small and medium enterprises. He brings over 22 years of experience in commercial lending, with a strong expertise in commercial banking, including SMEs and mid-market businesses. Sudarshan specializes in business development, relationship management, team management, and credit risk. He holds a degree in General Management from The Wharton School.",https://www.linkedin.com/in/chari229?utm_source=share&utm_campaign=share_via&utm_content=profile&utm_medium=android_app,https://2025.globalfintechfest.com/media/Speakers_2_2025_10_04_T115235_584_05f75b0b8d.png,Four - Category C,Enabling Financial Institutions (FIs) Better Support MSMEs Through AI-Empowered Solutions,20250463,sudarshan chari,2025,https://2025.globalfintechfest.com/speakers,2026-08-25T06:37:05Z
Mr. Sudheer Muvva,Chief Technology Officer,RUGR Fintech,,"Mr. Sudheer Muvva is a Technologist, Solution Architect, and Transformation Leader with 23 years of experience in banking. He has led large-scale technology, product and digital transformations programs in top banks including HDFC Bank, IDFC First Bank, Axis Bank, Yes Bank, and Suryoday Bank, delivering cutting edge technology solutions and redefining digital banking. At RUGR Fintech he leads Technology, Transformation, strategy & Innovation initiatives to shape the future of financial services.",https://www.linkedin.com/in/sudheer-muvva-91527429/,https://2025.globalfintechfest.com/media/Speakers_2_2025_09_19_T155533_236_removebg_preview_ca783919d9.png,Four - Category C,"Navigating the Future of Digital Banking - RUGR is Redefining the Way Bharat Pays, Banks, and Grows",20250337,sudheer muvva,2025,https://2025.globalfintechfest.com/speakers,2026-08-25T06:37:05Z
Mr. Suhail Majid,"Head Ecosystems & Partnerships, Global Payment Solutions",HSBC,India,"Suhail is a forward-looking leader reimagining how finance empowers businesses in the digital age. As Head of Ecosystems & Partnerships at HSBC India, he builds bridges between banks, fintechs, and digital platforms to create solutions that drive growth, resilience, and transformation for enterprises. With a deep belief in the power of collaboration and innovation, Suhail champions Public Digital Infrastructure and the rise of autonomous finance as catalysts for a new era of inclusive progress.",https://www.linkedin.com/in/suhail-majid-54118a28?lipi=urn%3Ali%3Apage%3Ad_flagship3_profile_view_base_contact_details%3BlTAZQfJXSUa7tJpLip%2F18A%3D%3D,https://2025.globalfintechfest.com/media/Speakers_2_2025_09_26_T102407_882_54776395ad.png,Four - Category C,,,suhail majid,2025,https://2025.globalfintechfest.com/speakers,2026-08-25T06:37:05Z
Mr. Suhail Shaikh,Head of Ecosystem & Partnerships,HSBC,,,,https://2025.globalfintechfest.com/media/GFF_25_Speakers_Set_2_3_removebg_preview_dacedcdb22.png,Four - Category C,Bharat Connect for Business: Enabling Growth and Transformation for Businesses through Collaboration,20250824,suhail shaikh,2025,https://2025.globalfintechfest.com/speakers,2026-08-25T06:37:05Z
Mr. Sujay Kumar Yadav,MD & CEO,SBI Payments,India,"Shri Sujay Kumar Yadav is currently MD and CEO of SBI Payments. A career banker who started his career in “SBI” has more than three decades of experience in India and abroad. He is an accomplished banker and has been instrumental in providing strategic directions and executive leadership in assignments spread across various operations including retail banking, International Banking, Corporate banking, wealth management, and risk management.",,https://2025.globalfintechfest.com/media/Speakers_2_2025_09_22_T114159_969_972379fbc6.png,Four - Category C,Collaborative Innovation: Fintechs and Banks in the Age of AI,20250664,sujay kumar yadav,2025,https://2025.globalfintechfest.com/speakers,2026-08-25T06:37:05Z
Mr. Sujeet Tyagi,Chief Operating Officer,Montran Corporation India,India,"As Chief Operating Officer at Montran India, Sujeet has been pivotal in driving large-scale mission-critical projects for banks and financial institutions in India and across the world. He leads the company's operations, delivery and product strategies with a strong focus on resilience and innovation. Sujeet is instrumental in driving innovation and adopting forward-looking initiatives to strengthen Montran's position as a trusted partner in the payment ecosystem. Under his leadership, Montran.",https://in.linkedin.com/in/tyagisujeet,https://2025.globalfintechfest.com/media/Mr_Sujeet_Tyagi_removebg_preview_4fd5401ca3.png,Four - Category C,UPI at the Last Mile: Who will Power the Next 300 Million Users?,20250493,sujeet tyagi,2025,https://2025.globalfintechfest.com/speakers,2026-08-25T06:37:05Z
Mr. Sujit Mishra,"Director, Payments - APAC Stores & WW Digital Business",Amazon,UAE,"As Director of Product Management for Payments at Amazon APAC & MENAT, Sujit leads teams launching payment solutions for e-commerce and digital businesses. He brings extensive experience from telecommunications and e-commerce sectors, specializing in P2P remittances, bill payments, and cross-border commerce. His expertise includes developing innovative payment methods and customer experiences. Sujit holds an MBA from MDI Gurgaon and Engineering degree from Delhi College of Engineering.",https://www.linkedin.com/in/sujitmisra/?originalSubdomain=ae,https://2025.globalfintechfest.com/media/Speakers_2_75_32663cc33a.png,Four - Category C,The Future of Intelligent Commerce: How AI is Rewiring the Way the World Transacts,20250752,sujit mishra,2025,https://2025.globalfintechfest.com/speakers,2026-08-25T06:37:05Z
Mr. Sujit Unni,Group CTO,Network International,,,,https://2025.globalfintechfest.com/media/Speakers_2_73_52263753d1.png,Four - Category C,"Payments, SME Lending and AI",20250800,sujit unni,2025,https://2025.globalfintechfest.com/speakers,2026-08-25T06:37:05Z
Mr. Sujith Narayanan,Founder & CEO,Fi Money,,"Sujith Narayanan is the co-founder of Fi Money, a money management platform shaping the future of digital banking and personal finance in India. With over two decades of experience in banking, payments, and consumer technology, Sujith brings a rare blend of financial expertise and product innovation. Prior to founding Fi, he played a pivotal role at Google as the co-founder of Tez (now Google Pay) in India.",https://www.linkedin.com/in/sujithnarayanan/,https://2025.globalfintechfest.com/media/Speakers_2_2025_09_22_T173723_136_44581262ad.png,Four - Category C,"Designing Contextual Finance: Where Credit, Commerce and Choice Intersect",20250658,sujith narayanan,2025,https://2025.globalfintechfest.com/speakers,2026-08-25T06:37:05Z
Mr. Sukrit Ghosh,Director,Data Security Council of India (DSCI),India,"Sukrit Ghosh, Director at DSCI, leads industry engagement, business verticals, and professional training. With 15+ years of experience in cybersecurity, privacy, digital, and marketing, he has trained 40K+ professionals and mentored 2K+. Formerly with DXC Technology, he blends strategic foresight, tech insight, and a passion for learning. Sukrit thrives on change, innovation, and mentoring in today’s dynamic business world.",https://www.linkedin.com/in/sukritghosh1/,https://2025.globalfintechfest.com/media/Speakers_2_89_removebg_preview_251fc09b5b.png,Four - Category C,Cyber Resilience in a Digitally Interconnected Rural Credit System,20250162,sukrit ghosh,2025,https://2025.globalfintechfest.com/speakers,2026-08-25T06:37:05Z
Mr. Suman Pokharel,Deputy CEO,Global IME Bank,,,https://www.linkedin.com/in/suman-pokharel-b946b649/?originalSubdomain=np,https://2025.globalfintechfest.com/media/GFF_25_Speakers_51_removebg_preview_fed0037faa.png,Four - Category C,From Core to Cloud: How Global Banks Are Rewriting the Rules of Scale,20250636,suman pokharel,2025,https://2025.globalfintechfest.com/speakers,2026-08-25T06:37:05Z
Mr. Sumit Gwalani,Co-Founder,Fi Money,,"Sumit Gwalani has been at the heart of India's fintech story for decades. Be it while reimagining payments with Google Pay (Tez) or co-founding Fi Money. As a UCSB & UCB alum with 20+ patents across Payments/OS/Security and once APAC Product Lead for Google Chrome devices, Sumit thrives on building what's next. Today, at Fi, he leads Product with a vision to help 3.5M+ Indians feel more confident and in control of their money.",http://linkedin.com/in/sumit-gwalani/,https://2025.globalfintechfest.com/media/Speakers_2_25_removebg_preview_79407e034e.png,Four - Category C,AI-Powered CX: Transforming Digital Banking,20250670,sumit gwalani,2025,https://2025.globalfintechfest.com/speakers,2026-08-25T06:37:05Z
Mr. Sumit Misra,Senior Vice President,RS Software,India,"Sumit Misra, Ph.D. has 30+ years in IT outsourcing, managing large projects and advising payment firms on technical strategies to build customer-focused competencies. He was a key member in building the world’s largest payment data warehouse & architected systems like UPI, EFRM, and BBPS. At RS Software, he leads the RS School of Payments & RS Payments Lab™, enhancing domain expertise. His interests include stream data analytics, AI, and deep learning. He is TOGAF 8.1 certified & an ACM member.",https://www.linkedin.com/in/sumit-misra-5aabba3/,https://2025.globalfintechfest.com/media/GFF_25_Speakers_7_removebg_preview_74945f0d83.png,Four - Category C,Product Built for Scale: The Modern Architecture of Fintech Platforms,20250577,sumit misra,2025,https://2025.globalfintechfest.com/speakers,2026-08-25T06:37:05Z
Mr. Sumit Nigam,CTO,Perfios,India,"Sumit has over 26 years of experience in the software industry. He has worked with a number of technical companies such as Verisign, EMC, Informatica, Walmart Global Tech and Bigbasket, playing roles spanning that of hands-on technical architect to heading the entire engineering function. He has built strong teams and pioneered engineering best practices across geographies. He has experience building low latency high volume applications, architecting data intensive systems, leveraging mathematics and data science, architecting distributed systems, troubleshooting complex systemic issues and optimizing diverse tech stacks. He has authored multiple award winning technical papers and also presented in various symposiums. Sumit holds a B.E degree in Electronics and Communication Engineering from NIT, Calicut.",https://www.linkedin.com/in/sumit-nigam-557343/?originalSubdomain=in,https://2025.globalfintechfest.com/media/Mr_Sumit_Nigam_removebg_preview_2bea6e4b83.png,Four - Category C,Data is the New Alpha: Foundation Models Trained on Financial Data,20250235,sumit nigam,2025,https://2025.globalfintechfest.com/speakers,2026-08-25T06:37:05Z
Mr. Sumnesh Joshi,Deputy Director General,Ministry of Communications Government of India,India,"Mr. Sumnesh Joshi, a 1993-batch Indian Telecom Service officer, is Deputy Director General at DoT, Mumbai, leading 5G, IoT, and telecom policy implementation, and monitoring 4G saturation projects. A founding member of UIDAI under Nandan Nilekani, he drove Aadhaar’s rollout across western India and later led enrolment and update nationally. With 25+ years in telecom, he holds degrees from MIT, UC Berkeley, MDI, and RTU, and is a TEDx and fintech speaker",https://www.linkedin.com/in/sumneshjoshi,https://2025.globalfintechfest.com/media/Speakers_2_2025_09_22_T165649_371_f0f02af366.png,Four - Category C,Balancing Security & Convenience with Biometric Based Payments,20250421,sumnesh joshi,2025,https://2025.globalfintechfest.com/speakers,2026-08-25T06:37:05Z
Mr. Sundararaman Ramamurthy,MD and CEO,Bombay Stock Exchange (BSE),India,"Sundararaman Ramamurthy has been the MD&CEO of BSE since January 2023, driving strategy, product development, regulatory relationships, and business growth. Before BSE, he served as MD & COO at Bank of America’s India arm, overseeing governance and control for banking and securities. He has also spent 20 years at NSE, leading its transformation in derivatives, index, data, and clearing corporation. He is a Cost Accountant and member of Indian Institute of Bankers along a Bachelor of Science.",https://www.linkedin.com/in/sundararaman-r-152b7011/,https://2025.globalfintechfest.com/media/Speakers_2_63_bf51e84d48.png,Four - Category C,"Leveraging AI: Use Cases, Benefits and Challenges",20250303,sundararaman ramamurthy,2025,https://2025.globalfintechfest.com/speakers,2026-08-25T06:37:05Z
Mr. Sundeep Mohindru,CEO,M1xchange,,"Sundeep, a Finance & Tech Innovator with 30+ years in Consulting, Audit & Finance, is a serial entrepreneur in Finance, HR & FinTech. He founded RBI-licensed M1xchange, driving financial inclusion for MSMEs, and also leads MYND Integrated Solutions, offering tech-enabled Finance & HR solutions. A mentor under Nasscom, guest faculty at NIBM, and co-author of the India Banking & Finance Report 2021, he has served on boards and guided MNCs in India.",https://www.linkedin.com/in/sundeep-mohindru-838a29,https://2025.globalfintechfest.com/media/Speakers_2_13_6c59a7c2dc.png,Four - Category C,Reimagining Collections to Power Credit Growth,20250449,sundeep mohindru,2025,https://2025.globalfintechfest.com/speakers,2026-08-25T06:37:05Z
Mr. Suniel Shetty,Indian Actor,,,"Suniel Shetty is one of India’s most respected film personalities, entrepreneurs, and fitness icons. With a career spanning over three decades in Indian cinema, he has built a reputation defined by discipline, trustworthiness, and values that resonate far beyond the screen. Beyond acting, Suniel has established himself as a successful businessman, mentor, and thought leader who supports brands that are built on credibility, resilience, and long-term impact.",https://www.linkedin.com/in/suniel-shetty/,https://2025.globalfintechfest.com/media/GFF_25_Speakers_29_removebg_preview_9aa4fda39b.png,Three - Category B,"Zrai Shield, the Next Big Leap in AI-Powered Fraud Management for Finance",20250602,suniel shetty,2025,https://2025.globalfintechfest.com/speakers,2026-08-25T06:37:05Z
Mr. Sunil Batra,CTO,The Multi Commodity Exchange of India,India,Chief Technology Officer at MCX,https://www.linkedin.com/in/sunil-batra-13685b17,https://2025.globalfintechfest.com/media/Speakers_2_63_82be3d9cca.png,Four - Category C,One-Stop Shop across the Available Assets – Technological Gaps and Viability,20250309,sunil batra,2025,https://2025.globalfintechfest.com/speakers,2026-08-25T06:37:05Z
Mr. Sunil Jain,"Director - DigiLocker, NeGD","Ministry of Electronics and Information Technology, Government of India",India,"He is Deputy Director General at the NIC and a leader driving India's DPI. He is currently working as Director at the National e-Governance Division (NeGD), he spearheads two of the nation's most critical digital initiatives: DigiLocker & API Setu. With over 30 years of experience in conceptualizing & implementing high-impact e-Governance solutions across domains like Social Registry, Education, and Rural Development, he is the proud recipient of seven prestigious National e-Governance Awards.",http://linkedin.com/in/suniljainindia,https://2025.globalfintechfest.com/media/Speakers_2_2025_10_04_T113240_303_719198b8fa.png,Two - Category A,Leveraging the Digital Public Infrastructure for Accreditation of Investors,20250314,sunil jain,2025,https://2025.globalfintechfest.com/speakers,2026-08-25T06:37:05Z
Mr. Sunil Kadam,Executive Director,Securities and Exchange Board of India,India,"Shri Sunil Jayawant Kadam took charge as Executive Director, SEBI, Mumbai, overseeing IT, Investor Education, DEPA, GSD, Board Cell, RTI & PQ, and NISM matters. Joining SEBI in 1996, he has served in Corporate Finance, Market Regulation, Surveillance, and Investigations, handling forensic accounting, IDRs, e-voting, and legal proceedings. He has also contributed to SEBI committees and OECD reports.",,https://2025.globalfintechfest.com/media/Speakers_2_6_41dad9fff8.png,Two - Category A,Technology Resilience,20250584,sunil kadam,2025,https://2025.globalfintechfest.com/speakers,2026-08-25T06:37:05Z
Mr. Sunil Kamath,"Executive Vice President - CMS, Commerical Cards and International Banking",Axis Bank,,"A seasoned banking professional with over 27 years of Transaction Banking experience across Regional Sales, Product management and Operations across Asia Pacific region.",,https://2025.globalfintechfest.com/media/Speakers_2_2025_10_05_T162718_547_b5079967cd.png,Four - Category C,How are Alternate Payment Methods Gaining Relevance Among Merchants Globally?,20250253,sunil kamath,2025,https://2025.globalfintechfest.com/speakers,2026-08-25T06:37:05Z
Mr. Sunil Kulkarni,Advisor and Board Observer,Business Correspondent Federation of India (BCFI),,"Sunil Kulkarni serves as the Advisor & Board Observer of the now IAMAI led Business Correspondents Forum of India (BCFI) since April 2025, having worked as CEO since 2020. Under his leadership, BCFI has functioned, besides industry body for BCs, as a “Deemed Self-Regulatory Organization (SRO)” supporting over 70 Corporate Business Correspondents (BCs) and 5 Payments Banks, who have among them nearly 2 million BC agents nationwide delivering GoI objective of financial inclusion.",http://linkedin.com/in/sunil-kulkarni-12a3291,https://2025.globalfintechfest.com/media/Speakers_2_2_ab4094cefa.png,Four - Category C,Unlocking ATOs Beyond Cash and AePS: For All Regulated Entities,20250758,sunil kulkarni,2025,https://2025.globalfintechfest.com/speakers,2026-08-25T06:37:05Z
Mr. Sunil Patel,Senior Solutions Architect and Engineering,Nvidia,,"Sunil Patel is managing solutions architect and engineering group at Nvidia and has 10 years of experience working with deep learning. Sunil has worked on NLP and computer vision model development. Sunil is currently working on optimizing computer vision and LLM models on the GPU. Sunil has contributed to Nvidia Tensorrt and Nvidia Deepstream SDKs being used by millions of developers worldwide, Sunil has worked on end-to-end application deployments scaling over 1000+ GPUs.",https://www.linkedin.com/in/linus1/,https://2025.globalfintechfest.com/media/Speakers_2_24_removebg_preview_e14cc4ee66.png,Four - Category C,"Efficient, Low-Latency, High-Throughput LLM Deployment for BFSIs",20250410,sunil patel,2025,https://2025.globalfintechfest.com/speakers,2026-08-25T06:37:05Z
Mr. Sunit Bose,CTO,Zrika,India,"An engineering leader with 15+ years of experience driving resilience, scale, and transformation across some of India's fastest-moving fintech and edtech companies — including BharatPe, Paytm, snapdeal, dineout and Extramarks. From building teams 10x in size to launching automation-first strategies, My work has enabled digital transformation at scale from cloud migrations and CI/CD automation to AI-driven testing and change management rollouts.",https://www.linkedin.com/in/sunit-bose-a5419028?utm_source=share&utm_campaign=share_via&utm_content=profile&utm_medium=android_app,https://2025.globalfintechfest.com/media/Speakers_2_74_ce7cd14959.png,Four - Category C,"Zrai Shield, the Next Big Leap in AI-Powered Fraud Management for Finance",20250602,sunit bose,2025,https://2025.globalfintechfest.com/speakers,2026-08-25T06:37:05Z
Mr. Supriyo Bhattacharjee,"Chief General Manager, Department of Banking",International Financial Services Centres Authority,India,"Supriyo Bhattacharjee is Chief General Manager at IFSCA, heading Banking Regulation & Development and overseeing Payments and Settlement Systems. A former RBI General Manager, he served in forex regulation, reserves, and payments. He contributed to key reforms like NDF access, simplified hedging norms, and ODIs from IFSC. At IFSCA, he focuses on foreign currency settlement systems and authorising fintechs to enhance cross-border payment efficiency.",https://www.linkedin.com/in/reachsupriyo/?originalSubdomain=in,https://2025.globalfintechfest.com/media/SHRISU_1_b3d233e427.PNG,Three - Category B,GIFT IFSC: Transforming Cross Border Payment Ecosystem,20250392,supriyo bhattacharjee,2025,https://2025.globalfintechfest.com/speakers,2026-08-25T06:37:05Z
Mr. Suramya Mohan,General Manager,Reserve Bank of India,,,,https://2025.globalfintechfest.com/media/thumbnail_Speakers_2_4_37850fdc8b_07e3d13795_1e628f0bc4_55807dd690.png,Two - Category A,The Policy Dividend: How RBI’s approach is powering India’s payment innovation?,20250819,suramya mohan,2025,https://2025.globalfintechfest.com/speakers,2026-08-25T06:37:05Z
Mr. Suresh Mutyala,Head - Digital Channels and Payments,ICICI Bank,,,,https://2025.globalfintechfest.com/media/Speakers_2_87_removebg_preview_1_ba551f8528.png,Four - Category C,,,suresh mutyala,2025,https://2025.globalfintechfest.com/speakers,2026-08-25T06:37:05Z
Mr. Suresh Raj Maharjan,Chief Marketing Officer,Siddhartha Bank,,,https://www.linkedin.com/in/suresh-maharjan-392270146/?originalSubdomain=np,https://2025.globalfintechfest.com/media/GFF_25_Speakers_52_removebg_preview_6b155fb696.png,Four - Category C,,,suresh raj maharjan,2025,https://2025.globalfintechfest.com/speakers,2026-08-25T06:37:05Z
Mr. Suvendu Pati,"Chief General Manager, FinTech Department",Reserve Bank of India,,,https://www.linkedin.com/in/suvendu-pati-a8997140/?originalSubdomain=in,https://2025.globalfintechfest.com/media/Speakers_2_2025_09_22_T115040_177_59e89f22e6.png,Two - Category A,Asset Tokenisation – The Next Innovation in Finance,20250593;20250706;20250764,suvendu pati,2025,https://2025.globalfintechfest.com/speakers,2026-08-25T06:37:05Z
Mr. Suyesh Shankar,Artificial Intelligence Research,Sahamati Labs,,"With 30+ years in technology and digital innovation, I focus on using AI and data to build solutions that deliver real impact. I’ve led projects that simplify user experiences, streamline operations, and scale businesses. With a product-first mindset, I enjoy working with agile teams to create adaptable systems that drive growth and lasting value.",http://www.linkedin.com/in/suyeshs,https://2025.globalfintechfest.com/media/Speakers_2_12_19ff268b36.png,Four - Category C,AA + AI: The Future of Data-Driven Financial Services,20250719,suyesh shankar,2025,https://2025.globalfintechfest.com/speakers,2026-08-25T06:37:05Z
Mr. Swapnil Shanu Bhargav,AGM,RBI,,,,https://2025.globalfintechfest.com/media/Speakers_2_73_52263753d1.png,Four - Category C,Scaling Access: Mutual Funds via ONDC and the Promise of CBDC,20250294,swapnil shanu bhargav,2025,https://2025.globalfintechfest.com/speakers,2026-08-25T06:37:05Z
Mr. Swaroop Arvind Kulkarni,Vice President - Product Management at PayU,PayU Payments,India,"Swaroop Arvind Kulkarni, VP of Product Management at PayU, has over a decade of experience driving digital payment innovation across India, MEA, and APAC. At PayU Payments and Wibmo, he has built and scaled solutions spanning Cards, UPI, EMI, and Alternate Payments, while advancing platforms like Subscriptions, Tokenization, Loyalty, and Acquiring-in-a-Box. He is passionate about creating secure, scalable, and customer-focused products that transform the fintech ecosystem.",https://www.linkedin.com/in/swaroop-kulkarni-93845643/,https://2025.globalfintechfest.com/media/Speakers_2_42dcfd3602.png,Four - Category C,"UPI NXT with PayU: Powering Speed, Choice & Growth for Businesses",20250839,swaroop arvind kulkarni,2025,https://2025.globalfintechfest.com/speakers,2026-08-25T06:37:05Z
Mr. Swarup Mohanty,Vice Chairman & CEO,Mirae Asset Investment Managers (India),India,"Mr. Swarup Mohanty is the Vice Chairman & CEO of Mirae Asset AMC, with over 30 years of expertise in financial services, specializing in Asset Management Sales. Since joining in July 2011, he has led Mirae Asset’s India operations with visionary leadership, navigating challenging market conditions with strategic insight. Mr. Mohanty is a graduate of Stanford Executive Program and an Alumni of Stanford University's Graduate School of Business. He also holds a PGDBM and B.Com (Hons.) degree.",https://www.linkedin.com/in/swarup-mohanty-3077617?utm_source=share&utm_campaign=share_via&utm_content=profile&utm_medium=ios_app,https://2025.globalfintechfest.com/media/Speakers_2_50_cabfb80aa1.png,Four - Category C,"AI in Advisory: Balancing Innovation, Bias, Product Suitability and Investor Protection",20250308,swarup mohanty,2025,https://2025.globalfintechfest.com/speakers,2026-08-25T06:37:05Z
Mr. Syed Musheer Ahmed,Founder,Finstep Asia,India,,,https://2025.globalfintechfest.com/media/GFF_25_Speakers_23_removebg_preview_cc9b00904d.png,Four - Category C,Cross-Border Digital Finance – Regional Strategies and South-South Collaboration,20250456,syed musheer ahmed,2025,https://2025.globalfintechfest.com/speakers,2026-08-25T06:37:05Z
Mr. T Rabi Sankar,Deputy Governor,Reserve Bank of India,India,,,https://2025.globalfintechfest.com/media/GFF_25_Speakers_44_removebg_preview_1_bfd986bd72.png,Two - Category A,Responsible AI for Finance: Balancing Innovation with Financial Stability,20250491,t rabi sankar,2025,https://2025.globalfintechfest.com/speakers,2026-08-25T06:37:05Z
Mr. Takeo Ueno,CEO,NTT DATA Payment Services India,India,"Mr. Ueno serves as the CEO, and Whole time Director at NTT DATA Payment Services India, where he continues to drive corporate management and innovation. His expertise in system development has been particularly valuable in his work in transaction banking and card and payment systems. He has helped drive innovation in these areas, creating new business opportunities and driving growth for his organization and its clients.",https://www.linkedin.com/in/takeo-ueno/,https://2025.globalfintechfest.com/media/GFF_25_Speakers_2_removebg_preview_1397da96fd.png,Four - Category C,PA to Grow 10X by When and How,20250505,takeo ueno,2025,https://2025.globalfintechfest.com/speakers,2026-08-25T06:37:05Z
Mr. Takeshi Kito,Co-founder & CEO,Global Finance & Technology Network Japan,Japan,"Takeshi is a serial Fintech entrepreneur, and Co-founder & CEO of GFTN Japan, actively spearheading ecosystem building and international collaborations. Additionally, he sits on the committee for the Government of Japan's Regulatory Sandbox and is a member of the experts group, jointly organized by the Digital Agency and the Ministry of Economy, Trade, and Industry focusing on international data governance.",https://www.linkedin.com/in/takeshi-kito-841b65109/?originalSubdomain=jp,https://2025.globalfintechfest.com/media/GFF_25_Speakers_31_removebg_preview_51321982f3.png,Four - Category C,Cross-Border Digital Finance – Regional Strategies and South-South Collaboration,20250456,takeshi kito,2025,https://2025.globalfintechfest.com/speakers,2026-08-25T06:37:05Z
Mr. Tamal Bandyopadhyay,Consulting Editor,Business Standard,,,,https://2025.globalfintechfest.com/media/GFF_25_Speakers_27_removebg_preview_25e8f727e5.png,Four - Category C,Disruption in Credit for Last Mile Inclusion,20250434,tamal bandyopadhyay,2025,https://2025.globalfintechfest.com/speakers,2026-08-25T06:37:05Z
Mr. Tanuj Sinha,Founder,CreditHaat,India,"Tanuj is the Founder of CreditHaat; a digital loan aggregator based in Pune that helps users avail affordable and hasslefree credit from its network of 45+ digital lending partners. With the launch of the ONDC protocol; the team at CreditHaat has developed AryseFin, a LSP powered by the ONDC protocol to deliver a seamless experience to its users. Prior to CreditHaat; Tanuj had cofounded - Finlok a platform aiming to digitise Chit Funds for the Low and Middle Income users across India.",https://www.linkedin.com/in/sinhatanuj/,https://2025.globalfintechfest.com/media/Speakers_2_85_eb5db87476.png,Four - Category C,From Access to Action: Unlocking Affordable Insurance on ONDC,20250293,tanuj sinha,2025,https://2025.globalfintechfest.com/speakers,2026-08-25T06:37:05Z
Mr. Tao Zhang,Chief Representative,BIS,,"Mr. Tao Zhang has been Chief Representative of the BIS Office of Asia Pacific since September 2022. He leads activities in the region and is part of senior management. He was IMF Deputy Managing Director (2016-2021) and held senior roles in China, including Deputy Governor of the People’s Bank of China. Earlier in his career, he had worked as an economist at the World Bank and the ADB. He holds a Ph.D. in International Economics from UC Santa Cruz and a bachelor’s from Tsinghua University.",,https://2025.globalfintechfest.com/media/Untitled_design_3_c225fe16a7.png,Four - Category C,Artificial intelligence and central banks: monetary and financial stability implications,20250816,tao zhang,2025,https://2025.globalfintechfest.com/speakers,2026-08-25T06:37:05Z
Mr. Taranjit S Jaswal,Managing Director & CEO,CapitalXB Finance,,,,https://2025.globalfintechfest.com/media/Speakers_2_13_b50fe262f4.png,Four - Category C,"Payments, SME Lending and AI",20250800,taranjit s jaswal,2025,https://2025.globalfintechfest.com/speakers,2026-08-25T06:37:05Z
Mr. Tarun Khanna,"President & Head - Digital, Marketing & Strategy",Reliance General Insurance,,"At Reliance General Insurance, he leads the digital business, marketing, and strategic initiatives, driving innovation and operational excellence in alignment with the company’s long-term vision. Tarun’s core expertise lies in areas such as digital transformation, fintech partnerships, product development, digital marketing, and process re-engineering.",https://www.linkedin.com/in/tkhanna2001?utm_source=share&utm_campaign=share_via&utm_content=profile&utm_medium=android_app,https://2025.globalfintechfest.com/media/Speakers_2_27_37971db6a5.png,Four - Category C,AI-Powered CX: Transforming Digital Banking,20250670,tarun khanna,2025,https://2025.globalfintechfest.com/speakers,2026-08-25T06:37:05Z
Mr. Tarun Nazare,Co-Founder,Neokred,India,"Tarun Nazare is Co-Founder & MD of Neokred Technologies, leading fintech innovation and strategic growth. His passion for building scalable tech has helped Neokred serve 1,000+ companies, earning him ET Now’s “35 Under 35” and a spot in Forbes India’s “200 Global Potential” list. Before Neokred, he built deep expertise in payments and finance at Happay and MSS Payments, shaping his vision to empower businesses through modern infrastructure .",https://www.linkedin.com/in/tarunnazare/,https://2025.globalfintechfest.com/media/GFF_25_Speakers_35_removebg_preview_9bf7b59181.png,Three - Category B,"The New Consent Economy: Privacy, Trust, and Digital Infrastructure",20250567,tarun nazare,2025,https://2025.globalfintechfest.com/speakers,2026-08-25T06:37:05Z
Mr. Tarun Singh,COO,SBI Payments,,"Tarun Singh: Chief Operating Officer (COO) at SBI Payments Tarun Singh is a seasoned banking and payments professional with extensive leadership experience of 25 years across leading financial institutions. Over the course of his career, Tarun has held senior positions at HDFC Bank and YES Bank, where he played pivotal roles in shaping businesses around payments, credit cards, commercial and prepaid cards, and liability products.",https://www.linkedin.com/in/tarun-singh-32833330?utm_source=share&utm_campaign=share_via&utm_content=profile&utm_medium=android_app,https://2025.globalfintechfest.com/media/Speakers_2_82_e1ab791b1e.png,Four - Category C,How are Alternate Payment Methods Gaining Relevance Among Merchants Globally?,20250253,tarun singh,2025,https://2025.globalfintechfest.com/speakers,2026-08-25T06:37:05Z
Mr. Teet Puusepp,Head of Payments Policy Division,Eesti Pank,Estonia,"Teet Puusepp is the Head of the Payments Policy Division at the Bank of Estonia with over 20 years of experience in banking and financial services. In this role, he is responsible for analyzing the payment market and shaping policies and regulations for payment and settlement systems at both the national and EU levels.",http://www.linkedin.com/in/teet-puusepp-2a741b16,https://2025.globalfintechfest.com/media/Speakers_2_8_855e9480cd.png,Four - Category C,Money on their Terms: Redesigning Finance for GenZ Mindset,20250261,teet puusepp,2025,https://2025.globalfintechfest.com/speakers,2026-08-25T06:37:05Z
Mr. Tejas Goenka,Managing Director,Tally Solutions,,"Tejas is working on making the connected business environment a reality for SMEs via the next-generation Tally product roadmap. Tejas’ customer-centric approach has driven Tally’s strong selling and servicing partner network to a more accountable, higher-quality network, resulting in aggressive business growth. Living the philosophy of simplifying the lives of MSMEs with technology, Tejas led Tally’s transition into the GST era, taking it to a 2.6 million+ strong license base.",https://www.linkedin.com/in/tejas-goenka-3ab25244/,https://2025.globalfintechfest.com/media/Speakers_2_2025_09_22_T174847_040_94b7958a63.png,Four - Category C,"Breaking Silos for Businesses: Creating a Connected Experience Across Payments, Lending and Compliance",20250549,tejas goenka,2025,https://2025.globalfintechfest.com/speakers,2026-08-25T06:37:05Z
Mr. Thomas Cherain,Chief Technology Officer,National Securities Clearing Corporation Limited,India,,,https://2025.globalfintechfest.com/media/Speakers_2_87_removebg_preview_a8a9b4600c.png,Four - Category C,"Tokenisation, Smart Contracts and the Future of Securities Issuance and Settlement",20250305,thomas cherain,2025,https://2025.globalfintechfest.com/speakers,2026-08-25T06:37:05Z
Mr. Thomas Muthoot John,Executive Director,Muthoot Microfin,India,"Thomas Muthoot John, Executive Director at Muthoot Microfin Ltd., is a strategic leader driving digital innovation and financial inclusion. He co-founded Muthoot FinCorp ONE, launched QR-code-based MSME lending, and led Muthoot FinCorp’s Innovation Lab. Featured in GQ’s 50 Most Influential Young Indians and Forbes CEO Club, he champions accessible, tech-driven solutions for underserved communities, shaping an inclusive financial ecosystem for India.",https://www.linkedin.com/in/thomas-muthoot-john-606515206/,https://2025.globalfintechfest.com/media/Speakers_2_2025_09_22_T142009_254_8072692f78.png,Three - Category B,Digitising Rural Credit: Building Scalable and Sustainable Agri and Micro Finance Models,20250710,thomas muthoot john,2025,https://2025.globalfintechfest.com/speakers,2026-08-25T06:37:05Z
Mr. Tirth Shah,Founder,The Fixed Income,,,,https://2025.globalfintechfest.com/media/GFF_25_Speakers_20_removebg_preview_d30d06eaf1.png,Four - Category C,"Building a Real-Time, Retail Centric Bond Market: Challenges and Tech Solutions",20250306,tirth shah,2025,https://2025.globalfintechfest.com/speakers,2026-08-25T06:37:05Z
Mr. Tirtha Chatterjee,Partner,BCG,,,,https://2025.globalfintechfest.com/media/thumbnail_Speakers_2_4_37850fdc8b_07e3d13795_1e628f0bc4_96c09b4db9_c8d007cacd.png,Four - Category C,"Driving Real-Time, Frictionless Cross-Border Trade",20250272,tirtha chatterjee,2025,https://2025.globalfintechfest.com/speakers,2026-08-25T06:37:05Z
Mr. TS Anil,CEO,Monzo Bank,,"Since 2020, TS Anil has led Monzo, one of the UK's fastest growing companies, which has over 13 million users. With a mission to make money work for everyone, Monzo is known for working with its customers to create products and industry-first tools that have changed their relationship with money. As group CEO, TS brings with him 25 years of financial services experience – including previous roles at Visa, Standard Chartered, Citigroup and Capital One. Under his leadership, Monzo has not only achieved profitability but, as of this year, surpassed £1 billion in revenue",https://www.linkedin.com/in/tsanil/?originalSubdomain=uk,https://2025.globalfintechfest.com/media/Speakers_2_47_d99e2ebc13.png,Four - Category C,"The New Operating System of Finance: Banks, Fintechs, and Capital at Scale",20250833,ts anil,2025,https://2025.globalfintechfest.com/speakers,2026-08-25T06:37:05Z
Mr. Tuang Lee Lim,Assistant Managing Director,Monetary Authority of Singapore,Singapore,"Mr Lim Tuang Lee is the Assistant Managing Director of the Capital Markets Group, overseeing the regulation and supervision of capital markets. The group is responsible for the licensing and supervision of exchanges, clearing houses and capital markets intermediaries. Mr Lim represents MAS at various international committees, including the International Organisation of Securities Commissions (IOSCO). He currently chairs the IOSCO FinTech Task Force.",,https://2025.globalfintechfest.com/media/GFF_25_Speakers_49_removebg_preview_4715dbd365.png,Two - Category A,Resilient and Inclusive Capital Markets in a Tech-Driven World,20250754;20250817,tuang lee lim,2025,https://2025.globalfintechfest.com/speakers,2026-08-25T06:37:05Z
Mr. Turky Kabarah,Fintech Enablement Director,Saudi Central Bank (SAMA),Saudi Arabia,"Director of Fintech Enablement, where he oversees Fintech Strategy, Partnerships, and Advisory, he previously led the Regulatory Sandbox, heading transformative initiatives that streamlined processes, enabled use cases such as Open Banking and crowdfunding and electronic payments. Turky has played a pivotal role in shaping the Kingdom’s fintech ecosystem, contributing to the National Fintech Strategy approved by the Council of Ministers, and supporting FinTechs through enablement programs.",https://sa.linkedin.com/in/turky-a-kabarah?trk=people_directory,https://2025.globalfintechfest.com/media/Speakers_2_2025_09_22_T172411_751_6dd33240e0.png,Four - Category C,Digitally Included: Building a Financial Ecosystem for All,20250405,turky kabarah,2025,https://2025.globalfintechfest.com/speakers,2026-08-25T06:37:05Z
Mr. Tushar Agnihotri,EVP South Asia,Proximus Global,,"Tushar Agnihotri, with 25+ years of experience and 16+ in telecom, leads Enterprise South Asia at Proximus Global, driving growth and customer engagement. Formerly heading India & APAC at Route Mobile, he has held leadership roles at Tata Teleservices, Reliance Jio, Arvind Mills, Kodak, Reliance Infocomm, and Blowplast. With expertise in telecom, enterprise solutions, and strategy, Tushar holds a Master’s in Business Management from Bundelkhand University.",,https://2025.globalfintechfest.com/media/GFF_25_Speakers_32_removebg_preview_d8c2e91e79.png,Four - Category C,"Omnichannel Communications Revolution: Building Customer Trust and Loyalty Through Reliable, Trusted, and Personalized Communications in BFSI",20250141,tushar agnihotri,2025,https://2025.globalfintechfest.com/speakers,2026-08-25T06:37:05Z
Mr. Tushar Vyas,"Chief Strategy Officer, India",WPP,India,"Tushar Vyas is Chief Strategy Officer at WPP India, leading strategy, growth, innovation, and key client partnerships across India and the Global Delivery Center. A Chevening Rolls-Royce Fellow from Oxford, he has 25+ years of experience in advertising, media, marketing, and tech. He scaled WPP’s digital business, co-chaired IAMAI’s Digital Council, leads WPP Stream India, and serves on boards of WPP companies including its CSR Foundation.",https://www.linkedin.com/in/tusharvyas/,https://2025.globalfintechfest.com/media/Speakers_2_2025_10_04_T112731_037_7be49b29d8.png,Four - Category C,Beyond Wallets and Screens: Designing the Future Consumer Experience,20250835,tushar vyas,2025,https://2025.globalfintechfest.com/speakers,2026-08-25T06:37:05Z
Mr. Tyagarajan Iyer,COO,IDFC First Bank,India,,,https://2025.globalfintechfest.com/media/Speakers_2_87_removebg_preview_a8a9b4600c.png,Four - Category C,,,tyagarajan iyer,2025,https://2025.globalfintechfest.com/speakers,2026-08-25T06:37:05Z
Mr. Uday Kotak,Founder,Kotak Mahindra Bank,,,,https://2025.globalfintechfest.com/media/GFF_25_Speakers_48_removebg_preview_d250b98387.png,Two - Category A,Leveraging Technology in Securities Market while Mitigating Risk,20250817,uday kotak,2025,https://2025.globalfintechfest.com/speakers,2026-08-25T06:37:05Z
Mr. Udayan Joshi,Chief Operating Officer,SBI General Insurance,,,https://www.linkedin.com/in/udayan-joshi-a2478545/?originalSubdomain=in,https://2025.globalfintechfest.com/media/GFF_25_Speakers_55_removebg_preview_1bc47a4c08.png,Four - Category C,"Inclusive Insurance for Bharat: Leveraging Tech, Policy, and Partnerships",20250802,udayan joshi,2025,https://2025.globalfintechfest.com/speakers,2026-08-25T06:37:05Z
Mr. Ulrik Nødgaard,Governor,Denmark National Bank,Denmark,"Ulrik Nødgaard, member of the Board of Governors of Danmarks Nationalbank since 15 August 2024. Before taking upon the position as Governor, Mr Nødgaard has held a number of leading positions such as CEO of Finance Denmark, Director General of the Danish Financial Supervisory Authority and Deputy Permanent Secretary, Financial Affairs, Ministry of Economic and Business Affairs. Master of Science (Economics) cand.eocon. University of Aarhus and Economics MSc from the University of Warwick.",https://www.linkedin.com/company/danmarks-nationalbank/,https://2025.globalfintechfest.com/media/Speakers_2_90_ce3f49d7ca.png,Two - Category A,Innovation and Resillience in Payments,20250781,ulrik nødgaard,2025,https://2025.globalfintechfest.com/speakers,2026-08-25T06:37:05Z
Mr. Umang Singh Chauhan,Incharge - Merchant Solutions,National Payments Corporation of India,,"I am a payments professional with over 21 years of experience across leading banks and NPCI . At NPCI, I lead merchant and aggregator relationships for RuPay and UPI, focusing on expanding market share, driving customer engagement, and enabling innovative digital payment solutions. Passionate about building strong collaborations, I work closely with merchants, banks, and fintechs to enhance consumer experience.",http://www.linkedin.com/in/umang-singh-chauhan-731a28b,https://2025.globalfintechfest.com/media/Speakers_2_51_6d76e99211.png,Four - Category C,,,umang singh chauhan,2025,https://2025.globalfintechfest.com/speakers,2026-08-25T06:37:05Z
Mr. Umesh Kumar Singh,MD & CEO,CERSAI,India,"Before his appointment as MD & CEO of CERSAI on 16.02.2023, Mr Singh has served Central Bank of India as an OƯicer at various levels for 25 years and as CVO, He has served Vijaya Bank, Allahabad Bank, UCO Bank & Union Bank of India during 2019 to 2022. His experience in Banking is spread across, IT, Branch Head, Card business, BPR, ATM Network, Digital Banking, ICT Based Financial Inclusion, Retail & Mid Corporate Banking, Bank-assurance.",https://www.linkedin.com/in/umesh-kumar-singh-9b4029159?utm_source=share&utm_campaign=share_via&utm_content=profile&utm_medium=ios_app,https://2025.globalfintechfest.com/media/Speakers_2_84_eaf63e2b8c.png,Four - Category C,"Financial Integrity for a $10 Trillion India: Building Safe, Compliant and Trusted Digital Rail",20250809,umesh kumar singh,2025,https://2025.globalfintechfest.com/speakers,2026-08-25T06:37:05Z
Mr. Umesh Revankar,Executive Vice Chairman,Shriram Finance,,"Mr. Umesh Revankar, Executive Vice Chairman of Shriram Finance Ltd. (SFL), has been key to its growth through diversification, expansion, and strong governance. He drives stakeholder engagement, risk management, and gender equality, while fostering leadership and entrepreneurship across SFL. With over 30 years in financial services, he has been integral to the Shriram Group since 1987, holding several key roles.",,https://2025.globalfintechfest.com/media/GFF_25_Speakers_33_removebg_preview_5c8948d76e.png,Four - Category C,,,umesh revankar,2025,https://2025.globalfintechfest.com/speakers,2026-08-25T06:37:05Z
Mr. Uttam Dave,Chairman,iStreet Network,India,"Uttam Dave is the Chairman of iStreet Network Ltd, a BSE listed company specialising in AI-native solutions for Enterprise transformation. From foundational roles at Hitachi and HCL Comet to scaling ventures like Sanovi and Heal, he is now on a mission to provide journey to 51 AI-native ‘Make In India’ start-ups / early stage companies. Deeply spiritual and rooted in Bharat’s cultural heritage, impactful initiatives involving youth and women always get his attention.",https://www.linkedin.com/in/uttam-dave-81b83b5?utm_source=share&utm_campaign=share_via&utm_content=profile&utm_medium=ios_app,https://2025.globalfintechfest.com/media/Speakers_2_2025_09_22_T172930_170_42ce0abfe9.png,Four - Category C,Data to Dollars: The Revenue Opportunity in Open Data Economy,20250572,uttam dave,2025,https://2025.globalfintechfest.com/speakers,2026-08-25T06:37:05Z
Mr. V Easwaran,Chief Operating Officer,Protean,India,"V Easwaran is the Chief Operating Officer of Protean eGov Technologies Ltd. (formerly NSDL e-Governance Infrastructure Ltd.), a pioneer in Digital Public Infrastructure and citizen-centric e-Governance. Earlier as Group Head of Business Operations, he drove operational excellence and key RFP mandates. His elevation comes as Protean strengthens its leadership as India’s foremost DPI enabler.",https://www.linkedin.com/in/easwaran-v-8356676?utm_source=share&utm_campaign=share_via&utm_content=profile&utm_medium=android_app,https://2025.globalfintechfest.com/media/Speakers_2_41_1d53ca3429.png,Four - Category C,"The New Consent Economy: Privacy, Trust, and Digital Infrastructure",20250567,v easwaran,2025,https://2025.globalfintechfest.com/speakers,2026-08-25T06:37:05Z
Mr. V Vaidyanathan,Managing Director & CEO,IDFC First Bank,India,,,https://2025.globalfintechfest.com/media/Speakers_2_2025_09_22_T151104_258_8f895baae9.png,Two - Category A,"The Next Decade of Banking: Customer-Centric, Digital-First, AI-Ready - With Latha Venkatesh",20250721,v vaidyanathan,2025,https://2025.globalfintechfest.com/speakers,2026-08-25T06:37:05Z
Mr. Vaibhav Tambe,CoFounder & CEO,TransBnk Solutions,India,"Vaibhav Tambe, Co-founder & CEO of TransBnk, is a visionary leader reshaping transactional banking in India. With 18+ years of experience across TCS, SBI, IndusInd Bank, and fintech leadership roles, he combines deep domain expertise with a people-first approach. Recognized as a “People’s CEO,” Vaibhav champions innovation, compliance, and secure digital banking solutions.",https://in.linkedin.com/in/vaibhav-tambe,https://2025.globalfintechfest.com/media/Speakers_2_18_003e4504d0.png,Four - Category C,"The New Consent Economy: Privacy, Trust, and Digital Infrastructure",20250567,vaibhav tambe,2025,https://2025.globalfintechfest.com/speakers,2026-08-25T06:37:05Z
Mr. Vamsi Madhav,Chief Executive Office,FinVu AA,India,"I am currently the CEO of Finvu AA, one of India’s leading Account Aggregators. Previously COO and founding team member at DigiSahamati Foundation, the non-profit collective for the AA ecosystem. With 20+ years in fintech product management, I’ve built award-winning solutions across core banking, payments, and digital financial services. At Finvu and Sahamati, I’ve contributed to shaping India’s Open Finance movement, driven by a passion for financial and wealth inclusion.",http://linkedin.com/in/vamsi74,https://2025.globalfintechfest.com/media/Speakers_2_90_c62ce4a213.png,Four - Category C,Transforming Lending with AA: From Risk Assessment to Recovery,20250718,vamsi madhav,2025,https://2025.globalfintechfest.com/speakers,2026-08-25T06:37:05Z
Mr. Vardan Khachatryan,Chief Executive Officer at Armenian Card CJSC,Armenian Card CJSC,,,,https://2025.globalfintechfest.com/media/GFF_25_Speakers_89_removebg_preview_041ce6c031.png,Four - Category C,How are Alternate Payment Methods Gaining Relevance Among Merchants Globally?,20250253,vardan khachatryan,2025,https://2025.globalfintechfest.com/speakers,2026-08-25T06:37:05Z
Mr. Varun Dudeja,Head - Business Development APAC,Pismo,Singapore,"Varun is Head of Business Development at Pismo, the cloud-native provider of an all-in-one platform for banking, payments, and infrastructure. With over 15 years of experience in the financial services industry. Varun leads Pismo’s goal of bringing next-generation banking and payments to APAC’s financial institutions. He manages the regional expansion of Pismo's platform. This means collaborating with major banks, neo-banks, and fintechs to deliver innovative and scalable solutions.",linkedin.com/in/varundudeja,https://2025.globalfintechfest.com/media/GFF_25_Speakers_11_removebg_preview_61e5a835df.png,Four - Category C,Product Built for Scale: The Modern Architecture of Fintech Platforms,20250577,varun dudeja,2025,https://2025.globalfintechfest.com/speakers,2026-08-25T06:37:05Z
Mr. Varun Malhotra,Partner,Quona Capital,India,"Varun Malhotra co-leads Quona Capital’s Asia investment strategy. Quona is an early stage global fintech VC with over US$ 750MM in AUM. Quona’s portfolio comprises 80+ fintechs creating impact across 15+ countries, including Coins.ph (M&A: GoTo) and IndiaMart (NSE: INDIAMART). Varun has led investments in Upswing, Equal Identity, Turno, Arya.ag & Shivalik Bank. Varun is a Kauffman Fellow and a Forbes 30 under 30 honouree for Venture Capital in Asia.",https://www.linkedin.com/in/varun-m-5760067/,https://2025.globalfintechfest.com/media/Speakers_2_2025_09_25_T184509_353_c222ff59e5.png,Four - Category C,Global Capital × Local Innovation: Fintech Investment Narratives,20250570,varun malhotra,2025,https://2025.globalfintechfest.com/speakers,2026-08-25T06:37:05Z
Mr. Vasanth Jeyapaul,CEO,CamsPay,India,"Vasanth, with 25+ years in payments, is a driven leader at CAMS Group, heading CAMSPay as CEO, overseeing P&L and business strategy. He began at The Times Group and has expertise in EFT, ATMs, payment gateways, and transaction processing. Skilled in strategy, product development, and partnerships with banks, fintechs, and governments across India, the Middle East, and South Asia. He’s a speaker, mentor, independent director, and holds an MBA with advanced global management credentials.",https://www.linkedin.com/in/vasanth-jeyapaul/,https://2025.globalfintechfest.com/media/Speakers_2_73_16b30456be.png,Four - Category C,From Checkout to Credit: Redefining Aggregator Value Beyond Payments,20250471,vasanth jeyapaul,2025,https://2025.globalfintechfest.com/speakers,2026-08-25T06:37:05Z
Mr. Venkat Bhargav Sreedhara,Financial Sector Specialist,World Bank,India,,,https://2025.globalfintechfest.com/media/GFF_25_Speakers_32_removebg_preview_833e20753b.png,Four - Category C,"The New Map of Money: Designing Borderless, Scalable, and Inclusive Financial Systems",20250573,venkat bhargav sreedhara,2025,https://2025.globalfintechfest.com/speakers,2026-08-25T06:37:05Z
Mr. Venugopal Choudhary,CBO of Credit+ and CTO - Issuing Business,Pine Labs,,"Venugopal Choudhary is a versatile and accomplished Senior Executive with over two decades of rich experience. At Pine Labs, Venugopal undertakes important dual responsibilities of working as the Chief Business Officer of Credit+ vertical in Pine Labs. Venugopal is also the Chief Technology Officer for the Issuing Business of Pine Labs. He was recently inducted in the prestigious list of Top 100 BFSI Tech Leaders in India by ET Now.",https://in.linkedin.com/in/venugopal-choudhary-6988942,https://2025.globalfintechfest.com/media/Speakers_2_21_removebg_preview_1ac6b90990.png,Four - Category C,UPI at the Last Mile: Who will Power the Next 300 Million Users?,20250493,venugopal choudhary,2025,https://2025.globalfintechfest.com/speakers,2026-08-25T06:37:05Z
Mr. Vetri Subramaniam,MD & CEO Designate,UTI Asset Management Company,India,"Vetri Subramaniam is the Managing Director & Chief Executive Officer Designate at UTI Asset Management Company Ltd. He joined UTI AMC as Head-Equity in Jan2017 and assumed the role of CIO from Aug2021. Vetri has over 30 years of work experience and holds a PG Diploma in Management from IIM Bangalore. Prior to joining UTI he was CIO at Invesco Asset Management. His experience in equity markets & investment roles at various firms includes Kotak Mahindra, SSKI, Mirae Asset Sharekhan, Motilal Oswal.",http://linkedin.com/in/vetri-subramaniam/,https://2025.globalfintechfest.com/media/Speakers_2_063fde0097.png,Four - Category C,"AI in Advisory: Balancing Innovation, Bias, Product Suitability and Investor Protection",20250308,vetri subramaniam,2025,https://2025.globalfintechfest.com/speakers,2026-08-25T06:37:05Z
Mr. Vibhav Hathi,"Chairman, Fintech Convergence Council, and Co-founder & CBO",OneCard,,"Vibhav holds 20+ years of experience across product management, digital banking, and credit card portfolio management. He was the key force behind the launch of FASTag. Prior to OneCard, he founded ‘Open Canvas’—a mobile-based transaction platform—to drive interoperable digital payments in key ""offline"" payment scenarios like mass transit (metros, buses), parking, fuel, etc. He holds a BE in Chemical Engineering from The Maharaja Sayajirao University of Baroda and an MBA from IIM Calcutta.",https://www.linkedin.com/in/vibhav-hathi-9893141/,https://2025.globalfintechfest.com/media/GFF_25_Speakers_16_removebg_preview_3876c08249.png,Three - Category B,From FLDG to Default: Building Resilient Lending Partnerships,20250318,vibhav hathi,2025,https://2025.globalfintechfest.com/speakers,2026-08-25T06:37:05Z
Mr. Vibhor Mundhada,Chief Executive Officer,NEOPAY,,,,https://2025.globalfintechfest.com/media/GFF_25_Speakers_14_removebg_preview_203592c1c5.png,Four - Category C,"Embedded Finance in E-commerce: Personalised Payments, Powering Global Trade",20250548,vibhor mundhada,2025,https://2025.globalfintechfest.com/speakers,2026-08-25T06:37:05Z
Mr. Vignesh Kumaran,Head of Digital Products,KFintech,India,"Vignesh Kumaran, Head of Products and Product Strategy at KFin Technologies, is a seasoned wealth management professional with 12+ years of experience. He has driven product innovation across the domestic wealth industry, with prior roles at ICICI Prudential and Kotak MF. An MBA graduate, Vignesh combines academic grounding with hands-on expertise in digital product development, making him a strong voice in wealth management and fintech.",https://www.linkedin.com/in/vignesh-kumaran-subramaniam-33113318/,https://2025.globalfintechfest.com/media/Speakers_2_7_171b83bd6e.png,Four - Category C,IRIS by KFintech - An All-in-One Financial Distribution SuperApp,20250815,vignesh kumaran,2025,https://2025.globalfintechfest.com/speakers,2026-08-25T06:37:05Z
Mr. Vijay Chandok,MD & CEO,NSDL,,,,https://2025.globalfintechfest.com/media/GFF_25_Speakers_26_removebg_preview_bc66de2041.png,Four - Category C,"Market Infrastructure 2.0: Reinventing Clearing, Settlement & Surveillance in the Age of Instant Finance",20250311,vijay chandok,2025,https://2025.globalfintechfest.com/speakers,2026-08-25T06:37:05Z
Mr. Vijay Shekhar Sharma,Founder & CEO,Paytm,,,,https://2025.globalfintechfest.com/media/Speakers_2_2025_09_20_T160011_809_070c337be6.png,Three - Category B,Democratizing Wealth Creation: Leveraging Technology to Enhance Capital Access and Inclusion,20250399;20250727;20250854,vijay shekhar sharma,2025,https://2025.globalfintechfest.com/speakers,2026-08-25T06:37:05Z
Mr. Vijayasekar Kalavakonda,Senior Operations Officer,International Finance Corporation,India,"Vijayasekar Kalavakonda, has 20+ years’ experience working on crowding-in private sector solutions in agriculture and rural livelihoods, inclusive finance, and disaster risk finance and insurance. Over the last 3+ years Vijay’s primary focus area has been in supporting agriculture finance, scaling-up agri tech startups, leveraging disrupting technology solutions in addressing issues along agri value chain, and financial risk resilience against climate change risks in South Asia.",,https://2025.globalfintechfest.com/media/Speakers_2_20_cb40b38ff9.png,Four - Category C,Can an Open Agriculture Network Unlock Opportunities for Farmers and Startups?,20250748,vijayasekar kalavakonda,2025,https://2025.globalfintechfest.com/speakers,2026-08-25T06:37:05Z
Mr. Vikas Bansal,CEO,Amazon Pay India,India,"Vikas is the CEO at Amazon Pay India and heads the Financial Services vertical. In this role, he is driving the strategic direction for Amazon Pay India and scaling up key businesses including wallet and gift cards, co-branded credit cards, consumer lending, insurance and travel and lifestyle. Vikas is a fintech industry veteran and brings more than 23 years of global experience in building and scaling businesses. In his last role at Fiserv North America, he drove exceptional growth and expanded",https://www.linkedin.com/in/vikas-bansal-59a723/,https://2025.globalfintechfest.com/media/GFF_25_Speakers_18_removebg_preview_cea39b242d.png,Four - Category C,"One World, Many Payment Systems: Driving Interoperability in Digital Payments",20250729;20250741,vikas bansal,2025,https://2025.globalfintechfest.com/speakers,2026-08-25T06:37:05Z
Mr. Vivek Deep,Executive Director,Reserve Bank of India,,,,https://2025.globalfintechfest.com/media/Speakers_2_10_removebg_preview_c4aacddcc9.png,Two - Category A,"The Next Payments Frontier: Building Trusted, Inclusive, and Resilient Digital Rails for India",20250661,vivek deep,2025,https://2025.globalfintechfest.com/speakers,2026-08-25T06:37:05Z
Mr. William F. Matambo,Deputy Governor,Reserve Bank of Malawi,Malawi,"William Matambo currently works as the Deputy Governor responsible for Operations at the Reserve Bank of Malawi. He assumed the position in May 2022 where among many other duties, he is responsible for Payments System. Prior to his appointment as Deputy Governor, he held the position of Executive Director, Corporate Affairs where he was in charge of internal operations of the Bank. William also worked as the Accountant General under the Ministry of Finance.",,https://2025.globalfintechfest.com/media/Speakers_2_60_dfbdd9fc85.png,Two - Category A,"Unlocking Access, Trust, and Mobility in the Financial Ecosystem",20250546,william f matambo,2025,https://2025.globalfintechfest.com/speakers,2026-08-25T06:37:05Z
Ms. Aditi Mathur,"Lead, Business Messaging, Payments",Meta,India,"Aditi Mathur is the Lead for Payments on WhatsApp, India, Meta. She is a passionate leader driving innovation in digital payments at WhatsApp India. Aditi spearheads transformative initiatives, including scaling peer-to-peer UPI payments and Go-to-Market strategies for conversational commerce on WhatsApp Business Messaging. Her expertise spans business development, strategy, partnerships, reg-tech, with a proven track record of delivering impactful solutions across global markets.",https://www.linkedin.com/in/aditi-mathur-5a392a15/,https://2025.globalfintechfest.com/media/GFF_25_Speakers_60_removebg_preview_2647aaa56a.png,Four - Category C,"The Convergence of Payments, Credit, and Social Commerce",20250552,aditi mathur,2025,https://2025.globalfintechfest.com/speakers,2026-08-25T06:37:05Z
Ms. Aditi Mittal,Co-founder,IndiaBonds,,,,https://2025.globalfintechfest.com/media/GFF_25_Speakers_30_removebg_preview_3002af7d51.png,Four - Category C,"Building a Real-Time, Retail Centric Bond Market: Challenges and Tech Solutions",20250306,aditi mittal,2025,https://2025.globalfintechfest.com/speakers,2026-08-25T06:37:05Z
Ms. Akshika Gupta,"Global Head of Client Solutions, Kinexys Digital Payments",J.P. Morgan,,,,https://2025.globalfintechfest.com/media/GFF_25_Speakers_86_removebg_preview_6195a00b8d.png,Four - Category C,Programmable Asset and Smart Contracts - Future of Financial Instruments,20250447,akshika gupta,2025,https://2025.globalfintechfest.com/speakers,2026-08-25T06:37:05Z
Ms. Ambika Ravi,Managing Director & CEO,Vayana Finserv,India,,https://in.linkedin.com/in/ambika-ravi-a6b75a30,https://2025.globalfintechfest.com/media/GFF_25_Speakers_15_removebg_preview_4a06a246ca.png,Four - Category C,Financing India’s Global Ambitions: How Fintechs can Enable $2 Trillion Exports,20250735,ambika ravi,2025,https://2025.globalfintechfest.com/speakers,2026-08-25T06:37:05Z
Ms. Anoushka Dua,Managing Director,CITI,Singapore,"Anoushka Dua, Head of Payments for Asia South & JANA at Citi TTS, leads strategy, growth, and risk management across the region. With 20+ years at Citi, she has held senior roles in India, Hong Kong, and Singapore, spanning sales, structuring, and product management. She earlier led TTS for Singapore & ASEAN, driving cash and trade services across six markets. Anoushka holds a Master’s in Economics and an MBA in Finance, and is known for driving innovation in digital payments.",https://www.linkedin.com/in/anoushka-dua-451278152/?originalSubdomain=sg,https://2025.globalfintechfest.com/media/GFF_25_Speakers_18_removebg_preview_a69ef62662.png,Four - Category C,Validation Enrichment Services | Citibank,20250449;20250765;57,anoushka dua,2025,https://2025.globalfintechfest.com/speakers,2026-08-25T06:37:05Z
Ms. Anu Aggarwal,President & Head of Corporate Banking,Kotak Mahindra Bank,,,,https://2025.globalfintechfest.com/media/thumbnail_Speakers_2_4_37850fdc8b_07e3d13795_1e628f0bc4_96c09b4db9.png,Four - Category C,Driving Innovation in Traditional Banking Models,20250679,anu aggarwal,2025,https://2025.globalfintechfest.com/speakers,2026-08-25T06:37:05Z
Ms. Aparna Sinha,"Adviser (DEFT & CS), Department of Economic Affairs","Ministry of Finance, Government of India",India,,,https://2025.globalfintechfest.com/media/Speakers_2_87_removebg_preview_a807f64420.png,Four - Category C,Leveraging the Digital Public Infrastructure for Accreditation of Investors,20250314;20250828,aparna sinha,2025,https://2025.globalfintechfest.com/speakers,2026-08-25T06:37:05Z
Ms. Aparna Thyagarajan,Chief General Manager,Securities and Exchange Board of India,India,"Aparna is a Chief General Manager at SEBI with over two decades of experience in the capital markets space in the Country. During her stint at SEBI, she has handled diverse subjects like corporate finance, secondary market policy and supervision of intermediaries. She currently heads the policy vertical for Alternative Investment Funds and Foreign Portfolio Investors at SEBI.",http://www.linkedin.com/in/aparnathyagarajan,https://2025.globalfintechfest.com/media/Speakers_2_16_removebg_preview_43b93de5c9.png,Four - Category C,Reforming Foreign Portfolio Investment Access for the Next Decade,20250313,aparna thyagarajan,2025,https://2025.globalfintechfest.com/speakers,2026-08-25T06:37:05Z
Ms. Archana Vohra,"Managing Director - Payments and Commerce, Asia Pacific",Google,India,"Archana: Managing Director, Payments & Commerce, APAC, Google India. 25+ years building and scaling digital businesses; architected $B+ ventures at Amazon & Meta. CXO roles at NDTV, Reliance, & BCCL (Times Group), pioneering digital payments, commerce, and news. A leader who builds inclusive, high-performing cross-functional teams to drive profitability and innovation. Previously launched Amazon Tatkal to onboard sellers and secured $1B+ revenue via payments initiatives at Meta.",https://www.linkedin.com/in/archanavohra/,https://2025.globalfintechfest.com/media/Speakers_2_12_1feff8ebd4.png,Four - Category C,Designing AI in financial services for true diversity and universal accessibility,20250825,archana vohra,2025,https://2025.globalfintechfest.com/speakers,2026-08-25T06:37:05Z
Ms. Arnika Dixit,"President & Head - Wealth Management, Affluent Banking, Cards & Payments",Axis Bank,,,,https://2025.globalfintechfest.com/media/Speakers_2_4_37850fdc8b.png,Four - Category C,Driving Innovation in Traditional Banking Models,20250679,arnika dixit,2025,https://2025.globalfintechfest.com/speakers,2026-08-25T06:37:05Z
Ms. Arti Singh,Founder and Editor,The Head and Tale,,"Arti Singh is the founder of The Head and Tale, an independent media platform dedicated to investigative journalism in fintech. She has over 17 years of experience as a business journalist, working with several leading publications. For the past eight years, Arti has focused on fintech, breaking major stories on digital payments, lending, and the startup ecosystem. Her reporting has often shaped industry discourse.",,https://2025.globalfintechfest.com/media/GFF_25_Speakers_22_removebg_preview_f9ef3af7db.png,Four - Category C,"Global Commerce, Local Ease: Fintechs Redefining Merchant Payments",20250252,arti singh,2025,https://2025.globalfintechfest.com/speakers,2026-08-25T06:37:05Z
Ms. Beni Chugh,"Practice Head, Future of Finance Initiative",Dvara Research,India,"Beni Chugh heads the Future of Finance Initiative. Her work focuses on identifying systemic stability and consumer protection concerns in digital finance. Beni holds a Master’s in Public Policy from NLSIU, Bangalore and an M.A in Development Economics from the South Asian University, New Delhi.",https://www.linkedin.com/in/beni-chugh-80501678?lipi=urn%3Ali%3Apage%3Ad_flagship3_profile_view_base_contact_details%3BIlDQ2VOCTQ2uZ5mklOvZzg%3D%3D,https://2025.globalfintechfest.com/media/Speakers_2_65_5cf9dab356.png,Four - Category C,Insight Fusion: Building the Future of Fintech with Survey & Industry Data,20250189,beni chugh,2025,https://2025.globalfintechfest.com/speakers,2026-08-25T06:37:05Z
Ms. Bhakti Zaveri,Director,Aurionpro Payment Solutions,India,,,https://2025.globalfintechfest.com/media/Speakers_2_87_removebg_preview_a807f64420.png,Four - Category C,Commercial Payments 2.0: What is Changing and Why it Matters,20250792,bhakti zaveri,2025,https://2025.globalfintechfest.com/speakers,2026-08-25T06:37:05Z
Ms. Bhargavi Sridharan,Head - ABCD and ABC One,Aditya Birla Capital Digital,India,"Bhargavi is Head - ABC One at Aditya Birla Capital and is catalysing Omnichannel approach for directly acquiring and servicing ABCs customers across their central call centre and One ABC branches along with refreshed launches of the website and One ABC app. An entrepreneur at heart, she has 17 years of experience across infrastructure, banking and life insurance sectors with across strategy & finance, sales & bd, and digital leadership roles in organisations like the Tata Group, ICICI Bank .",https://www.linkedin.com/in/sbhargavi?utm_source=share&utm_campaign=share_via&utm_content=profile&utm_medium=android_app,https://2025.globalfintechfest.com/media/GFF_25_Speakers_8_removebg_preview_fe936ab202.png,Four - Category C,Breaking Silos: The Full-Stack Fintech Infrastructure Play,20250565;20250632,bhargavi sridharan,2025,https://2025.globalfintechfest.com/speakers,2026-08-25T06:37:05Z
Ms. Bhawna Sangwan,Chief Legal and Strategy Officer,Slice,India,"Bhawna Sangwan is the Chief Legal and Strategy Officer at slice small finance Bank. An alumnus of Delhi University, she has over 20 years of expertise in fintech, governance, and privacy. Prior to joining slice, Bhawna was the legal, regulatory, and governance lead for Amazon's fintech business in India for over 8 years. Well-known for her ability to identify and unlock new growth levers for the company, she led Privacy and Data Compliance for all Amazon operations in India.",https://www.linkedin.com/in/bhawnasangwan/,https://2025.globalfintechfest.com/media/Speakers_2_19_012618dabf.png,Four - Category C,Driving Innovation in Traditional Banking Models,20250679,bhawna sangwan,2025,https://2025.globalfintechfest.com/speakers,2026-08-25T06:37:05Z
Ms. Camilla Bullock,Chief Executive Officer,Emerging Payments Association Asia,Australia,"Camilla is an entrepreneur, connector, and leader in the global payments industry. As the CEO and Co-Founder of the Emerging Payments Association Asia (EPAA), she is dedicated to fostering synergies across the payments ecosystem. Since 2018, EPAA has rapidly become the voice of payments in the Asia-Pacific region and a key advocate on the global stage.",https://www.linkedin.com/in/camillabullock/,https://2025.globalfintechfest.com/media/Camilla_Bullock_removebg_preview_81dfa7aa2c.png,Three - Category B,,,camilla bullock,2025,https://2025.globalfintechfest.com/speakers,2026-08-25T06:37:05Z
Ms. Caroline Malcolm,Independent Advisor on Fintech Strategy & Global Regulation,,,,https://www.linkedin.com/in/malcolmcaroline/,https://2025.globalfintechfest.com/media/GFF_25_Speakers_19_removebg_preview_82db9fd7ef.png,Four - Category C,,,caroline malcolm,2025,https://2025.globalfintechfest.com/speakers,2026-08-25T06:37:05Z
Ms. Chandra Srikanth,Editor,Moneycontrol,,,,https://2025.globalfintechfest.com/media/GFF_25_Speakers_24_removebg_preview_5072969517.png,Four - Category C,Building Moats to Sustain Fintech Growth,20250428,chandra srikanth,2025,https://2025.globalfintechfest.com/speakers,2026-08-25T06:37:05Z
Ms. Christine Tan,Head of FIG Sales,J.P. Morgan,Singapore,"Christine Tan (Jang) is Managing Director and Head of Asia Pacific – Financial Institutions Group for J.P. Morgan Payments, based in Singapore. In this role, she will assume leadership responsibility for banks, broker-dealers and non-bank financial institutions portfolios across the region, providing strategic advice and capturing opportunities to grow our business with both existing and new clients .",https://www.linkedin.com/in/christine-jang-tan-0300984/,https://2025.globalfintechfest.com/media/GFF_25_Speakers_13_removebg_preview_9768a40ecb.png,Four - Category C,"Breaking Silos for Businesses: Creating a Connected Experience Across Payments, Lending and Compliance",20250549,christine tan,2025,https://2025.globalfintechfest.com/speakers,2026-08-25T06:37:05Z
Ms. Débora Sztarcsevszky,General Secretary Manager,Central Bank of Uruguay,Uruguay,"I am a qualified attorney with a Master in Commercial Law and a postgraduate specialization in Organizational Transformation. I have 16 years of experience working in the Central Bank or Uruguay, with the past 5 years serving in the General Secretariat, advising the board of Directors, among other responsabilities.",https://www.linkedin.com/in/debora-sztarcsevszky-b5a45022,https://2025.globalfintechfest.com/media/Speakers_2_98_removebg_preview_fd054016cd.png,Two - Category A,Bridging the Digital Divide: Ensuring Innovation Reaches the Unconnected,20250455,debora sztarcsevszky,2025,https://2025.globalfintechfest.com/speakers,2026-08-25T06:37:05Z
Ms. Deeksha Kaushal,"Vice President, Strategy & Business Transformation - India and South Asia",Visa,India,"Deeksha Kaushal is VP, Strategy & Business Transformation for India & South Asia at Visa and part of the INSA leadership team. She shapes mid to long‑term strategy, driving ecosystem growth and innovation across organic and inorganic opportunities in payments. Previously CEO of Google India Digital Services and Director, Business and Partnerships at GPay, she helped advance financial inclusion. Earlier as MD and Payments Head at Citi India, she led product growth and innovation. With 20+ years of P&L leadership across banking and fintech, Deeksha combines strategic vision with execution to help strengthen the digital finance ecosystem.",https://www.linkedin.com/in/deeksha-kaushal-3028a92/,https://2025.globalfintechfest.com/media/GFF_25_Speakers_10_removebg_preview_293c464e27.png,Four - Category C,The Policy Dividend: How RBI’s approach is powering India’s payment innovation?,20250819,deeksha kaushal,2025,https://2025.globalfintechfest.com/speakers,2026-08-25T06:37:05Z
Ms. Deepti Anand Laxmeshwar,Data Protection Officer,Axis Bank,,,,https://2025.globalfintechfest.com/media/thumbnail_Speakers_2_4_37850fdc8b_9542887848.png,Four - Category C,Roadmap for Fintech to Comply with DPDP,20250461,deepti anand laxmeshwar,2025,https://2025.globalfintechfest.com/speakers,2026-08-25T06:37:05Z
Ms. Deepti Sanghi,Founder,Kodo,,,,https://2025.globalfintechfest.com/media/Speakers_2_4_37850fdc8b.png,Four - Category C,Can Co-Branded Cards Win the Next Battle for Customer Affinity?,20250613,deepti sanghi,2025,https://2025.globalfintechfest.com/speakers,2026-08-25T06:37:05Z
Ms. Diana Avila,Chief Banking & Expansion Officer,Wise,,,,https://2025.globalfintechfest.com/media/GFF_25_Speakers_35_removebg_preview_2f9e939eb6.png,Four - Category C,,,diana avila,2025,https://2025.globalfintechfest.com/speakers,2026-08-25T06:37:05Z
Ms. Dipali Padia,Director - BD & Alliances,Neokred,India,"Dipali Padia is Director of Banking Alliances at Neokred. With 15+ years across banking, telecom, and fintech, she’s a trusted growth strategist. At Neokred, she’s led the scale-up of Collectbot and ProfileX into impactful platforms. Previously with Standard Chartered Bank, Vodafone, and Equitas, she blends legacy and innovation. Featured by Women World, she advocates for gender equity in tech, inspiring others to lead with authenticity and resilience.",https://www.linkedin.com/in/dipali-padia/,https://2025.globalfintechfest.com/media/GFF_25_Speakers_40_removebg_preview_ae89e817f0.png,Four - Category C,Zero to Trust: Building the Digital KYC+Onboarding Stack,20250574,dipali padia,2025,https://2025.globalfintechfest.com/speakers,2026-08-25T06:37:05Z
Ms. Ekta Parashar,"Head of Customer Engineering, Corporate and Enterprise Business",Google,India,"Ekta leads the Customer Engineering Organization for Google Cloud India for enterprise business, a pivotal role that places her at the forefront of the country's digital and AI-driven transformation. With a remarkable professional journey spanning over 26 years in the technology sector, her career is a testament to sustained leadership, deep technical acumen, and an unwavering focus on customer success.",https://www.linkedin.com/in/ektaparashar/,https://2025.globalfintechfest.com/media/Speakers_2_2025_09_25_T125728_210_567fbd6092.png,Four - Category C,AA + AI: The Future of Data-Driven Financial Services,20250719,ekta parashar,2025,https://2025.globalfintechfest.com/speakers,2026-08-25T06:37:05Z
Ms. Fangfang Jiang,"Digital Financial Service Asia Lead, FIG Asia Upstream and Advisory",International Finance Corporation (IFC),Singapore,,https://www.linkedin.com/in/fangfang-jiang-619b46111/?originalSubdomain=sg,https://2025.globalfintechfest.com/media/fangfang_b2fe986c89.png,Four - Category C,Enabling Financial Institutions (FIs) Better Support MSMEs Through AI-Empowered Solutions,20250463,fangfang jiang,2025,https://2025.globalfintechfest.com/speakers,2026-08-25T06:37:05Z
Ms. Gabi Steele,Founder,Preql,,,,https://2025.globalfintechfest.com/media/GFF_25_Speakers_26_removebg_preview_fbe5c4c7db.png,Four - Category C,,,gabi steele,2025,https://2025.globalfintechfest.com/speakers,2026-08-25T06:37:05Z
Ms. Gayathri Parthasarathy,"India Financial Services Sector Leader, Global Financial Services Technology Leader",PwC,India,"Senior Executive with extensive experience in Financial Services and cross-industry expertise spanning FS, Communications, High Tech, and Enterprise Products. Proven track record in P&L ownership, business leadership, sales enablement, solution architecture, product development, and large-scale service delivery. Skilled in building profitable businesses, driving innovation, client management, and stitching large, complex deals",https://www.linkedin.com/in/gayathriparthasarathy?utm_source=share&utm_campaign=share_via&utm_content=profile&utm_medium=android_app,https://2025.globalfintechfest.com/media/Speakers_2_49_removebg_preview_21a8b5d71b.png,Four - Category C,Bridging Identity and Innovation: UIDAI’s Role in the Age of AI and Fintech,20250165,gayathri parthasarathy,2025,https://2025.globalfintechfest.com/speakers,2026-08-25T06:37:05Z
Ms. Geetika Raheja,Partner,PwC,India,,,https://2025.globalfintechfest.com/media/Speakers_2_87_removebg_preview_a807f64420.png,Four - Category C,,,geetika raheja,2025,https://2025.globalfintechfest.com/speakers,2026-08-25T06:37:05Z
Ms. Gowri Thyagarajan Mukherjee,Co-Founder,CreditMantri,India,,,https://2025.globalfintechfest.com/media/Speakers_2_87_removebg_preview_a807f64420.png,Four - Category C,,,gowri thyagarajan mukherjee,2025,https://2025.globalfintechfest.com/speakers,2026-08-25T06:37:05Z
Ms. Harshita Singh,Business Head- Times Co-brand Credit Cards,Times Internet,India,"Harshita Singh is the Business Head for Times Black ICICI Bank Credit Card, Times Card, and Times Prime - Times Internet’s fast-growing consumer-fintech and subscription businesses. With a career spanning McKinsey, entrepreneurship, and leadership roles at Times Internet, Harshita is an active angel investor and backs early-stage startups in consumer tech, retail and healthcare.",https://www.linkedin.com/in/harshita-singh-2a3ba817/,https://2025.globalfintechfest.com/media/Speakers_2_15_878c25afde.png,Four - Category C,Beyond Wallets and Screens: Designing the Future Consumer Experience,20250835,harshita singh,2025,https://2025.globalfintechfest.com/speakers,2026-08-25T06:37:05Z
Ms. Hena Mehta,Co-founder,Basis Foundation,India,"Hena Mehta is a product and business leader with global experience across fintech and startups. She founded The Basis Foundation to drive financial independence for women in India and leads Embedded Finance at Freight Tiger. Her past roles span Square, Ezetap, and Goldman Sachs. She also founded Lean In Bangalore, a 5000+ member women’s network. Hena holds a CS degree from UPenn and an MBA from Wharton.",https://www.linkedin.com/in/henamehta/,https://2025.globalfintechfest.com/media/Speakers_2_24_51bbd934df.png,Four - Category C,From Grams to Apps: Unlocking Wealth with Digital Gold,20250560,hena mehta,2025,https://2025.globalfintechfest.com/speakers,2026-08-25T06:37:05Z
Ms. Ipsita Sur,Head-Financial Services,National Payments Corporation of India,India,"Financial Services and Payments leader with 19+ years of experience shaping India’s digital and FS ecosystem. Adept at leading digital payment transformations, driving strategic partnerships and managing high-impact portfolios. Currently leading the Financial Services vertical at NPCI, delivering growth in RuPay, UPI Market Share and market share expansion for emerging players. Known for market advocacy, team leadership, and product innovation across the BFSI landscape.",linked.com/in/ipsitasur,https://2025.globalfintechfest.com/media/GFF_25_Speakers_Set_2_4_removebg_preview_1cbcf882ce.png,Four - Category C,"Designing Contextual Finance: Where Credit, Commerce and Choice Intersect",20250658,ipsita sur,2025,https://2025.globalfintechfest.com/speakers,2026-08-25T06:37:05Z
Ms. Ira Dugal,Editor,Reuters,,"Ira Dugal has been a financial journalist in India for over two decades. She is currently leading financial news for India at Reuters. She has previously held leadership positions at BQ Prime and HT Mint. She has experience across television, print and digital platforms, covering the economy, financial sector and markets. She is a close watcher of the Indian central bank and has written extensively on the economy, monetary policy and banking in India.",,https://2025.globalfintechfest.com/media/GFF_25_Speakers_25_removebg_preview_8e8a2ab009.png,Four - Category C,Serving Cash-Dependent Populations in a Digital World,20250443,ira dugal,2025,https://2025.globalfintechfest.com/speakers,2026-08-25T06:37:05Z
Ms. Irene Skrynova,Chief Customer Officer,Unlimit,United Kingdom,"Irene Skrynova is a globally recognised senior executive with a proven track record in fintech and customer success. As Chief Customer Officer at Unlimit, a leading fintech powerhouse, she collaborates with industry giants to navigate the complexities of the payments landscape, helping them achieve sustainable growth and a competitive edge.",https://www.linkedin.com/in/ireneskr/,https://2025.globalfintechfest.com/media/GFF_25_Speakers_20_removebg_preview_2998c80b5e.png,Four - Category C,"The Future of Money Movement: Real-Time, AI-Powered, and Borderless",20250364,irene skrynova,2025,https://2025.globalfintechfest.com/speakers,2026-08-25T06:37:05Z
Ms. Isha Oswal,Chief Executive Officer,JISA Softech,,,,https://2025.globalfintechfest.com/media/GFF_25_Speakers_28_removebg_preview_d6c94fcea7.png,Four - Category C,Operationalising DPDP – Lessons for the Financial Sector Ecosystem,20250512,isha oswal,2025,https://2025.globalfintechfest.com/speakers,2026-08-25T06:37:05Z
Ms. Janine Hirt,"Chief Executive Officer, Innovate Finance",Innovate Finance,,,,https://2025.globalfintechfest.com/media/GFF_25_Speakers_Set_2_3_removebg_preview_dacedcdb22.png,Four - Category C,How UK and India can aim for further Fintech Collaboration & Regulatory Alignment post the India-UK Free Trade Agreement,20250563,janine hirt,2025,https://2025.globalfintechfest.com/speakers,2026-08-25T06:37:05Z
Ms. Jessica Renier,"Managing Director, Digital Finance",Institute of International Finance (IIF),USA,"Jessica Renier is Managing Director of Digital Finance at the IIF. She served as Associate Director at the Office of Management and Budget in the White House, and Senior Counselor for Terrorist Financing and for Domestic Finance at the U.S. Treasury Department leading financial technology and innovation policy. She also worked at the Federal Reserve Banks of New York and Dallas, J.P. Morgan Securities, Hoover Institution, Deloitte Consulting, and holds an MBA from Stanford GSB.",linkedin.com/in/jessica-renier-67ba06b,https://2025.globalfintechfest.com/media/GFF_25_Speakers_10_removebg_preview_53a8c0411a.png,Four - Category C,Trust Without Borders: Securing Cross-Border Data in Real-Time Finance,20250562,jessica renier,2025,https://2025.globalfintechfest.com/speakers,2026-08-25T06:37:05Z
Ms. Juhilata S Puntambekar,Head of Legal and Compliance | Founding Team,Glomo Payments,India,,https://www.linkedin.com/in/juhilata-s-puntambekar/?originalSubdomain=in,https://2025.globalfintechfest.com/media/GFF_25_Speakers_Set_2_18_removebg_preview_7cb414ebc2.png,Four - Category C,Startup Showcase - Glomo Payments,20250865,juhilata s puntambekar,2025,https://2025.globalfintechfest.com/speakers,2026-08-25T06:37:05Z
Ms. K V Sheetal,Chief General Manager (Digital banking),Bank of Baroda,India,,,https://2025.globalfintechfest.com/media/Speakers_2_2025_09_20_T103805_344_9bab67b233.png,Four - Category C,The Data Leadership Imperative: Building Future-Ready Financial Institutions,20250132,k v sheetal,2025,https://2025.globalfintechfest.com/speakers,2026-08-25T06:37:05Z
Ms. Kaku Nakhate,"Chief Executive Officer, India",Bank of America,India,,,https://2025.globalfintechfest.com/media/Speakers_2_87_removebg_preview_a807f64420.png,Four - Category C,Reforming Foreign Portfolio Investment Access for the Next Decade,20250313,kaku nakhate,2025,https://2025.globalfintechfest.com/speakers,2026-08-25T06:37:05Z
Ms. Kalpana Ajayan,Regional Head - South Asia,Women's World Banking,,,,https://2025.globalfintechfest.com/media/GFF_25_Speakers_94_removebg_preview_1a4b06c8c6.png,Four - Category C,Gender Smart Finance – Unlocking Growth for Women-led Enterprises,20250282,kalpana ajayan,2025,https://2025.globalfintechfest.com/speakers,2026-08-25T06:37:05Z
Ms. Kamya Chandra,Co-founder & Chief Strategy Officer,Centre for DPI,India,"Kamya Chandra is a Cofounder & Chief Strategy Officer at the Centre for DPI, a nonprofit global technology architecture advisory team. As Ex-Advisor to the Ministry of Finance, she drove the policy strategy for adoption of DPI across India particularly across Account Aggregator, Udyam, Digilocker, and access to credit.",https://www.linkedin.com/in/kamyachandra/,https://2025.globalfintechfest.com/media/Speakers_2_39_69f0ac4880.png,Four - Category C,Hidden Layers of DPI for Financial Inclusion: Design Choices & Policy Recommendations,20250795,kamya chandra,2025,https://2025.globalfintechfest.com/speakers,2026-08-25T06:37:05Z
Ms. Kanupriya Sethi,Venture Investor,CITI,,,,https://2025.globalfintechfest.com/media/Speakers_2_73_52263753d1.png,Four - Category C,"Payments, SME Lending and AI",20250800,kanupriya sethi,2025,https://2025.globalfintechfest.com/speakers,2026-08-25T06:37:05Z
Ms. Kasturi Sengupta,Executive Director,New India Assurance,,"Kasturi is Board & Univ topper,M.Sc(Physics),NET-UGC qualified,Fellow-Insurance Institute of India, Advanced diploma-Health & Marine & has a Diploma-IT. She joined National Insurance as Direct recruit officer(1989),headed largest divisions(Mumbai,Kolkata) & Oldest region(Kolkata) dealing with big corporates. As Country head in Misc,Liability,Aviation,Health she lead innovations, was in 3 IRDA committees & passionate as knowledge sharer She is now the Executive Director with New India Assurance",https://in.linkedin.com/in/kasturi-sengupta-578305365,https://2025.globalfintechfest.com/media/Speakers_2_32_cebf8c13ff.png,Four - Category C,Beyond Premiums and Policies: Building the Next Generation of Trust in Insurance,20250820,kasturi sengupta,2025,https://2025.globalfintechfest.com/speakers,2026-08-25T06:37:05Z
Ms. L Nshuti Mbabazi,Managing Director,Better Than Cash Alliance,Central African Republic,,https://www.linkedin.com/in/nalongo-l-nshuti-mbabazi-10b91413/?originalSubdomain=rw,https://2025.globalfintechfest.com/media/GFF_25_Speakers_8_removebg_preview_781c42caee.png,Two - Category A,The Inclusion Dividend in the AI Era: Reimagining Digital Payments for Development,20250687,l nshuti mbabazi,2025,https://2025.globalfintechfest.com/speakers,2026-08-25T06:37:05Z
Ms. Lalitha Nataraj,Managing Director & CEO,BHIM,India,"Lalitha Nataraj is the MD and CEO of NPCI BHIM Services Limited. She oversees the strategic and operational direction of NBSL, focusing on strengthening UPI-based payment solutions for recurring transactions While ensuring alignment with NPCI’s broader goals of fostering a secure and accessible digital payments ecosystem. Lalitha brings over two decades of experience in banking and financial services. She is a qualified Cost Accountant from the Institute of Cost Accountants of India (ICWA).",http://linkedin.com/in/lalitha-nataraj-546b99a,https://2025.globalfintechfest.com/media/Speakers_2_78_cda4afa984.png,Four - Category C,Onboarding the Next 300 Mn Users on Digital Payments - Where How and When?,20250446,lalitha nataraj,2025,https://2025.globalfintechfest.com/speakers,2026-08-25T06:37:05Z
Ms. Latha Venkatesh,Executive Editor,CNBC TV18,,"Latha began her career in CNBC-TV18 as chief of the Mumbai News Bureau. Over the years, she has come to be recognized as one of the keenest watchers of the Reserve Bank of India and a respected commentator on banking sector issues, money markets and macroeconomic trends. She has been a business journalist for years and has specialized in covering all markets - stocks, currency debt and commodities. She has also had stints in all major streams of media having worked in Economic Times and Dow Jones newswires for five years each. Latha graduated in Economics and Politics and has a doctoral degree in Political Science",,https://2025.globalfintechfest.com/media/GFF_25_Speakers_26_removebg_preview_201a58d39b.png,Four - Category C,Onboarding the Next 300 Mn Users on Digital Payments - Where How and When?,20250446;20250721,latha venkatesh,2025,https://2025.globalfintechfest.com/speakers,2026-08-25T06:37:05Z
Ms. Latika S Kundu,Managing Director & CEO,Metropolitan Stock Exchange of India,India,"Latika S. Kundu is the MD & CEO of Metropolitan Stock Exchange of India Ltd., bringing over 25 years of leadership experience in the global financial markets. She has been instrumental in building and managing financial market infrastructures across asset classes, including exchanges, clearing houses, and depositories. Her approach centers on building cohesive, healthy and competitive marketplaces. She has held leadership roles at SDiX, Macquarie, SMX, NSE and Lehman Brothers.",https://www.linkedin.com/in/latika-s-kundu/,https://2025.globalfintechfest.com/media/GFF_25_Speakers_9_removebg_preview_57d6193465.png,Four - Category C,"Leveraging AI: Use Cases, Benefits and Challenges",20250303,latika s kundu,2025,https://2025.globalfintechfest.com/speakers,2026-08-25T06:37:05Z
Ms. Lavika Aggarwal,Group Product Manager,Cashfree Payments,India,"Lavika Aggarwal is a Group Product Manager at Cashfree Payments, where she leads customer experience, developer experience, and AI-driven initiatives. With over a decade of experience across banking and fintech in India and the US, she has been at the forefront of building innovative technologies that make financial services more personalized, seamless, and intuitive.",https://www.linkedin.com/in/lavika-aggarwal-463a4b132/,https://2025.globalfintechfest.com/media/GFF_25_Speakers_43_removebg_preview_5d479e1fac.png,Four - Category C,LLM Payments Model for Frictionless Agentic Payments,20250629,lavika aggarwal,2025,https://2025.globalfintechfest.com/speakers,2026-08-25T06:37:05Z
Ms. Lisa Nyman,Chief Revenue Officer,Pay10,,"Lisa Nyman, Chief Revenue Officer at Pay10, leads global sales and expansion for the fintech company. With a strong background from her leadership at Visa in digital partnerships and fintech ventures, she is recognized for building high-impact teams and driving innovation in payments. Lisa brings deep expertise in scaling businesses and shaping competitive offerings across international markets.",https://www.linkedin.com/in/lisa-nyman-785284/,https://2025.globalfintechfest.com/media/GFF_25_Speakers_17_removebg_preview_0dcbae8afa.png,Four - Category C,"Global Commerce, Local Ease: Fintechs Redefining Merchant Payments",20250252,lisa nyman,2025,https://2025.globalfintechfest.com/speakers,2026-08-25T06:37:05Z
Ms. Maha El Dimachki,Centre Head - Singapore Centre,BIS Innovation Hub - Singapore Centre,Singapore,,https://www.linkedin.com/in/maha-el-dimachki-b70aa3b/,https://2025.globalfintechfest.com/media/GFF_25_Speakers_20_removebg_preview_96cdd06c0f.png,Two - Category A,Asset Tokenisation – The Next Innovation in Finance,20250272;20250593,maha el dimachki,2025,https://2025.globalfintechfest.com/speakers,2026-08-25T06:37:05Z
Ms. Manasi Pandey,MD & Country Head of GPS India,HSBC,India,"Manasi has a combined work experience of over 25 years in Wholesale Bkg. She has worked as Head for the International Subsidiaries Business in HSBC India. In her current role, she leads the Global Payments Solutions business as MD & Country Head for India. This entails providing strategic direction, responding to the dynamic & changing market landscape for transaction banking & focusing on building the digital treasury transformation work undertaken with clients both local & global corporates",http://linkedin.com/in/manasi-pandey-8100a957,https://2025.globalfintechfest.com/media/Speakers_2_47_c14d8ced2a.png,Four - Category C,"Breaking Silos for Businesses: Creating a Connected Experience Across Payments, Lending and Compliance",20250549,manasi pandey,2025,https://2025.globalfintechfest.com/speakers,2026-08-25T06:37:05Z
Ms. Maninder Cheema,Executive Director,Securities and Exchange Board of India,,"Ms. Maninder Cheema has been with SEBI for 26 years, handling roles across Market Regulation, Investment Management, Corporate Debt, International Affairs, Surveillance, Enforcement, Adjudication, and HR. She has led key policy initiatives, including framing regulations for AIFs, IAs, Infrastructure Debt Funds, and corporate bond/derivatives markets. She has also served on RBI, IOSCO, and SEBI committees on debt and market conduct.",,https://2025.globalfintechfest.com/media/Speakers_2_83_619da81a63.png,Two - Category A,"Building a Real-Time, Retail Centric Bond Market: Challenges and Tech Solutions",20250306,maninder cheema,2025,https://2025.globalfintechfest.com/speakers,2026-08-25T06:37:05Z
Ms. Mathilde Bonneau,Payment Services,PayPal,,,https://www.linkedin.com/in/mathildebonneau/?originalSubdomain=be,https://2025.globalfintechfest.com/media/GFF_25_Speakers_3_removebg_preview_db49d01c59.png,Four - Category C,,,mathilde bonneau,2025,https://2025.globalfintechfest.com/speakers,2026-08-25T06:37:05Z
Ms. Megha Jain,"Principal Officer and India Lead, Private Sector Engagement",Gates Foundation,India,"Megha Jain is a senior advisor in the private sector team at BMGF and works across the different program teams at ICO on efforts to increase engagement with the private sector. Prior to Joining BMGF, she worked with Insitor Partners, a Venture Capital fund, and led the India investment team. Prior to Insitor, she worked with Lincoln International in an M&A advisory role for 5 years and with EY in a strategy consulting role for 3+ years.",https://www.linkedin.com/in/megha-jain-37b36b39?utm_source=share&utm_campaign=share_via&utm_content=profile&utm_medium=ios_app,https://2025.globalfintechfest.com/media/Speakers_2_39_272aa1966d.png,Four - Category C,Creating an Efficient Lending Marketplace Leveraging AA,20250799,megha jain,2025,https://2025.globalfintechfest.com/speakers,2026-08-25T06:37:05Z
Ms. Mridula Iyer,Managing Director,Citi,Singapore,"Mridula, Head of Services for Asia South at Citi, oversees TTS, Investor and Issuer Services, delivering cash, trade, working capital, and post-trade solutions. With 29 years at Citi across sales, product, operations, and compliance, she earlier led TTS for South Asia. She has served on boards of NPCI and SWIFT India, bringing deep expertise in banking and financial services. A Chartered Accountant, she holds a commerce degree from Mumbai University.",https://in.linkedin.com/in/ mridula-iyer-961aab163,https://2025.globalfintechfest.com/media/GFF_25_Speakers_2_removebg_preview_90d67521fe.png,Four - Category C,"The New Map of Money: Designing Borderless, Scalable, and Inclusive Financial Systems",20250573,mridula iyer,2025,https://2025.globalfintechfest.com/speakers,2026-08-25T06:37:05Z
Ms. Natalia Shchelovanova,"Global Open Innovation and Startups Ecosystem Director, InnoVecos Lead",CRIF,,"Joined CRIF in 2006, Natalia worked in Russia, CIS Countries and DACH markets till 2020. From 2020, she has taken a new Role of Global Open Innovation and Ecosystem lead. InnovEcoS. Created and managed CRIF Global Innovation Hub, Accelerating CRIF positioning as a Fintech and Fintech enabler, committed to discover promising business models and attractive partnerships for boosting business through research, experimentation, new collaborations and the continuous engagement of CRIF people",https://www.linkedin.com/in/natalia-shchelovanova-a556a720/?originalSubdomain=at,https://2025.globalfintechfest.com/media/GFF_25_Speakers_18_removebg_preview_94de31b2dd.png,Four - Category C,Gender Smart Finance – Unlocking Growth for Women-led Enterprises,20250282,natalia shchelovanova,2025,https://2025.globalfintechfest.com/speakers,2026-08-25T06:37:05Z
Ms. Natasha Jethanandani,Co-founder & CTO,Kaleidofin,India,"Natasha Jethanandani, Co-founder & CTO of Kaleidofin, drives empathy and creativity to reimagine financial services for informal sector customers and nano-enterprises. A Stanford alumna with experience at Microsoft and Google, she builds scalable, flexible systems connecting banks and MFIs to underserved customers. Known for inspiring teams, she fosters innovation and sets benchmarks in tech and financial inclusion.",https://www.linkedin.com/in/natasha-jethanandani-1710804/,https://2025.globalfintechfest.com/media/Speakers_2_8_da5b19ca08.png,Four - Category C,Gender Smart Finance – Unlocking Growth for Women-led Enterprises,20250282,natasha jethanandani,2025,https://2025.globalfintechfest.com/speakers,2026-08-25T06:37:05Z
Ms. Nayana Ovalekar,Chief Regulatory Officer,CDSL,India,"Nayana Ovalekar is the Chief Regulatory Officer and Executive Vice President at CDSL. A Company Secretary by qualification, she brings over three decades of experience in regulatory compliance, audit & inspection, and operations. She has played a key role in shaping policy frameworks and strengthening investor protection in the Indian securities market. She has been instrumental in driving tech-enabled solutions, stakeholder collaboration, and capacity building in the regulatory space.",https://www.linkedin.com/in/nayana-ovalekar-32220a274?utm_source=share&utm_campaign=share_via&utm_content=profile&utm_medium=android_app,https://2025.globalfintechfest.com/media/Speakers_2_19_1001492adc.png,Four - Category C,"Tokenisation, Smart Contracts and the Future of Securities Issuance and Settlement",20250305,nayana ovalekar,2025,https://2025.globalfintechfest.com/speakers,2026-08-25T06:37:05Z
Ms. Neetu Chitkara,Managing Director & Partner,BCG,,,,https://2025.globalfintechfest.com/media/GFF_25_Speakers_Set_2_3_removebg_preview_dacedcdb22.png,Four - Category C,Bridging the Gap: How FinTech's are Democratizing Access to Credit,20250426,neetu chitkara,2025,https://2025.globalfintechfest.com/speakers,2026-08-25T06:37:05Z
Ms. Neha Gupta Mahatme,Director,Amazon Pay,,,,https://2025.globalfintechfest.com/media/thumbnail_Speakers_2_4_37850fdc8b_07e3d13795_1e628f0bc4_96c09b4db9_c8d007cacd.png,Four - Category C,"Agentic AI in Fintech: Autonomous Workflows for Risk, Compliance, and Ops",20250205,neha gupta mahatme,2025,https://2025.globalfintechfest.com/speakers,2026-08-25T06:37:05Z
Ms. Neha Kumar,"Head, South Asia",Climate Bonds Initiative,India,"Neha Kumar, Head – South Asia at Climate Bonds Initiative, leads policy, strategy, and partnerships on climate risk and sustainable finance. With over 22 years of experience in responsible financing and socio-political risk management, she advances policy frameworks and capacities for a green, just, and resilient transition. Trained in science, international environmental negotiations, and politics, she serves on key climate finance committees.",https://www.linkedin.com/in/nehakumar9/,https://2025.globalfintechfest.com/media/Speakers_2_2025_10_06_T140038_003_40f0a64338.png,Four - Category C,Future of Green Finance: Aligning DFI and MDBs Green Financing Strategies with AI and Fintech,20250163,neha kumar,2025,https://2025.globalfintechfest.com/speakers,2026-08-25T06:37:05Z
Ms. Nidhi Gupta,Head of Product - Payments at PhonePe,PhonePe Limited,,"Nidhi Gupta is a product leader with 21+ years of global experience leading high-performance teams in Product, Business, and Operations. Nidhi is a hands-on product leader who has built and scaled products across domains like E-commerce, Retail, Transportation, Supply Chain, Insurance, and Enterprise software. As the Head of Product at PhonePe, Nidhi is focused on making PhonePe the payments destination for Bharat.",https://www.linkedin.com/in/nidhigupta02/?originalSubdomain=in,https://2025.globalfintechfest.com/media/GFF_25_Speakers_56_removebg_preview_eb0bc8d385.png,Four - Category C,,,nidhi gupta,2025,https://2025.globalfintechfest.com/speakers,2026-08-25T06:37:05Z
Ms. Niharika Saigal,Head - In App Categories,PhonePe,India,"Niharika Saigal heads InAPP categories at PhonePe, overseeing a wide spectrum of consumer facing recurring use cases like recharge, bill payments, savings products like Digital gold and travel & transit. In her current role, she is responsible for driving user engagement and growth across these high usage categories. Prior to joining PhonePe, she worked at Bharti Airtel Ltd and Reliance Jio across product marketing, growth and customer lifecycle management.",https://www.linkedin.com/in/niharika-saigal-b3362a47/,https://2025.globalfintechfest.com/media/GFF_25_Speakers_41_removebg_preview_86994a13af.png,Four - Category C,From Grams to Apps: Unlocking Wealth with Digital Gold,20250560,niharika saigal,2025,https://2025.globalfintechfest.com/speakers,2026-08-25T06:37:05Z
Ms. Nikita Tambday,Head of Treasury Services Product,J.P. Morgan,India,"Nikita Tambday is an Executive Director and Head of Products for Treasury Services in India for J.P. Morgan based in Mumbai. In this role, Nikita is responsible for delivering market leading solutions to clients by leveraging J.P. Morgan’s unique global strengths coupled with local capabilities across Payments and Commerce solutions, Digital Channels as well as Liquidity & Account Services.",https://www.linkedin.com/in/nikita-tambday-86a3a011/,https://2025.globalfintechfest.com/media/GFF_25_Speakers_63_removebg_preview_034a9885f1.png,Four - Category C,"Driving Real-Time, Frictionless Cross-Border Trade",20250272,nikita tambday,2025,https://2025.globalfintechfest.com/speakers,2026-08-25T06:37:05Z
Ms. Nisha Bachani,Managing Director & Partner,BCG,,,,https://2025.globalfintechfest.com/media/GFF_25_Speakers_Set_2_3_removebg_preview_dacedcdb22.png,Four - Category C,How Real Time Rails are Redefining Global Payments,20250654,nisha bachani,2025,https://2025.globalfintechfest.com/speakers,2026-08-25T06:37:05Z
Ms. Noopur Chaturvedi,Managing Director & CEO,NPCI Bharat BillPay Limited,,,,https://2025.globalfintechfest.com/media/GFF_25_Speakers_36_removebg_preview_34c65da703.png,Four - Category C,Customer Obsession at Scale: Balancing Empathy and Economics,20250430,noopur chaturvedi,2025,https://2025.globalfintechfest.com/speakers,2026-08-25T06:37:05Z
Ms. Nruthya Madappa,Partner,3one4 Capital,,"Nruthya Madappa, Partner & Head of Growth at 3one4 Capital, drives investments, capital raises, M&A, and exits for portfolio firms, working with global investors to accelerate growth. Previously, she founded The CoWrks Foundry, investing in 25+ startups with Yale and Columbia partnerships, and led growth at Cuemath. With experience across the US and India, she has built and scaled products, raised capital, and led global teams across tech, finance, real estate, and policy.",https://www.linkedin.com/in/nruthya/,https://2025.globalfintechfest.com/media/Speakers_2_24_f34be1c7aa.png,Four - Category C,The Resilient Fintech Investor: From Early Bets to Sustainable Scale,20250704,nruthya madappa,2025,https://2025.globalfintechfest.com/speakers,2026-08-25T06:37:05Z
Ms. Nupur Khandelwal,Co-founder,CarePay,India,,https://www.linkedin.com/in/nupur-khandelwal-01aba3113/?originalSubdomain=in,https://2025.globalfintechfest.com/media/GFF_25_Speakers_Set_2_21_removebg_preview_8a997a4c27.png,Four - Category C,Startup Showcase - CarePay,20250855,nupur khandelwal,2025,https://2025.globalfintechfest.com/speakers,2026-08-25T06:37:05Z
Ms. Ojaswee Singh,Manager: Strategic Alliances and Partnerships,EaseMyDeal (Inditab Esolutions),India,,https://www.linkedin.com/in/ojasweesingh/?originalSubdomain=in,https://2025.globalfintechfest.com/media/GFF_25_Speakers_Set_2_22_removebg_preview_4430e13cbc.png,Four - Category C,Startup Showcase - EaseMyDeal,20250866,ojaswee singh,2025,https://2025.globalfintechfest.com/speakers,2026-08-25T06:37:05Z
Ms. Pallavi Shrivastava,Co-founder,Progcap,,"Pallavi Shrivastava is the Co-Founder of Progcap, an MSME Fintech working to empower the underserved MSMEs in India with financing and digitization solutions. Working at the intersection of software and financial services, Progcap digitizes, automates and eases capital movement across the supply chain to MSMEs that have remained excluded from the formal financial ecosystem. Prior to founding Progcap, she worked with the International Finance Corporation and the World Bank Group. She is a Stanford Executive Program alumna and holds an engineering degree and an MBA from XLRI, Jamshedpur.",https://www.linkedin.com/in/pallavishrivastava/,https://2025.globalfintechfest.com/media/GFF_25_Speakers_27_removebg_preview_7cb61fdb77.png,Four - Category C,"Digital Lending, What Next?",20250542,pallavi shrivastava,2025,https://2025.globalfintechfest.com/speakers,2026-08-25T06:37:05Z
Ms. Paroma Chatterjee,CEO,Revolut India,India,"Paroma Chatterjee is the CEO of Revolut India since April 2021. With more than 2 decades of experience, Paroma has worked with Financial Services and Fintech organisations like ICICI Bank, Kotak Mahindra Bank, Airtel Money, Flipkart and Lendingkart. Paroma has several prestigious awards to her name. She has been featured in the FinTech Magazine’s list of Top 100 Women in FinTech four years in a row 2022, 2023, 2024 and 2025. Paroma is also a member of IAMAI's governing council.",https://www.linkedin.com/in/paroma-chatterjee-503193/,https://2025.globalfintechfest.com/media/Speakers_2_64_removebg_preview_39f753e329.png,Four - Category C,"The New Operating System of Finance: Banks, Fintechs, and Capital at Scale",20250563;20250833,paroma chatterjee,2025,https://2025.globalfintechfest.com/speakers,2026-08-25T06:37:05Z
Ms. Piyali Mandal,"Cyber Resilience, Crisis Simulation Advisor & CEO",The Media Coach,India,"Founder and CEO, The Media Coach, Crisis Simulations Advisor, Piyali specialize in designing real-life simulation exercises and tabletop drills that prepare organizations to face reputational, operational, and digital threats. With over 20 years of experience—including a decade in journalism and leadership roles in consulting—she brings a strategic and hands-on approach to crisis management. She had led numerous crisis simulations for corporates and top government agencies, focusing on realistic cyberattack scenarios that strengthen teams’ incident response and recovery capabilities.",https://www.linkedin.com/in/piyali-mandal-mediacoach?utm_source=share&utm_campaign=share_via&utm_content=profile&utm_medium=ios_app,https://2025.globalfintechfest.com/media/Speakers_2_17_49c3e5b461.png,Four - Category C,Cyber Resilience in a Digitally Interconnected Rural Credit System,20250162,piyali mandal,2025,https://2025.globalfintechfest.com/speakers,2026-08-25T06:37:05Z
Ms. Prachi Dharani,Co-founder & CEO,PayGlocal Technologies,India,"Prachi Dharani, the Co-founder and CEO of PayGlocal, is a seasoned payments industry leader with more than 20 years of experience. As one of the driving forces behind the company, she leads the charge in developing innovative cross-border payment solutions with an emphasis on enabling businesses to grow globally by delivering secure and seamless payment experiences. She spearheads acquiring, issuing, and P&L functions to drive meaningful global growth for partners.",https://www.linkedin.com/in/prachi-dharani-94530a9/?originalSubdomain=in,https://2025.globalfintechfest.com/media/GFF_25_Speakers_13_removebg_preview_bba09ce5a4.png,Four - Category C,"Global Ambitions, Local Rules: Can Indian PAs Scale Cross-Border Without Friction?",20250507,prachi dharani,2025,https://2025.globalfintechfest.com/speakers,2026-08-25T06:37:05Z
Ms. Praveena Rai,MD & CEO,The Multi Commodity Exchange of India,,,,https://2025.globalfintechfest.com/media/GFF_25_Speakers_41_removebg_preview_938186f3a4.png,Three - Category B,"Leveraging AI: Use Cases, Benefits and Challenges",20250303,praveena rai,2025,https://2025.globalfintechfest.com/speakers,2026-08-25T06:37:05Z
Ms. Presha Paragash,Wholetime Director & CEO,Credit Saison India,India,"Presha Paragash - Whole time Director & CEO She joined the Company (Credit Saison) in 2018. She holds an MBA degree from Wharton and is a BSC graduate from London School of Economics. Prior to joining Credit Saison India, Presha comes from the financial services industry whereby she worked in UBS at there London Office focusing on M&A and was also the founder of a FinTech start up and the founder of an Early-Stage Investment firm.",https://www.linkedin.com/in/presha-p-a179415b/,https://2025.globalfintechfest.com/media/Speakers_2_22_ce2a5de850.png,Four - Category C,"Collections 2.0: Compliance-First Collections + Gamification, UPI-Pull, and Conversational AI",20250320,presha paragash,2025,https://2025.globalfintechfest.com/speakers,2026-08-25T06:37:05Z
Ms. Priti Rathi Gupta,Founder,Lxme,India,"Priti Rathi Gupta, Founder, Lxme, has inspired over 1 Million women towards building their financial acumen and financialization of their small savings. An alumnus of Harvard Business School, she has held leadership positions as M. D. of Anand Rathi group and Founder of Ishka films. She is also a reputed expert awarded for setting up the Commodities desk, Currency, and Forex Advisory business, with more than two decades of experience in the BFSI industry.",https://www.linkedin.com/in/pritirathigupta,https://2025.globalfintechfest.com/media/GFF_25_Speakers_26_removebg_preview_11de8cf1e3.png,Four - Category C,"Investor Awareness and Education in Fintech- Steps Taken by SEBI, Challenges Faced and Potential Solutions to Mitigate Risks",20250315,priti rathi gupta,2025,https://2025.globalfintechfest.com/speakers,2026-08-25T06:37:05Z
Ms. Puja Singh,"Senior Financial Sector Expert, Monetary and Capital Market Department",International Monetary Fund,USA,"Puja Singh is a Senior Financial Sector Expert at the IMF’s Monetary and Capital Markets Department, specializing in fintech and NBFI regulation. She co-authored the 2024 GFSR chapter on AI in capital markets and led the fintech workstream for Spain’s FSAP. With 18+ years across India, UAE, and the US, she has advised regulators, including UAE’s Capital Market Authority and SEBI, and contributed to IOSCO, GCC, and global standard-setting bodies on fintech, SupTech, and crypto.",https://www.linkedin.com/in/poojasingh23/,https://2025.globalfintechfest.com/media/Speakers_2_96_8bfa219ac6.png,Four - Category C,Guardrails for Responsible Adoption of AI in Securities Market,20250312,puja singh,2025,https://2025.globalfintechfest.com/speakers,2026-08-25T06:37:05Z
Ms. Punitaa Chadha,Incharge - Fintech Solutions,National Payments Corporation of India,India,"Experienced Payments Industry Professional with 16+ years of expertise in driving growth by engaging with Banks and Fintech's. Proven track record in spearheading strategies for UPI apps, enabling payments to reach the last mile and advancing the cause of financial inclusion. Recognized as one of the Top 100 Great Managers (2025) by the Great Manager Institute, with strong belief in collaborative efforts, innovation and continuous evolution.",https:/www.linkedin.com/in/punitaa-chadha-2b491886,https://2025.globalfintechfest.com/media/Speakers_2_2025_09_26_T100756_745_b5570811b7.png,Four - Category C,Gender Smart Finance – Unlocking Growth for Women-led Enterprises,20250282,punitaa chadha,2025,https://2025.globalfintechfest.com/speakers,2026-08-25T06:37:05Z
Ms. Radhika Gupta,MD and CEO,Edelweiss MF,India,,,https://2025.globalfintechfest.com/media/Speakers_2_87_removebg_preview_00355f5458.png,Four - Category C,Fintech Innovations and Growth - Exploring the Opportunities for Fintech Innovation and Growth in India,20250401,radhika gupta,2025,https://2025.globalfintechfest.com/speakers,2026-08-25T06:37:05Z
Ms. Reena Dayal,Chief Executive Officer,QETCI,,,,https://2025.globalfintechfest.com/media/thumbnail_Speakers_2_4_37850fdc8b_07e3d13795_1e628f0bc4_96c09b4db9.png,Four - Category C,The Quantum Advantage: Unlocking India's Next Frontier in Finance,20250706,reena dayal,2025,https://2025.globalfintechfest.com/speakers,2026-08-25T06:37:05Z
Ms. Renu Bhandari,Senior Vice President,National Stock Exchange of India,India,"Ms. Renu Bhandari, associated with the National Stock Exchange of India Limited as Senior Vice President - Regulatory. I have been associated with NSE for the past 28 years. I have also handled various portfolios at the Regional Office, which include Audit of Members, Compliance, Risk Management, Investor Grievance and Arbitration Mechanism and Marketing of new products.",https://www.linkedin.com/in/renu-bhandari-73a2769a?utm_source=share&utm_campaign=share_via&utm_content=profile&utm_medium=android_app,https://2025.globalfintechfest.com/media/Speakers_2_63_647f3e6c7c.png,Four - Category C,Technology Resilience,20250584,renu bhandari,2025,https://2025.globalfintechfest.com/speakers,2026-08-25T06:37:05Z
Ms. Rhea Chaterji,Co-founder,SafeGold,India,"Rhea Chaterji is a Co-founder of SafeGold, where she leads the consumer business and partnerships. Her main focus is on scaling consumer gold products and democratising access to gold ownership. She has helped build distribution with leading banks and fintech platforms, including PhonePe, Cred, Amazon Pay, Tanishq, Axis Bank and others. She has previously created accelerator programs in London and UAE for Startupbootcamp and Rainmaking Innovation.",https://in.linkedin.com/in/rheachaterji,https://2025.globalfintechfest.com/media/Speakers_2_2_9eae29d113.png,Four - Category C,Gender Smart Finance – Unlocking Growth for Women-led Enterprises,20250282,rhea chaterji,2025,https://2025.globalfintechfest.com/speakers,2026-08-25T06:37:05Z
Ms. Richa G. Agarwal,Chief General Manager,Securities and Exchange Board of India,India,"Ms. Richa Agarwal, Chief General Manager at SEBI, heads policy formulation in Market Regulation, covering secondary market and commodity derivatives since April 2025. With SEBI since 2003, she has worked on supervision of MIIs, debt markets, REITs/InvITs, AIFs, and listing processes. She serves as member secretary to key SEBI committees and has represented India in global regulatory fora over her 20+ year career.",,https://2025.globalfintechfest.com/media/Speakers_2_30_020237c88a.png,Four - Category C,"Market Infrastructure 2.0: Reinventing Clearing, Settlement & Surveillance in the Age of Instant Finance",20250311,richa g agarwal,2025,https://2025.globalfintechfest.com/speakers,2026-08-25T06:37:05Z
Ms. Richa Goel,Chief General Manager,Securities and Exchange Board of India,India,,,https://2025.globalfintechfest.com/media/Speakers_2_87_removebg_preview_353203582d.png,Four - Category C,,,richa goel,2025,https://2025.globalfintechfest.com/speakers,2026-08-25T06:37:05Z
Ms. Ritu Singh,Deputy Editor,CNBC-TV18,,"With over 14 years of experience in broadcast journalism, Ritu leads the coverage of India’s financial sector, corporate developments, and macro-economic policy at CNBC-TV18. She regularly presents evening business bulletins that break down complex financial stories for a wide audience. She is also known for her in-depth coverage of RBI policy decisions. Ritu hosted flagship show Mad About Markets, for India’s new-age investors. She also co-hosts Startup Street, a daily show dedicated to India’s startup ecosystem.",,https://2025.globalfintechfest.com/media/Speakers_2_2025_09_20_T102958_513_removebg_preview_414464d4ba.png,Four - Category C,"The Next Horizon: Building a Global-Ready, Inclusive Bank for the Future",20250810,ritu singh,2025,https://2025.globalfintechfest.com/speakers,2026-08-25T06:37:05Z
Ms. Ruchi Pai,Sr Practice Lead,Sahamati,India,,,https://2025.globalfintechfest.com/media/Speakers_2_2025_09_22_T112138_275_a1a3bd4817.png,Four - Category C,"Use Case Showcase Workshop: “AA in Action""",20250720,ruchi pai,2025,https://2025.globalfintechfest.com/speakers,2026-08-25T06:37:05Z
Ms. Rupa Mankad,"Managing Director, Asia South Head of Liquidity",Citi,Singapore,"Rupa leads Liquidity Management for South Asia & Singapore, driving profitability, product innovation, and digitisation. With 20+ years in banking across liquidity, payments, sales, credit, and risk, she has launched key Citi payment products, patented big data analytics, and managed diverse portfolios in India. A Chartered Accountant with a Master’s in Finance, she began at Arthur Andersen and is now based in Singapore.",http://linkedin.com/in/rupa-mankad-7744b214,https://2025.globalfintechfest.com/media/Speakers_2_2025_10_04_T121126_005_3003233244.png,Four - Category C,India at the Heart of Global Remittances: $125 Billion and Beyond,20250789,rupa mankad,2025,https://2025.globalfintechfest.com/speakers,2026-08-25T06:37:05Z
Ms. Sagrika Shah,Principal,YAN Fund,India,An operator-turned-investor with 5.5 years of experience at the intersection of fintech and venture capital in India.,https://www.linkedin.com/in/sagrikashah/,https://2025.globalfintechfest.com/media/Speakers_2_99_37d393b1f6.png,Four - Category C,Multiplying Avenues With The Right Pitch,20250056,sagrika shah,2025,https://2025.globalfintechfest.com/speakers,2026-08-25T06:37:05Z
Ms. Sailakshmi Rao,Head Digital Payments and Fintech Partnerships,IDFC First Bank,India,,,https://2025.globalfintechfest.com/media/Speakers_2_87_removebg_preview_353203582d.png,Four - Category C,Scaling Access: Mutual Funds via ONDC and the Promise of CBDC,20250294,sailakshmi rao,2025,https://2025.globalfintechfest.com/speakers,2026-08-25T06:37:05Z
Ms. Salila Pande,Managing Director & CEO,SBI Card,,,https://www.linkedin.com/in/salila-pande-1145035a/?originalSubdomain=in,https://2025.globalfintechfest.com/media/GFF_25_Speakers_22_removebg_preview_b3085081b4.png,Three - Category B,AI-Powered Finance: Efficiency in Financial Operations,20250417,salila pande,2025,https://2025.globalfintechfest.com/speakers,2026-08-25T06:37:05Z
Ms. Sandhya Devanathan,Vice President India & South East Asia,Meta,,,,https://2025.globalfintechfest.com/media/GFF_25_Speakers_4_removebg_preview_215bf79934.png,Four - Category C,,,sandhya devanathan,2025,https://2025.globalfintechfest.com/speakers,2026-08-25T06:37:05Z
Ms. Santosh Dujari,Managing Director,CITI,,,https://www.linkedin.com/in/santosh-dujari-aa874682/?originalSubdomain=in,https://2025.globalfintechfest.com/media/GFF_25_Speakers_98_removebg_preview_c95a154243.png,Four - Category C,The Convergence of Payments and FX: India's Next Fintech Opportunity,20250656,santosh dujari,2025,https://2025.globalfintechfest.com/speakers,2026-08-25T06:37:05Z
Ms. Sarika Agarwal,Chief Business Officer,FINDI,,,https://www.linkedin.com/in/sarika-agarwal24/,https://2025.globalfintechfest.com/media/GFF_25_Speakers_3_removebg_preview_357c13f2ec.png,Four - Category C,UPI at the Last Mile: Who will Power the Next 300 Million Users?,20250493,sarika agarwal,2025,https://2025.globalfintechfest.com/speakers,2026-08-25T06:37:05Z
Ms. Sarita Singh,"Managing Director - Southeast Asia, India, Greater China and South Korea",Stripe,,"Sarita Singh is Stripe's Managing Director of Southeast Asia, India, Greater China and South Korea. She works with many of the region’s most forward-thinking startups and enterprises, to help them securely manage payments, streamline global expansion, and create new revenue streams. Previously, she led Facebook's business for Southeast Asia and Emerging Markets, and held roles at Google, Salesforce, Oracle and HP. An advocate for emerging economies and diversity in tech.",http://linkedin.com/in/sarita-singh-251232,https://2025.globalfintechfest.com/media/GFF_25_Speakers_21_removebg_preview_5a9660fb4b.png,Four - Category C,"Global from the Ground Up: Reimagining Fintech for a Multi-Currency, Multi-Regulator Future",20250566,sarita singh,2025,https://2025.globalfintechfest.com/speakers,2026-08-25T06:37:05Z
Ms. Sayali Karanjkar,Angel Investor,Independent Director,India,"Sayali is extremely passionate about building tech-led scalable solutions for Indian consumers. In her current role as the CBO at Elastic Run, she is building new-to-industry innovative solutions to democratize reach of brands, speed of commerce and unlock growth for Bharat SMEs. In 2015, Sayali co-founded PaySense, a leading finetch where she led the Product, Growth and Operations functions as the COO. In 2020, PayU acquired PaySense for $185 million, one of the most successful exits in India.",https://www.linkedin.com/in/sayalikaranjkar/,https://2025.globalfintechfest.com/media/Speakers_2_78_ef82baf2c0.png,Four - Category C,Secured Credit: The Only Panacea for MSME Lending?,20250055,sayali karanjkar,2025,https://2025.globalfintechfest.com/speakers,2026-08-25T06:37:05Z
Ms. Shalaka Verma,Head of Customer Engineering,Google,India,"Shalaka Verma: Head of Customer Engineering, Google Cloud, India. A passionate Global Tech Leader with 25 years of experience , focused on ensuring new workloads go-live on Google Cloud. Her career spans leadership roles at Microsoft and a decade at IBM , following a start as a Computer Scientist at BARC. She is an R&D thought leader with three US patents and a book on GenAI adoption in BFSI.",https://www.linkedin.com/in/shalakaverma/,https://2025.globalfintechfest.com/media/Speakers_2_18_cf0197d7cf.png,Four - Category C,The Quantum Advantage: Unlocking India's Next Frontier in Finance,20250706,shalaka verma,2025,https://2025.globalfintechfest.com/speakers,2026-08-25T06:37:05Z
Ms. Shalini Chakravorty,Chief Ethics & Compliance Officer,PhonePe,India,Shalini Chakravorty is the Chief Ethics & Compliance Officer at PhonePe. She is the architect of enterprise compliance strategy and responsible for providing oversight and implementing a pro-active ethics and compliance program. Shalini collaborates with leadership teams across various departments to foster a culture of integrity and responsible business practices. Formerly hold-ing the same position at Walmart India and serving leadership roles at Walmart International.,https://www.linkedin.com/in/shalini-chakravorty/?originalSubdomain=in,https://2025.globalfintechfest.com/media/GFF_25_Speakers_62_removebg_preview_5fd8b249a8.png,Four - Category C,Operationalising DPDP – Lessons for the Financial Sector Ecosystem,20250512,shalini chakravorty,2025,https://2025.globalfintechfest.com/speakers,2026-08-25T06:37:05Z
Ms. Shalini Gupta,Chief Policy & Advocacy Officer,Sahamati,India,"Shalini, with 25+ years in BFSI, works at Sahamati with policymakers, regulators, and financial institutions to expand the usage of the AA ecosystem. She leads committees on governance, fair usage, economic models, and fraud prevention, and co-authored key reports, including one with McKinsey on Open Finance. Earlier, she co-founded a digital NBFC and held senior roles at ICRA and McKinsey as a BFSI expert, driving innovation and inclusion in financial services.",https://www.linkedin.com/in/shalini-gupta-4671172/,https://2025.globalfintechfest.com/media/Speakers_2_23_d943780af3.png,Four - Category C,Transforming Lending with AA: From Risk Assessment to Recovery,20250718;20250799,shalini gupta,2025,https://2025.globalfintechfest.com/speakers,2026-08-25T06:37:05Z
Ms. Shalini Warrier,Co-Promoter & CEO,GoSree Finance,India,"Ms. Shalini Warrier, currently the CEO of Gosree Finance Limited, has served as an Executive Director at Federal Bank, where she played a pivotal role in steering strategic transformation and digital innovation. She built a long career with Standard Chartered Bank. She is a qualified Chartered Accountant. She is widely regarded as one of the few women from Kerala to have attained leadership positions at the highest levels within the Indian financial services industry.",https://www.linkedin.com/in/shalini-warrier-8a6147171?utm_source=share&utm_campaign=share_via&utm_content=profile&utm_medium=android_app,https://2025.globalfintechfest.com/media/Speakers_2_31_0c7807d77d.png,Four - Category C,Financing India’s Global Ambitions: How Fintechs can Enable $2 Trillion Exports,20250735,shalini warrier,2025,https://2025.globalfintechfest.com/speakers,2026-08-25T06:37:05Z
Ms. Shanti Mohan,Founder & CEO,LVX,India,"Shanti is a second time entrepreneur and is the Founder and CEO of LVX (erstwhile LetsVenture) - India's leading tech enabled marketplace for private market investing. She is also an angel investor in about 40+ startups, and is active in the policy and regulatory space for early stage investing.",https://www.linkedin.com/in/shantimohanlv/,https://2025.globalfintechfest.com/media/Speakers_2_54_bdc9277af7.png,Four - Category C,Multiplying Avenues With The Right Pitch,20250056,shanti mohan,2025,https://2025.globalfintechfest.com/speakers,2026-08-25T06:37:05Z
Ms. Shereen Bhan,Managing Editor,CNBC TV18,India,"Shereen Bhan has over two decades of experience in the field of Television Broadcast, tracking corporate, policy news and business landscape. Shereen has been producing and anchoring flagship, award winning shows like 'India Business Hour' and ‘Young Turks’, a series that over the last 20 years has successfully built a niche category in business news programming.",,https://2025.globalfintechfest.com/media/Speakers_2_2025_09_20_T102607_905_cf099de5b6.png,Four - Category C,"The Future of Payments: PayPal, India, and Global Opportunities",20250740,shereen bhan,2025,https://2025.globalfintechfest.com/speakers,2026-08-25T06:37:05Z
Ms. Shikha Sharma,Former CEO,Axis Bank,,,,https://2025.globalfintechfest.com/media/thumbnail_Speakers_2_4_37850fdc8b_07e3d13795_1e628f0bc4.png,Four - Category C,Connecting the Dots: Global Payment Trends and The India Story,20250880,shikha sharma,2025,https://2025.globalfintechfest.com/speakers,2026-08-25T06:37:05Z
Ms. Shilpa Mahesh Konkar,GM & Data Protection Officer,State Bank of India,,,https://www.linkedin.com/in/shilpa-konkar-jabde-79b83321/?originalSubdomain=in,https://2025.globalfintechfest.com/media/GFF_25_Speakers_91_2787b19d55.png,Four - Category C,Roadmap for Fintech to Comply with DPDP,20250461,shilpa mahesh konkar,2025,https://2025.globalfintechfest.com/speakers,2026-08-25T06:37:05Z
Ms. Shilpa Malhotra,Deputy Chief Legal,National Payments Corporation of India,India,"She is a legal professional with nearly two decades of experience in banking and financial services, payments and litigation. She is currently heading the legal function for NPCI and its subsidiaries as the Deputy Chief Legal. She has vast experience in corporate, banking and payments related laws, regulatory compliance, and strategic transactions.",http://linkedin.com/in/shilpa-malhotra-43477754,https://2025.globalfintechfest.com/media/Untitled_design_2_595c96e1aa.png,Four - Category C,Programmable Asset and Smart Contracts - Future of Financial Instruments,20250447,shilpa malhotra,2025,https://2025.globalfintechfest.com/speakers,2026-08-25T06:37:05Z
Ms. Shirley Daniel,Founder and CEO,Atna.AI,Singapore,"As Founder and CEO of Atna, Shirley is dedicated to making access to credit fairer, after witnessing how financial credibility is reduced to outdated credit scores. Her career spans over two decades, encompassing leadership roles in IT, cybersecurity, and AI. Atna's Intelli Suite (KYC/KYB, digital footprinting, and adverse media checks) and Tru Suite (deepfake detection for documents, IDs & handwritten and voice content), powered by ATNA Score, created ways to prevent fraud before it happens.",http://www.linkedin.com/in/shirley-daniel-483b9a10,https://2025.globalfintechfest.com/media/Speakers_2_9_90aced28a2.png,Four - Category C,The New Perimeter: Rethinking Bank Security in an Open API Economy,20250639,shirley daniel,2025,https://2025.globalfintechfest.com/speakers,2026-08-25T06:37:05Z
Ms. Shivani Arora,CBO,FrameShift,India,"Shivani brings 19+ years in fintech and digital banking, leading product strategy, growth, and alliances across B2B/B2C. She has deep expertise in remittance, AEPS, mATM, pay-in/payout, merchant services, UPI, IMPS, NEFT, and wallets. She has worked with banks, NPCI, and financial institutions to deliver scalable, compliant payment products. Formerly Head of Products at Rapipay Fintech, Spice Money, and DigiSpice, she managed over ₹5500 Cr+ monthly business.",https://www.linkedin.com/in/shivani-arora-a980899/,https://2025.globalfintechfest.com/media/Speakers_2_1_ac4bb988bd.png,Four - Category C,AI-Driven Risk Management and Fraud Detection,20250207,shivani arora,2025,https://2025.globalfintechfest.com/speakers,2026-08-25T06:37:05Z
Ms. Shraddha Vispute,Manager,State Bank of India,India,"Product Specialist at SBI, driving the design of end-to-end digital solutions for businesses. Instrumental in enhancing offerings, streamlining processes, and spearheading the rapid scale-up of SBI’s API Banking ecosystem",https://www.linkedin.com/in/shraddha-vispute-a4766a8b?utm_source=share&utm_campaign=share_via&utm_content=profile&utm_medium=android_app,https://2025.globalfintechfest.com/media/Speakers_2_77_b75a7ed9bd.png,Four - Category C,Product Showcase - State Bank of India,20250625,shraddha vispute,2025,https://2025.globalfintechfest.com/speakers,2026-08-25T06:37:05Z
Ms. Shruti Gupta,Head of CMS - India and South Asia,Visa,India,"Shruti Gupta is VP and Head of Commercial & Money Movement Solutions for India and South Asia, leading growth strategy in this area. With over 24 years at Citi, she held leadership roles across commercial, MNC, corporates, risk management, strategy, and startups, most recently as Managing Director for Citi’s multinational segment. Shruti is known for building diverse teams and mentoring women. She holds an MBA and a BSc from Delhi University.",https://www.linkedin.com/in/shruti-gupta-18805725/,https://2025.globalfintechfest.com/media/GFF_25_Speakers_12_removebg_preview_0822a16131.png,Four - Category C,Commercial Payments 2.0: What is Changing and Why it Matters,20250792,shruti gupta,2025,https://2025.globalfintechfest.com/speakers,2026-08-25T06:37:05Z
Ms. Shruti Sharma,"Programme Officer, Digital Payments and Climate Change",United Nations,,"Shruti Sharma is Programme Officer for Digital Payments and Climate Change at the UN-hosted Better Than Cash Alliance (UNDP). She leads global research and advocacy on digital payments for climate resilience, gender, responsible AI, and consumer protection. Previously with India’s Ministry of Finance, she managed the G20 Global Partnership for Financial Inclusion agenda. She holds an MPA from Columbia SIPA and an MSc in Economics from TERI University.",https://www.linkedin.com/in/shrutisharma92/,https://2025.globalfintechfest.com/media/Speakers_2_37_0743478f46.png,Four - Category C,"Digital Payments Usage among MSMEs in India, with a Focus on the North-Eastern Region Date/Time",20250828,shruti sharma,2025,https://2025.globalfintechfest.com/speakers,2026-08-25T06:37:05Z
Ms. Shweta Dasgupta,Head of Product - BBPS,NPCI Bharat BillPay Limited,India,,,https://2025.globalfintechfest.com/media/Speakers_2_87_removebg_preview_a8a9b4600c.png,Four - Category C,The Convergence of Payments and FX: India's Next Fintech Opportunity,20250656,shweta dasgupta,2025,https://2025.globalfintechfest.com/speakers,2026-08-25T06:37:05Z
Ms. Shweta Pathak,Engineering Lead,Google Pay,India,,https://www.linkedin.com/in/shweta-pathak-g/?originalSubdomain=in,https://2025.globalfintechfest.com/media/GFF_25_Speakers_Set_2_24_removebg_preview_749dbb6446.png,Four - Category C,Advanced ML/AI techniques for Safe Payments,20250886,shweta pathak,2025,https://2025.globalfintechfest.com/speakers,2026-08-25T06:37:05Z
Ms. Sigal Mandelker,General Partner,Ribbit Capital,USA,"Sigal works at Ribbit Capital, a financial services and technology investment firm. Previously, Sigal served as Acting Deputy Secretary of the U.S. Treasury Department and Under Secretary for Terrorism and Financial Intelligence. Sigal served in a number of other senior positions in the U.S. government, including as Deputy Assistant Attorney General in the Justice Department. Sigal is an advisor to Chainalysis and serves on the Boards of Financial Technology Association, Crypto-ISAC, and BSSC.",https://www.linkedin.com/in/sigal-mandelker-20a7a9b/,https://2025.globalfintechfest.com/media/Ms_Sigal_Mandelker_General_Partner_Ribbit_Capital_1ef80d0189.png,Three - Category B,,,sigal mandelker,2025,https://2025.globalfintechfest.com/speakers,2026-08-25T06:37:05Z
Ms. Simran Hasija,Associate,Invest India,,,,https://2025.globalfintechfest.com/media/thumbnail_Speakers_2_4_37850fdc8b_07e3d13795_1e628f0bc4_96c09b4db9_c8d007cacd.png,Four - Category C,Special Address by Startup India,20250884,simran hasija,2025,https://2025.globalfintechfest.com/speakers,2026-08-25T06:37:05Z
Ms. Smita Jha,"Partner, Banking and Finance, Financial Services and FinTech",Khaitan & Co,,"Smita is a Partner in the Banking & Finance and Fintech Practice Group of Khaitan & Co. Smita has advised eminent clients in relation to banking & finance, fintech platforms, payments and digital lending laws in India and offshore. She is ranked as a “Recommended Lawyer” for by The Legal 500 Asia Pacific 2021 and “Rising Star Partner” in the IFLR1000 2024 rankings. Smita is a member of Standards Committee of FACE- Fintech SRO, and also a mentor with the RBI Innovation Hub.",https://www.linkedin.com/in/smita-jha-958a5015/,https://2025.globalfintechfest.com/media/Untitled_design_1_15f1840203.png,Four - Category C,"Unlocking Access, Trust, and Mobility in the Financial Ecosystem",20250546,smita jha,2025,https://2025.globalfintechfest.com/speakers,2026-08-25T06:37:05Z
Ms. Sohini Rajola,Executive Director - Growth,National Payments Corporation of India,India,,,https://2025.globalfintechfest.com/media/Speakers_2_92_removebg_preview_4afe639127.png,Three - Category B,Empowering Finance for a Better World - Powered by AI,20250016;20250051,sohini rajola,2025,https://2025.globalfintechfest.com/speakers,2026-08-25T06:37:05Z
Ms. Sonia Dasgupta,MD & CEO - Investment Banking,JM Financial,India,"Ms. Sonia Dasgupta, MD & CEO of JM Financial Investment Banking, is a seasoned banker with over 25 years of experience. An IIM Ahmedabad graduate, she has led landmark M&A, capital markets, and fundraising transactions for domestic and global clients. Recognised among India’s 100 Most Influential Women (Business World, 2023) and Forbes India’s “Top Self-Made Women 2025,” she has been instrumental in strengthening JM Financial’s market leadership.",http://linkedin.com/in/sonia-dasgupta-28b335136,https://2025.globalfintechfest.com/media/GFF_25_Speakers_35_removebg_preview_9adc732663.png,Four - Category C,"Global, Instant, Trusted: What the Next Billion Users Will Expect from Finance",20250579,sonia dasgupta,2025,https://2025.globalfintechfest.com/speakers,2026-08-25T06:37:05Z
Ms. Sonika Chandra,CBO - Consumer Payments,PhonePe,India,"Sonika Chandra is the Chief Business Officer of the Consumer & Payments business of our Company. She has been associated with our Company since March 16, 2020. As CBO, Sonika heads PhonePe's consumer platform growth strategy and overall consumer payments P&L responsibility. She has been focused on driving growth in the consumer platform and monetization in the payments business, which accounts for a majority of the company's revenue to date.",https://www.linkedin.com/in/sonika-chandra-262abb1/?originalSubdomain=in,https://2025.globalfintechfest.com/media/GFF_25_Speakers_41_removebg_preview_1_6517f93ad8.png,Four - Category C,,,sonika chandra,2025,https://2025.globalfintechfest.com/speakers,2026-08-25T06:37:05Z
Ms. Sreekanth Nadella,CEO,Kfintech,,,https://www.linkedin.com/in/sreekanthnadella/?originalSubdomain=in,https://2025.globalfintechfest.com/media/GFF_25_Speakers_48_removebg_preview_fc99f6fdbf.png,Four - Category C,,,sreekanth nadella,2025,https://2025.globalfintechfest.com/speakers,2026-08-25T06:37:05Z
Ms. Subrata Barisal,Incharge Relationship Management - Commercial Banks,National Payments Corporation of India,,,,https://2025.globalfintechfest.com/media/Speakers_2_14_f8cabd033d.png,Four - Category C,Connected Choices: Driving Consumer Behavior in the Age of Real-Time Finance,20250227,subrata barisal,2025,https://2025.globalfintechfest.com/speakers,2026-08-25T06:37:05Z
Ms. Sujata Ahlawat,"EVP and Head, Consumer Interactive - International Markets",TransUnion CIBIL,India,"Sujata Ahlawat is Executive VP at TransUnion, where she leads the Consumer Interactive business across international markets‚Äîincluding India, Canada, the UK, South Africa, Latin America, and APAC. She oversees operations spanning P&L ownership, strategic partnerships, and product innovation, while driving growth and transformation. She plays a pivotal role in shaping TransUnion‚Äôs international consumer strategy and delivering solutions that empower millions to make informed financial decisions.",https://in.linkedin.com/in/sujata-ahlawat-936b4071,https://2025.globalfintechfest.com/media/GFF_25_Speakers_35_removebg_preview_98ededce31.png,Four - Category C,,,sujata ahlawat,2025,https://2025.globalfintechfest.com/speakers,2026-08-25T06:37:05Z
Ms. Sunanda Jayaseelan,Founder,FOUNDRY 927,,,,https://2025.globalfintechfest.com/media/GFF_25_Speakers_Set_2_27_removebg_preview_92d3ad4507.png,Four - Category C,Designing AI in financial services for true diversity and universal accessibility,20250825,sunanda jayaseelan,2025,https://2025.globalfintechfest.com/speakers,2026-08-25T06:37:05Z
Ms. Surbhe Sharma,CEO,Jio Finance Platform and Service,India,"Surbhe S Sharma is CEO of Jio Finance Platform & Service, leading the development & growth of an AI-powered and integrated digital ecosystem for lending, investments, banking, insurance, & payments. Her mission is to deliver seamless & personalized financial services to millions of Indians by leveraging Jio’s ecosystem & open architecture. With prior roles in multiple product lines & digital transformation at Bajaj Finance & SBI Cards, she brings deep expertise in digital finance & innovation.",https://in.linkedin.com/in/surbhis,https://2025.globalfintechfest.com/media/Speakers_2_14_ab95060e54.png,Four - Category C,From Grams to Apps: Unlocking Wealth with Digital Gold,20250560,surbhe sharma,2025,https://2025.globalfintechfest.com/speakers,2026-08-25T06:37:05Z
Ms. Suzan Kereere,President - Global Markets,PayPal,,,https://www.linkedin.com/in/suzankereere/,https://2025.globalfintechfest.com/media/GFF_25_Speakers_24_removebg_preview_25fc968f90.png,Three - Category B,"One World, Many Payment Systems: Driving Interoperability in Digital Payments",20250741,suzan kereere,2025,https://2025.globalfintechfest.com/speakers,2026-08-25T06:37:05Z
Ms. Tanusree Deb Barma,Deputy Director General (Tech Centre),UIDAI Technology Centre,India,"Tanusree Deb Barma was born on 7 October 1982 in Tripura. She made history as the first woman from Tripura to pass the UPSC Civil Services Examination in 2006 and join the IAS directly. Bright and ambitious, she earned her B.Tech. in Electrical Engineering from IIT Delhi, later complementing her technical background with a Master’s in Public Policy (M.P.P.) from IGNOU, New Delhi.
She currently head the Technology Centre and Data Centre for Aadhaar and is responsible for management of the technology solutions for Aadhaar. The UIDAI team is present in GFF this year with an attractive stall on face authentication and a invite only closed door meeting for engaging with the Fintech community to enable usage of Aadhaar more innovative, seamless and secure manner.
She has also served in various capacities in state govt of Tripura and Karnataka notably in the depts. Like Secretary Finance, Science, Technology & Environment, Information Technology, Tribal Welfare Departments and Joint Managing Director, KUIDFC.
During her tenure as Secretary Finance, Tripura, the state implemented various key initiatives in DBT with special emphasis on Targeting Tribal and Women population. She implemented of Direct Benefit Transfers through ABPS to Targeted beneficiaries during COVID period. Under her leadership the team implemented several reforms in revenue and welfare administration enabled by IT. Her team launched and implemented the Guaranteed Delivery of Citizen services Act in Tripura, used GIS applications for Demarcation of Forest Land for Tribal Forest Dwellers etc. She implemented several Tribal Welfare schemes for Girl Children including and Tribal Women Self Help Groups. She ran an innovative PPP project called “any one can code”, which was a 1 year certified training program in computer programming with guaranteed job opportunity, for 10th pass tribal girl students.
As Director, IT and BT, GoK, she spearheaded drafting and launching the Startup Policy for Karnataka and was instrumental in executing many pioneering projects like the Government of Karnataka-NASSCOM Startup Warehouse and similar incubators. she played a key role in launching Asia’s largest technology incubation facility in Bangalore—a visionary initiative blending hackathon-style innovation and startup acceleration. She also was pivotal in launching the KITVEN-3 fund for Biotech and life sciences startups and set up the incubator-Bangalore Bio Innovation Centre in Electronics City, Bangalore. Karnataka is presently counted among the top few States in the Country for the execution of the Government of India’s Startup India Initiative
Tanusree Deb Barma’s journey reflects a dynamic blend of technical expertise and administrative leadership. Her grounding in engineering and public policy allowed her to contribute effectively across domains—from grassroots governance in Tripura to urban infrastructure schemes in Karnataka, and now to national digital identity systems at UIDAI.
At every turn, she has demonstrated a capacity to innovate, lead modernization efforts, and serve varied portfolios with commitment and competence.",,https://2025.globalfintechfest.com/media/GFF_25_Speakers_5_removebg_preview_5a3d01d635.png,Three - Category B,Use of Aadhar by Private Entities - SWIK Rules & Aadhaar App,20250087;20250314,tanusree deb barma,2025,https://2025.globalfintechfest.com/speakers,2026-08-25T06:37:05Z
Ms. Tanya Naik,Head of Online & Omnichannel Business,Pine Labs,India,"Tanya Naik is the Head of Online Payments at Pine Labs. She has been steadily involved in building the digital payments infrastructure throughout her professional career. She was earlier a part of the founding team of PayPal in India and has more than 15 years of experience in the banking and payments sector. She also served as the Director - Payments, India, and Cross Border Markets, where she was entrusted with the responsibility of ensuring seamless cross-trade payments across 100+ markets",https://in.linkedin.com/in/tanya-naik-8b78329,https://2025.globalfintechfest.com/media/Speakers_2_22_d77984687a.png,Four - Category C,PA to Grow 10X by When and How,20250505,tanya naik,2025,https://2025.globalfintechfest.com/speakers,2026-08-25T06:37:05Z
Ms. Tracy Andersson,Joint CEO & Founder,Sendspend,United Kingdom,,,https://2025.globalfintechfest.com/media/Speakers_2_58_29bd17d482.png,Four - Category C,Fintechs as the Enabler of Global Mobility,20250547,tracy andersson,2025,https://2025.globalfintechfest.com/speakers,2026-08-25T06:37:05Z
Ms. Tracy Brabin,Mayor of West Yorkshire,West Yorkshire Combined Authority,,,,https://2025.globalfintechfest.com/media/GFF_25_Speakers_Set_2_3_removebg_preview_dacedcdb22.png,Four - Category C,How UK and India can aim for further Fintech Collaboration & Regulatory Alignment post the India-UK Free Trade Agreement,20250563,tracy brabin,2025,https://2025.globalfintechfest.com/speakers,2026-08-25T06:37:05Z
Ms. Upasana Taku,Cofounder,Mobikwik,India,"Upasana Taku is the Chairperson, Co-Founder, & CFO at MobiKwik, committed to transforming India’s digital financial services & payments landscape. With 18+ years of experience in fintech and a Stanford degree, she’s been instrumental in driving MobiKwik’s growth. Known for her sharp execution and leadership, she was featured among the top 25 accomplished women in Forbes Asia's Power Businesswomen list and was felicitated by the President of India as the First woman to lead a payments startup.",https://www.linkedin.com/in/upasana/,https://2025.globalfintechfest.com/media/Ms_Upasana_Taku_Board_Chair_Co_Founder_and_CFO_Mobikwik_9477069e8c.png,Three - Category B,Building Moats to Sustain Fintech Growth,20250428,upasana taku,2025,https://2025.globalfintechfest.com/speakers,2026-08-25T06:37:05Z
Ms. Usha Seetharaman,Director - Engineering,Google Pay India,,,https://www.linkedin.com/in/usha-seetharaman/,https://2025.globalfintechfest.com/media/Speakers_2_2025_09_19_T143632_211_removebg_preview_9ad5497bc7.png,Four - Category C,"Agentic AI in Fintech: Autonomous Workflows for Risk, Compliance, and Ops",20250205,usha seetharaman,2025,https://2025.globalfintechfest.com/speakers,2026-08-25T06:37:05Z
Ms. Vaisshali Babu,Managing Director & CEO,Indian Clearing Corporation (ICCL),India,"Ms. Vaisshali Babu, MD & CEO since January 2024, is a capital markets veteran with 30+ years across global institutions. She has led in custody, clearing, risk, and compliance, working closely with regulators on market development. Recognized with top industry awards, she also actively supports children’s education.",https://www.linkedin.com/in/vaisshali-babu-56b7a711?lipi=urn%3Ali%3Apage%3Ad_flagship3_profile_view_base_contact_details%3BrmkYjOM0RLSC8PaLOxKwBQ%3D%3D,https://2025.globalfintechfest.com/media/Speakers_2_76_231abcdce2.png,Four - Category C,Technology Resilience,20250311;20250584,vaisshali babu,2025,https://2025.globalfintechfest.com/speakers,2026-08-25T06:37:05Z
Ms. Valeria Vahorovska,CEO & Founder,FONDY,United Kingdom,"Valeria Vahorovska is a serial entrepreneur in FinTech, recognized for scaling her first company from a single market to six across Eastern Europe and Central Asia—culminating in a successful exit in 2024.",https://www.linkedin.com/in/valeria-vahorovska-a51ba217/?originalSubdomain=uk,https://2025.globalfintechfest.com/media/Ms_Valeria_Vahorovska_removebg_preview_61fa6005ed.png,Four - Category C,Data to Dollars: The Revenue Opportunity in Open Data Economy,20250572,valeria vahorovska,2025,https://2025.globalfintechfest.com/speakers,2026-08-25T06:37:05Z
Ms. Vanessa Ho,Co-Founder,Fintech Nation,Singapore,,,https://2025.globalfintechfest.com/media/GFF_25_Speakers_15_removebg_preview_c4c285d4b7.png,Four - Category C,Cross-Border Digital Finance – Regional Strategies and South-South Collaboration,20250456,vanessa ho,2025,https://2025.globalfintechfest.com/speakers,2026-08-25T06:37:05Z
Ms. Vasud Torsekar,Additional Director,FIU-India,,,,https://2025.globalfintechfest.com/media/Speakers_2_2025_10_04_T171758_751_09193dc000.png,Four - Category C,"Financial Integrity for a $10 Trillion India: Building Safe, Compliant and Trusted Digital Rail",20250809,vasud torsekar,2025,https://2025.globalfintechfest.com/speakers,2026-08-25T06:37:05Z
Ms. Veena Venugopal,India Newsletter Editor,Financial Times,,"Venugopal has over two decades of experience as a journalist and editor. She started her career looking after European mergers and acquisitions for an IT major, before shifting gears and moving into journalism. She has covered various beats - markets, business, and general - across several publications, most notably The Hindu Group, Mint, and Outlook. Before joining the FT in November 2024, she spent five years at Apple, as senior editor for Apple Services.",,https://2025.globalfintechfest.com/media/GFF_25_Speakers_28_removebg_preview_0278f62c24.png,Four - Category C,Can AI Payments be the Future of Global E-Commerce?,20250224,veena venugopal,2025,https://2025.globalfintechfest.com/speakers,2026-08-25T06:37:05Z
Ms. Vibha Gawde,Chief - Risk & Governance,RUGR Fintech,,"Vibha Gawde is an accomplished banker with 37 years of experience across banking products and services. Her expertise spans Audit, Risk, and Compliance, offering critical insights into how financial institutions function in today’s regulatory and digital landscape. As Head of Audit and Governance at RUGR Fintech, she is focused on integrating traditional banking safeguards into modern digital finance, upholding a strong commitment to governance frameworks.",http://linkedin.com/in/vibha-gawde-22313258,https://2025.globalfintechfest.com/media/GFF_25_Speakers_7_removebg_preview_73cd220ee9.png,Four - Category C,"Navigating the Future of Digital Banking - RUGR is Redefining the Way Bharat Pays, Banks, and Grows",20250337,vibha gawde,2025,https://2025.globalfintechfest.com/speakers,2026-08-25T06:37:05Z
Ms. Vibha Padalkar,CEO and MD,HDFC Life,,,,https://2025.globalfintechfest.com/media/GFF_25_Speakers_78_removebg_preview_ffd95fc80b.png,Four - Category C,,,vibha padalkar,2025,https://2025.globalfintechfest.com/speakers,2026-08-25T06:37:05Z
Prof. (Dr.) Balaraman Ravindran,Director - Wadhwani School of Data Science & AI,IIT Madras,,"Balaraman Ravindran is the founding head of the Wadhwani School of Data Science and AI, the Robert Bosch Centre for Data Science & AI and the Centre for Responsible AI (CeRAI) at IIT Madras. He has more than three decades of experience working in reinforcement learning, and his research interest spans responsible AI and deep RL.He is a member of the Government's advisory group on AI and was part of the committee that authored the FREE-AI report for the RBI.He is a fellow of the INAE and of AAAI.",https://www.linkedin.com/in/balaraman-ravindran-427a307/,https://2025.globalfintechfest.com/media/Speakers_2_2025_09_22_T115310_684_709c63bde7.png,Four - Category C,Indian policy approach towards AI adoption in the financial sector,20250764,balaraman ravindran,2025,https://2025.globalfintechfest.com/speakers,2026-08-25T06:37:05Z
Prof. Chelva Kumar,Executive Vice President,GIFT IFI,,,,https://2025.globalfintechfest.com/media/thumbnail_Speakers_2_4_37850fdc8b_07e3d13795_1e628f0bc4_96c09b4db9.png,Four - Category C,Embracing the Future: GIFT IFI Architecting a Strong and Competent Fintech Talent Pipeline,20250101,chelva kumar,2025,https://2025.globalfintechfest.com/speakers,2026-08-25T06:37:05Z
Prof. G Siva Kumar,"Professor, Computer Science and Engineering Department","Indian Institute of Technology, Bombay",,"Prof. G. Sivakumar has been with IIT Bombay’s Computer Science & Engineering Dept. since 1991. His research spans AI, software engineering, and network security. As Head of CFDVS, he leads projects on safety-critical systems for nuclear, space, avionics, and robotics. He has 30+ publications, guided 10 PhDs and 100+ Masters theses, and served on boards of Andhra Bank, NPCI, CCIL, NSDL, and advisory committees of RBI, SEBI, and others. He also enjoys chess, Carnatic music, and Sanskrit.",,https://2025.globalfintechfest.com/media/Speakers_2_88_419a74ab94.png,Four - Category C,Cyber Defense and Resiliency in Modern AI Era,20250431,g siva kumar,2025,https://2025.globalfintechfest.com/speakers,2026-08-25T06:37:05Z
Prof. Kinshuk Saurabh,Lead Faculty,GIFT IFI,India,"Dr. Kinshuk Saurabh is an Associate Professor of Finance at Ahmedabad University. He has taught for about ten years in graduate, doctoral, and executive education programmes at reputed business schools and essayed leadership roles. Previously he was also associated with IIM and the Indian School of Business. Kinshuk is on the boards of private equity firms, advising renewable energy and FINTECH ventures. He has also a co-founder of India’s one of the first tokenized real estate assets exchange.",https://www.linkedin.com/in/kinshuksaurabh/?original_referer=https%3A%2F%2Fwww%2Egoogle%2Ecom%2F&originalSubdomain=in,https://2025.globalfintechfest.com/media/Speakers_2_54_1c7d6d176e.png,Four - Category C,Embracing the Future: GIFT IFI Architecting a Strong and Competent Fintech Talent Pipeline,20250101,kinshuk saurabh,2025,https://2025.globalfintechfest.com/speakers,2026-08-25T06:37:05Z
Prof. Mithun Radhakrishna,Associate Professor,GIFT IFI,India,"Dr. Mithun Radhakrishna is an Associate Professor in Chemical Engineering at IIT Gandhinagar. His research focuses on molecular simulations and computational modeling of proteins, soft matter, and interfacial systems. He is also associated with the International FinTech Institute at GIFT City, where he contributes to developing academic programs linking data-driven methods with emerging areas in finance and technology.",https://www.linkedin.com/in/mithun-radhakrishna-93b84413/?originalSubdomain=in,https://2025.globalfintechfest.com/media/Speakers_2_79_1f99ba11d8.png,Four - Category C,Embracing the Future: GIFT IFI Architecting a Strong and Competent Fintech Talent Pipeline,20250101,mithun radhakrishna,2025,https://2025.globalfintechfest.com/speakers,2026-08-25T06:37:05Z
Prof. Sameer Gundurao Kulkarni,Professor,GIFT IFI,India,"Dr. Sameer G. Kulkarni is an Assistant Professor in the Department of Computer Science and Engineering and Electrical Engineering at IIT Gandhinagar. He is also associated with IFI, GIFT as a co-lead Research and Development initiatives. His research interests span various cutting edge technologies including cloud computing, distributed systems, blockchain, communication systems and security.",https://www.linkedin.com/in/sameergk/,https://2025.globalfintechfest.com/media/Speakers_2_80_188452292c.png,Four - Category C,Embracing the Future: GIFT IFI Architecting a Strong and Competent Fintech Talent Pipeline,20250101,sameer gundurao kulkarni,2025,https://2025.globalfintechfest.com/speakers,2026-08-25T06:37:05Z
Prof. Umesh Bellur,Professor of Data Science,University of California San Diego,,"Prof. Umesh Bellur is a Professor of Data Science at University of California San Diego and a technical advisor to Arrcus Inc in San Jose. Previously, he was Professor of Computer Science and Engineering at IIT Bombay from 2003-2025 and also headed the department of Computer Science from 2019-2022. He served on the board of Dena Bank and NPCI and is currently on the board of CDSL as Independent Director. He works in Distributed computing with applications in Cloud, Blockchain and Federated AI.",https://www.linkedin.com/in/umesh-bellur-7a77254/,https://2025.globalfintechfest.com/media/Speakers_2_23_removebg_preview_fd969e64bc.png,Four - Category C,"Signals, Smart and Sentiment: AI in Capital Markets",20250417;20250761,umesh bellur,2025,https://2025.globalfintechfest.com/speakers,2026-08-25T06:37:05Z
Shri Abhishek Singh,Additional Secretary,"Ministry of Electronics and Information Technology, Government of India",,"Shri Abhishek Singh is a career civil servant with 30 years of experience of governance & policy formulation. He specializes in use of Technology for improving Governance. He is presently posted as Director General, National Informatics Centre & Additional Secretary, Ministry of Electronics and Information Technology, Government of India, with responsibilities of Artificial Intelligence & Emerging Technologies, R&D in Electronics; IT and in Convergence, Communications and Broadband Technologies (CC&BT). He has previously served as CEO, Karmayogi Bharat in Department of Personnel & Training; and CEO NeGD, DIC and MyGov in Ministry of Electronics & Information Technology, Government of India. He has done Masters in Public Administration from Harvard Kennedy School of Government. He is also an alumnus of IIT Kanpur.",https://www.linkedin.com/in/abhisheksinghias/?originalSubdomain=in,https://2025.globalfintechfest.com/media/Shri_Abhishek_Singh_removebg_preview_9d374f4c8f.png,Two - Category A,Responsible AI in Finance: Designing Guardrails for Trust and Innovation,20250143,abhishek singh,2025,https://2025.globalfintechfest.com/speakers,2026-08-25T06:37:05Z
Shri Ashwini Vaishnaw,"Hon'ble Minister of Railways, Information & Broadcasting and Electronics & Information Technology",Government of India,India,,,https://2025.globalfintechfest.com/media/GFF_25_Speakers_47_removebg_preview_06cfbfcf74.png,Two - Category A,,,ashwini vaishnaw,2025,https://2025.globalfintechfest.com/speakers,2026-08-25T06:37:05Z
Shri Devendra Fadnavis,Hon'ble Chief Minister of Maharashtra,,,,,https://2025.globalfintechfest.com/media/Speakers_2_2025_09_22_T144529_092_6aea7005ae.png,Two - Category A,"Building a Future-Ready State: Maharashtra’s Vision for Fintech, Innovation & Inclusion",20250195,devendra fadnavis,2025,https://2025.globalfintechfest.com/speakers,2026-08-25T06:37:05Z
Shri Goverdhan Singh Rawat,Deputy Managing Director,NABARD,India,"Mr. Goverdhan S. Rawat, Deputy Managing Director of NABARD since Nov 2023, has 30+ years of experience in project appraisal, infrastructure finance, HR, and rural development. He has served across multiple states and NABARD HQ, and held board roles in AFC, NABSAMRUDDHI, and others. An agri graduate with an MBA in Leadership & Strategy, he currently chairs NABSanrakshan Trustee Pvt Ltd.",https://www.linkedin.com/in/goverdhan-rawat-48281b31/?originalSubdomain=in,https://2025.globalfintechfest.com/media/Goverdhan_Singh_removebg_preview_2c4a833e6a.png,Three - Category B,Digitising Rural Credit: Building Scalable and Sustainable Agri and Micro Finance Models,20250710,goverdhan singh rawat,2025,https://2025.globalfintechfest.com/speakers,2026-08-25T06:37:05Z
Shri Kalyanaraman Rajaraman,Chairperson,International Financial Services Centres Authority,India,"Shri K. Rajaraman is Chairperson of IFSCA since August 2023, after nearly 35 years in senior roles in the Government of India and Tamil Nadu. A former IAS officer, he last served as Secretary, Department of Telecommunication. He holds degrees in Electronics & Communication, MBA, and Economics. He has led key roles in investment, infrastructure, tax, and finance, and was MD of Chennai Metro during its early construction phase.",https://www.linkedin.com/in/kalyanaraman-rajaraman/,https://2025.globalfintechfest.com/media/Shri_Kalyanaraman_Rajaraman_b4180998c7.png,Two - Category A,From Regulation to Reinvention: Transforming India’s Financial Architecture with IFSCA,20250090,kalyanaraman rajaraman,2025,https://2025.globalfintechfest.com/speakers,2026-08-25T06:37:05Z
Shri M Nagaraju,"Secretary, Department of Financial Services","Ministry of Finance, Government of India",,,,https://2025.globalfintechfest.com/media/GFF_25_Speakers_38_removebg_preview_a4f5fa400c.png,Two - Category A,"Reimagining India’s Financial Ecosystem: AI, Access, and Accountability",20250095,m nagaraju,2025,https://2025.globalfintechfest.com/speakers,2026-08-25T06:37:05Z
Shri Narendra Modi,Hon'ble Prime Minister,,,,,https://2025.globalfintechfest.com/media/GFF_25_Speakers_Set_2_removebg_preview_c481619f10.png,Luminaries,,,narendra modi,2025,https://2025.globalfintechfest.com/speakers,2026-08-25T06:37:05Z
Shri Neelkanth Mishra,"Chairperson (Part-time), Unique Identification Authority of India (UIDAI), and Chief Economist",Axis Bank,India,"Neelkanth Mishra is Chief Economist at Axis Bank, Head of Global Research, and a Whole Time Director at Axis Capital. Widely recognized as India’s top analyst, he joined Axis in May 2023 after a two-decade stint at Credit Suisse. He serves in key advisory roles including the PM’s Economic Advisory Council, UIDAI Chairman, and member of TRAI. He has advised the India Semiconductor Mission and Finance Commissions and is on the CII Economic Affairs Council.",http://linkedin.com/in/neelkanth-mishra-46629b,https://2025.globalfintechfest.com/media/SHRINE_1_321e4d05a4.PNG,Two - Category A,Digitally Included: Building a Financial Ecosystem for All,20250405,neelkanth mishra,2025,https://2025.globalfintechfest.com/speakers,2026-08-25T06:37:05Z
Shri Piyush Goyal,Hon'ble Minister of Commerce & Industry,Government of India,India,"Shri Piyush Goyal is the Minister of Commerce and Industry. He has previously helmed the Ministry of Railways, Finance, Corporate Affairs, Coal, Power, New & Renewable Energy, and Mines, Consumer Affairs, Food and Public Distribution, Textiles and is the Leader of the House, Rajya Sabha",,https://2025.globalfintechfest.com/media/Untitled_design_5_efbcc63f18.png,Two - Category A,"India’s Digital Promise: Building Trust, Trade, and Technology for All",20250853,piyush goyal,2025,https://2025.globalfintechfest.com/speakers,2026-08-25T06:37:05Z
Shri Prabhat Keshava,General Manager,NABARD,India,"Prabhat Keshava, GM at NABARD, oversees supervision policies for Rural Cooperative and Regional Rural Banks. He monitors risks including AML, cyber threats, and governance. With 25+ years at NABARD, he’s specialized in bank supervision, project appraisal, and microfinance. Formerly a faculty at NBSC, Lucknow, and an Agriculture Extension Officer at Canara Bank, he brings deep expertise in rural credit and development.",https://www.linkedin.com/in/prabhat-keshava-858b2a254/,https://2025.globalfintechfest.com/media/Speakers_2_67_removebg_preview_122a3edc99.png,Four - Category C,Cyber Resilience in a Digitally Interconnected Rural Credit System,20250162,prabhat keshava,2025,https://2025.globalfintechfest.com/speakers,2026-08-25T06:37:05Z
Shri Sanjay Malhotra,Governor,Reserve Bank of India,India,,,https://2025.globalfintechfest.com/media/GFF_25_Speakers_43_removebg_preview_abee2810af.png,Two - Category A,Driving Inclusive and Sustainable Growth Through Digital Public Infrastructure and FinTech,20250020;20250057,sanjay malhotra,2025,https://2025.globalfintechfest.com/speakers,2026-08-25T06:37:05Z
Shri Shaji K V,Chairman,NABARD,India,"Mr. Shaji K. V., Chairman of NABARD, brings 30+ years of experience in commercial, rural, and development banking. As former DMD at NABARD, he led initiatives in climate finance, digital strategy, fintech, and risk management. He serves on the boards of DICGC, ONDC, and chairs NABVENTURES and NABKISAN. A former Canara Bank executive and Kerala Gramin Bank head, he holds a PGDM in Public Policy from IIM Ahmedabad.",https://www.linkedin.com/in/shajikrishnanv/?originalSubdomain=in,https://2025.globalfintechfest.com/media/Shahji_KV_removebg_preview_0c5b3fba75.png,Two - Category A,Unlocking Rural Potential: Building Smart Financial Infrastructure for India’s Villages,20250098;20250846,shaji k v,2025,https://2025.globalfintechfest.com/speakers,2026-08-25T06:37:05Z
Shri Sudhakar Dalela,Secretary (ER),"Ministry of External Affairs, Government of India",,,,https://2025.globalfintechfest.com/media/thumbnail_Speakers_2_4_37850fdc8b_07e3d13795_1e628f0bc4_55807dd690.png,Two - Category A,,,sudhakar dalela,2025,https://2025.globalfintechfest.com/speakers,2026-08-25T06:37:05Z
Shri Tuhin Kanta Pandey,Chairman,Securities and Exchange Board of India,,,,https://2025.globalfintechfest.com/media/GFF_25_Speakers_28_removebg_preview_60f4844307.png,Two - Category A,Resilient and Inclusive Capital Markets in a Tech-Driven World,20250754;20250817,tuhin kanta pandey,2025,https://2025.globalfintechfest.com/speakers,2026-08-25T06:37:05Z
Smt. Nirmala Sitharaman,Hon'ble Minister of Finance & Corporate Affairs,Government of India,India,"Smt Nirmala Sitharaman was born on 18th August, 1959 in Madurai, Tamil Nadu to Smt K. Savitri and Shri K. Sitharaman. She completed her bachelors from Seethalakshmi Ramaswami College in Tiruchirapalli and headed to the Jawahar Lal Nehru University to pursue her masters in Economics. 
From 2003-2005, she served as a member of the National Commission for Women and in 2008, she was invited to become a member of the BJP’s National Executive and since then she has been actively involved in drafting almost all of party’s Economic and Political Resolutions. In 2010, Smt. Sitharaman was appointed as the National Spokesperson of the BJP and was widely respected for her well researched and graceful articulation of the party’s stand. 
During the Gujarat Assembly Elections in 2012, Smt. Sitharaman worked directly under the leadership of Shri Narendra Modi wherein she was given the responsibility of organizing BJP’s Media Campaign for the elections. After the historic victory of BJP in 2014 General Elections, she was inducted into the Council of Ministers and she held the charge of Minister of State (Independent charge) for Commerce & Industry. 
In May 2016, she was one of the 12 candidates nominated by the BJP to contest the Rajya Sabha elections on 11 June 2016. She successfully contested her seat from Karnataka. On 3 September 2017, she became the first full- time woman Defence Minister of India. After landslide victory of BJP in the General Elections of 2019, Smt Sitharaman was given the responsibility of the Finance and Corporate Affairs Minister of India. 
During the COVID-19 pandemic, she was made in-charge of the COVID-19 Economic Response Task Force and it was also during her tenure as Finance Minister that India became the fifth largest economy in the world.
In 2022, she was re-elected as Member of Parliament in Rajya Sabha from Karnataka.
Smt Sitharaman again became the Finance and Corporate Affairs Minister after the formation of the NDA government under the leadership of Hon’ble Prime Minister Shri Narendra Modi following victory in the 2024 General Assembly Elections. ",,https://2025.globalfintechfest.com/media/GFF_25_Speakers_35_removebg_preview_e0400f1c46.png,Two - Category A,Empowering Finance for a Better World - Powered by AI,20250016,nirmala sitharaman,2025,https://2025.globalfintechfest.com/speakers,2026-08-25T06:37:05Z
The Rt Hon Sir Keir Starmer,Prime Minister of the United Kingdom,,,,,https://2025.globalfintechfest.com/media/Honble_be3a54187c_6ac13b1422.png,Luminaries,,,rt hon sir keir starmer,2025,https://2025.globalfintechfest.com/speakers,2026-08-25T06:37:05Z
